{
  "times": {
    "training": 2145.161674976349,
    "evaluation": 1.518005132675171
  },
  "metrics": {
    "arithmetic_mean_rank": {
      "tail": {
        "realistic": 2.629422718808194,
        "pessimistic": 2.629422718808194,
        "optimistic": 2.629422718808194
      },
      "head": {
        "realistic": 3.3128491620111733,
        "pessimistic": 3.3128491620111733,
        "optimistic": 3.3128491620111733
      },
      "both": {
        "realistic": 2.9711359404096833,
        "pessimistic": 2.9711359404096833,
        "optimistic": 2.9711359404096833
      }
    },
    "geometric_mean_rank": {
      "tail": {
        "realistic": 1.657340586113582,
        "pessimistic": 1.657340586113582,
        "optimistic": 1.657340586113582
      },
      "head": {
        "realistic": 1.9116196506007932,
        "pessimistic": 1.9116196506007932,
        "optimistic": 1.9116196506007932
      },
      "both": {
        "realistic": 1.7799451767267886,
        "pessimistic": 1.7799451767267886,
        "optimistic": 1.7799451767267886
      }
    },
    "median_rank": {
      "tail": {
        "realistic": 1.0,
        "pessimistic": 1.0,
        "optimistic": 1.0
      },
      "head": {
        "realistic": 1.0,
        "pessimistic": 1.0,
        "optimistic": 1.0
      },
      "both": {
        "realistic": 1.0,
        "pessimistic": 1.0,
        "optimistic": 1.0
      }
    },
    "harmonic_mean_rank": {
      "tail": {
        "realistic": 1.3745237058778714,
        "pessimistic": 1.3745237058778714,
        "optimistic": 1.3745237058778714
      },
      "head": {
        "realistic": 1.4951206160439663,
        "pessimistic": 1.4951206160439663,
        "optimistic": 1.4951206160439663
      },
      "both": {
        "realistic": 1.4322881161264236,
        "pessimistic": 1.4322881161264236,
        "optimistic": 1.4322881161264236
      }
    },
    "inverse_arithmetic_mean_rank": {
      "tail": {
        "realistic": 0.38031161473087816,
        "pessimistic": 0.38031161473087816,
        "optimistic": 0.38031161473087816
      },
      "head": {
        "realistic": 0.30185497470489037,
        "pessimistic": 0.30185497470489037,
        "optimistic": 0.30185497470489037
      },
      "both": {
        "realistic": 0.3365716076465058,
        "pessimistic": 0.3365716076465058,
        "optimistic": 0.3365716076465058
      }
    },
    "inverse_geometric_mean_rank": {
      "tail": {
        "realistic": 0.6033762814829585,
        "pessimistic": 0.6033762814829585,
        "optimistic": 0.6033762814829585
      },
      "head": {
        "realistic": 0.5231166145868583,
        "pessimistic": 0.5231166145868583,
        "optimistic": 0.5231166145868583
      },
      "both": {
        "realistic": 0.5618150564833347,
        "pessimistic": 0.5618150564833347,
        "optimistic": 0.5618150564833347
      }
    },
    "inverse_harmonic_mean_rank": {
      "tail": {
        "realistic": 0.72752473873219,
        "pessimistic": 0.72752473873219,
        "optimistic": 0.72752473873219
      },
      "head": {
        "realistic": 0.6688423591174624,
        "pessimistic": 0.6688423591174624,
        "optimistic": 0.6688423591174624
      },
      "both": {
        "realistic": 0.6981835489248261,
        "pessimistic": 0.6981835489248261,
        "optimistic": 0.6981835489248261
      }
    },
    "inverse_median_rank": {
      "tail": {
        "realistic": 1.0,
        "pessimistic": 1.0,
        "optimistic": 1.0
      },
      "head": {
        "realistic": 1.0,
        "pessimistic": 1.0,
        "optimistic": 1.0
      },
      "both": {
        "realistic": 1.0,
        "pessimistic": 1.0,
        "optimistic": 1.0
      }
    },
    "rank_std": {
      "tail": {
        "realistic": 5.420365610721961,
        "pessimistic": 5.420365610721961,
        "optimistic": 5.420365610721961
      },
      "head": {
        "realistic": 7.21412866559026,
        "pessimistic": 7.21412866559026,
        "optimistic": 7.21412866559026
      },
      "both": {
        "realistic": 6.389739885520494,
        "pessimistic": 6.389739885520494,
        "optimistic": 6.389739885520494
      }
    },
    "rank_var": {
      "tail": {
        "realistic": 29.38036335389726,
        "pessimistic": 29.38036335389726,
        "optimistic": 29.38036335389726
      },
      "head": {
        "realistic": 52.0436524036911,
        "pessimistic": 52.0436524036911,
        "optimistic": 52.0436524036911
      },
      "both": {
        "realistic": 40.82877580461145,
        "pessimistic": 40.82877580461145,
        "optimistic": 40.82877580461145
      }
    },
    "hits_at_k": {
      "tail": {
        "realistic": {
          "1": 0.5763500931098696,
          "3": 0.8594040968342644,
          "5": 0.9329608938547486,
          "10": 0.9711359404096834
        },
        "pessimistic": {
          "1": 0.5763500931098696,
          "3": 0.8594040968342644,
          "5": 0.9329608938547486,
          "10": 0.9711359404096834
        },
        "optimistic": {
          "1": 0.5763500931098696,
          "3": 0.8594040968342644,
          "5": 0.9329608938547486,
          "10": 0.9711359404096834
        }
      },
      "head": {
        "realistic": {
          "1": 0.5121042830540037,
          "3": 0.7839851024208566,
          "5": 0.8854748603351955,
          "10": 0.9608938547486033
        },
        "pessimistic": {
          "1": 0.5121042830540037,
          "3": 0.7839851024208566,
          "5": 0.8854748603351955,
          "10": 0.9608938547486033
        },
        "optimistic": {
          "1": 0.5121042830540037,
          "3": 0.7839851024208566,
          "5": 0.8854748603351955,
          "10": 0.9608938547486033
        }
      },
      "both": {
        "realistic": {
          "1": 0.5442271880819367,
          "3": 0.8216945996275605,
          "5": 0.909217877094972,
          "10": 0.9660148975791434
        },
        "pessimistic": {
          "1": 0.5442271880819367,
          "3": 0.8216945996275605,
          "5": 0.909217877094972,
          "10": 0.9660148975791434
        },
        "optimistic": {
          "1": 0.5442271880819367,
          "3": 0.8216945996275605,
          "5": 0.909217877094972,
          "10": 0.9660148975791434
        }
      }
    },
    "adjusted_arithmetic_mean_rank": {
      "tail": {
        "realistic": 0.05450159220303001
      },
      "head": {
        "realistic": 0.07019759102701956
      },
      "both": {
        "realistic": 0.06226311091165408
      }
    },
    "adjusted_arithmetic_mean_rank_index": {
      "tail": {
        "realistic": 0.9655111251256381
      },
      "head": {
        "realistic": 0.9499309635870715
      },
      "both": {
        "realistic": 0.9578087242470292
      }
    }
  },