{
  "times": {
    "training": 239.66513085365295,
    "evaluation": 0.9804041385650635
  },
  "metrics": {
    "mean_rank": {
      "avg": 3.3947858472998136,
      "best": 3.3947858472998136,
      "worst": 3.3947858472998136
    },
    "mean_reciprocal_rank": {
      "avg": 0.6082190135779301,
      "best": 0.6082190135779301,
      "worst": 0.6082190135779301
    },
    "hits_at_k": {
      "avg": {
        "1": 0.42178770949720673,
        "3": 0.7462756052141527,
        "5": 0.8649906890130353,
        "10": 0.9501862197392924
      },
      "best": {
        "1": 0.42178770949720673,
        "3": 0.7462756052141527,
        "5": 0.8649906890130353,
        "10": 0.9501862197392924
      },
      "worst": {
        "1": 0.42178770949720673,
        "3": 0.7462756052141527,
        "5": 0.8649906890130353,
        "10": 0.9501862197392924
      }
    },
    "adjusted_mean_rank": 0.0709575907243988
  },
  "losses": [
    0.00164652063179058,
    0.0009287910688227071,
    0.0008556240561579752,
    0.0008379250588755149,
    0.0008307279297901739,
    0.000830756808821194,
    0.0008285512906180635,
    0.0008225972564603642,
    0.0008129637687803457,
    0.0008004072774588319,
    0.0007895033744692384,
    0.0007878735581789486,
    0.0007650768369464819,
    0.0007686903643716604,
    0.0007507397041571897,
    0.0007495300041785906,
    0.0007408107343867198,
    0.0007311377310854717,
    0.0007199888599186383,
    0.0007011165249889287,
    0.000678993111309134,
    0.0006413103204133677,
    0.0006035723096144653,
    0.0005598282666073196,
    0.0005170275419724422,
    0.00046932548912154604,
    0.0004409893723136318,
    0.0004144354529455138,
    0.0003985558584134958,
    0.0003758131605830295,
    0.000361881381705646,
    0.0003508005846864078,
    0.00033986299085727955,
    0.0003332714535324519,
    0.00032480233308750003,
    0.0003210493204005703,
    0.00031270873035339644,
    0.0003106358079748369,
    0.0003047980548393342,
    0.0002992200449969309,
    0.0002946882097913754,
    0.00028755196647707246,
    0.0002879589934084066,
    0.000282974982502118,
    0.0002773487857887679,
    0.00027681546068905887,
    0.0002762675560482563,
    0.00027174348456601255,
    0.00026602420363371765,
    0.00026422436334221306,
    0.00026072083251965444,
    0.0002578796144528478,
    0.0002616887990384104,
    0.00025586706994583873,
    0.00025513218675630897,
    0.00025450740606235226,
    0.0002521662177183079,
    0.00024926373626500204,
    0.00024442533910076997,
    0.00024240343637838222,
    0.00023822545995135652,
    0.00024054519634626043,
    0.0002375522823852592,
    0.00023707231305627655,
    0.00023270577764306937,
    0.0002347496771725107,
    0.0002333941985890198,
    0.00023260148312314674,
    0.00023203307414128163,
    0.00022800326158766432,
    0.0002253929294597599,
    0.00022643716608452858,
    0.0002289867305670663,
    0.00022571412654589422,
    0.00022179232026842675,
    0.00022253275071682736,
    0.00021896701544363805,
    0.00021905101257480779,
    0.0002187812685697595,
    0.0002198631446737188,
    0.00021696297650551766,
    0.00021600236181325614,
    0.00021695392150538955,
    0.0002185771547713597,
    0.00021257823040451306,
    0.0002152432745732474,
    0.00021357621809605097,
    0.00021266940442315164,
    0.00020896278158739253,
    0.00020871468822949803,
    0.00021031696313093243,
    0.000208380263633681,
    0.0002070681598895333,
    0.0002045669612697531,
    0.0002043802670108857,
    0.0002037768568385527,
    0.00020268267707400088,
    0.0002042785984726045,
    0.0002011161705292226,
    0.0002022618495543014,
    0.00020021320008638567,
    0.00019954307185065362,
    0.00020146052879871785,
    0.00019987522681246396,
    0.00020032828356636404,
    0.00020266071759718785,
    0.00020553065358751242,
    0.00019747559258554288,
    0.0001991563240891303,
    0.00019701385041576857,
    0.00019489549267269655,
    0.00019391299937341597,
    0.0001945990035581069,
    0.00019520479081902345,
    0.0001928360993087206,
    0.0001924303263239622,
    0.00019502222538143112,
    0.00019623875147709163,
    0.00019345412296886994,
    0.00019167102666596127,
    0.000188905216131213,
    0.00019005612127842214,
    0.0001905697070095475,
    0.00019020087188880157,
    0.00018708484372405467,
    0.00018795555057697159,
    0.0001869629549486631,
    0.00018571633231329084,
    0.0001873016188320347,
    0.00018615013930478995,
    0.00018599122614400173,
    0.00018586487737158567,
    0.0001823396589062663,
    0.00018699491766576795,
    0.0001853593770582354,
    0.00018538815190665203,
    0.00018488319198943317,
    0.000185606331657886,
    0.00018616196217121874,
    0.00018549747682521277,
    0.00018563316841986054,
    0.0001836720629021435,
    0.00018281715544144714,
    0.0001805765340589546,
    0.00018508722049343876,
    0.00018337728908236121,
    0.00018160533195219313,
    0.0001807003792884564,
    0.00017799245222899687,
    0.00017936613573715047,
    0.00017741116182298582,
    0.00018132523285818152,
    0.00018033730313812477,
    0.00017860361768443796,
    0.00017831594817380828,
    0.0001781265765484464,
    0.00017679157962529414,
    0.0001789668573590703,
    0.0001750389913127364,
    0.00017629854553011766,
    0.00017761220851825643,
    0.00017777188843623616,
    0.00017567873500074556,
    0.0001768054506726294,
    0.00017774378162809014,
    0.0001728086906634878,
    0.00017432546206187495,
    0.0001741805270683652,
    0.00017298889436846208,
    0.00017966121065283698,
    0.00017849625717683155,
    0.00017671543563897856,
    0.00017672026510871244,
    0.00017480394636116937,
    0.00017207416858082666,
    0.00017098482241315684,
    0.00017495719465795645,
    0.00016983525903526062,
    0.00017378652062004118,
    0.00017148991246567638,
    0.00017002958137927508,
    0.0001747896502547606,
    0.00017208896425806392,
    0.00017186200227029206,
    0.0001695102795480216,
    0.00017857065917201238,
    0.00017805302158534688,
    0.0001741368019419741,
    0.00016933094570457848,
    0.00017128177715185227,
    0.00017073503328075007,
    0.0001705771667795944,
    0.00016942315794264584,
    0.0001682935297311885,
    0.00017348297445400382,
    0.0001691433210154928,
    0.0001678915134922898,
    0.00016682089394311228,
    0.00016733658849819424,
    0.00016148579848263353
  ]
}