{
  "times": {
    "training": 22.10145902633667,
    "evaluation": 0.359769344329834
  },
  "metrics": {
    "mean_rank": {
      "avg": 3.638268156424581,
      "best": 3.638268156424581,
      "worst": 3.638268156424581
    },
    "mean_reciprocal_rank": {
      "avg": 0.6075417675553205,
      "best": 0.6075417675553205,
      "worst": 0.6075417675553205
    },
    "hits_at_k": {
      "avg": {
        "1": 0.4366852886405959,
        "3": 0.7295158286778398,
        "5": 0.8431098696461825,
        "10": 0.9376163873370578
      },
      "best": {
        "1": 0.4366852886405959,
        "3": 0.7295158286778398,
        "5": 0.8431098696461825,
        "10": 0.9376163873370578
      },
      "worst": {
        "1": 0.4366852886405959,
        "3": 0.7295158286778398,
        "5": 0.8431098696461825,
        "10": 0.9376163873370578
      }
    },
    "adjusted_mean_rank": 0.0758809288582128
  },
  "losses": [
    0.001021233905060465,
    0.0005356740446892485,
    0.00044966739193796055,
    0.0004589355436565609,
    0.00042441903733162574,
    0.0004015028776679256,
    0.000378615170487855,
    0.000347976433306209,
    0.00031509302013932495,
    0.00027820093875950507,
    0.0002499299952093139,
    0.00023905392967786502,
    0.00022171539198794684,
    0.00021586198825113444,
    0.00021194158449477877,
    0.0002095155978146356,
    0.00020402558743424357,
    0.00020024081600566389,
    0.0001995551067389561,
    0.00019818922430894445,
    0.0001940941046581528,
    0.00019799711931521122,
    0.00019082687728993634,
    0.0001939391863988376,
    0.00019262778275531026,
    0.00019402374982692704,
    0.00019051443814102045,
    0.00018881953030807017,
    0.0001915224192056379,
    0.00018819451526186747,
    0.0001876703896347484,
    0.00018733762791341689,
    0.00018951381502100672,
    0.0001886817055951215,
    0.0001882813769448361,
    0.0001861905869892746,
    0.00018850427678945573,
    0.00018588012407488058,
    0.0001848671494891052,
    0.0001841632923902034,
    0.0001851133186129722,
    0.00018593709962194386,
    0.00018626006398418375,
    0.00018470018413943465,
    0.00018513229575786738,
    0.00018091592441443652,
    0.0001824318550972631,
    0.00017993774126096897,
    0.00018292125987187866,
    0.00018376932033354747,
    0.00018274362814927537,
    0.00018243191244335412,
    0.00018237192402089256,
    0.00018335668874111592,
    0.0001812146843150214,
    0.00018263255318217618,
    0.0001844363744757174,
    0.00018384265275026934,
    0.00018514534419919698,
    0.00018091267774343633,
    0.0001858219839610455,
    0.0001846678232991392,
    0.00018200272106432648,
    0.0001837096936325832,
    0.000183036975461114,
    0.00018428290310239142,
    0.00018085377889670446,
    0.00018331217935199637,
    0.0001809935930778883,
    0.00018196798697810967,
    0.00018225837434940326,
    0.00018104692935378965,
    0.0001813351816860016,
    0.00018400533919930105,
    0.00017918051259626361,
    0.0001816009852291918,
    0.00018230114571084067,
    0.00018444746432747623,
    0.0001842228793900277,
    0.00018124135465859097,
    0.00018444477347243532,
    0.00018250917968416864,
    0.0001820911575591797,
    0.00017944184755559078,
    0.00017794450582873545,
    0.00017982974533783464,
    0.00017930417282472638,
    0.00018177009885165732,
    0.00017947479509050992,
    0.0001791170657633888,
    0.00017900227212284782,
    0.00017810539690399395,
    0.0001806930378035302,
    0.00017805809961260246,
    0.00018013387371478806,
    0.00017915949304828,
    0.00017586927430879583,
    0.00017607717594499063,
    0.00018086331599276754,
    0.0001797207921761038,
    0.00017732391084278033,
    0.00017640370899858808,
    0.00018054095155886464,
    0.00018157439428790213,
    0.00017979836820356234,
    0.00017897565471413152,
    0.00018048309376424696,
    0.00017839205677937022,
    0.00018050634980978098,
    0.00018216732640178899,
    0.00018520660746937465,
    0.0001807316493677486,
    0.0001799280762390105,
    0.00017978523594871506,
    0.0001793526611503163,
    0.0001800336018689925,
    0.0001821424734881815,
    0.00018234672703073884,
    0.00017564202057249523,
    0.0001790953845297394,
    0.00017748804417780123,
    0.00017636902784722453,
    0.00017783987568002117,
    0.0001769655242412312,
    0.00017813715781595242,
    0.000180099183740949,
    0.00017663787073323966,
    0.00018215809809236995,
    0.0001774467285248286,
    0.00017724202503601851,
    0.00017546397860477916,
    0.0001758396352022057,
    0.00017768134020573292,
    0.00017864566766135858,
    0.00017580716849220372,
    0.0001779682471104244,
    0.00017906092835150224,
    0.000176783653319129,
    0.00017935818402000685,
    0.0001764532516100055,
    0.00017908254782782285,
    0.00017522559531557975,
    0.00017785642223290397,
    0.0001773199760186877,
    0.00017878059419109102,
    0.00017870427977763527,
    0.0001763322645916326,
    0.0001758474827942021,
    0.0001729992833131866,
    0.0001778492142703845,
    0.00017690892364937853,
    0.00017621845906835254,
    0.00017630896443372087,
    0.00017807966174283207,
    0.0001778682840512729,
    0.00017786544321414773,
    0.0001765519398214409,
    0.0001772055926232595,
    0.00017819450831822633,
    0.00017684180666667742,
    0.00017766878582303378,
    0.0001772238419139223,
    0.0001781265576115863,
    0.00017560653216461942,
    0.00017606865343361511,
    0.00017525864872020542,
    0.00017613874359057456,
    0.00017343357849431646,
    0.0001746015992653024,
    0.0001779386829948764,
    0.00017506373376801143,
    0.00017822821458604224,
    0.00017564894621579727,
    0.00017734512448522592,
    0.00017836512176153433,
    0.00017694425325269456,
    0.00017663486668031693,
    0.00017835625076237482,
    0.00017588175370045284,
    0.0001776564740584121,
    0.000176538626705845,
    0.00017780934550340108,
    0.0001780001447707538,
    0.00017566513104718277,
    0.00017872537431666102,
    0.00017736157399087773,
    0.00017389215753938123,
    0.00017803400984312952,
    0.00017798321444018484,
    0.0001767674552540302,
    0.0001759251338127028,
    0.00017771550524227714,
    0.00017807893829983746,
    0.00017503397555800144,
    0.0001780863491792944,
    0.0001768009144925309,
    0.00017694366214683312,
    0.00017913523124053396,
    0.00017686399078143284,
    0.00017435213494681974
  ]
}