{
  "times": {
    "training": 3314.036942243576,
    "evaluation": 8.302212476730347
  },
  "metrics": {
    "mean_rank": {
      "avg": 311.4070970740777,
      "best": 311.4070359134945,
      "worst": 311.4071582346609
    },
    "mean_reciprocal_rank": {
      "avg": 0.19025340709785962,
      "best": 0.19025340919206155,
      "worst": 0.19025340502306956
    },
    "hits_at_k": {
      "avg": {
        "1": 0.10607691554946667,
        "3": 0.21283882963107936,
        "5": 0.2721890595948723,
        "10": 0.3643702906350915
      },
      "best": {
        "1": 0.10607691554946667,
        "3": 0.21283882963107936,
        "5": 0.2721890595948723,
        "10": 0.3643702906350915
      },
      "worst": {
        "1": 0.10607691554946667,
        "3": 0.21283882963107936,
        "5": 0.2721890595948723,
        "10": 0.3643702906350915
      }
    },
    "adjusted_mean_rank": 0.04648363055575146
  },
  "losses": [
    0.006688539384805797,
    0.002064578273286669,
    0.0011782016057747403,
    0.0009595139973599578,
    0.0008249569813484778,
    0.0007465103132555418,
    0.0006903761477846338,
    0.0006471937919194736,
    0.0006082188383732121,
    0.0005742122904850896,
    0.0005441085675955751,
    0.0005178884163319726,
    0.0004913491375811237,
    0.0004698215312473909,
    0.0004505365199717351,
    0.00043425942334263253,
    0.00041809948244176645,
    0.0004034649848481097,
    0.0003922012758012229,
    0.00037998297030613986,
    0.000370607778443519,
    0.0003605244577717665,
    0.00035198827522658097,
    0.000343756569336594,
    0.00033596912284084316,
    0.00032873282074352434,
    0.0003215085341763532,
    0.00031636404516945544,
    0.00031025055193932544,
    0.00030534344598341244,
    0.00029965293509540337,
    0.0002953147335681467,
    0.0002902909034241009,
    0.0002861237330918983,
    0.00028233129408478303,
    0.0002791333122492155,
    0.0002750842804242711,
    0.000271348225379902,
    0.0002680101924811943,
    0.00026579441614298045,
    0.0002622081437165705,
    0.00025954134468412544,
    0.00025741645792857256,
    0.00025552259586517567,
    0.00025188619588831826,
    0.0002500531545127203,
    0.0002476155269039061,
    0.00024631024852050736,
    0.00024362888779101393,
    0.00024232562404911392,
    0.00024009182912913493,
    0.00023815161915572433,
    0.00023666446485824842,
    0.0002348307301581762,
    0.0002337263880195212,
    0.00023258643214152413,
    0.0002300816568347734,
    0.00022913042609257425,
    0.00022735307921443497,
    0.0002266118359602025,
    0.00022557770356548978,
    0.0002239049961974476,
    0.0002223546472821844,
    0.00022177045549946962,
    0.00022023973508869519,
    0.00021952209280205165,
    0.00021841223345995506,
    0.00021728119114138985,
    0.00021689604551304622,
    0.00021566690700718975,
    0.0002142085079055183,
    0.00021408536372446565,
    0.0002120683224120742,
    0.0002122592177040459,
    0.00021091805555215762,
    0.00020992297327623275,
    0.00020967564562758803,
    0.0002084144735387398,
    0.00020718685464598538,
    0.00020704081920373563,
    0.0002061955624376723,
    0.00020592550519266537,
    0.00020501609068311404,
    0.00020435375686398915,
    0.00020353558145072375,
    0.00020326431579007544,
    0.00020260171463219653,
    0.00020168934646731123,
    0.000201356942693672,
    0.00020096629746206023,
    0.00020039205298727725,
    0.00019973314163322997,
    0.00019927615872169225,
    0.00019862223060758443,
    0.0001980906393576292,
    0.0001970876460212042,
    0.00019760760670724923,
    0.00019674863449977746,
    0.00019624283995658647,
    0.0001952439197562986,
    0.00019514716474389806,
    0.00019380254156461918,
    0.00019429518629123885,
    0.00019337705013416982,
    0.0001928095502847324,
    0.0001928517142650717,
    0.00019217042187694996,
    0.00019211062329978857,
    0.00019167667395119192,
    0.00019096522317710809,
    0.00019051573013115114,
    0.0001900169807839054,
    0.0001901353209357999,
    0.00018957911959150854,
    0.00018911970866163089,
    0.00018979657157464086,
    0.00018827091271782557,
    0.00018818631654816714,
    0.00018814416132665137,
    0.00018814943920983455,
    0.00018760087404422117,
    0.00018683516456685856,
    0.00018653244185691298,
    0.00018623954273365255,
    0.0001858294451864205,
    0.00018596845603327888,
    0.0001856938304226522,
    0.00018522430730998608,
    0.00018501300438275757,
    0.00018459330914494414,
    0.00018443636863795667,
    0.00018437534972694496,
    0.00018349093337597768,
    0.00018419382023049055,
    0.00018297285028104297,
    0.00018342231680689946,
    0.00018296367420100312,
    0.0001823486038774541,
    0.00018254075511934327,
    0.00018189173862230085,
    0.00018210059038204838,
    0.00018133619010105682,
    0.0001807528525406027,
    0.0001816563412967558,
    0.00018069329062898979,
    0.00018072994229687434,
    0.00018044706436929101,
    0.00017984300645363912,
    0.00018001930225381436,
    0.00018022458678874996,
    0.00018041698254600105,
    0.00017957756324444739,
    0.00017944636275094052,
    0.00017939853972292544,
    0.0001789777021868761,
    0.00017840241075744203,
    0.00017811604021799143,
    0.00017826444558971955,
    0.00017788028299386857,
    0.00017810798086915887,
    0.00017760553967873977,
    0.00017739119375535448,
    0.00017784984224758314,
    0.00017712487106431987,
    0.00017733209764164273,
    0.0001764423954878806,
    0.00017653668252290365,
    0.00017629043508712926,
    0.00017655769750633588,
    0.0001761536057827391,
    0.00017634525194683693,
    0.0001755873492460783,
    0.00017584725541729528,
    0.00017599126825496836,
    0.00017582411724922125,
    0.00017581041026724825,
    0.00017486167360703794,
    0.00017518903242431407,
    0.00017486976475662564,
    0.0001747000402041068,
    0.0001748659909897432,
    0.00017413326992915664,
    0.00017455094805254417,
    0.0001745815583729862,
    0.00017398960828468983,
    0.00017412284907965218,
    0.0001740068387519539,
    0.00017355465379656354,
    0.00017350724038288278,
    0.00017378735260859356,
    0.0001729608291989515,
    0.00017320004331909908,
    0.00017302866927941621,
    0.00017345991306572423,
    0.00017298399282697044,
    0.0001730788561734947,
    0.0001723360851893879,
    0.00017199031414222115,
    0.00017241115705298092,
    0.00017222425490980375,
    0.00017257424052004007
  ]
}