{
  "times": {
    "training": 5479.26958155632,
    "evaluation": 8.995206594467163
  },
  "metrics": {
    "mean_rank": {
      "worst": 6981.521871024562,
      "best": 6981.511718367747,
      "avg": 6981.516794696155
    },
    "mean_reciprocal_rank": {
      "worst": 0.004283724943737527,
      "best": 0.004283728069170627,
      "avg": 0.004283726501127705
    },
    "hits_at_k": {
      "worst": {
        "1": 0.00347392112731187,
        "3": 0.003938741559839515,
        "5": 0.0042567765926215875,
        "10": 0.0046971327918583035
      },
      "best": {
        "1": 0.00347392112731187,
        "3": 0.003938741559839515,
        "5": 0.0042567765926215875,
        "10": 0.0046971327918583035
      },
      "avg": {
        "1": 0.00347392112731187,
        "3": 0.003938741559839515,
        "5": 0.0042567765926215875,
        "10": 0.0046971327918583035
      }
    },
    "adjusted_mean_rank": 0.9772970306096663
  },
  "losses": [
    240.79098868303666,
    240.37040898904382,
    239.83586152701025,
    239.2094917540858,
    238.50462924846315,
    237.7305468147571,
    236.89427421362936,
    236.00140851245555,
    235.05657193136057,
    234.06370694975473,
    233.02623084610482,
    231.94715041045495,
    230.82917983643384,
    229.67473185216124,
    228.48603569592598,
    227.26512172077818,
    226.01390916508697,
    224.73412432260207,
    223.42741784876623,
    222.09533263116887,
    220.73931031586022,
    219.36072226550786,
    217.96086796965363,
    216.54097579774987,
    215.10221755785994,
    213.64571226183975,
    212.17253139659107,
    210.68369457318576,
    209.18017220432785,
    207.66291587681533,
    206.13282262415393,
    204.59075266474426,
    203.0375554234674,
    201.47401422535663,
    199.90092268694042,
    198.31901443285994,
    196.72901631043032,
    195.13162278640814,
    193.52749695103992,
    191.91730206191363,
    190.3016582025393,
    188.68116796925202,
    187.0564259260003,
    185.42799885806238,
    183.79643112697062,
    182.1622563007379,
    180.5259943090541,
    178.88814182115624,
    177.249178939484,
    175.6095755586525,
    173.96978241268795,
    172.33023852171956,
    170.69137211235702,
    169.0535889874641,
    167.4172920214304,
    165.78286543008076,
    164.15068054395323,
    162.52110199993038,
    160.89447744974404,
    159.27114768412906,
    157.65144152891125,
    156.03567191248447,
    154.42415059185302,
    152.8171710838099,
    151.2150221359187,
    149.61798186956474,
    148.0263197880521,
    146.44029150534956,
    144.86015004163454,
    143.28613728888212,
    141.71848635364455,
    140.1574210550272,
    138.60316002455232,
    137.0559146143919,
    135.51588437915007,
    133.98326393686008,
    132.4582401241807,
    130.94099383715138,
    129.4316990271441,
    127.93052851597642,
    126.4376268866068,
    124.95315767340584,
    123.4772657940148,
    122.01009185703423,
    120.55176948456176,
    119.1024258560516,
    117.66219358955308,
    116.23118379974724,
    114.80951303991026,
    113.39728602391509,
    111.99460139950949,
    110.60156095209217,
    109.21825287057416,
    107.84476354494656,
    106.48118032741347,
    105.12757371053421,
    103.78402121520638,
    102.45058998716156,
    101.12734340695016,
    99.81434472961648,
    98.51164583099056,
    97.21929988379814,
    95.93735646292518,
    94.665856985365,
    93.40484567107913,
    92.15435389657767,
    90.9144209034159,
    89.6850700775527,
    88.4663342178999,
    87.25822976574884,
    86.06078215699031,
    84.87400256166195,
    83.69791039136464,
    82.53251121019953,
    81.3778165647223,
    80.23382913239514,
    79.10055108865613,
    77.97798243350523,
    76.86611823037153,
    75.76495408654361,
    74.67448293184788,
    73.59468983106552,
    72.5255682160471,
    71.4670923998897,
    70.41925677665681,
    69.3820324799592,
    68.35539963800711,
    67.33933683110301,
    66.33381732646029,
    65.33881418211563,
    64.3542927374842,
    63.380226615379875,
    62.41657757829569,
    61.46331652974794,
    60.5204001073997,
    59.58779492664423,
    58.665462143362035,
    57.7533548392117,
    56.851434358332796,
    55.95965549763312,
    55.0779704393113,
    54.20633628121921,
    53.34469955778365,
    52.493013476169246,
    51.65122791763055,
    50.81928682280287,
    49.99714308508573,
    49.184737821228524,
    48.38201524379632,
    47.58891958627185
  ]
}