{
  "times": {
    "training": 111.35082960128784,
    "evaluation": 0.41468048095703125
  },
  "metrics": {
    "arithmetic_mean_rank": {
      "head": {
        "optimistic": 2.494413407821229,
        "realistic": 2.494413407821229,
        "pessimistic": 2.494413407821229
      },
      "both": {
        "optimistic": 2.308193668528864,
        "realistic": 2.308193668528864,
        "pessimistic": 2.308193668528864
      },
      "tail": {
        "optimistic": 2.121973929236499,
        "realistic": 2.121973929236499,
        "pessimistic": 2.121973929236499
      }
    },
    "geometric_mean_rank": {
      "head": {
        "optimistic": 1.631566671624851,
        "realistic": 1.631566671624851,
        "pessimistic": 1.631566671624851
      },
      "both": {
        "optimistic": 1.5629048449673806,
        "realistic": 1.5629048449673806,
        "pessimistic": 1.5629048449673806
      },
      "tail": {
        "optimistic": 1.4971325394811452,
        "realistic": 1.4971325394811452,
        "pessimistic": 1.4971325394811452
      }
    },
    "median_rank": {
      "head": {
        "optimistic": 1.0,
        "realistic": 1.0,
        "pessimistic": 1.0
      },
      "both": {
        "optimistic": 1.0,
        "realistic": 1.0,
        "pessimistic": 1.0
      },
      "tail": {
        "optimistic": 1.0,
        "realistic": 1.0,
        "pessimistic": 1.0
      }
    },
    "harmonic_mean_rank": {
      "head": {
        "optimistic": 1.3506550109778288,
        "realistic": 1.3506550109778288,
        "pessimistic": 1.3506550109778288
      },
      "both": {
        "optimistic": 1.315892046257466,
        "realistic": 1.315892046257466,
        "pessimistic": 1.315892046257466
      },
      "tail": {
        "optimistic": 1.2828736290128067,
        "realistic": 1.2828736290128067,
        "pessimistic": 1.2828736290128067
      }
    },
    "inverse_arithmetic_mean_rank": {
      "head": {
        "optimistic": 0.4008958566629339,
        "realistic": 0.4008958566629339,
        "pessimistic": 0.4008958566629339
      },
      "both": {
        "optimistic": 0.4332392093586124,
        "realistic": 0.4332392093586124,
        "pessimistic": 0.4332392093586124
      },
      "tail": {
        "optimistic": 0.47125932426502853,
        "realistic": 0.47125932426502853,
        "pessimistic": 0.47125932426502853
      }
    },
    "inverse_geometric_mean_rank": {
      "head": {
        "optimistic": 0.6129078372286902,
        "realistic": 0.6129078372286902,
        "pessimistic": 0.6129078372286902
      },
      "both": {
        "optimistic": 0.6398342184554883,
        "realistic": 0.6398342184554883,
        "pessimistic": 0.6398342184554883
      },
      "tail": {
        "optimistic": 0.6679435344759561,
        "realistic": 0.6679435344759561,
        "pessimistic": 0.6679435344759561
      }
    },
    "inverse_harmonic_mean_rank": {
      "head": {
        "optimistic": 0.7403815125788736,
        "realistic": 0.7403815125788736,
        "pessimistic": 0.7403815125788736
      },
      "both": {
        "optimistic": 0.7599407586998524,
        "realistic": 0.7599407586998524,
        "pessimistic": 0.7599407586998524
      },
      "tail": {
        "optimistic": 0.7795000048208311,
        "realistic": 0.7795000048208311,
        "pessimistic": 0.7795000048208311
      }
    },
    "inverse_median_rank": {
      "head": {
        "optimistic": 1.0,
        "realistic": 1.0,
        "pessimistic": 1.0
      },
      "both": {
        "optimistic": 1.0,
        "realistic": 1.0,
        "pessimistic": 1.0
      },
      "tail": {
        "optimistic": 1.0,
        "realistic": 1.0,
        "pessimistic": 1.0
      }
    },
    "rank_std": {
      "head": {
        "optimistic": 4.5530666278193355,
        "realistic": 4.5530666278193355,
        "pessimistic": 4.5530666278193355
      },
      "both": {
        "optimistic": 4.045710409164285,
        "realistic": 4.045710409164285,
        "pessimistic": 4.045710409164285
      },
      "tail": {
        "optimistic": 3.4548189720554294,
        "realistic": 3.4548189720554294,
        "pessimistic": 3.4548189720554294
      }
    },
    "rank_var": {
      "head": {
        "optimistic": 20.73041571736213,
        "realistic": 20.73041571736213,
        "pessimistic": 20.73041571736213
      },
      "both": {
        "optimistic": 16.367772714820248,
        "realistic": 16.367772714820248,
        "pessimistic": 16.367772714820248
      },
      "tail": {
        "optimistic": 11.935774129674135,
        "realistic": 11.935774129674135,
        "pessimistic": 11.935774129674135
      }
    },
    "hits_at_k": {
      "head": {
        "optimistic": {
          "1": 0.6061452513966481,
          "3": 0.8472998137802608,
          "5": 0.9208566108007449,
          "10": 0.9692737430167597
        },
        "realistic": {
          "1": 0.6061452513966481,
          "3": 0.8472998137802608,
          "5": 0.9208566108007449,
          "10": 0.9692737430167597
        },
        "pessimistic": {
          "1": 0.6061452513966481,
          "3": 0.8472998137802608,
          "5": 0.9208566108007449,
          "10": 0.9692737430167597
        }
      },
      "both": {
        "optimistic": {
          "1": 0.63268156424581,
          "3": 0.8649906890130353,
          "5": 0.931098696461825,
          "10": 0.9720670391061452
        },
        "realistic": {
          "1": 0.63268156424581,
          "3": 0.8649906890130353,
          "5": 0.931098696461825,
          "10": 0.9720670391061452
        },
        "pessimistic": {
          "1": 0.63268156424581,
          "3": 0.8649906890130353,
          "5": 0.931098696461825,
          "10": 0.9720670391061452
        }
      },
      "tail": {
        "optimistic": {
          "1": 0.659217877094972,
          "3": 0.88268156424581,
          "5": 0.9413407821229051,
          "10": 0.9748603351955307
        },
        "realistic": {
          "1": 0.659217877094972,
          "3": 0.88268156424581,
          "5": 0.9413407821229051,
          "10": 0.9748603351955307
        },
        "pessimistic": {
          "1": 0.659217877094972,
          "3": 0.88268156424581,
          "5": 0.9413407821229051,
          "10": 0.9748603351955307
        }
      }
    },
    "adjusted_arithmetic_mean_rank": {
      "head": {
        "realistic": 0.05285535310887729
      },
      "both": {
        "realistic": 0.048370495753679243
      },
      "tail": {
        "realistic": 0.04398340248962655
      }
    },
    "adjusted_arithmetic_mean_rank_index": {
      "head": {
        "realistic": 0.9676486298539653
      },
      "both": {
        "realistic": 0.9719987045664035
      },
      "tail": {
        "realistic": 0.9762519461579393
      }
    }
  },