{
  "times": {
    "training": 64.01228547096252,
    "evaluation": 0.5877177715301514
  },
  "metrics": {
    "arithmetic_mean_rank": {
      "head": {
        "realistic": 2.4534450651769086,
        "optimistic": 2.4534450651769086,
        "pessimistic": 2.4534450651769086
      },
      "tail": {
        "realistic": 2.2318435754189943,
        "optimistic": 2.2318435754189943,
        "pessimistic": 2.2318435754189943
      },
      "both": {
        "realistic": 2.3426443202979517,
        "optimistic": 2.3426443202979517,
        "pessimistic": 2.3426443202979517
      }
    },
    "geometric_mean_rank": {
      "head": {
        "realistic": 1.5483355025829928,
        "optimistic": 1.5483355025829928,
        "pessimistic": 1.5483355025829928
      },
      "tail": {
        "realistic": 1.434971550702897,
        "optimistic": 1.434971550702897,
        "pessimistic": 1.434971550702897
      },
      "both": {
        "realistic": 1.4905761963582629,
        "optimistic": 1.4905761963582629,
        "pessimistic": 1.4905761963582629
      }
    },
    "median_rank": {
      "head": {
        "realistic": 1.0,
        "optimistic": 1.0,
        "pessimistic": 1.0
      },
      "tail": {
        "realistic": 1.0,
        "optimistic": 1.0,
        "pessimistic": 1.0
      },
      "both": {
        "realistic": 1.0,
        "optimistic": 1.0,
        "pessimistic": 1.0
      }
    },
    "harmonic_mean_rank": {
      "head": {
        "realistic": 1.3040864683948226,
        "optimistic": 1.3040864683948226,
        "pessimistic": 1.3040864683948226
      },
      "tail": {
        "realistic": 1.2430526193903608,
        "optimistic": 1.2430526193903608,
        "pessimistic": 1.2430526193903608
      },
      "both": {
        "realistic": 1.2728383057081196,
        "optimistic": 1.2728383057081196,
        "pessimistic": 1.2728383057081196
      }
    },
    "inverse_arithmetic_mean_rank": {
      "head": {
        "realistic": 0.4075901328273245,
        "optimistic": 0.4075901328273245,
        "pessimistic": 0.4075901328273245
      },
      "tail": {
        "realistic": 0.44806007509386736,
        "optimistic": 0.44806007509386736,
        "pessimistic": 0.44806007509386736
      },
      "both": {
        "realistic": 0.42686804451510335,
        "optimistic": 0.42686804451510335,
        "pessimistic": 0.42686804451510335
      }
    },
    "inverse_geometric_mean_rank": {
      "head": {
        "realistic": 0.6458548540234087,
        "optimistic": 0.6458548540234087,
        "pessimistic": 0.6458548540234087
      },
      "tail": {
        "realistic": 0.6968779273081522,
        "optimistic": 0.6968779273081522,
        "pessimistic": 0.6968779273081522
      },
      "both": {
        "realistic": 0.6708815037051941,
        "optimistic": 0.6708815037051941,
        "pessimistic": 0.6708815037051941
      }
    },
    "inverse_harmonic_mean_rank": {
      "head": {
        "realistic": 0.7668203176978614,
        "optimistic": 0.7668203176978614,
        "pessimistic": 0.7668203176978614
      },
      "tail": {
        "realistic": 0.8044711739479196,
        "optimistic": 0.8044711739479196,
        "pessimistic": 0.8044711739479196
      },
      "both": {
        "realistic": 0.7856457458228906,
        "optimistic": 0.7856457458228906,
        "pessimistic": 0.7856457458228906
      }
    },
    "inverse_median_rank": {
      "head": {
        "realistic": 1.0,
        "optimistic": 1.0,
        "pessimistic": 1.0
      },
      "tail": {
        "realistic": 1.0,
        "optimistic": 1.0,
        "pessimistic": 1.0
      },
      "both": {
        "realistic": 1.0,
        "optimistic": 1.0,
        "pessimistic": 1.0
      }
    },
    "rank_std": {
      "head": {
        "realistic": 5.775129062804341,
        "optimistic": 5.775129062804341,
        "pessimistic": 5.775129062804341
      },
      "tail": {
        "realistic": 5.788261973659933,
        "optimistic": 5.788261973659933,
        "pessimistic": 5.788261973659933
      },
      "both": {
        "realistic": 5.78276084486884,
        "optimistic": 5.78276084486884,
        "pessimistic": 5.78276084486884
      }
    },
    "rank_var": {
      "head": {
        "realistic": 33.35211569204734,
        "optimistic": 33.35211569204734,
        "pessimistic": 33.35211569204734
      },
      "tail": {
        "realistic": 33.503976675717574,
        "optimistic": 33.503976675717574,
        "pessimistic": 33.503976675717574
      },
      "both": {
        "realistic": 33.44032298894818,
        "optimistic": 33.44032298894818,
        "pessimistic": 33.44032298894818
      }
    },
    "hits_at_k": {
      "head": {
        "realistic": {
          "1": 0.6424581005586593,
          "3": 0.8715083798882681,
          "5": 0.9301675977653632,
          "10": 0.9795158286778398
        },
        "optimistic": {
          "1": 0.6424581005586593,
          "3": 0.8715083798882681,
          "5": 0.9301675977653632,
          "10": 0.9795158286778398
        },
        "pessimistic": {
          "1": 0.6424581005586593,
          "3": 0.8715083798882681,
          "5": 0.9301675977653632,
          "10": 0.9795158286778398
        }
      },
      "tail": {
        "realistic": {
          "1": 0.6964618249534451,
          "3": 0.8975791433891993,
          "5": 0.952513966480447,
          "10": 0.984171322160149
        },
        "optimistic": {
          "1": 0.6964618249534451,
          "3": 0.8975791433891993,
          "5": 0.952513966480447,
          "10": 0.984171322160149
        },
        "pessimistic": {
          "1": 0.6964618249534451,
          "3": 0.8975791433891993,
          "5": 0.952513966480447,
          "10": 0.984171322160149
        }
      },
      "both": {
        "realistic": {
          "1": 0.6694599627560521,
          "3": 0.8845437616387337,
          "5": 0.9413407821229051,
          "10": 0.9818435754189944
        },
        "optimistic": {
          "1": 0.6694599627560521,
          "3": 0.8845437616387337,
          "5": 0.9413407821229051,
          "10": 0.9818435754189944
        },
        "pessimistic": {
          "1": 0.6694599627560521,
          "3": 0.8845437616387337,
          "5": 0.9413407821229051,
          "10": 0.9818435754189944
        }
      }
    },
    "adjusted_arithmetic_mean_rank": {
      "head": {
        "realistic": 0.05198725473754821
      },
      "tail": {
        "realistic": 0.0462607353083084
      },
      "both": {
        "realistic": 0.049092443451495354
      }
    },
    "adjusted_arithmetic_mean_rank_index": {
      "head": {
        "realistic": 0.9685355209981557
      },
      "tail": {
        "realistic": 0.9739264105949824
      },
      "both": {
        "realistic": 0.9712613039037393
      }
    }
  },