{
  "times": {
    "training": 673.3614802360535,
    "evaluation": 0.18305087089538574
  },
  "metrics": {
    "mean_rank": {
      "best": 2.7211359404096833,
      "worst": 2.7211359404096833,
      "avg": 2.7211359404096833
    },
    "mean_reciprocal_rank": {
      "best": 0.669089481603166,
      "worst": 0.669089481603166,
      "avg": 0.669089481603166
    },
    "hits_at_k": {
      "best": {
        "1": 0.48324022346368717,
        "3": 0.8277467411545624,
        "5": 0.9287709497206704,
        "10": 0.9743947858472998
      },
      "worst": {
        "1": 0.48324022346368717,
        "3": 0.8277467411545624,
        "5": 0.9287709497206704,
        "10": 0.9743947858472998
      },
      "avg": {
        "1": 0.48324022346368717,
        "3": 0.8277467411545624,
        "5": 0.9287709497206704,
        "10": 0.9743947858472998
      }
    },
    "adjusted_mean_rank": 0.05655010663201856
  },
  "losses": [
    0.0015108153027349783,
    0.0003907652447533825,
    0.00031237187817141637,
    0.0002989105392798558,
    0.0002918585560246186,
    0.00028829965832004886,
    0.000285931563132167,
    0.00028380716314595125,
    0.00028287592820983644,
    0.00028198462394711456,
    0.00028086519252494926,
    0.00028001401339716904,
    0.00028011075736368807,
    0.00027932053909738186,
    0.0002792677161901185,
    0.00027852732847769105,
    0.0002778486953873871,
    0.00027798332469293686,
    0.0002772985174484579,
    0.00027776400803689483,
    0.0002770596120614656,
    0.0002766736464362159,
    0.00027615636454595164,
    0.00027623748858476735,
    0.0002756949055465531,
    0.000275889862405506,
    0.00027594979776571807,
    0.00027584142905349535,
    0.0002757311401424811,
    0.0002748566655239809,
    0.000275369077264279,
    0.00027487086775723133,
    0.00027486974829528827,
    0.00027443576723595295,
    0.00027462328855673806,
    0.00027464226512622075,
    0.00027450182312080976,
    0.00027479429743235254,
    0.0002743067474484667,
    0.00027468419404463206,
    0.00027432685176412877,
    0.00027402878210492683,
    0.00027404530239832144,
    0.0002744700499131843,
    0.0002740906660047391,
    0.00027445949263494,
    0.00027351164039266245,
    0.00027373685433497924,
    0.0002731381920305838,
    0.0002733411998592652,
    0.0002730959281456144,
    0.00027347219827121,
    0.00027348610030989464,
    0.0002733886238424742,
    0.00027269467908526293,
    0.0002736348309118147,
    0.00027254481899311367,
    0.00027362769622223153,
    0.00027242494064247174,
    0.0002730037931576092,
    0.00027287233235447035,
    0.0002725973327675562,
    0.00027305442161425556,
    0.00027243367822279226,
    0.0002723442201331704,
    0.0002724504992557683,
    0.0002721208418032315,
    0.0002719877514035933,
    0.00027229213234288306,
    0.00027203003240205097,
    0.00027205079760357094,
    0.0002722506376928632,
    0.0002724532201914082,
    0.0002717323987552903,
    0.0002716587119986921,
    0.00027206479872608286,
    0.0002721391643540522,
    0.00027204354028548863,
    0.0002721298439341008,
    0.00027171015274651654,
    0.0002718120192052022,
    0.0002713177578998137,
    0.0002718870488801197,
    0.0002712588882630112,
    0.00027177053044135036,
    0.00027102652807678147,
    0.0002721012779249904,
    0.00027155973216037404,
    0.0002712713023002368,
    0.000271416029653927,
    0.000270953116771043,
    0.0002712864958077725,
    0.0002715373873947823,
    0.0002714796556414485,
    0.00027116172103741474,
    0.000271587261331899,
    0.00027116093534299555,
    0.000271170671718816,
    0.00027184091505772444,
    0.00027112070033291863,
    0.0002713308958266949,
    0.0002706272297360924,
    0.0002711897038798849,
    0.00027091209650255936,
    0.0002713118549453771,
    0.00027069825005860586,
    0.00027114249267074723,
    0.00027054179571429443,
    0.0002710085701413648,
    0.0002702147981556558,
    0.0002707686763141681,
    0.0002707615707284153,
    0.0002704745883205801,
    0.0002704066307674605,
    0.00027101035920941457,
    0.00027050217351970375,
    0.00027039883922513446,
    0.0002721348212341244,
    0.000271060540208293,
    0.00027078285238667205,
    0.00027094511289065806,
    0.0002708264233279373,
    0.00027082966333638863,
    0.00027026405905928,
    0.0002703579325378918,
    0.0002707360067739664,
    0.00027034385086208135,
    0.00027057495337042415,
    0.0002706103641208443,
    0.00027144640337061903,
    0.00027208377616759044,
    0.0002709080409328366,
    0.00027044131730121564,
    0.00027030013908879756,
    0.0002704002582276247,
    0.0002699022625846795,
    0.00027005977251511135,
    0.00027007399731200567,
    0.00027031135354679397,
    0.000270711113188646,
    0.00027032192575846437,
    0.00027023587227199044,
    0.0002709024002398835,
    0.00027020858040023663,
    0.0002701559724471068,
    0.00027012530725609775,
    0.0002702402066716694,
    0.00027018861996868016,
    0.0002702394659955348,
    0.0002698327285195753,
    0.0002703965810076979,
    0.00027015070803289054,
    0.0002697406901083259,
    0.00027045985938430056,
    0.0002699058856300605,
    0.0002701271267360153,
    0.00027027449850516204,
    0.00027049394160481204,
    0.00027000629853226997,
    0.0002690019470348271,
    0.00027013209771385856,
    0.0002692899125417143,
    0.00026971238036552783,
    0.00026965226209809664,
    0.00026982429974506633,
    0.00027004693358376175,
    0.00026950344996185004,
    0.0002707742686097402,
    0.00027055920481905063,
    0.00027061050844096236,
    0.000270073229930109,
    0.00027046593412763896,
    0.0002696586617797069,
    0.00026944500674521516,
    0.0002703487466277785,
    0.0002693914185271141,
    0.0002699278753725219,
    0.0002691375936664055,
    0.00026938556527809595,
    0.00026955767268705625,
    0.0002700665625368597,
    0.00026989711927291886,
    0.00027025430567897437,
    0.0002694847630136315,
    0.00027046385413028774,
    0.0002699426039817921,
    0.0002700302894628338,
    0.00026988038162732226,
    0.0002695829699108942,
    0.0002693097758514995,
    0.0002698212903871965,
    0.0002695046764648474,
    0.0002697563966935019,
    0.0002696998038046648,
    0.00026908882545683994,
    0.0002692702419494282,
    0.00026976017452329953,
    0.00026910796934609697,
    0.00026987766025566987,
    0.00027002566162678186,
    0.00026974990425024473,
    0.0002701854604045243,
    0.0002700635264732278,
    0.00026987779040538363,
    0.00026953359651606015,
    0.00026951604178314853,
    0.0002686724090496992,
    0.00026930396980082806,
    0.0002696211513023726,
    0.00026974030979647393,
    0.0002692589133651753,
    0.00026945131224813813,
    0.0002690862765281081,
    0.0002692723893107016,
    0.00026962593959100294,
    0.00026947960760252557,
    0.0002696112603601417,
    0.00026883207081053196,
    0.00026934869519403475,
    0.0002695058245946085,
    0.00026956228809675364,
    0.0002699998677847733,
    0.0002718953917601777,
    0.0002715702141174691,
    0.00027007161363198906,
    0.0002695825497039039,
    0.00026947491163952967,
    0.00026877975771081556,
    0.0002689726002364374,
    0.00026894191651489964,
    0.00026893060166503855,
    0.0002692511814475506,
    0.00026930648809968586,
    0.00026943346255281,
    0.0002691504708578468,
    0.00026926541921581503,
    0.000269390758404278,
    0.00026922078778328937,
    0.0002686392009251294,
    0.0002689375348078708,
    0.0002696114046802598,
    0.0002685998162483162,
    0.00026883501215046096,
    0.0002684709153832233,
    0.00026973792415440137,
    0.00026967920592291917,
    0.0002688583086222089,
    0.0002685896583574681,
    0.0002688538581342175,
    0.0002686158784016381,
    0.00026876790307755213,
    0.00026842407413064207,
    0.0002697231754885589,
    0.000269065219743268,
    0.0002693255464215013,
    0.00026903484232047024,
    0.00026897939178422933,
