{
  "times": {
    "training": 89.63975667953491,
    "evaluation": 0.23466706275939941
  },
  "metrics": {
    "mean_rank": {
      "best": 52.49301675977654,
      "worst": 52.49301675977654,
      "avg": 52.49301675977654
    },
    "mean_reciprocal_rank": {
      "best": 0.03680666028807304,
      "worst": 0.03680666028807304,
      "avg": 0.03680666028807304
    },
    "hits_at_k": {
      "best": {
        "1": 0.0,
        "3": 0.013500931098696461,
        "5": 0.027932960893854747,
        "10": 0.06936685288640596
      },
      "worst": {
        "1": 0.0,
        "3": 0.013500931098696461,
        "5": 0.027932960893854747,
        "10": 0.06936685288640596
      },
      "avg": {
        "1": 0.0,
        "3": 0.013500931098696461,
        "5": 0.027932960893854747,
        "10": 0.06936685288640596
      }
    },
    "adjusted_mean_rank": 1.0892102813202493
  },
  "losses": [
    9.339592638087183,
    2.20982266722547,
    0.23430558978771784,
    0.0077354026075857184,
    0.006157554933724555,
    0.0062633225282703,
    0.006281060135264075,
    0.006299041169747877,
    0.006288148953722378,
    0.006283425875112749,
    0.006292127439061578,
    0.0062995075330152155,
    0.006312840863232141,
    0.006288299432952194,
    0.006285847025166514,
    0.006306983133750071,
    0.006300576220437438,
    0.006298890762024102,
    0.006308721015683274,
    0.006282056388811449,
    0.0062987896821318605,
    0.006292341609244768,
    0.006300048023629724,
    0.006288979692586911,
    0.006286169437182307,
    0.006270472613452805,
    0.006296250576760327,
    0.006298058996786283,
    0.00631739797545004,
    0.0063001137402969015,
    0.006274281714934758,
    0.0063000362765825305,
    0.00628605008400865,
    0.006291575566778301,
    0.006300909176106087,
    0.00631238927119429,
    0.006291865179322185,
    0.0063220954418168425,
    0.006268677117707633,
    0.006300633711293898,
    0.006303782696043898,
    0.006302566620720069,
    0.006296569612295775,
    0.006307282729234811,
    0.006298439245852415,
    0.006283277247191759,
    0.0062882248565122095,
    0.00630532731807857,
    0.006298290088612321,
    0.0062863717129460995,
    0.006324085733096363,
    0.006287348522082641,
    0.006309037348813611,
    0.006293030355425642,
    0.006302433402350779,
    0.00628569545328952,
    0.006291482468529811,
    0.006311287486067648,
    0.006298929971750924,
    0.006281085554789403,
    0.0062816124444318175,
    0.006286748985791307,
    0.006299118546259761,
    0.006298753356191326,
    0.006288124940773186,
    0.0063005376481608056,
    0.006283484999271814,
    0.006277724873790804,
    0.006287027333517757,
    0.006281899399043859,
    0.006294906641660112,
    0.006305706225970432,
    0.00631144498160967,
    0.006279704824599266,
    0.006296565253915412,
    0.00629220147920626,
    0.006304348193715965,
    0.006285794588566273,
    0.0062934991228655816,
    0.006304371416610614,
    0.006297744008318315,
    0.0062895786699102944,
    0.00628871345379798,
    0.006277943188708262,
    0.006294815762714946,
    0.0063084580060024835,
    0.006303337625880143,
    0.006295445069935773,
    0.00628473812780493,
    0.0063022206901931915,
    0.006289025728524513,
    0.006305238133477752,
    0.006292346076628242,
    0.006306445567034994,
    0.006295841935436043,
    0.006290494024837285,
    0.006304694706755464,
    0.006283768055932631,
    0.006296779716226939,
    0.006286130174261968,
    0.006280204409398557,
    0.006304047530872769,
    0.006301330961461427,
    0.006272857408789213,
    0.006308891393648886,
    0.00630312851867342,
    0.006296185473126642,
    0.006312877149059532,
    0.00629120916459528,
    0.006267740610073066,
    0.006292470911350311,
    0.006295753147606546,
    0.0062820287151018,
    0.006289721489273542,
    0.006299949244139123,
    0.006283802467778548,
    0.0063137033281059525,
    0.00627967177747229,
    0.0062978759108020576,
    0.006301690308963147,
    0.00630699781254492,
    0.006300685911575395,
    0.006279644762141428,
    0.00627945608560568,
    0.006301390777136224,
    0.006299467459111736,
    0.006283582103602616,
    0.0062953680387457436,
    0.0062924307275716955,
    0.006312076656378052,
    0.006299242620576131,
    0.006295330759682013,
    0.006289649177482177,
    0.006287074890266755,
    0.006299201841204522,
    0.0062918686098680735,
    0.006317672749618522,
    0.006309044459304504,
    0.006284179084861044,
    0.006288947152106391,
    0.006297233857193522,
    0.006288201061569238,
    0.006292205402446206,
    0.00629930807127572,
    0.006270457874488239,
    0.006288921505854594,
    0.006296549813842841,
    0.006299471565476908,
    0.006296780728647827,
    0.00628221826715053
  ]
}