{
  "times": {
    "training": 4087.3966336250305,
    "evaluation": 11.624680280685425
  },
  "metrics": {
    "arithmetic_mean_rank": {
      "head": {
        "pessimistic": 470.953077600548,
        "optimistic": 470.94921225168804,
        "realistic": 470.951144926118
      },
      "tail": {
        "pessimistic": 291.23749877678836,
        "optimistic": 291.2354927096585,
        "realistic": 291.23649574322343
      },
      "both": {
        "pessimistic": 381.0952881886682,
        "optimistic": 381.09235248067324,
        "realistic": 381.09382033467074
      }
    },
    "geometric_mean_rank": {
      "head": {
        "pessimistic": 55.637843449618835,
        "optimistic": 55.63673826179666,
        "realistic": 55.63729699317828
      },
      "tail": {
        "pessimistic": 18.005999495741328,
        "optimistic": 18.005785412983045,
        "realistic": 18.00589513601583
      },
      "both": {
        "pessimistic": 31.651460963089406,
        "optimistic": 31.650958440783644,
        "realistic": 31.651213804695328
      }
    },
    "median_rank": {
      "head": {
        "pessimistic": 58.0,
        "optimistic": 58.0,
        "realistic": 58.0
      },
      "tail": {
        "pessimistic": 11.0,
        "optimistic": 11.0,
        "realistic": 11.0
      },
      "both": {
        "pessimistic": 27.0,
        "optimistic": 27.0,
        "realistic": 27.0
      }
    },
    "harmonic_mean_rank": {
      "head": {
        "pessimistic": 6.717521570933334,
        "optimistic": 6.717481698820278,
        "realistic": 6.717502384026135
      },
      "tail": {
        "pessimistic": 3.2031073463848054,
        "optimistic": 3.2030950853666917,
        "realistic": 3.20310167645467
      },
      "both": {
        "pessimistic": 4.337818271943121,
        "optimistic": 4.337798715459528,
        "realistic": 4.337809072247065
      }
    },
    "inverse_arithmetic_mean_rank": {
      "head": {
        "pessimistic": 0.0021233537852536934,
        "optimistic": 0.0021233712128295753,
        "realistic": 0.0021233624990058754
      },
      "tail": {
        "pessimistic": 0.0034336237750978104,
        "optimistic": 0.003433647426335259,
        "realistic": 0.003433635600675807
      },
      "both": {
        "pessimistic": 0.0026240156490859885,
        "optimistic": 0.002624035862936174,
        "realistic": 0.0026240257559721524
      }
    },
    "inverse_geometric_mean_rank": {
      "head": {
        "pessimistic": 0.017973378154124895,
        "optimistic": 0.017973735183657535,
        "realistic": 0.017973554684416294
      },
      "tail": {
        "pessimistic": 0.055537044763136534,
        "optimistic": 0.05553770507999898,
        "realistic": 0.055537366648313734
      },
      "both": {
        "pessimistic": 0.03159411823568453,
        "optimistic": 0.03159461985553828,
        "realistic": 0.031594364948230015
      }
    },
    "inverse_harmonic_mean_rank": {
      "head": {
        "pessimistic": 0.14886442707188208,
        "optimistic": 0.14886531066777892,
        "realistic": 0.14886485226681082
      },
      "tail": {
        "pessimistic": 0.31219684258432745,
        "optimistic": 0.3121980376319423,
        "realistic": 0.31219739521564077
      },
      "both": {
        "pessimistic": 0.23053063482810476,
        "optimistic": 0.23053167414986064,
        "realistic": 0.23053112374122578
      }
    },
    "inverse_median_rank": {
      "head": {
        "pessimistic": 0.017241379310344827,
        "optimistic": 0.017241379310344827,
        "realistic": 0.017241379310344827
      },
      "tail": {
        "pessimistic": 0.09090909090909091,
        "optimistic": 0.09090909090909091,
        "realistic": 0.09090909090909091
      },
      "both": {
        "pessimistic": 0.037037037037037035,
        "optimistic": 0.037037037037037035,
        "realistic": 0.037037037037037035
      }
    },
    "rank_std": {
      "head": {
        "pessimistic": 1124.2641018556428,
        "optimistic": 1124.2597069634542,
        "realistic": 1124.261903983592
      },
      "tail": {
        "pessimistic": 916.9429540145698,
        "optimistic": 916.9404149723831,
        "realistic": 916.9416842080913
      },
      "both": {
        "pessimistic": 1029.7822576336757,
        "optimistic": 1029.778647041949,
        "realistic": 1029.7804519781505
      }
    },
    "rank_var": {
      "head": {
        "pessimistic": 1263969.7707212751,
        "optimistic": 1263959.8887015518,
        "realistic": 1263964.8287488115
      },
      "tail": {
        "pessimistic": 840784.3809169654,
        "optimistic": 840779.7246097262,
        "realistic": 840782.052238371
      },
      "both": {
        "pessimistic": 1060451.49813711,
        "optimistic": 1060444.061903547,
        "realistic": 1060447.7792763237
      }
    },
    "hits_at_k": {
      "head": {
        "pessimistic": {
          "1": 0.08493981798610431,
          "3": 0.15808787552598103,
          "5": 0.20540170271063704,
          "10": 0.27571190918876604
        },
        "optimistic": {
          "1": 0.08493981798610431,
          "3": 0.15808787552598103,
          "5": 0.20540170271063704,
          "10": 0.27576083765534787
        },
        "realistic": {
          "1": 0.08493981798610431,
          "3": 0.15808787552598103,
          "5": 0.20540170271063704,
          "10": 0.27571190918876604
        }
      },
      "tail": {
        "pessimistic": {
          "1": 0.22614737254134457,
          "3": 0.34186319600743714,
          "5": 0.39999021430668363,
          "10": 0.48801252568744496
        },
        "optimistic": {
          "1": 0.22614737254134457,
          "3": 0.34186319600743714,
          "5": 0.39999021430668363,
          "10": 0.48801252568744496
        },
        "realistic": {
          "1": 0.22614737254134457,
          "3": 0.34186319600743714,
          "5": 0.39999021430668363,
          "10": 0.48801252568744496
        }
      },
      "both": {
        "pessimistic": {
          "1": 0.15554359526372444,
          "3": 0.24997553576670908,
          "5": 0.3026959585086603,
          "10": 0.3818622174381055
        },
        "optimistic": {
          "1": 0.15554359526372444,
          "3": 0.24997553576670908,
          "5": 0.3026959585086603,
          "10": 0.38188668167139644
        },
        "realistic": {
          "1": 0.15554359526372444,
          "3": 0.24997553576670908,
          "5": 0.3026959585086603,
          "10": 0.3818622174381055
        }
      }
    },
    "adjusted_arithmetic_mean_rank": {
      "head": {
        "realistic": 0.06692842876022642
      },
      "tail": {
        "realistic": 0.04025550633714031
      },
      "both": {
        "realistic": 0.05340688070106336
      }
    },
    "adjusted_arithmetic_mean_rank_index": {
      "head": {
        "realistic": 0.933204191981765
      },
      "tail": {
        "realistic": 0.9598771705151269
      },
      "both": {
        "realistic": 0.946725794427374
      }
    }
  },