{
  "times": {
    "training": 1122.9016737937927,
    "evaluation": 0.19426989555358887
  },
  "metrics": {
    "mean_rank": {
      "best": 10.371508379888269,
      "worst": 10.371508379888269,
      "avg": 10.371508379888269
    },
    "mean_reciprocal_rank": {
      "best": 0.23862218290236314,
      "worst": 0.23862218290236314,
      "avg": 0.23862218290236314
    },
    "hits_at_k": {
      "best": {
        "1": 0.06657355679702048,
        "3": 0.2611731843575419,
        "5": 0.4273743016759777,
        "10": 0.7048417132216015
      },
      "worst": {
        "1": 0.06657355679702048,
        "3": 0.2611731843575419,
        "5": 0.4273743016759777,
        "10": 0.7048417132216015
      },
      "avg": {
        "1": 0.06657355679702048,
        "3": 0.2611731843575419,
        "5": 0.4273743016759777,
        "10": 0.7048417132216015
      }
    },
    "adjusted_mean_rank": 0.21826613561754954
  },
  "losses": [
    0.008692836695898338,
    0.005877131041381787,
    0.0043469886618146625,
    0.0038002063088600387,
    0.0035324971296664064,
    0.0033735777894540755,
    0.003272207213168064,
    0.0031922573787474145,
    0.003139043516350373,
    0.0030848037936351495,
    0.0030494577396130854,
    0.00300477363264244,
    0.0029775816166759486,
    0.0029487041420781157,
    0.0029299002664411366,
    0.0029102797892070218,
    0.0028841583015072796,
    0.0028621936848078427,
    0.002841181144221208,
    0.0028265469717576905,
    0.002818330053186867,
    0.002802756301708143,
    0.002793430181439052,
    0.0027766711166222697,
    0.002763728199466498,
    0.002754601094787173,
    0.002742992151700386,
    0.002727026749212183,
    0.002713626252913722,
    0.0027153618707433202,
    0.0027044053832138803,
    0.002693524020846082,
    0.0026873176558159487,
    0.0026802995204245356,
    0.002673406256816249,
    0.002660393138714344,
    0.002659675237798561,
    0.0026516963792956095,
    0.002643020155299839,
    0.002640267086415011,
    0.002633953807210159,
    0.00262528710692514,
    0.0026261110482467096,
    0.0026139674034825968,
    0.002609259336127303,
    0.002604235516192238,
    0.0026012671777188483,
    0.0025889268585337737,
    0.0025850638180617102,
    0.002578879658600197,
    0.0025800952961675346,
    0.0025804930380528114,
    0.0025724945517957964,
    0.0025673144452722065,
    0.002569053984706705,
    0.0025558820328315936,
    0.0025473563079042045,
    0.0025467377865411455,
    0.0025465803258801194,
    0.002537092279419582,
    0.002541058639688801,
    0.0025341530857618186,
    0.002532102395204848,
    0.002532922637178859,
    0.002528653232566489,
    0.002515619897112697,
    0.002512052518966144,
    0.00251881420535597,
    0.0025084465236336773,
    0.0025118530800082974,
    0.002506269566271775,
    0.002507894013791209,
    0.002503393602920243,
    0.0025009994299372497,
    0.0024941830578860077,
    0.0024967078983475026,
    0.0024912788571697427,
    0.0024914578149881745,
    0.0024863524827452147,
    0.0024806056943397674,
    0.00248680468890659,
    0.002477725543415746,
    0.002476953885545047,
    0.002470606346117605,
    0.0024752656990018663,
    0.0024749156289728715,
    0.0024679450460793344,
    0.0024590051164179133,
    0.0024649099742667575,
    0.0024613092611160143,
    0.002453234502657627,
    0.0024549787370740936,
    0.002455935144425485,
    0.002450426080467333,
    0.002451514599697441,
    0.002450499336334636,
    0.0024517509472174463,
    0.0024488395228650602,
    0.0024452303921671283,
    0.002448079666434107,
    0.0024379964208069926,
    0.0024383822950876355,
    0.0024336489251673516,
    0.002433641217121408,
    0.0024385591532881563,
    0.0024327160887575396,
    0.002432096975289585,
    0.002422037469667874,
    0.002428164190594421,
    0.0024243076254521264,
    0.0024201911266968144,
    0.002423838328911089,
    0.002419419873227655,
    0.0024187691721843717,
    0.0024184152436632776,
    0.0024205754899763424,
    0.0024126829673869234,
    0.0024106609692826713,
    0.0024185742907555713,
    0.0024096580457259736,
    0.0024111555115980785,
    0.0024147629975480784,
    0.0024010810897727446,
    0.0024004468505971887,
    0.002399849132695741,
    0.0023983121716176694,
    0.0023986084728104093,
    0.002403390886282116,
    0.0023977423877252985,
    0.002402535966930611,
    0.002394157437950352,
    0.0023910015028350278,
    0.0023965209497754506,
    0.002394252271310353,
    0.0023902088943485184,
    0.0023842284983252473,
    0.002388400438569542,
    0.0023837959892439135,
    0.00238626082894333,
    0.002384690394318115,
    0.002381807191307004,
    0.002385093563904267,
    0.0023839633576336495,
    0.002383428527005645,
    0.002378643888235441,
    0.002379256956390897,
    0.0023709852535108433,
    0.002381595931179849,
    0.0023735693516602134,
    0.002372407453280284,
    0.0023739067804895006,
    0.002364259877147097,
    0.002371679223120764,
    0.002369529792423315,
    0.0023707056016711806,
    0.0023673463073011474,
    0.002369789765495458,
    0.0023683222986963554,
    0.0023643248626214106,
    0.0023637400816451087,
    0.0023608156944248367,
    0.0023625879738155458,
    0.002365822865769846,
    0.0023576800128504325,
    0.002360816568520778,
    0.0023582597003293953,
    0.0023509509045471985,
    0.002352152277204498,
    0.0023561287248395524,
    0.002358633184117485,
    0.0023561318350252994,
    0.0023518932836343034,
    0.0023504884115442956,
    0.00235375072050592,
    0.002353419376121248,
    0.002345573345429442,
    0.0023556426146777508,
    0.002347733876676637,
    0.002346486717480852,
    0.0023451608746078855,
    0.0023415005225853906,
    0.0023474208575678633,
    0.002341947680376714,
    0.0023450789685807564,
    0.002348048430222195,
    0.0023369390465369736,
    0.00233913003979338,
    0.002342294002442764,
    0.0023384640714474553,
    0.0023384406683706655,
    0.0023376796935678005,
    0.00233565243028631,
    0.002333841380342311,
    0.0023338003376191865,
    0.002340057191690988,
    0.0023314776563971595,
    0.002326065340656648,
    0.0023291646160642277,
    0.0023278497891545936,
    0.002332526229257427,
    0.0023334157343148096,
    0.002336593338267438,
    0.002330311725011151,
    0.002326927726176194,
    0.0023280603586380414,
    0.0023248797369343037,
    0.002322540037383671,
    0.0023252658517848115,
    0.002321148077475102,
    0.0023187980375624145,
    0.0023236956088960674,
    0.0023213286095164535,
    0.0023233405663631856,
    0.002323188238549622,
    0.0023165921531731006,
    0.00231953287854257,
    0.002317223693104635,
    0.0023239617377008603,
    0.002313575081589147,
    0.00231932524930902,
    0.0023148075445495854,
    0.002318679819765155,
    0.0023167157067816133,
    0.002322089616475236,
    0.0023133969165503366,
    0.002306821956848621,
    0.002313670730074407,
    0.002313592793940556,
    0.0023127547568817753,
    0.0023135039148754564,
    0.002312439992524202,
    0.002311120505731602,
    0.002307249255472278,
    0.0023062251085739878,
    0.0023023194288102427,
    0.0023074430907982285,
    0.0023060727183016414,
    0.0023054207954424947,
    0.002305516778022288,
    0.002305458966696684,
    0.002310302506714592,
    0.0023026103437232895,
    0.0023033450174926736,
    0.0023056220389468325,
    0.0022949243731986845,
    0.0022996680322495615,
    0.0022981782223199135,
    0.002298885120570743,
    0.002297402044199233,
    0.0022999011159984374,
    0.0022999490664666693
  ]
}