{
  "times": {
    "training": 38232.203620910645,
    "evaluation": 774.9618730545044
  },
  "metrics": {
    "mean_rank": {
      "avg": 3417.5219791248496,
      "best": 3417.5200722601367,
      "worst": 3417.5238859895626
    },
    "mean_reciprocal_rank": {
      "avg": 0.31237885650721775,
      "best": 0.31237885657819464,
      "worst": 0.3123788564363011
    },
    "hits_at_k": {
      "avg": {
        "1": 0.2206945002007226,
        "3": 0.35317141710156563,
        "5": 0.41700120433560817,
        "10": 0.49779205138498595
      },
      "best": {
        "1": 0.2206945002007226,
        "3": 0.35317141710156563,
        "5": 0.41700120433560817,
        "10": 0.49779205138498595
      },
      "worst": {
        "1": 0.2206945002007226,
        "3": 0.35317141710156563,
        "5": 0.41700120433560817,
        "10": 0.49779205138498595
      }
    },
    "adjusted_mean_rank": 0.06415270555254221
  },
  "losses": [
    0.0005772536974818714,
    0.00024311545912647555,
    7.650532915964938e-05,
    4.7814699182935425e-05,
    4.001409688169767e-05,
    3.639298460948145e-05,
    3.420747698188087e-05,
    3.280283301339947e-05,
    3.198529906772174e-05,
    3.1291076295881616e-05,
    3.075224717036142e-05,
    3.0400014519315716e-05,
    3.010671270833937e-05,
    2.987533078044153e-05,
    2.9617214410469303e-05,
    2.9351882520073507e-05,
    2.916080489337703e-05,
    2.9107655578923753e-05,
    2.8872310442105573e-05,
    2.8765053567268378e-05,
    2.8677180930067545e-05,
    2.85205788436936e-05,
    2.8398643841804867e-05,
    2.8295594334959783e-05,
    2.8243842615930792e-05,
    2.8040914465310614e-05,
    2.7943870779556537e-05,
    2.7986832887203846e-05,
    2.7904038238177262e-05,
    2.771179726072234e-05,
    2.769219410911718e-05,
    2.7670351564270095e-05,
    2.760621012027971e-05,
    2.748398076518793e-05,
    2.7401761531837757e-05,
    2.7367862983052366e-05,
    2.736395456261072e-05,
    2.731502986658977e-05,
    2.731283341618485e-05,
    2.7194921699683154e-05,
    2.7099948711828663e-05,
    2.7137948592966795e-05,
    2.7113334815443815e-05,
    2.7091316123370863e-05,
    2.710051312108178e-05,
    2.7071076921170563e-05,
    2.7006141688444264e-05,
    2.6951958932912287e-05,
    2.699016247476207e-05,
    2.6962773735597833e-05,
    2.6866487609394214e-05,
    2.684317158410226e-05,
    2.681803655263104e-05,
    2.6857640951355264e-05,
    2.6825168896996132e-05,
    2.681060435359094e-05,
    2.6830496365281765e-05,
    2.6771789832458495e-05,
    2.6744808356437885e-05,
    2.6671216487055424e-05,
    2.6652974127508605e-05,
    2.6615275781200057e-05,
    2.65665501528616e-05,
    2.6538440360519058e-05,
    2.6590697482341873e-05,
    2.657018574841901e-05,
    2.653346506469433e-05,
    2.6522730227887433e-05,
    2.6461624204511002e-05,
    2.6511629363386924e-05,
    2.6422629331356324e-05,
    2.6441425047093377e-05,
    2.649837623941757e-05,
    2.6518571226036998e-05,
    2.644803159939894e-05,
    2.6407038304673794e-05,
    2.640524066045278e-05,
    2.6355064577931623e-05,
    2.6386015966514563e-05,
    2.639304179823769e-05,
    2.6365847419733146e-05,
    2.6425466300929305e-05,
    2.639694733593097e-05,
    2.631581519356531e-05,
    2.6354912862309773e-05,
    2.63613984566522e-05,
    2.63207660567712e-05,
    2.6298957458337635e-05,
    2.6369361895402064e-05,
    2.6319990515378767e-05,
    2.6286344003461725e-05,
    2.6255531108298283e-05,
    2.6276831103716762e-05,
    2.6257148787522863e-05,
    2.6268459301364523e-05,
    2.6242727527556933e-05,
    2.6268408123282426e-05,
    2.6299859890300244e-05,
    2.6207644588692662e-05,
    2.618258372442699e-05,
    2.624041878067785e-05,
    2.6266067097382445e-05,
    2.628429110871316e-05,
    2.62738336899444e-05,
    2.6200906299602758e-05,
    2.6205960353046338e-05,
    2.6213055857211896e-05,
    2.6195030354796617e-05,
    2.6201837255999217e-05,
    2.6184051569712932e-05,
    2.6176959500467734e-05,
    2.6196700822079136e-05,
    2.621466748634356e-05,
    2.6185305038561038e-05,
    2.613758389013904e-05,
    2.617940460637433e-05,
    2.615572648319792e-05,
    2.617616968319876e-05,
    2.6155333857625742e-05,
    2.6184569538732343e-05,
    2.616263717192081e-05,
    2.614081915536297e-05,
    2.6177055394688253e-05,
    2.6190168939281843e-05,
    2.612510258570303e-05,
    2.6111321545031677e-05,
    2.605226159272056e-05,
    2.6108769440525832e-05,
    2.6098219583660252e-05,
    2.6124088483861276e-05,
    2.61012099205888e-05,
    2.6105240303241646e-05,
    2.6103334630978974e-05,
    2.606308905851331e-05,
    2.607576481372614e-05,
    2.610759910073418e-05,
    2.605042119943168e-05,
    2.6018340939451324e-05,
    2.6066987539517362e-05,
    2.6100499314529604e-05,
    2.606300208223291e-05,
    2.6075262129996044e-05,
    2.6037205480164888e-05,
    2.6071898718027286e-05,
    2.6022363301880434e-05,
    2.602933069872575e-05,
    2.5990925395865643e-05,
    2.6039320749820695e-05,
    2.6065756634851492e-05,
    2.5989016002351592e-05,
    2.601392327886449e-05,
    2.6071031930558175e-05,
    2.609999193460974e-05,
    2.6046639087757196e-05,
    2.5994745085389225e-05,
    2.600137645325233e-05,
    2.6019827414085546e-05,
    2.5988309487882363e-05,
    2.5979928836941673e-05,
    2.6002031695070694e-05,
    2.598730401440127e-05,
    2.60440539424551e-05,
    2.604423531323568e-05,
    2.6012934948639553e-05,
    2.6022061813360033e-05,
    2.595862153996223e-05,
    2.5966545448004348e-05,
    2.6012887702897346e-05,
    2.596797993008064e-05,
    2.599283819805296e-05,
    2.6015051018457516e-05,
    2.6018964727344838e-05,
    2.5993136602344192e-05,
    2.5964924999984795e-05,
    2.598226179688526e-05,
    2.598676997209433e-05,
    2.597393909781684e-05,
    2.6019512711295924e-05,
    2.6010831825387308e-05,
    2.5941803213240322e-05,
    2.5935390574778538e-05,
    2.5930019603816502e-05,
    2.5916770671150788e-05,
    2.5996356474973793e-05,
    2.5984341689034638e-05,
    2.597278041359291e-05,
    2.5934033814189648e-05,
    2.5896875945146255e-05,
    2.59169977259569e-05,
    2.6005362704957278e-05,
    2.5905463777744358e-05,
    2.5970392312599823e-05,
    2.590594871205412e-05,
    2.5917135824344142e-05,
    2.5969318117746814e-05,
    2.5976829544550524e-05,
    2.5900659072458558e-05,
    2.597190943967343e-05,
    2.59105053154741e-05,
    2.5930198366709483e-05,
    2.587592738445989e-05,
    2.598224218666097e-05,
    2.5854493518491336e-05,
    2.5930676268788748e-05,
    2.5926815220984826e-05,
    2.594813883892672e-05,
    2.5889085266225662e-05,
    2.5910894958880714e-05,
    2.593193983236723e-05,
    2.592517206318457e-05,
    2.5920478547398766e-05,
    2.5987725264213683e-05,
    2.5879042677648034e-05,
    2.5867483254211084e-05,
    2.5879092689275194e-05,
    2.587126226286621e-05,
    2.590627052857678e-05,
    2.584508770620477e-05,
    2.593271962715867e-05,
    2.5890489605777705e-05
  ]
}