{
  "times": {
    "training": 293.62367057800293,
    "evaluation": 0.11354637145996094
  },
  "metrics": {
    "mean_rank": {
      "best": 10.719739292364991,
      "worst": 10.719739292364991,
      "avg": 10.719739292364991
    },
    "mean_reciprocal_rank": {
      "best": 0.18756354893564903,
      "worst": 0.18756354893564903,
      "avg": 0.18756354893564903
    },
    "hits_at_k": {
      "best": {
        "1": 0.04888268156424581,
        "3": 0.16247672253258846,
        "5": 0.2811918063314711,
        "10": 0.5567970204841713
      },
      "worst": {
        "1": 0.04888268156424581,
        "3": 0.16247672253258846,
        "5": 0.2811918063314711,
        "10": 0.5567970204841713
      },
      "avg": {
        "1": 0.04888268156424581,
        "3": 0.16247672253258846,
        "5": 0.2811918063314711,
        "10": 0.5567970204841713
      }
    },
    "adjusted_mean_rank": 0.22040089698043588
  },
  "losses": [
    0.005435543033653654,
    0.005435369793702377,
    0.0054353510137745056,
    0.005435428048452634,
    0.005435175551903829,
    0.005435443779781516,
    0.00543491794180111,
    0.005434961748843113,
    0.005434933861487367,
    0.005435031315500147,
    0.0054345333997564815,
    0.005434435841100716,
    0.005434778553855777,
    0.005434294855605797,
    0.005434375626038523,
    0.0054345529156733545,
    0.005434129010425524,
    0.0054335824426696095,
    0.005433858037413506,
    0.005433577970926012,
    0.0054334547538101,
    0.005433995234832335,
    0.00543289299886883,
    0.005433280638345842,
    0.005432867009039229,
    0.005432407741438361,
    0.0054324773813454845,
    0.005432400423405545,
    0.005432426720187905,
    0.005432346657839384,
    0.005431625168868219,
    0.0054315415277295795,
    0.005431224755970726,
    0.005431124291728052,
    0.005430875597207734,
    0.005430937587712588,
    0.005430473991380202,
    0.0054302633834186565,
    0.005430559683521365,
    0.00542972121066815,
    0.005429411104667499,
    0.005429276111727574,
    0.005428537600830699,
    0.005428243944707435,
    0.005427431433779024,
    0.005426786163270697,
    0.005426394285752756,
    0.005425907123819942,
    0.005424849832018886,
    0.005423129497842395,
    0.0054223426907194245,
    0.005420751740618815,
    0.0054190229478009635,
    0.005416419357061386,
    0.005412716272004535,
    0.005409560127930248,
    0.00540276864118009,
    0.0053952732315280015,
    0.0053832032211989945,
    0.005365555171160662,
    0.005338460475569138,
    0.0052981380589501685,
    0.005244571010997233,
    0.005180735102669799,
    0.0051186540851209045,
    0.005071281057813864,
    0.005036181958622477,
    0.005013069507669421,
    0.004994174409727479,
    0.004976345662181074,
    0.004956655040355434,
    0.004931539740092522,
    0.004894012836425492,
    0.004839911858101239,
    0.0047618154094516115,
    0.004651175874672579,
    0.004534781125656674,
    0.004425957938481806,
    0.004328522621915581,
    0.004245787443879169,
    0.004189554873979494,
    0.004123180902350261,
    0.004064418661516258,
    0.004015173313071888,
    0.00396031267201521,
    0.003917972250293927,
    0.0038645640451614553,
    0.003830514147124264,
    0.0037905112107734333,
    0.003737389628011524,
    0.0036991295624482497,
    0.003671824415859658,
    0.00363902754956082,
    0.0036136299713553114,
    0.0035949613557158784,
    0.0035602104909411084,
    0.003537188939861814,
    0.0035103494004949873,
    0.0034965296495663985,
    0.0034600189217272098,
    0.003449914703138647,
    0.0034064052221871046,
    0.003397634467423967,
    0.0033649379223557223,
    0.00336003519092383,
    0.0033531562226374496,
    0.0033342426447441962,
    0.0033204610606006693,
    0.0033106102820918354,
    0.003292469379286306,
    0.0032888274266618246,
    0.003273637660112832,
    0.003271753971259134,
    0.0032583275611062397,
    0.0032391676518801,
    0.003241198112985838,
    0.0032302533513569875,
    0.0032308640914240133,
    0.00320598403731368,
    0.003174029217426027,
    0.003185932454740287,
    0.0031804221800845883,
    0.003187267216138737,
    0.0031604226277478402,
    0.0031426820000598718,
    0.003159407318712732,
    0.0031555633231551013,
    0.003129134305198206,
    0.003128981107866831,
    0.0031224587733407368,
    0.003105584629689263,
    0.0030992665251347233,
    0.0030881537225669465,
    0.0031073836519030598,
    0.0030752703170762972,
    0.0031002986729703145,
    0.0030970479595415603,
    0.0030835742001815904,
    0.003083103346858132,
    0.0030718319578452056,
    0.0030727409251899308,
    0.0030684760101976688,
    0.0030608875764192045,
    0.003047820700381356,
    0.0030239463787288703,
    0.0030556763382802964,
    0.0030391778019065044,
    0.0030420794734236007,
    0.0030332955824776313,
    0.003026632211879175,
    0.0030221786587202593,
    0.003025270553745246,
    0.0030186233156071175,
    0.0030081922306996606,
    0.002997808496743329,
    0.003018322010081582,
    0.003005013403514128,
    0.0029866652517869007,
    0.003012591292767712,
    0.002986994856263926,
    0.002981775768157025,
    0.002999068061692103,
    0.002979240387203765,
    0.0029922827732948103,
    0.0029718233708445722,
    0.002982158206877637,
    0.002974554369651646,
    0.002985562619924099,
    0.0029725042897300997,
    0.002982058452463217,
    0.002985639495893699,
    0.0029601024582368157,
    0.0029601759594701203,
    0.0029642973164940595,
    0.0029621876162312898,
    0.0029657187240288946,
    0.0029578371939671397,
    0.002943237263304687,
    0.002967450331743067,
    0.0029462461450489494,
    0.002937924207540487,
    0.002962954921389787,
    0.002939340616628695,
    0.0029532278291462513,
    0.00293479168836432,
    0.0029286426275773217,
    0.002934683208468925,
    0.0029373418082821456,
    0.002909406581858682,
    0.0029391706502588278,
    0.002924081262494071,
    0.0028983720156193224,
    0.0029317768280174624,
    0.002894062545387709,
    0.002908268413237865,
    0.0029247874003392035,
    0.0029124902467128266,
    0.0029372339388041686,
    0.002918608162259118,
    0.0029234060780441717,
    0.0029042906542953925,
    0.0029017294282686623,
    0.002887545603463489,
    0.0028995489265616244,
    0.002900496395548966,
    0.0029112278720998808,
    0.0028736897890738558,
    0.0028878733034381704,
    0.002917437856033277,
    0.002891490420793996,
    0.002894106643686022,
    0.0028915248518244603,
    0.002880231315123566,
    0.0029012707239958677,
    0.002887801392778252,
    0.0028679652840652493,
    0.0028992169275042718,
    0.002890979548504625,
    0.002898751496431533,
    0.002869162605621953,
    0.0028868558753825974,
    0.002883662876048673,
    0.002887912727683113,
    0.00288267619907856,
    0.0028653818074516144,
    0.002870032438233997,
    0.0028876317089444464,
    0.0028694858983828783,
    0.002877831045705616,
    0.002877241785355498,
    0.002865606758478429,
    0.0028746957970915664,
    0.0028777751837916364,
    0.002877365503013692,
    0.002874786210375444,
    0.002879499067109399,
    0.0028539895802066565,
    0.002859041513351912,
    0.002878120278918676,
    0.0028641733728098067,
    0.002843633130164852,
    0.002849705700417248,
    0.0028662727151610207,
    0.002861415097064405,
    0.0028611199009451974,
    0.0028810397850886713,
    0.0028338090844508192,
    0.0028585199709660774,
    0.00286579534257954,
    0.0028513995477099543,
    0.002846600344816174,
    0.0028481694349970265,
    0.0028469747521876173,
    0.0028737891720056756,
    0.0028684614627353484,
    0.0028444945023914847,
    0.002858446825518925,
    0.002867765626992179,
    0.0028646825830197513,
    0.0028418872526355006,
    0.0028339624108418768,
    0.0028648281728060505,
    0.0028331885166633665,
    0.002838681310708268,
    0.0028866684737472274,
    0.0028601369492653825,
    0.0028423455993780928,
