{
  "times": {
    "training": 4387.837455034256,
    "evaluation": 8.94480037689209
  },
  "metrics": {
    "arithmetic_mean_rank": {
      "head": {
        "optimistic": 899.9359037087778,
        "realistic": 899.9388883452392,
        "pessimistic": 899.9418729817007
      },
      "both": {
        "optimistic": 759.3395635580781,
        "realistic": 759.342083374107,
        "pessimistic": 759.344603190136
      },
      "tail": {
        "optimistic": 618.7432234073784,
        "realistic": 618.7452784029748,
        "pessimistic": 618.7473333985713
      }
    },
    "geometric_mean_rank": {
      "head": {
        "optimistic": 182.5055079557127,
        "realistic": 182.5068832881621,
        "pessimistic": 182.50821589436703
      },
      "both": {
        "optimistic": 94.08260784242133,
        "realistic": 94.08437794476173,
        "pessimistic": 94.08583841524016
      },
      "tail": {
        "optimistic": 48.500109380692194,
        "realistic": 48.5015688930289,
        "pessimistic": 48.50272053189189
      }
    },
    "median_rank": {
      "head": {
        "optimistic": 252.0,
        "realistic": 252.0,
        "pessimistic": 252.0
      },
      "both": {
        "optimistic": 126.5,
        "realistic": 126.5,
        "pessimistic": 126.5
      },
      "tail": {
        "optimistic": 44.0,
        "realistic": 44.0,
        "pessimistic": 44.0
      }
    },
    "harmonic_mean_rank": {
      "head": {
        "optimistic": 15.459609390545854,
        "realistic": 15.45972857550519,
        "pessimistic": 15.459833717298663
      },
      "both": {
        "optimistic": 7.386526220800904,
        "realistic": 7.387019411689772,
        "pessimistic": 7.387283402173504
      },
      "tail": {
        "optimistic": 4.852517825320864,
        "realistic": 4.852931785128732,
        "pessimistic": 4.853149296850037
      }
    },
    "inverse_arithmetic_mean_rank": {
      "head": {
        "optimistic": 0.0011111902479708192,
        "realistic": 0.0011111865627217732,
        "pessimistic": 0.0011111828774971713
      },
      "both": {
        "optimistic": 0.0013169338830631271,
        "realistic": 0.001316929512923265,
        "pessimistic": 0.0013169251428124065
      },
      "tail": {
        "optimistic": 0.0016161793166688202,
        "realistic": 0.0016161739489650257,
        "pessimistic": 0.0016161685812968855
      }
    },
    "inverse_geometric_mean_rank": {
      "head": {
        "optimistic": 0.0054792866867484505,
        "realistic": 0.0054792453960275525,
        "pessimistic": 0.005479205388642804
      },
      "both": {
        "optimistic": 0.010628957072224198,
        "realistic": 0.010628757099155338,
        "pessimistic": 0.010628592111669152
      },
      "tail": {
        "optimistic": 0.02061851020068211,
        "realistic": 0.020617889747144433,
        "pessimistic": 0.02061740020010779
      }
    },
    "inverse_harmonic_mean_rank": {
      "head": {
        "optimistic": 0.06468468735125601,
        "realistic": 0.06468418867226601,
        "pessimistic": 0.06468374875733997
      },
      "both": {
        "optimistic": 0.13538163544101958,
        "realistic": 0.1353725967495801,
        "pessimistic": 0.13536775910150917
      },
      "tail": {
        "optimistic": 0.20607858353078318,
        "realistic": 0.20606100482689424,
        "pessimistic": 0.20605176944567838
      }
    },
    "inverse_median_rank": {
      "head": {
        "optimistic": 0.003968253968253968,
        "realistic": 0.003968253968253968,
        "pessimistic": 0.003968253968253968
      },
      "both": {
        "optimistic": 0.007905138339920948,
        "realistic": 0.007905138339920948,
        "pessimistic": 0.007905138339920948
      },
      "tail": {
        "optimistic": 0.022727272727272728,
        "realistic": 0.022727272727272728,
        "pessimistic": 0.022727272727272728
      }
    },
    "rank_std": {
      "head": {
        "optimistic": 1602.0544958257053,
        "realistic": 1602.0579979537847,
        "pessimistic": 1602.0615010306879
      },
      "both": {
        "optimistic": 1602.963719870571,
        "realistic": 1602.9670457449536,
        "pessimistic": 1602.9703724402432
      },
      "tail": {
        "optimistic": 1591.4999544830973,
        "realistic": 1591.5030466652393,
        "pessimistic": 1591.5061395458204
      }
    },
    "rank_var": {
      "head": {
        "optimistic": 2566578.607595355,
        "realistic": 2566589.828807689,
        "pessimistic": 2566601.0530847004
      },
      "both": {
        "optimistic": 2569492.6872212985,
        "realistic": 2569503.349744304,
        "pessimistic": 2569514.014921212
      },
      "tail": {
        "optimistic": 2532872.1051197005,
        "realistic": 2532881.9475447387,
        "pessimistic": 2532891.79221204
      }
    },
    "hits_at_k": {
      "head": {
        "optimistic": {
          "1": 0.03273314414326255,
          "3": 0.0611116547607398,
          "5": 0.08097661219297388,
          "10": 0.12437616205108132
        },
        "realistic": {
          "1": 0.03273314414326255,
          "3": 0.0611116547607398,
          "5": 0.08097661219297388,
          "10": 0.12437616205108132
        },
        "pessimistic": {
          "1": 0.03273314414326255,
          "3": 0.0611116547607398,
          "5": 0.08097661219297388,
          "10": 0.12437616205108132
        }
      },
      "both": {
        "optimistic": {
          "1": 0.08917213034543497,
          "3": 0.13430864076719837,
          "5": 0.17369605636559352,
          "10": 0.23108914766611213
        },
        "realistic": {
          "1": 0.08914766611214404,
          "3": 0.13430864076719837,
          "5": 0.17367159213230257,
          "10": 0.23108914766611213
        },
        "pessimistic": {
          "1": 0.08914766611214404,
          "3": 0.13430864076719837,
          "5": 0.17367159213230257,
          "10": 0.23108914766611213
        }
      },
      "tail": {
        "optimistic": {
          "1": 0.1456111165476074,
          "3": 0.20750562677365691,
          "5": 0.2664155005382131,
          "10": 0.33780213328114295
        },
        "realistic": {
          "1": 0.14556218808102553,
          "3": 0.20750562677365691,
          "5": 0.2663665720716313,
          "10": 0.33780213328114295
        },
        "pessimistic": {
          "1": 0.14556218808102553,
          "3": 0.20750562677365691,
          "5": 0.2663665720716313,
          "10": 0.33780213328114295
        }
      }
    },
    "adjusted_arithmetic_mean_rank": {
      "head": {
        "realistic": 0.12789329939227714
      },
      "both": {
        "realistic": 0.10641498207040949
      },
      "tail": {
        "realistic": 0.08552466754643048
      }
    },
    "adjusted_arithmetic_mean_rank_index": {
      "head": {
        "realistic": 0.8722306561983713
      },
      "both": {
        "realistic": 0.8937102634068779
      },
      "tail": {
        "realistic": 0.9146017512133406
      }
    }
  },