{
  "times": {
    "training": 9952.295044898987,
    "evaluation": 9.358078241348267
  },
  "metrics": {
    "arithmetic_mean_rank": {
      "tail": {
        "optimistic": 601.4461297582934,
        "pessimistic": 601.4463254721597,
        "realistic": 601.4462276152266
      },
      "both": {
        "optimistic": 699.6884969175067,
        "pessimistic": 699.6888149525394,
        "realistic": 699.688655935023
      },
      "head": {
        "optimistic": 797.9308640767198,
        "pessimistic": 797.9313044329191,
        "realistic": 797.9310842548194
      }
    },
    "geometric_mean_rank": {
      "tail": {
        "optimistic": 20.664164506325697,
        "pessimistic": 20.664166269708897,
        "realistic": 20.664165388139324
      },
      "both": {
        "optimistic": 37.61886788539953,
        "pessimistic": 37.618884181243416,
        "realistic": 37.61887604460227
      },
      "head": {
        "optimistic": 68.48470551741545,
        "pessimistic": 68.48475900604247,
        "realistic": 68.48473230239567
      }
    },
    "median_rank": {
      "tail": {
        "optimistic": 11.0,
        "pessimistic": 11.0,
        "realistic": 11.0
      },
      "both": {
        "optimistic": 30.0,
        "pessimistic": 30.0,
        "realistic": 30.0
      },
      "head": {
        "optimistic": 68.0,
        "pessimistic": 68.0,
        "realistic": 68.0
      }
    },
    "harmonic_mean_rank": {
      "tail": {
        "optimistic": 3.125009451328582,
        "pessimistic": 3.125009451789998,
        "realistic": 3.125009451559368
      },
      "both": {
        "optimistic": 4.322288175122864,
        "pessimistic": 4.322288219944625,
        "realistic": 4.322288197617303
      },
      "head": {
        "optimistic": 7.0067832637089,
        "pessimistic": 7.006783496964033,
        "realistic": 7.006783380775246
      }
    },
    "inverse_arithmetic_mean_rank": {
      "tail": {
        "optimistic": 0.0016626592981849857,
        "pessimistic": 0.0016626587571467154,
        "realistic": 0.0016626590276658066
      },
      "both": {
        "optimistic": 0.0014292074321723487,
        "pessimistic": 0.0014292067825435097,
        "realistic": 0.0014292071073578555
      },
      "head": {
        "optimistic": 0.0012532414085236483,
        "pessimistic": 0.001253240716894406,
        "realistic": 0.0012532410627089316
      }
    },
    "inverse_geometric_mean_rank": {
      "tail": {
        "optimistic": 0.04839295581942744,
        "pessimistic": 0.04839295168979916,
        "realistic": 0.048392953754327436
      },
      "both": {
        "optimistic": 0.02658240548456578,
        "pessimistic": 0.026582393969531794,
        "realistic": 0.02658239971907626
      },
      "head": {
        "optimistic": 0.014601800393895293,
        "pessimistic": 0.014601788989456313,
        "realistic": 0.014601794683002928
      }
    },
    "inverse_harmonic_mean_rank": {
      "tail": {
        "optimistic": 0.3199990321868803,
        "pessimistic": 0.3199990321396316,
        "realistic": 0.31999903216324793
      },
      "both": {
        "optimistic": 0.2313589375543139,
        "pessimistic": 0.23135893515514142,
        "realistic": 0.23135893635025498
      },
      "head": {
        "optimistic": 0.14271884292174755,
        "pessimistic": 0.14271883817065129,
        "realistic": 0.142718840537262
      }
    },
    "inverse_median_rank": {
      "tail": {
        "optimistic": 0.09090909090909091,
        "pessimistic": 0.09090909090909091,
        "realistic": 0.09090909090909091
      },
      "both": {
        "optimistic": 0.03333333333333333,
        "pessimistic": 0.03333333333333333,
        "realistic": 0.03333333333333333
      },
      "head": {
        "optimistic": 0.014705882352941176,
        "pessimistic": 0.014705882352941176,
        "realistic": 0.014705882352941176
      }
    },
    "rank_std": {
      "tail": {
        "optimistic": 1858.1130033641155,
        "pessimistic": 1858.1132316448357,
        "realistic": 1858.1131174913155
      },
      "both": {
        "optimistic": 1931.0703578951714,
        "pessimistic": 1931.0707310852215,
        "realistic": 1931.0705444696255
      },
      "head": {
        "optimistic": 1996.5416087830142,
        "pessimistic": 1996.5421061965624,
        "realistic": 1996.5418574622458
      }
    },
    "rank_var": {
      "tail": {
        "optimistic": 3452583.933270813,
        "pessimistic": 3452584.7816136144,
        "realistic": 3452584.357393295
      },
      "both": {
        "optimistic": 3729032.727141385,
        "pessimistic": 3729034.1684540114,
        "realistic": 3729033.4477182156
      },
      "head": {
        "optimistic": 3986178.3956018663,
        "pessimistic": 3986180.381815805,
        "realistic": 3986179.388598795
      }
    },
    "hits_at_k": {
      "tail": {
        "optimistic": {
          "1": 0.23182307466484,
          "3": 0.36089636950777965,
          "5": 0.42425873373128486,
          "10": 0.4959878657402877
        },
        "pessimistic": {
          "1": 0.23182307466484,
          "3": 0.36089636950777965,
          "5": 0.42425873373128486,
          "10": 0.4959878657402877
        },
        "realistic": {
          "1": 0.23182307466484,
          "3": 0.36089636950777965,
          "5": 0.42425873373128486,
          "10": 0.4959878657402877
        }
      },
      "both": {
        "optimistic": {
          "1": 0.15652216459536158,
          "3": 0.25601820138956843,
          "5": 0.3107446912613759,
          "10": 0.3814707897054506
        },
        "pessimistic": {
          "1": 0.15652216459536158,
          "3": 0.25601820138956843,
          "5": 0.3107446912613759,
          "10": 0.3814707897054506
        },
        "realistic": {
          "1": 0.15652216459536158,
          "3": 0.25601820138956843,
          "5": 0.3107446912613759,
          "10": 0.3814707897054506
        }
      },
      "head": {
        "optimistic": {
          "1": 0.08122125452588316,
          "3": 0.15114003327135728,
          "5": 0.19723064879146687,
          "10": 0.26695371367061355
        },
        "pessimistic": {
          "1": 0.08122125452588316,
          "3": 0.15114003327135728,
          "5": 0.19723064879146687,
          "10": 0.26695371367061355
        },
        "realistic": {
          "1": 0.08122125452588316,
          "3": 0.15114003327135728,
          "5": 0.19723064879146687,
          "10": 0.26695371367061355
        }
      }
    },
    "adjusted_arithmetic_mean_rank": {
      "tail": {
        "realistic": 0.08313354535264232
      },
      "both": {
        "realistic": 0.09805508927589793
      },
      "head": {
        "realistic": 0.11339663212093239
      }
    },
    "adjusted_arithmetic_mean_rank_index": {
      "tail": {
        "realistic": 0.9169932039602793
      },
      "both": {
        "realistic": 0.9020713279295878
      },
      "head": {
        "realistic": 0.8867293839319883
      }
    }
  },