{
  "times": {
    "training": 925.7551002502441,
    "evaluation": 9.841476440429688
  },
  "metrics": {
    "mean_rank": {
      "best": 7169.80546041687,
      "avg": 7169.805521577454,
      "worst": 7169.805582738037
    },
    "mean_reciprocal_rank": {
      "best": 0.0006557773582789884,
      "avg": 0.0006557773512465623,
      "worst": 0.0006557773442185569
    },
    "hits_at_k": {
      "best": {
        "1": 4.892846658185733e-05,
        "3": 0.0001957138663274293,
        "5": 0.00034249926607300127,
        "10": 0.0006605342988550739
      },
      "avg": {
        "1": 4.892846658185733e-05,
        "3": 0.0001957138663274293,
        "5": 0.00034249926607300127,
        "10": 0.0006605342988550739
      },
      "worst": {
        "1": 4.892846658185733e-05,
        "3": 0.0001957138663274293,
        "5": 0.00034249926607300127,
        "10": 0.0006605342988550739
      }
    },
    "adjusted_mean_rank": 1.0034872411196571
  },
  "losses": [
    0.009563440798425167,
    0.009534961941631106,
    0.00953413936489593,
    0.0095168745233195,
    0.0095084436326661,
    0.009497148400137373,
    0.009490377452677841,
    0.009482692887571325,
    0.009465591579332326,
    0.009464491900304597,
    0.009450351542027098,
    0.009437955703484416,
    0.009429856351469671,
    0.009420648097878041,
    0.00940672304047496,
    0.009396032439530593,
    0.009394678901207083,
    0.009378485270192945,
    0.009370440466673865,
    0.009352032826315368,
    0.009346557674173497,
    0.009339375984199325,
    0.009316562576326189,
    0.00930754604942053,
    0.009306582956293235,
    0.00929117058716695,
    0.009277526182291003,
    0.009267450457092569,
    0.00926204433651092,
    0.00924229531203772,
    0.009242590694708916,
    0.009225309596702974,
    0.00921444076206684,
    0.009206260492390612,
    0.009194476748635189,
    0.009187228981540823,
    0.009177853434096755,
    0.009157747709179211,
    0.009147843211829577,
    0.009143327108421414,
    0.009143160100199893,
    0.00912519346346213,
    0.009107898946060134,
    0.0090977098429113,
    0.009090130547692301,
    0.00907699179014569,
    0.009061378785452585,
    0.009051985337886983,
    0.009042847838402758,
    0.009035023093352806,
    0.009017021467703968,
    0.009004766727329262,
    0.0089980845304772,
    0.008989848804594788,
    0.008977597123800328,
    0.008963425559907139,
    0.008956945838575653,
    0.008938980947165453,
    0.00892543484488547,
    0.008923331443046854,
    0.008901536602030568,
    0.008898779070346903,
    0.008889380243106988,
    0.008875714209136562,
    0.008858711667862808,
    0.008851237083535853,
    0.008846581271562884,
    0.00882400243150849,
    0.008818032608675684,
    0.008799810535538922,
    0.0087941667455022,
    0.00878010951283069,
    0.008762647450992077,
    0.008757164786581872,
    0.00874330462522391,
    0.008734780487466528,
    0.008725891341435515,
    0.008712212278840167,
    0.00869794943922202,
    0.008685821334978774,
    0.008688044964652768,
    0.008668476826909416,
    0.008660825889148197,
    0.008642744169436223,
    0.008632690681393173,
    0.008616795750224003,
    0.008611515631427853,
    0.008591067887144595,
    0.008577312443688022,
    0.008568692086863262,
    0.008561363277691494,
    0.00854352757031062,
    0.008534804824440223,
    0.00851528029360087,
    0.008513127312894067,
    0.008499550339694744,
    0.008487384023992843,
    0.008475853995841574,
    0.008458853354101032,
    0.008452093187018169,
    0.008431111177991503,
    0.008426757158738146,
    0.008408379075046307,
    0.00840046388137442,
    0.008394606677730131,
    0.008374672345381058,
    0.00836286251458606,
    0.008351677330567605,
    0.008339352675454872,
    0.008325502569006096,
    0.008323296382093701,
    0.008310531196491201,
    0.00829073568427212,
    0.008278233040794789,
    0.008264538249223337,
    0.00824781723839751,
    0.008251766257544278,
    0.008235493445434536,
    0.008219730202384135,
    0.008211833630796589,
    0.008196349363286897,
    0.008185032079350498,
    0.00817533111943761,
    0.008154097615017652,
    0.008152227723462455,
    0.008132391747155623,
    0.00812027899601221,
    0.008108059788649194,
    0.008096433117365015,
    0.008089609223921922,
    0.008075434853661172,
    0.008067997858713268,
    0.008058274440850544,
    0.00804138541420947,
    0.008028851255828985,
    0.008024606998578813,
    0.007999272312588863,
    0.00798815980061056,
    0.007979019286230684,
    0.007968271828086773,
    0.007955131680060824,
    0.007942706743087587,
    0.007932909497518518,
    0.007917425095955053,
    0.007908276974680651,
    0.007897483099760506,
    0.007877081939601658,
    0.007873455843729126,
    0.007856609915814348,
    0.007851415876188048
  ]
}