{
  "times": {
    "training": 130.9985864162445,
    "evaluation": 2.5739755630493164
  },
  "metrics": {
    "mean_rank": {
      "best": 2.3421787709497206,
      "avg": 2.3421787709497206,
      "worst": 2.3421787709497206
    },
    "mean_reciprocal_rank": {
      "best": 0.7294597310260486,
      "avg": 0.7294597310260486,
      "worst": 0.7294597310260486
    },
    "hits_at_k": {
      "best": {
        "1": 0.563780260707635,
        "3": 0.8864059590316573,
        "5": 0.957169459962756,
        "10": 0.9813780260707635
      },
      "avg": {
        "1": 0.563780260707635,
        "3": 0.8864059590316573,
        "5": 0.957169459962756,
        "10": 0.9813780260707635
      },
      "worst": {
        "1": 0.563780260707635,
        "3": 0.8864059590316573,
        "5": 0.957169459962756,
        "10": 0.9813780260707635
      }
    },
    "adjusted_mean_rank": 0.04892848038463203
  },
  "losses": [
    0.07598990769250749,
    0.05607828904325229,
    0.0430913511764809,
    0.033755752167279864,
    0.027709821758465203,
    0.023708038191489235,
    0.021357615995011136,
    0.019578274604764773,
    0.01820121998224956,
    0.017152123683864262,
    0.016317104924909225,
    0.015370194474488012,
    0.014442126977866315,
    0.013582291079763024,
    0.0127555851365613,
    0.01190055315675769,
    0.011413974008671356,
    0.010877239446181606,
    0.010576613118895248,
    0.010389923602009458,
    0.010250351192737227,
    0.010059158196086817,
    0.00975875254257614,
    0.009727794449765704,
    0.00952076042176283,
    0.009544629876090482,
    0.009398601378106873,
    0.009225727738625171,
    0.009288678010577632,
    0.009164571393244338,
    0.009039011008440212,
    0.008985986466112322,
    0.008913453548185287,
    0.008848351095953295,
    0.008811107770926805,
    0.008779978528928162,
    0.008744917003273088,
    0.008710913424368524,
    0.008661561511416513,
    0.008609197619756316,
    0.008588594106373715,
    0.00850520060727559,
    0.008571952381517818,
    0.008500504885398325,
    0.008427209923705976,
    0.00843638517212388,
    0.008396610234519309,
    0.008408257973932756,
    0.008320633292255292,
    0.008293300353083432,
    0.008265312969284825,
    0.008379729950686912,
    0.008312456473988948,
    0.00823968103502323,
    0.008233733537078323,
    0.008287416869213466,
    0.008222657686241593,
    0.008152852768297966,
    0.008114647100010607,
    0.008108995343236945,
    0.008134529251558869,
    0.008024862999258921,
    0.008052464692366462,
    0.008019553988229653,
    0.008021733793482085,
    0.008068117005818951,
    0.008012407503639003,
    0.007974407241505124,
    0.008044874185535025,
    0.00796810310323259,
    0.007977829980168697,
    0.007920409621464411,
    0.00791164678445604,
    0.007922429483144743,
    0.007961178751122795,
    0.007909395155225917,
    0.007935813115032211,
    0.007890933442233813,
    0.007905988241014903,
    0.007935566129832174,
    0.007824579033083293,
    0.007801558078763128,
    0.0078070524381548025,
    0.007810037622376396,
    0.007820035632865112,
    0.007840653197885664,
    0.007809667227862933,
    0.007828555363449034,
    0.00781380371358668,
    0.007722597465713883,
    0.00774243648908497,
    0.00775024220847124,
    0.0077062838947913855,
    0.007761541110320961,
    0.007716756610301538,
    0.007737472520130429,
    0.007631698276470432,
    0.00764638252606296,
    0.0077019921818962875,
    0.007703985698837627,
    0.0076483415076238435,
    0.007728072274172888,
    0.007649603573155076,
    0.0076235964613499945,
    0.007573928202123773,
    0.0076256660189502196,
    0.007625093709181308,
    0.007680934894602735,
    0.0075956203712133205,
    0.007570353032338737,
    0.007634808323951393,
    0.007573986557469662,
    0.007547816372896223,
    0.0075360149673401305,
    0.007549819484453009,
    0.007575024593965347,
    0.007569767353881932,
    0.007526313754572574,
    0.007536408013427117,
    0.0075851754448696355,
    0.007525168423529289,
    0.007492265962385515,
    0.007509356366392524,
    0.007438288502459403,
    0.0074191930022950905,
    0.007481751632134551,
    0.007462555800181766,
    0.007506564980553043,
    0.007469728127412239,
    0.007481889883118748,
    0.007486403771327806,
    0.007490394472200168,
    0.007419360896167341,
    0.007477104161749706,
    0.007418858837449333,
    0.007457303954689924,
    0.0074247563325037635,
    0.007441107637011864,
    0.0073745133981694055,
    0.007415878836033406,
    0.007449506326001203,
    0.0074305405887275106,
    0.007422097469910537,
    0.0074372745238908446,
    0.007434449575934232,
    0.007364866321686927,
    0.0073462587405568455,
    0.007335038292297575,
    0.007394905128025164,
    0.007363737590851322,
    0.007356413306043156,
    0.007369944376615776,
    0.007337957625379961,
    0.007393312433758927,
    0.00740221317670704,
    0.007333767888588633,
    0.007299135343615752,
    0.007329922553755079,
    0.007306825465970967,
    0.00735514256442861,
    0.007276115919389271,
    0.0073294319552721894,
    0.007304034777359245,
    0.0072887070983867226,
    0.0073080577743925325,
    0.007328982705013015,
    0.007273068612888194,
    0.007314386091952657,
    0.0072636214908568175,
    0.007259796301860163,
    0.007238099735238536,
    0.007232977171954694,
    0.0072131806985138705,
    0.007261380272450747,
    0.007258962041480364,
    0.007269605558754651,
    0.00718284513728758,
    0.007252667628702208,
    0.007187645636077736,
    0.007231159618166604,
    0.007188313761122194,
    0.007269848453393191,
    0.007215917317469788,
    0.007200911926674942,
    0.0072056922296562425,
    0.007200839781448963,
    0.007252768267461265,
    0.0072021498176778175,
    0.007180217278723288,
    0.007192304066978145,
    0.007160123362685118,
    0.007127495238058334,
    0.007111192051784104,
    0.007144849698637211,
    0.007194806196102506,
    0.007176524027587125,
    0.0071179386108152325,
    0.007152387711119248,
    0.007141403901485619,
    0.007154505548767296,
    0.007173684014275751
  ]
}