{
  "times": {
    "training": 47.81196713447571,
    "evaluation": 0.2075200080871582
  },
  "metrics": {
    "arithmetic_mean_rank": {
      "both": {
        "optimistic": 2.9650837988826817,
        "pessimistic": 2.9771880819366854,
        "realistic": 2.9711359404096833
      },
      "head": {
        "optimistic": 3.0335195530726256,
        "pessimistic": 3.0446927374301676,
        "realistic": 3.0391061452513966
      },
      "tail": {
        "optimistic": 2.8966480446927374,
        "pessimistic": 2.9096834264432028,
        "realistic": 2.90316573556797
      }
    },
    "geometric_mean_rank": {
      "both": {
        "optimistic": 1.9263135962031137,
        "pessimistic": 1.9385121487191608,
        "realistic": 1.9335885324133943
      },
      "head": {
        "optimistic": 1.9825493042984652,
        "pessimistic": 1.9966740410032897,
        "realistic": 1.9907995706736918
      },
      "tail": {
        "optimistic": 1.8716730337407754,
        "pessimistic": 1.8820444767457098,
        "realistic": 1.8780216088831965
      }
    },
    "median_rank": {
      "both": {
        "optimistic": 2.0,
        "pessimistic": 2.0,
        "realistic": 2.0
      },
      "head": {
        "optimistic": 2.0,
        "pessimistic": 2.0,
        "realistic": 2.0
      },
      "tail": {
        "optimistic": 2.0,
        "pessimistic": 2.0,
        "realistic": 2.0
      }
    },
    "harmonic_mean_rank": {
      "both": {
        "optimistic": 1.5229948034201815,
        "pessimistic": 1.5320730388339452,
        "realistic": 1.5292112013505677
      },
      "head": {
        "optimistic": 1.5514481958013246,
        "pessimistic": 1.563304129881319,
        "realistic": 1.5593320693953796
      },
      "tail": {
        "optimistic": 1.4955662793524207,
        "pessimistic": 1.5020653526197882,
        "realistic": 1.5002319420572976
      }
    },
    "inverse_arithmetic_mean_rank": {
      "both": {
        "optimistic": 0.33725859632595384,
        "pessimistic": 0.33588741204065675,
        "realistic": 0.3365716076465058
      },
      "head": {
        "optimistic": 0.3296500920810313,
        "pessimistic": 0.3284403669724771,
        "realistic": 0.3290441176470588
      },
      "tail": {
        "optimistic": 0.3452266152362584,
        "pessimistic": 0.34368000000000004,
        "realistic": 0.3444515715202053
      }
    },
    "inverse_geometric_mean_rank": {
      "both": {
        "optimistic": 0.519126274128503,
        "pessimistic": 0.5158595475714367,
        "realistic": 0.5171731127055544
      },
      "head": {
        "optimistic": 0.5044010748342296,
        "pessimistic": 0.5008328748028995,
        "realistic": 0.5023107372188137
      },
      "tail": {
        "optimistic": 0.5342813525508637,
        "pessimistic": 0.5313370711244428,
        "realistic": 0.532475236317792
      }
    },
    "inverse_harmonic_mean_rank": {
      "both": {
        "optimistic": 0.6566010584896975,
        "pessimistic": 0.652710396079482,
        "realistic": 0.6539319088931737
      },
      "head": {
        "optimistic": 0.6445590659786735,
        "pessimistic": 0.6396707978222489,
        "realistic": 0.6413002205410572
      },
      "tail": {
        "optimistic": 0.6686430510007215,
        "pessimistic": 0.6657499943367151,
        "realistic": 0.6665635972452901
      }
    },
    "inverse_median_rank": {
      "both": {
        "optimistic": 0.5,
        "pessimistic": 0.5,
        "realistic": 0.5
      },
      "head": {
        "optimistic": 0.5,
        "pessimistic": 0.5,
        "realistic": 0.5
      },
      "tail": {
        "optimistic": 0.5,
        "pessimistic": 0.5,
        "realistic": 0.5
      }
    },
    "rank_std": {
      "both": {
        "optimistic": 4.729182613936288,
        "pessimistic": 4.727779655716314,
        "realistic": 4.727918902159129
      },
      "head": {
        "optimistic": 4.405091993502425,
        "pessimistic": 4.401821058378509,
        "realistic": 4.40309032557548
      },
      "tail": {
        "optimistic": 5.031514087806201,
        "pessimistic": 5.031764954665417,
        "realistic": 5.030903495210211
      }
    },
    "rank_var": {
      "both": {
        "optimistic": 22.365168195957267,
        "pessimistic": 22.35190047300507,
        "realistic": 22.35321714539358
      },
      "head": {
        "optimistic": 19.40483547121917,
        "pessimistic": 19.3760286299845,
        "realistic": 19.387204415176388
      },
      "tail": {
        "optimistic": 25.316134015792265,
        "pessimistic": 25.318658558999065,
        "realistic": 25.30998997811832
      }
    },
    "hits_at_k": {
      "both": {
        "optimistic": {
          "1": 0.48789571694599626,
          "3": 0.7886405959031657,
          "5": 0.8798882681564246,
          "10": 0.9594972067039106
        },
        "pessimistic": {
          "1": 0.4813780260707635,
          "3": 0.787243947858473,
          "5": 0.8794227188081937,
          "10": 0.9594972067039106
        },
        "realistic": {
          "1": 0.4813780260707635,
          "3": 0.7886405959031657,
          "5": 0.8794227188081937,
          "10": 0.9594972067039106
        }
      },
      "head": {
        "optimistic": {
          "1": 0.4767225325884544,
          "3": 0.7728119180633147,
          "5": 0.8770949720670391,
          "10": 0.9534450651769087
        },
        "pessimistic": {
          "1": 0.46741154562383613,
          "3": 0.7718808193668529,
          "5": 0.8770949720670391,
          "10": 0.9534450651769087
        },
        "realistic": {
          "1": 0.46741154562383613,
          "3": 0.7728119180633147,
          "5": 0.8770949720670391,
          "10": 0.9534450651769087
        }
      },
      "tail": {
        "optimistic": {
          "1": 0.49906890130353815,
          "3": 0.8044692737430168,
          "5": 0.88268156424581,
          "10": 0.9655493482309124
        },
        "pessimistic": {
          "1": 0.49534450651769085,
          "3": 0.8026070763500931,
          "5": 0.8817504655493482,
          "10": 0.9655493482309124
        },
        "realistic": {
          "1": 0.49534450651769085,
          "3": 0.8044692737430168,
          "5": 0.8817504655493482,
          "10": 0.9655493482309124
        }
      }
    },
    "adjusted_arithmetic_mean_rank": {
      "both": {
        "realistic": 0.06226311091165408
      },
      "head": {
        "realistic": 0.06439711554586616
      },
      "tail": {
        "realistic": 0.06017562481906783
      }
    },
    "adjusted_arithmetic_mean_rank_index": {
      "both": {
        "realistic": 0.9578087242470292
      },
      "head": {
        "realistic": 0.9558570089596162
      },
      "tail": {
        "realistic": 0.9597169941467453
      }
    }
  },