{
  "times": {
    "training": 715.3493902683258,
    "evaluation": 8.434056520462036
  },
  "metrics": {
    "mean_rank": {
      "avg": 1432.5290635091496,
      "best": 1432.5284763675506,
      "worst": 1432.5296506507486
    },
    "mean_reciprocal_rank": {
      "avg": 0.017505981282335235,
      "best": 0.01750606537210088,
      "worst": 0.017505903483003658
    },
    "hits_at_k": {
      "avg": {
        "1": 0.004452490458949017,
        "3": 0.010372834915353752,
        "5": 0.01666014287112242,
        "10": 0.03217046677757119
      },
      "best": {
        "1": 0.004452490458949017,
        "3": 0.010372834915353752,
        "5": 0.01666014287112242,
        "10": 0.03217046677757119
      },
      "worst": {
        "1": 0.004452490458949017,
        "3": 0.010372834915353752,
        "5": 0.01666014287112242,
        "10": 0.03217046677757119
      }
    },
    "adjusted_mean_rank": 0.20443147319034652
  },
  "losses": [
    0.8440275981197866,
    0.9542045469757013,
    0.8642538556952203,
    0.8906678234131393,
    0.9504916197181683,
    1.000261939321273,
    1.0373000015548415,
    1.0574692409190076,
    1.077007431294666,
    1.1112891406906749,
    1.14246713966238,
    1.1573848984482125,
    1.1810146513960054,
    1.2010041991801705,
    1.2217895406877894,
    1.2412861724730713,
    1.2506485942267702,
    1.2775296841050086,
    1.301955561561389,
    1.331015320648518,
    1.3342819788914069,
    1.3564002964507695,
    1.3372712206126876,
    1.3570302121679512,
    1.3946226271081605,
    1.4202926662377708,
    1.4093002513074306,
    1.4259432781921748,
    1.4551923014412635,
    1.4766620958766787,
    1.4835281176088952,
    1.4906009777880704,
    1.4931818578317861,
    1.5048387610491543,
    1.4855948045827074,
    1.5342339295329668,
    1.5570251122787586,
    1.5434148954258267,
    1.5703797374756394,
    1.5815922939218598,
    1.5840441125858151,
    1.6135011976092872,
    1.6212105591522368,
    1.6087341271584394,
    1.6372534788883921,
    1.6627770303906653,
    1.6508983735074598,
    1.6580042419943875,
    1.6615144976097969,
    1.70717654828123,
    1.6757166445624365,
    1.711576903794445,
    1.6895679376657302,
    1.7364286311386006,
    1.7089301342006784,
    1.7392330275588976,
    1.7266873180889242,
    1.7663881273036417,
    1.7607649186461694,
    1.7666264247121506,
    1.7837093547780882,
    1.7972298497382484,
    1.8070807077326423,
    1.787333942834802,
    1.7849117720291168,
    1.817569598268784,
    1.8224302649872548,
    1.8284013212689831,
    1.8406945637940086,
    1.8535177106454086,
    1.8564805948644256,
    1.8598719092522706,
    1.8418324932523646,
    1.8646775858441198,
    1.874649051047825,
    1.9368420621446025,
    1.8928555719141393,
    1.888568925290663,
    1.8694231370369676,
    1.8943730005751747,
    1.9101916685139944,
    1.954283028902898,
    1.8954514774197533,
    1.9274416379509955,
    1.9117950391789562,
    1.9732389528823262,
    1.9531304192911458,
    1.9328304424720117,
    1.9657186433143645,
    1.969865938667522,
    1.9347767590403133,
    1.9873384718827232,
    1.971192839857854,
    1.984811930769196,
    2.0061668360528793,
    2.013354643813708,
    2.005045627869952,
    2.0219361134366443,
    2.01890790232193,
    2.0723312529051223,
    1.9938944560380176,
    2.0306585306106935,
    2.0125227980994578,
    2.0730048207085585,
    1.987716675197211,
    2.029471651793661,
    2.058021416241898,
    2.0924798550675954,
    2.035929329119345,
    2.0667448435470543,
    2.0735105781126904,
    2.12013538152348,
    2.0893375983901565,
    2.1090214478321867,
    2.0911300376282416,
    2.0960791759400896,
    2.121580599772988,
    2.128666701675274,
    2.193102091679952,
    2.0984396835519767,
    2.076428220525408,
    2.1014363022471616,
    2.1225561247773874,
    2.103737625731323,
    2.12920626880793,
    2.133848872085834,
    2.099174262848105,
    2.1322515310299357,
    2.1526185962779407,
    2.212324913785697,
    2.175968229114629,
    2.1547329545540186,
    2.1386165102377657,
    2.1604624104544063,
    2.1806964769758204,
    2.1478804096103956,
    2.1399052605582445,
    2.190478405213756,
    2.1631440251414555,
    2.165732354271244,
    2.1795156571510366,
    2.2139985908990685,
    2.1939476738651074,
    2.1842649728682395,
    2.225037110963038,
    2.2785358732670113,
    2.218489094865915,
    2.241598614648757,
    2.174718467477309,
    2.257530768411836,
    2.2857479718379707,
    2.259220120781669,
    2.1921699445561273,
    2.274795841815429,
    2.2409874777028724,
    2.2274601088717447,
    2.2772994821004993,
    2.2455129159779785,
    2.2451562083700827,
    2.2363780401907065,
    2.2765711213854467,
    2.260266690963645,
    2.2763684269769615,
    2.2220790912312824,
    2.33156774404624,
    2.265206133048642,
    2.2891306197562455,
    2.32838715532133,
    2.24075286765982,
    2.2660870225515004,
    2.2803756810035436,
    2.2841231166813736,
    2.2939058830690624,
    2.319144781262776,
    2.3403251578276305,
    2.339187207621605,
    2.30628965042165,
    2.3189661891410083,
    2.289015873931654,
    2.347673983425228,
    2.3329192207383667,
    2.38326582782024,
    2.3603718257950526,
    2.3148224133214876,
    2.363713660917539,
    2.371042536005213,
    2.3544032343924775,
    2.360675222772096,
    2.352739805506102,
    2.3246148863659366,
    2.305722802851908,
    2.3573120758682995,
    2.374054930330718,
    2.389357972937575,
    2.35229396120185,
    2.4005983488677525,
    2.3557120879705833,
    2.3919266801556573,
    2.2851221140283995,
    2.3780274465911484
  ]
}