{
  "times": {
    "training": 22.056715488433838,
    "evaluation": 0.34398341178894043
  },
  "metrics": {
    "mean_rank": {
      "avg": 3.6159217877094973,
      "best": 3.6159217877094973,
      "worst": 3.6159217877094973
    },
    "mean_reciprocal_rank": {
      "avg": 0.6031292081033678,
      "best": 0.6031292081033678,
      "worst": 0.6031292081033678
    },
    "hits_at_k": {
      "avg": {
        "1": 0.425512104283054,
        "3": 0.7355679702048417,
        "5": 0.845437616387337,
        "10": 0.9366852886405959
      },
      "best": {
        "1": 0.425512104283054,
        "3": 0.7355679702048417,
        "5": 0.845437616387337,
        "10": 0.9366852886405959
      },
      "worst": {
        "1": 0.425512104283054,
        "3": 0.7355679702048417,
        "5": 0.845437616387337,
        "10": 0.9366852886405959
      }
    },
    "adjusted_mean_rank": 0.07538766795647932
  },
  "losses": [
    0.001015439038448887,
    0.0005297603040421905,
    0.0004497468118628078,
    0.0004555978158862722,
    0.0004355206670953085,
    0.000406420287329322,
    0.0003938527326741961,
    0.00036644157465567175,
    0.0003340335164710994,
    0.00029569015550923953,
    0.0002598605251580459,
    0.00023995947739017864,
    0.00022714655645646027,
    0.00021874486447227574,
    0.0002143743909485175,
    0.00021469263528634135,
    0.00020399985227308165,
    0.0002023234716387738,
    0.000201712815171519,
    0.00019903253827877057,
    0.0001979425126028315,
    0.0001970923700369343,
    0.00019673844319677267,
    0.000195742191613391,
    0.00019281376495101595,
    0.00019234459893529836,
    0.00019157994174618493,
    0.00019034865941431058,
    0.00019044744467297696,
    0.0001886401473240714,
    0.0001867885435029838,
    0.00018841223631334275,
    0.0001858787345349824,
    0.00018617625046651556,
    0.0001850144583632637,
    0.00018521204211430976,
    0.00018492435000929484,
    0.00018526792808564336,
    0.00018550711422011724,
    0.00018227371222313655,
    0.0001830741533730565,
    0.00018687908415825427,
    0.00018605775138624608,
    0.00018416544066299836,
    0.00018321947719021758,
    0.0001860725643226845,
    0.00018475806840147896,
    0.00018189749098727518,
    0.00018376736615521446,
    0.00018104096094908413,
    0.00018232346216272928,
    0.00018443089571840458,
    0.0001844331454496683,
    0.00018494023928774964,
    0.00018164938974126406,
    0.00018567296793786924,
    0.00018283597300079463,
    0.00018455958034668962,
    0.00018596796064139682,
    0.00018441281846601486,
    0.00018421665954476915,
    0.00018394911356265902,
    0.0001836083586784846,
    0.00018083228293504144,
    0.00018658923936920664,
    0.00018153049364959508,
    0.00018450680870922307,
    0.00018226527793651647,
    0.00018653914976430547,
    0.00018209829053065704,
    0.00018471865399198606,
    0.00018091791829390948,
    0.00017974227490405347,
    0.00018275582963295277,
    0.000181757606226287,
    0.00018048302759568038,
    0.00017916553203278988,
    0.0001818960573349993,
    0.00018272875345550817,
    0.0001828407988949172,
    0.00018707016133358664,
    0.00018284144293563193,
    0.0001826102852539031,
    0.00018218038366559413,
    0.00017893205845123075,
    0.0001795679692547303,
    0.00017884292498080952,
    0.00018418375612222774,
    0.00018335608440154117,
    0.0001804089055673973,
    0.00018280319309291082,
    0.00018202821801864867,
    0.00018466244158905733,
    0.0001800449211051155,
    0.00018108349410368184,
    0.00017955009050804035,
    0.00017968106456872908,
    0.0001775889732980248,
    0.00018211091108192277,
    0.00018180770024242592,
    0.0001798831610160159,
    0.0001823296996529389,
    0.00018109717776325062,
    0.0001816537480441828,
    0.0001811717850276886,
    0.00017870984675970355,
    0.00017798042212667517,
    0.00018013099758776071,
    0.00018145882868075104,
    0.000180647804971416,
    0.00017858557778042828,
    0.0001816033187739732,
    0.00018040948343954545,
    0.00017736605580845409,
    0.00017766124701768142,
    0.00017920025729653113,
    0.00017854768965920448,
    0.00017813294949511793,
    0.00017911819504025844,
    0.00017766940339632186,
    0.00018191535650025181,
    0.00018123565533938952,
    0.0001789376916018656,
    0.0001774374649255074,
    0.0001785702840190727,
    0.00018175828996814166,
    0.00017944777625915635,
    0.00017623982710412016,
    0.00017664693582686113,
    0.00017840001024107315,
    0.0001764746902255775,
    0.00018173044623532474,
    0.00017789768936226112,
    0.00017941227020632945,
    0.00017692623775763367,
    0.00018110462393260975,
    0.00017992422522843555,
    0.00017867162338440907,
    0.0001767024159643197,
    0.00017663544896370282,
    0.00017800237685706646,
    0.00018054874621600776,
    0.00017884132370149828,
    0.00017657467534091785,
    0.00017569676844448362,
    0.00017603816736937275,
    0.00017652313443878968,
    0.00017627642273267675,
    0.0001796194263433408,
    0.00017775578425437337,
    0.00017807698853274223,
    0.000179060584274956,
    0.00017962919282376802,
    0.0001755355685825811,
    0.0001781528750561341,
    0.0001765215243370029,
    0.0001782611577097236,
    0.0001765441848654377,
    0.00017777416147093155,
    0.00017841007668566888,
    0.00018147274172468394,
    0.00017730467784609437,
    0.00017689538114941847,
    0.0001789624033558644,
    0.0001783115605125066,
    0.0001782512015460722,
    0.00017915320703445488,
    0.0001786844777312767,
    0.00018167501903271942,
    0.00017706016293639188,
    0.00018056939522001855,
    0.0001773676923776675,
    0.00017903192446315125,
    0.00018137896763212658,
    0.00018054363359143002,
    0.0001797951479999888,
    0.0001829523811543602,
    0.0001774355725045032,
    0.00018076725687904427,
    0.0001760096840070789,
    0.00018030512678757302,
    0.00018175387873036966,
    0.00017587005509788148,
    0.00017819371429542735,
    0.00017986160770826188,
    0.00017560832312715484,
    0.00017866183043655523,
    0.00018158541797109437,
    0.0001754100247555897,
    0.00017556475333168072,
    0.00017709295166675124,
    0.00017503342415327994,
    0.00017722450801082587,
    0.00017620285652035294,
    0.00017961074502740546,
    0.0001764582804210656,
    0.00017766599792076187,
    0.0001778065531898914,
    0.00017861185111259836,
    0.00018050665418518726
  ]
}