{
  "times": {
    "training": 32.024216651916504,
    "evaluation": 0.13897252082824707
  },
  "metrics": {
    "mean_rank": {
      "best": 47.53677839851024,
      "avg": 47.53677839851024,
      "worst": 47.53677839851024
    },
    "mean_reciprocal_rank": {
      "best": 0.0455167067506766,
      "avg": 0.0455167067506766,
      "worst": 0.0455167067506766
    },
    "hits_at_k": {
      "best": {
        "1": 0.0,
        "3": 0.021880819366852888,
        "5": 0.04655493482309125,
        "10": 0.10474860335195531
      },
      "avg": {
        "1": 0.0,
        "3": 0.021880819366852888,
        "5": 0.04655493482309125,
        "10": 0.10474860335195531
      },
      "worst": {
        "1": 0.0,
        "3": 0.021880819366852888,
        "5": 0.04655493482309125,
        "10": 0.10474860335195531
      }
    },
    "adjusted_mean_rank": 0.9870699072131814
  },
  "losses": [
    2.855921835154628,
    1.2775058947367928,
    0.5734945398974594,
    0.29955271523206695,
    0.18237702970647918,
    0.10052861957190631,
    0.058284150339551186,
    0.034076357755901635,
    0.020114649983116403,
    0.014340434048511623,
    0.01219059917653418,
    0.011403972902301019,
    0.011012905209790171,
    0.01081090840011007,
    0.010771188824293294,
    0.010724879575209737,
    0.010763585015403239,
    0.010662619354092096,
    0.010750043967096846,
    0.01083627016694353,
    0.01085857673408657,
    0.010847326057553482,
    0.0108751819675169,
    0.01091657390003576,
    0.01094042885535748,
    0.010914704929864738,
    0.01101570287781834,
    0.011065816772665623,
    0.011068352797053486,
    0.011081986136422755,
    0.011034587213156208,
    0.01111965429207952,
    0.01106866347983941,
    0.011147537462934447,
    0.011131986571134983,
    0.011149209058159117,
    0.011189753161722462,
    0.011341196399495001,
    0.011418425591370428,
    0.011615626768576989,
    0.011621536594806331,
    0.011669005573995195,
    0.011730952980190144,
    0.011792907696568293,
    0.011776153518155297,
    0.01183395589818135,
    0.012094801662448723,
    0.012224882565074665,
    0.012306099614180227,
    0.012682707155142985,
    0.012173842104507003,
    0.012121137054306903,
    0.011983565041448544,
    0.012329598959548448,
    0.012462940051585332,
    0.01252489476796348,
    0.012462029629186182,
    0.012749402525325203,
    0.012445981797224719,
    0.012409571297669023,
    0.01263956854572619,
    0.013283874386227272,
    0.013599666533322428,
    0.013350945773957752,
    0.013040352994662358,
    0.013302694909757641,
    0.013764493498167113,
    0.013468779226112426,
    0.013879950074713971,
    0.013405997849850942,
    0.013509121690455888,
    0.013068659851551817,
    0.01304323914636632,
    0.013141682794474063,
    0.01394252889798267,
    0.01436897863865051,
    0.015241664196880661,
    0.015120255608255587,
    0.015501910069239327,
    0.01535195064636055,
    0.014898392614256798,
    0.015114788504996188,
    0.014812894996002208,
    0.014900041365158974,
    0.01466052016675834,
    0.015900196567658457,
    0.01667590020982955,
    0.015950875174157806,
    0.016021914316114622,
    0.01586217356352561,
    0.01588931261864915,
    0.016801550684550897,
    0.017062409089343384,
    0.0195211091006537,
    0.01892283289472884,
    0.01907151440620727,
    0.01941224311114652,
    0.020620781025236234,
    0.021646626343631167,
    0.022846051352886834,
    0.024703959389183704,
    0.025680006825859195,
    0.025920951987028654,
    0.02626706479418891,
    0.025825517849966347,
    0.02456535618360794,
    0.025529782561134966,
    0.02510612850865401,
    0.023913366122201622,
    0.023312594250191974,
    0.024640065646712218,
    0.023130186903937408,
    0.02310286204832425,
    0.02371339514704034,
    0.02381534326651423,
    0.024259729303136416,
    0.023095911434762053,
    0.023756360139606175,
    0.02557690796171351,
    0.026133066090255147,
    0.02599622220210243,
    0.026783220991087736,
    0.026376817143408875,
    0.025170928713842078,
    0.024630642211387728,
    0.023257852552493744,
    0.022752603148926718,
    0.02311269759522654,
    0.02292917727358004,
    0.024016479302122737,
    0.024524000954300556,
    0.024471496172660992,
    0.028510391274339207,
    0.02866075626009,
    0.02720084383783916,
    0.028005618860225866,
    0.0297308418934279,
    0.029730620760386153,
    0.03385349463746404,
    0.037159819223750556,
    0.03956597211527695,
    0.039317299481285,
    0.0386709431343968,
    0.03646188801144381,
    0.033500109416385385,
    0.03387386781344662,
    0.0337925983746948,
    0.0355650205194893,
    0.03621096475479969,
    0.038699551840934154,
    0.037723910728608104,
    0.03836135596217762,
    0.03714675501260237,
    0.035829124341030846,
    0.03665434381368632,
    0.03700165122661755,
    0.03395911642858602,
    0.03307460954264687,
    0.03202153683774809,
    0.029526134833327042,
    0.03242873810457749,
    0.03263533636998993,
    0.03188050421462277,
    0.029667096791348112,
    0.028020991566309873,
    0.026406284187290092,
    0.025665452860293394,
    0.024056531491275034,
    0.023964806967594874,
    0.022187020823583172,
    0.03116319157452067,
    0.030446613303239032,
    0.03189891460641662,
    0.03273858052402668,
    0.02973560021350803,
    0.030231666199432246,
    0.03140738367539402,
    0.03017507076111132,
    0.03167242624629461,
    0.03264181745657712,
    0.031214168223280832,
    0.031816540111638,
    0.031291748151654294,
    0.029983324960411947,
    0.029838482208885502,
    0.028876506265684727,
    0.02927911582369273,
    0.03029927960678778,
    0.030230411589240846,
    0.032211847710403835,
    0.03390608439998328,
    0.03316176459264618,
    0.033570400482928246,
    0.03354872183006284,
    0.032682985057849084,
    0.033196696912240996,
    0.03420715368582166,
    0.0360530319018929,
    0.03929561778250992,
    0.04126540969561099,
    0.04042868369001049,
    0.040409343991177564,
    0.04583704658150102,
    0.049156594680011254,
    0.044380897685233414,
    0.04724547521103232,
    0.05573272065437095,
    0.053472192703973215,
    0.05360952150094475,
    0.05271806598128468,
    0.051413560743645635,
    0.05247001136236395,
    0.05214826705089509,
    0.05184911120550886,
    0.05315947921007291,
    0.05055142332288413,
    0.04816733439179588,
    0.045424479335613124,
    0.04279046772920602,
    0.044848319936659116,
    0.04254546968063506,
    0.03901384342063238,
    0.03825053571702877,
    0.03835223772700166,
    0.036742781496245956,
    0.03532874016897323,
    0.03560641991448684,
    0.03259936265388033,
    0.03100257009715175,
    0.02881268440668136,
    0.028397148921824003,
    0.026721756056983872,
    0.024772036688581363,
    0.023637287002217462,
    0.023159229348011193,
    0.022771209697303053,
    0.023408668637466067,
    0.023299903162977864,
    0.024501770078012717,
    0.025034520999953527,
    0.0249724767338312,
    0.025695003362099456,
    0.024650128418475588,
    0.026295817876844426,
    0.028629532944695404,
    0.02724795187673261,
    0.027462555706520043,
    0.0284836676812941,
    0.028081249406413124,
    0.026695012360934973
  ]
}