{
  "times": {
    "training": 1054.2822000980377,
    "evaluation": 1.159876823425293
  },
  "metrics": {
    "mean_rank": {
      "best": 3.618249534450652,
      "avg": 3.618249534450652,
      "worst": 3.618249534450652
    },
    "mean_reciprocal_rank": {
      "best": 0.5727102496094727,
      "avg": 0.5727102496094727,
      "worst": 0.5727102496094727
    },
    "hits_at_k": {
      "best": {
        "1": 0.3738361266294227,
        "3": 0.7169459962756052,
        "5": 0.8468342644320298,
        "10": 0.9506517690875232
      },
      "avg": {
        "1": 0.3738361266294227,
        "3": 0.7169459962756052,
        "5": 0.8468342644320298,
        "10": 0.9506517690875232
      },
      "worst": {
        "1": 0.3738361266294227,
        "3": 0.7169459962756052,
        "5": 0.8468342644320298,
        "10": 0.9506517690875232
      }
    },
    "adjusted_mean_rank": 0.07548113066435998
  },
  "losses": [
    0.0011719554744020787,
    0.0010021544037184466,
    0.000996497358663761,
    0.0009954575593548404,
    0.0009951374490487245,
    0.0009946406581081548,
    0.0009935172393522138,
    0.000993063100347686,
    0.0009919331039080557,
    0.00099012734421201,
    0.0009876570011635593,
    0.0009841455938795944,
    0.000978964931930656,
    0.0009721203446968141,
    0.0009613825791569475,
    0.0009322255357253201,
    0.0008475653246094818,
    0.0007825749115285914,
    0.0007595591445358414,
    0.000738750453772414,
    0.0007243824083696395,
    0.0007162014887845213,
    0.0007090361942345283,
    0.0007019834713931876,
    0.000695199353798303,
    0.0006901691205562388,
    0.0006853242438331888,
    0.0006800002448107308,
    0.000676657391870342,
    0.0006709729773336882,
    0.000668779882442813,
    0.000663277820517459,
    0.0006619539036749503,
    0.0006566632185100791,
    0.0006578262527569194,
    0.0006522465688991796,
    0.0006518009004718537,
    0.0006519461339269852,
    0.0006465364935043118,
    0.0006459654067522648,
    0.0006439804486679227,
    0.0006427248690363669,
    0.0006400777149312407,
    0.0006382619472236236,
    0.0006371952022913292,
    0.0006371148056302687,
    0.0006350900444061729,
    0.0006321031264616316,
    0.0006323210249327068,
    0.0006308115549840744,
    0.0006306300959802732,
    0.0006275648906393577,
    0.0006245251002183885,
    0.0006285394176867815,
    0.000625461589104421,
    0.0006236663862233563,
    0.0006232979643762056,
    0.0006233301907642622,
    0.0006214600289785495,
    0.0006210889595548521,
    0.0006193616656387706,
    0.0006186275992619679,
    0.0006192149679448581,
    0.0006168323087969042,
    0.0006154762803193632,
    0.0006147463264119068,
    0.0006157975645072249,
    0.0006148704931629152,
    0.0006146757095099047,
    0.0006140277022059854,
    0.0006159712413429676,
    0.0006173316773340239,
    0.0006126657650513445,
    0.0006116583994543965,
    0.0006117888297148795,
    0.0006110716881692647,
    0.0006084026262920162,
    0.0006108440192861479,
    0.0006097183734331584,
    0.0006089521177838581,
    0.0006094632854989088,
    0.0006089425148005939,
    0.0006089635804419367,
    0.0006083071639295667,
    0.0006060475568123133,
    0.000606136081562803,
    0.0006080285236115169,
    0.0006058970888370687,
    0.0006018475800415166,
    0.000606269683759295,
    0.0006024594764135366,
    0.0006042836488059754,
    0.0006041219271316144,
    0.0006023797467425082,
    0.000603441355829755,
    0.000600331095606481,
    0.0006031471138692737,
    0.0006014399030404986,
    0.0006025146305430698,
    0.0006003931609964721,
    0.0006000911518013582,
    0.0006025917547127521,
    0.0006025263136871899,
    0.0006005882109713319,
    0.0005999737948289121,
    0.0006015333984145713,
    0.0006010160361890148,
    0.0006000028456021048,
    0.0006000809770422789,
    0.0005980716546917201,
    0.0006004941806917459,
    0.0005989861502109378,
    0.0005977360989718806,
    0.0005981996306926727,
    0.0005971543041630369,
    0.0005966006466813214,
    0.0005986222315820332,
    0.0005978133722578179,
    0.0005962210960253683,
    0.0005961069594135627,
    0.0005964081907624811,
    0.0005972033040314627,
    0.0005984849804246707,
    0.000596195659413803,
    0.0005949664846139398,
    0.0005922982010461498,
    0.0005946173787447066,
    0.0005961375355762813,
    0.000596557132367172,
    0.0005953927918815592,
    0.0005959892573100183,
    0.0005933024616622495,
    0.0005943523378182056,
    0.0005946396536120538,
    0.0005927676728096868,
    0.0005929830307180188,
    0.0005910218946639211,
    0.0005914968574591406,
    0.0005922164913881239,
    0.0005900101782895768,
    0.000590661468658176,
    0.0005929198238474564,
    0.0005906870512249059,
    0.0005908809244294375,
    0.0005900799948362414,
    0.0005919192169338625,
    0.0005913850980961682,
    0.0005922779542906733,
    0.0005899537024155785,
    0.0005901163042628046,
    0.0005901544950558012,
    0.0005903301312769536,
    0.0005908388136938382,
    0.0005913197547101419,
    0.0005897881654688517,
    0.000590422996095284,
    0.0005887949501924227,
    0.0005900380505483915,
    0.0005874388911122586,
    0.0005899317163519721,
    0.0005884218518938328,
    0.0005875214702608447,
    0.0005905214485765543,
    0.0005862861226148439,
    0.0005877590877488378,
    0.000587231302754875,
    0.0005897223344574114,
    0.0005881578272305802,
    0.0005875803563026153,
    0.0005888102159962714,
    0.0005875663969010439,
    0.0005875058808812631,
    0.0005875011005498598,
    0.0005856981927294403,
    0.0005880747252485753,
    0.000586506616068465,
    0.000586059737761116,
    0.0005868154665985414,
    0.0005863702566382974,
    0.0005845467675863573,
    0.0005848761634314293,
    0.000586120217128601,
    0.0005850770204652393,
    0.0005865702767734772,
    0.0005871742542875383,
    0.0005852664141051998,
    0.0005842742491554912,
    0.000585467894991061,
    0.0005828168154659259,
    0.000585799745531676,
    0.0005838700387803907,
    0.0005829796906929526,
    0.0005820049837903967,
    0.000583734754475151,
    0.00058424858489093,
    0.0005840053156461681,
    0.0005831361500514071,
    0.0005858117868600166,
    0.0005822766902025925,
    0.0005849769253615981,
    0.0005833530962713105,
    0.0005815651251470988,
    0.0005820928026367439,
    0.0005820106898307145,
    0.0005834468551876533,
    0.0005816499773102938,
    0.0005821765304601067,
    0.0005833150850064365,
    0.0005837016233067771,
    0.0005808692724539459,
    0.0005813109191842656,
    0.0005815788672782205,
    0.0005811203878243412,
    0.0005810848435723616,
    0.0005811155734294659,
    0.0005810535893557953,
    0.00058091403700652,
    0.0005785402161305098,
    0.0005796824771095999,
    0.0005824037314473725,
    0.0005789116689181461,
    0.0005812163661530134,
    0.0005818875410052519,
    0.0005788358176867861,
    0.0005817721914068345,
    0.000580016006407117,
    0.0005805187960613558,
    0.0005800583969537004,
    0.0005808485721365273,
    0.0005766804394798792,
    0.0005779960640742747,
    0.0005822990783241714,
    0.0005798627801081653,
    0.0005797120930366689,
    0.0005795490852346093,
    0.0005776657639121487,
    0.0005761524911992573,
    0.0005778271399376467,
    0.0005802533019816743,
    0.0005808635884595072,
    0.0005792006636051503,
    0.0005768054147614585,
    0.0005796132721521365,
    0.0005762615438514957,
    0.0005793455010792328,
    0.0005806667464735136,
    0.0005761217910182498,
    0.0005766989477992508,
    0.0005790262010749883,
    0.0005798418377765911,
    0.0005772050033501796,
    0.0005768723258029666,
    0.0005794066141090489,
    0.0005757343951631896,
    0.0005778946377973993,
    0.0005780462073035755,
    0.0005769982490845963,
    0.0005773948549122065,
    0.0005769656153519164,
    0.0005784621765254561,
    0.000573733677136649,
    0.0005741989649247992,
    0.0005766796816357548,
