{
  "times": {
    "training": 8764.634380817413,
    "evaluation": 1.1911842823028564
  },
  "metrics": {
    "arithmetic_mean_rank": {
      "tail": {
        "pessimistic": 4859.349863201094,
        "optimistic": 4859.349179206566,
        "realistic": 4859.349521203831
      },
      "both": {
        "pessimistic": 5068.973495212038,
        "optimistic": 5068.972982216143,
        "realistic": 5068.97323871409
      },
      "head": {
        "pessimistic": 5278.597127222983,
        "optimistic": 5278.596785225718,
        "realistic": 5278.59695622435
      }
    },
    "geometric_mean_rank": {
      "tail": {
        "pessimistic": 32.42557447909757,
        "optimistic": 32.42555703229166,
        "realistic": 32.42556575900088
      },
      "both": {
        "pessimistic": 37.716735816263736,
        "optimistic": 37.71672494025756,
        "realistic": 37.71673038019414
      },
      "head": {
        "pessimistic": 43.87130169585272,
        "optimistic": 43.87129999963827,
        "realistic": 43.87130084776947
      }
    },
    "median_rank": {
      "tail": {
        "pessimistic": 3.0,
        "optimistic": 3.0,
        "realistic": 3.0
      },
      "both": {
        "pessimistic": 4.0,
        "optimistic": 4.0,
        "realistic": 4.0
      },
      "head": {
        "pessimistic": 5.0,
        "optimistic": 5.0,
        "realistic": 5.0
      }
    },
    "harmonic_mean_rank": {
      "tail": {
        "pessimistic": 2.053342990134791,
        "optimistic": 2.0533429866943176,
        "realistic": 2.0533429884158823
      },
      "both": {
        "pessimistic": 2.138095472026733,
        "optimistic": 2.138095470151568,
        "realistic": 2.138095471089871
      },
      "head": {
        "pessimistic": 2.2301455439017293,
        "optimistic": 2.2301455438799898,
        "realistic": 2.2301455438908597
      }
    },
    "inverse_arithmetic_mean_rank": {
      "tail": {
        "pessimistic": 0.00020578884586450636,
        "optimistic": 0.00020578887483102827,
        "realistic": 0.00020578886034776627
      },
      "both": {
        "pessimistic": 0.0001972786010707222,
        "optimistic": 0.0001972786210359327,
        "realistic": 0.00019727861105332695
      },
      "head": {
        "pessimistic": 0.0001894442739042845,
        "optimistic": 0.00018944428617827057,
        "realistic": 0.00018944428004127734
      }
    },
    "inverse_geometric_mean_rank": {
      "tail": {
        "pessimistic": 0.030839854530399387,
        "optimistic": 0.03083987112400658,
        "realistic": 0.03083986282405617
      },
      "both": {
        "pessimistic": 0.02651342907486688,
        "optimistic": 0.026513436720287283,
        "realistic": 0.026513432896217357
      },
      "head": {
        "pessimistic": 0.02279394413534196,
        "optimistic": 0.022793945016633774,
        "realistic": 0.022793944575975403
      }
    },
    "inverse_harmonic_mean_rank": {
      "tail": {
        "pessimistic": 0.48701069660766,
        "optimistic": 0.4870106974236694,
        "realistic": 0.4870106970153497
      },
      "both": {
        "pessimistic": 0.46770596219077387,
        "optimistic": 0.46770596260096403,
        "realistic": 0.4677059623957114
      },
      "head": {
        "pessimistic": 0.4484012277738877,
        "optimistic": 0.44840122777825875,
        "realistic": 0.44840122777607316
      }
    },
    "inverse_median_rank": {
      "tail": {
        "pessimistic": 0.3333333333333333,
        "optimistic": 0.3333333333333333,
        "realistic": 0.3333333333333333
      },
      "both": {
        "pessimistic": 0.25,
        "optimistic": 0.25,
        "realistic": 0.25
      },
      "head": {
        "pessimistic": 0.2,
        "optimistic": 0.2,
        "realistic": 0.2
      }
    },
    "rank_std": {
      "tail": {
        "pessimistic": 10276.880218014641,
        "optimistic": 10276.879367477397,
        "realistic": 10276.879792737713
      },
      "both": {
        "pessimistic": 10316.787114193625,
        "optimistic": 10316.786634923796,
        "realistic": 10316.786874552501
      },
      "head": {
        "pessimistic": 10352.296439417087,
        "optimistic": 10352.29632158129,
        "realistic": 10352.296380495061
      }
    },
    "rank_var": {
      "tail": {
        "pessimistic": 105614267.01542065,
        "optimistic": 105614249.53368261,
        "realistic": 105614258.27438074
      },
      "both": {
        "pessimistic": 106436096.3595916,
        "optimistic": 106436086.47054227,
        "realistic": 106436091.41493875
      },
      "head": {
        "pessimistic": 107170041.56956768,
        "optimistic": 107170039.12982552,
        "realistic": 107170040.34961113
      }
    },
    "hits_at_k": {
      "tail": {
        "pessimistic": {
          "1": 0.44015047879616964,
          "3": 0.5177838577291382,
          "5": 0.5410396716826266,
          "10": 0.5653214774281806
        },
        "optimistic": {
          "1": 0.44015047879616964,
          "3": 0.5177838577291382,
          "5": 0.5410396716826266,
          "10": 0.5653214774281806
        },
        "realistic": {
          "1": 0.44015047879616964,
          "3": 0.5177838577291382,
          "5": 0.5410396716826266,
          "10": 0.5653214774281806
        }
      },
      "both": {
        "pessimistic": {
          "1": 0.42031463748290016,
          "3": 0.49811901504787964,
          "5": 0.5225718194254446,
          "10": 0.5501025991792066
        },
        "optimistic": {
          "1": 0.42031463748290016,
          "3": 0.49811901504787964,
          "5": 0.5225718194254446,
          "10": 0.5501025991792066
        },
        "realistic": {
          "1": 0.42031463748290016,
          "3": 0.49811901504787964,
          "5": 0.5225718194254446,
          "10": 0.5501025991792066
        }
      },
      "head": {
        "pessimistic": {
          "1": 0.40047879616963067,
          "3": 0.4784541723666211,
          "5": 0.5041039671682627,
          "10": 0.5348837209302325
        },
        "optimistic": {
          "1": 0.40047879616963067,
          "3": 0.4784541723666211,
          "5": 0.5041039671682627,
          "10": 0.5348837209302325
        },
        "realistic": {
          "1": 0.40047879616963067,
          "3": 0.4784541723666211,
          "5": 0.5041039671682627,
          "10": 0.5348837209302325
        }
      }
    },
    "adjusted_arithmetic_mean_rank": {
      "tail": {
        "realistic": 0.2396478088805445
      },
      "both": {
        "realistic": 0.25004125023832524
      },
      "head": {
        "realistic": 0.2604393042465339
      }
    },
    "adjusted_arithmetic_mean_rank_index": {
      "tail": {
        "realistic": 0.7603896911433955
      },
      "both": {
        "realistic": 0.7499957453947192
      },
      "head": {
        "realistic": 0.7395971865441598
      }
    }
  },