{
  "times": {
    "training": 868.0529508590698,
    "evaluation": 2.075855016708374
  },
  "metrics": {
    "mean_rank": {
      "worst": 1193.4916210670315,
      "avg": 1193.4912790697674,
      "best": 1193.4909370725034
    },
    "mean_reciprocal_rank": {
      "worst": 0.3352154264218375,
      "avg": 0.3352154264231151,
      "best": 0.3352154264243929
    },
    "hits_at_k": {
      "worst": {
        "1": 0.25444596443228457,
        "3": 0.3707250341997264,
        "5": 0.4232216142270862,
        "10": 0.4914500683994528
      },
      "avg": {
        "1": 0.25444596443228457,
        "3": 0.3707250341997264,
        "5": 0.4232216142270862,
        "10": 0.4914500683994528
      },
      "best": {
        "1": 0.25444596443228457,
        "3": 0.3707250341997264,
        "5": 0.4232216142270862,
        "10": 0.4914500683994528
      }
    },
    "adjusted_mean_rank": 0.05888351972828596
  },
  "losses": [
    0.00012078114809573389,
    0.00011337810394894662,
    0.00010719069436666781,
    0.00010024767226038202,
    9.342620485811514e-05,
    8.72901618329618e-05,
    8.201029146597022e-05,
    7.750749569350851e-05,
    7.368563863589513e-05,
    7.040835655133588e-05,
    6.758111369635595e-05,
    6.512664675589728e-05,
    6.298355592432219e-05,
    6.106114609862992e-05,
    5.9367185294445385e-05,
    5.786114863272371e-05,
    5.649339768035667e-05,
    5.5262057947554436e-05,
    5.415303313622793e-05,
    5.315042164507521e-05,
    5.223000480696434e-05,
    5.141746035368724e-05,
    5.0663253930630876e-05,
    4.9972394280539006e-05,
    4.935278340089218e-05,
    4.875772573931319e-05,
    4.821987848861566e-05,
    4.771863687100955e-05,
    4.727500367839634e-05,
    4.684178850882013e-05,
    4.644025993162904e-05,
    4.6050664442583596e-05,
    4.5686851454762615e-05,
    4.536077327452604e-05,
    4.504384947231101e-05,
    4.47161592845817e-05,
    4.4420372992308086e-05,
    4.4130942520785295e-05,
    4.385089607170597e-05,
    4.3599718659393314e-05,
    4.3348564745989643e-05,
    4.3089268595193294e-05,
    4.2863742180775726e-05,
    4.261294676281538e-05,
    4.239666839778561e-05,
    4.2165207521127744e-05,
    4.1972022634153494e-05,
    4.175551831383477e-05,
    4.154717763052776e-05,
    4.13522270359285e-05,
    4.115411745590098e-05,
    4.097784102316733e-05,
    4.079841105692526e-05,
    4.061755347632588e-05,
    4.0440970648312254e-05,
    4.027708094977326e-05,
    4.010553252705351e-05,
    3.993865701867e-05,
    3.9812610996017e-05,
    3.9664038501673676e-05,
    3.951150931987799e-05,
    3.9354410619347744e-05,
    3.922835119036474e-05,
    3.9094672269807946e-05,
    3.898440619203242e-05,
    3.884056349998414e-05,
    3.8698610145589375e-05,
    3.86085124999697e-05,
    3.8480201557135935e-05,
    3.83888468502642e-05,
    3.8252076467109756e-05,
    3.816057315993744e-05,
    3.807153235572882e-05,
    3.798016766939544e-05,
    3.7878457136083414e-05,
    3.778701330851346e-05,
    3.769091988905322e-05,
    3.762520782079017e-05,
    3.755038989295551e-05,
    3.745703229539567e-05,
    3.7382640698876666e-05,
    3.730142904861425e-05,
    3.723235381178609e-05,
    3.717072645498348e-05,
    3.711147916325025e-05,
    3.7031450237724475e-05,
    3.697885183428763e-05,
    3.690864304641533e-05,
    3.685831962356263e-05,
    3.680106251785006e-05,
    3.674926887311491e-05,
    3.6692769704581525e-05,
    3.662346303557498e-05,
    3.6592914406647506e-05,
    3.652760672745307e-05,
    3.648534964127452e-05,
    3.64482453893676e-05,
    3.6394815016396064e-05,
    3.634238206606519e-05,
    3.6322044583002155e-05,
    3.6282215075861074e-05,
    3.625478264267591e-05,
    3.619992277575612e-05,
    3.6171808459782284e-05,
    3.613454737447702e-05,
    3.610165487902916e-05,
    3.6064015829197185e-05,
    3.6019428634246066e-05,
    3.600435046270742e-05,
    3.596705979747346e-05,
    3.593587292558277e-05,
    3.591757631448585e-05,
    3.587957838544955e-05,
    3.58579307468793e-05,
    3.58329329976726e-05,
    3.57874652884266e-05,
    3.5777444745587275e-05,
    3.5737997910329376e-05,
    3.57284706211928e-05,
    3.5702953081797184e-05,
    3.567538646699959e-05,
    3.565770838260019e-05,
    3.5612854599779646e-05,
    3.561742920326357e-05,
    3.558978175147503e-05,
    3.557176636160723e-05,
    3.553168181160213e-05,
    3.552554605314664e-05,
    3.5503295554879536e-05,
    3.549564408629528e-05,
    3.5468541551823764e-05,
    3.545146697197376e-05,
    3.5441499406920645e-05,
    3.540843393397004e-05,
    3.540493818821509e-05,
    3.53835662416992e-05,
    3.537272840206649e-05,
    3.5354501941306106e-05,
    3.532598162865699e-05,
    3.5318348577751546e-05,
    3.5304270401057705e-05,
    3.52836368130395e-05,
    3.527589562214045e-05,
    3.525372310678853e-05,
    3.5255007865026705e-05,
    3.523243415973164e-05,
    3.520163470847316e-05,
    3.519626669421743e-05,
    3.519827459005383e-05,
    3.518075380794503e-05,
    3.516365541228996e-05
  ]
}