{
  "times": {
    "training": 27.118281841278076,
    "evaluation": 0.48677659034729004
  },
  "metrics": {
    "arithmetic_mean_rank": {
      "both": {
        "pessimistic": 2.3486964618249533,
        "realistic": 2.3486964618249533,
        "optimistic": 2.3486964618249533
      },
      "tail": {
        "pessimistic": 1.7988826815642458,
        "realistic": 1.7988826815642458,
        "optimistic": 1.7988826815642458
      },
      "head": {
        "pessimistic": 2.898510242085661,
        "realistic": 2.898510242085661,
        "optimistic": 2.898510242085661
      }
    },
    "geometric_mean_rank": {
      "both": {
        "pessimistic": 1.5643617476884857,
        "realistic": 1.5643617476884857,
        "optimistic": 1.5643617476884857
      },
      "tail": {
        "pessimistic": 1.3037970503730574,
        "realistic": 1.3037970503730574,
        "optimistic": 1.3037970503730574
      },
      "head": {
        "pessimistic": 1.8770004709941206,
        "realistic": 1.8770004709941206,
        "optimistic": 1.8770004709941206
      }
    },
    "median_rank": {
      "both": {
        "pessimistic": 1.0,
        "realistic": 1.0,
        "optimistic": 1.0
      },
      "tail": {
        "pessimistic": 1.0,
        "realistic": 1.0,
        "optimistic": 1.0
      },
      "head": {
        "pessimistic": 1.0,
        "realistic": 1.0,
        "optimistic": 1.0
      }
    },
    "harmonic_mean_rank": {
      "both": {
        "pessimistic": 1.3152501649585475,
        "realistic": 1.3152501649585475,
        "optimistic": 1.3152501649585475
      },
      "tail": {
        "pessimistic": 1.17492195169337,
        "realistic": 1.17492195169337,
        "optimistic": 1.17492195169337
      },
      "head": {
        "pessimistic": 1.4936455087441824,
        "realistic": 1.4936455087441824,
        "optimistic": 1.4936455087441824
      }
    },
    "inverse_arithmetic_mean_rank": {
      "both": {
        "pessimistic": 0.42576808721506443,
        "realistic": 0.42576808721506443,
        "optimistic": 0.42576808721506443
      },
      "tail": {
        "pessimistic": 0.5559006211180124,
        "realistic": 0.5559006211180124,
        "optimistic": 0.5559006211180124
      },
      "head": {
        "pessimistic": 0.3450048185030517,
        "realistic": 0.3450048185030517,
        "optimistic": 0.3450048185030517
      }
    },
    "inverse_geometric_mean_rank": {
      "both": {
        "pessimistic": 0.6392383356839354,
        "realistic": 0.6392383356839354,
        "optimistic": 0.6392383356839354
      },
      "tail": {
        "pessimistic": 0.7669905371498337,
        "realistic": 0.7669905371498337,
        "optimistic": 0.7669905371498337
      },
      "head": {
        "pessimistic": 0.5327649169264019,
        "realistic": 0.5327649169264019,
        "optimistic": 0.5327649169264019
      }
    },
    "inverse_harmonic_mean_rank": {
      "both": {
        "pessimistic": 0.7603116324501786,
        "realistic": 0.7603116324501786,
        "optimistic": 0.7603116324501786
      },
      "tail": {
        "pessimistic": 0.8511203646835761,
        "realistic": 0.8511203646835761,
        "optimistic": 0.8511203646835761
      },
      "head": {
        "pessimistic": 0.6695029002167814,
        "realistic": 0.6695029002167814,
        "optimistic": 0.6695029002167814
      }
    },
    "inverse_median_rank": {
      "both": {
        "pessimistic": 1.0,
        "realistic": 1.0,
        "optimistic": 1.0
      },
      "tail": {
        "pessimistic": 1.0,
        "realistic": 1.0,
        "optimistic": 1.0
      },
      "head": {
        "pessimistic": 1.0,
        "realistic": 1.0,
        "optimistic": 1.0
      }
    },
    "rank_std": {
      "both": {
        "pessimistic": 4.342196190955791,
        "realistic": 4.342196190955791,
        "optimistic": 4.342196190955791
      },
      "tail": {
        "pessimistic": 3.7476943451006917,
        "realistic": 3.7476943451006917,
        "optimistic": 3.7476943451006917
      },
      "head": {
        "pessimistic": 4.802034176395783,
        "realistic": 4.802034176395783,
        "optimistic": 4.802034176395783
      }
    },
    "rank_var": {
      "both": {
        "pessimistic": 18.85466776075098,
        "realistic": 18.85466776075098,
        "optimistic": 18.85466776075098
      },
      "tail": {
        "pessimistic": 14.045212904299703,
        "realistic": 14.045212904299703,
        "optimistic": 14.045212904299703
      },
      "head": {
        "pessimistic": 23.059532231273124,
        "realistic": 23.059532231273124,
        "optimistic": 23.059532231273124
      }
    },
    "hits_at_k": {
      "both": {
        "pessimistic": {
          "1": 0.6336126629422719,
          "3": 0.8705772811918063,
          "5": 0.9283054003724395,
          "10": 0.9762569832402235
        },
        "realistic": {
          "1": 0.6336126629422719,
          "3": 0.8705772811918063,
          "5": 0.9283054003724395,
          "10": 0.9762569832402235
        },
        "optimistic": {
          "1": 0.6336126629422719,
          "3": 0.8705772811918063,
          "5": 0.9283054003724395,
          "10": 0.9762569832402235
        }
      },
      "tail": {
        "pessimistic": {
          "1": 0.7597765363128491,
          "3": 0.9376163873370578,
          "5": 0.9702048417132216,
          "10": 0.9888268156424581
        },
        "realistic": {
          "1": 0.7597765363128491,
          "3": 0.9376163873370578,
          "5": 0.9702048417132216,
          "10": 0.9888268156424581
        },
        "optimistic": {
          "1": 0.7597765363128491,
          "3": 0.9376163873370578,
          "5": 0.9702048417132216,
          "10": 0.9888268156424581
        }
      },
      "head": {
        "pessimistic": {
          "1": 0.5074487895716946,
          "3": 0.8035381750465549,
          "5": 0.8864059590316573,
          "10": 0.9636871508379888
        },
        "realistic": {
          "1": 0.5074487895716946,
          "3": 0.8035381750465549,
          "5": 0.8864059590316573,
          "10": 0.9636871508379888
        },
        "optimistic": {
          "1": 0.5074487895716946,
          "3": 0.8035381750465549,
          "5": 0.8864059590316573,
          "10": 0.9636871508379888
        }
      }
    },
    "adjusted_arithmetic_mean_rank": {
      "both": {
        "realistic": 0.0492192721011117
      },
      "tail": {
        "realistic": 0.03728650004824857
      },
      "head": {
        "realistic": 0.06141795977153229
      }
    },
    "adjusted_arithmetic_mean_rank_index": {
      "both": {
        "realistic": 0.9711317605440821
      },
      "tail": {
        "realistic": 0.9830905973473129
      },
      "head": {
        "realistic": 0.9589006581135422
      }
    }
  },