{
  "times": {
    "training": 68.58037638664246,
    "evaluation": 0.41921281814575195
  },
  "metrics": {
    "arithmetic_mean_rank": {
      "both": {
        "realistic": 2.451117318435754,
        "optimistic": 2.451117318435754,
        "pessimistic": 2.451117318435754
      },
      "head": {
        "realistic": 2.595903165735568,
        "optimistic": 2.595903165735568,
        "pessimistic": 2.595903165735568
      },
      "tail": {
        "realistic": 2.3063314711359406,
        "optimistic": 2.3063314711359406,
        "pessimistic": 2.3063314711359406
      }
    },
    "geometric_mean_rank": {
      "both": {
        "realistic": 1.5323496093674314,
        "optimistic": 1.5323496093674314,
        "pessimistic": 1.5323496093674314
      },
      "head": {
        "realistic": 1.6039343682782765,
        "optimistic": 1.6039343682782765,
        "pessimistic": 1.6039343682782765
      },
      "tail": {
        "realistic": 1.4639597303779042,
        "optimistic": 1.4639597303779042,
        "pessimistic": 1.4639597303779042
      }
    },
    "median_rank": {
      "both": {
        "realistic": 1.0,
        "optimistic": 1.0,
        "pessimistic": 1.0
      },
      "head": {
        "realistic": 1.0,
        "optimistic": 1.0,
        "pessimistic": 1.0
      },
      "tail": {
        "realistic": 1.0,
        "optimistic": 1.0,
        "pessimistic": 1.0
      }
    },
    "harmonic_mean_rank": {
      "both": {
        "realistic": 1.2844672078149684,
        "optimistic": 1.2844672078149684,
        "pessimistic": 1.2844672078149684
      },
      "head": {
        "realistic": 1.3177378255542966,
        "optimistic": 1.3177378255542966,
        "pessimistic": 1.3177378255542966
      },
      "tail": {
        "realistic": 1.252835268220475,
        "optimistic": 1.252835268220475,
        "pessimistic": 1.252835268220475
      }
    },
    "inverse_arithmetic_mean_rank": {
      "both": {
        "realistic": 0.407977207977208,
        "optimistic": 0.407977207977208,
        "pessimistic": 0.407977207977208
      },
      "head": {
        "realistic": 0.3852223816355811,
        "optimistic": 0.3852223816355811,
        "pessimistic": 0.3852223816355811
      },
      "tail": {
        "realistic": 0.433589018974566,
        "optimistic": 0.433589018974566,
        "pessimistic": 0.433589018974566
      }
    },
    "inverse_geometric_mean_rank": {
      "both": {
        "realistic": 0.6525925897633827,
        "optimistic": 0.6525925897633827,
        "pessimistic": 0.6525925897633827
      },
      "head": {
        "realistic": 0.6234669072360097,
        "optimistic": 0.6234669072360097,
        "pessimistic": 0.6234669072360097
      },
      "tail": {
        "realistic": 0.6830788984488403,
        "optimistic": 0.6830788984488403,
        "pessimistic": 0.6830788984488403
      }
    },
    "inverse_harmonic_mean_rank": {
      "both": {
        "realistic": 0.7785329153720624,
        "optimistic": 0.7785329153720624,
        "pessimistic": 0.7785329153720624
      },
      "head": {
        "realistic": 0.7588762958818135,
        "optimistic": 0.7588762958818135,
        "pessimistic": 0.7588762958818135
      },
      "tail": {
        "realistic": 0.7981895348623113,
        "optimistic": 0.7981895348623113,
        "pessimistic": 0.7981895348623113
      }
    },
    "inverse_median_rank": {
      "both": {
        "realistic": 1.0,
        "optimistic": 1.0,
        "pessimistic": 1.0
      },
      "head": {
        "realistic": 1.0,
        "optimistic": 1.0,
        "pessimistic": 1.0
      },
      "tail": {
        "realistic": 1.0,
        "optimistic": 1.0,
        "pessimistic": 1.0
      }
    },
    "rank_std": {
      "both": {
        "realistic": 5.500798457296962,
        "optimistic": 5.500798457296962,
        "pessimistic": 5.500798457296962
      },
      "head": {
        "realistic": 5.41676667782726,
        "optimistic": 5.41676667782726,
        "pessimistic": 5.41676667782726
      },
      "tail": {
        "realistic": 5.579810051464551,
        "optimistic": 5.579810051464551,
        "pessimistic": 5.579810051464551
      }
    },
    "rank_var": {
      "both": {
        "realistic": 30.258783667800635,
        "optimistic": 30.258783667800635,
        "pessimistic": 30.258783667800635
      },
      "head": {
        "realistic": 29.341361242019772,
        "optimistic": 29.341361242019772,
        "pessimistic": 29.341361242019772
      },
      "tail": {
        "realistic": 31.134280210424837,
        "optimistic": 31.134280210424837,
        "pessimistic": 31.134280210424837
      }
    },
    "hits_at_k": {
      "both": {
        "realistic": {
          "1": 0.6662011173184358,
          "3": 0.87243947858473,
          "5": 0.9217877094972067,
          "10": 0.9702048417132216
        },
        "optimistic": {
          "1": 0.6662011173184358,
          "3": 0.87243947858473,
          "5": 0.9217877094972067,
          "10": 0.9702048417132216
        },
        "pessimistic": {
          "1": 0.6662011173184358,
          "3": 0.87243947858473,
          "5": 0.9217877094972067,
          "10": 0.9702048417132216
        }
      },
      "head": {
        "realistic": {
          "1": 0.6424581005586593,
          "3": 0.8538175046554934,
          "5": 0.9050279329608939,
          "10": 0.9618249534450651
        },
        "optimistic": {
          "1": 0.6424581005586593,
          "3": 0.8538175046554934,
          "5": 0.9050279329608939,
          "10": 0.9618249534450651
        },
        "pessimistic": {
          "1": 0.6424581005586593,
          "3": 0.8538175046554934,
          "5": 0.9050279329608939,
          "10": 0.9618249534450651
        }
      },
      "tail": {
        "realistic": {
          "1": 0.6899441340782123,
          "3": 0.8910614525139665,
          "5": 0.9385474860335196,
          "10": 0.978584729981378
        },
        "optimistic": {
          "1": 0.6899441340782123,
          "3": 0.8910614525139665,
          "5": 0.9385474860335196,
          "10": 0.978584729981378
        },
        "pessimistic": {
          "1": 0.6899441340782123,
          "3": 0.8910614525139665,
          "5": 0.9385474860335196,
          "10": 0.978584729981378
        }
      }
    },
    "adjusted_arithmetic_mean_rank": {
      "both": {
        "realistic": 0.05136560309461905
      },
      "head": {
        "realistic": 0.05500586952876069
      },
      "tail": {
        "realistic": 0.04780468976165203
      }
    },
    "adjusted_arithmetic_mean_rank_index": {
      "both": {
        "realistic": 0.9689394883037293
      },
      "head": {
        "realistic": 0.9654515586104029
      },
      "tail": {
        "realistic": 0.9723497763150115
      }
    }
  },