{
  "times": {
    "training": 74.89548444747925,
    "evaluation": 0.1309065818786621
  },
  "metrics": {
    "mean_rank": {
      "best": 28.682029795158286,
      "worst": 28.682029795158286,
      "avg": 28.682029795158286
    },
    "mean_reciprocal_rank": {
      "best": 0.12529971153488395,
      "worst": 0.12529971153488395,
      "avg": 0.12529971153488395
    },
    "hits_at_k": {
      "best": {
        "1": 0.027467411545623835,
        "3": 0.11731843575418995,
        "5": 0.19320297951582868,
        "10": 0.33472998137802606
      },
      "worst": {
        "1": 0.027467411545623835,
        "3": 0.11731843575418995,
        "5": 0.19320297951582868,
        "10": 0.33472998137802606
      },
      "avg": {
        "1": 0.027467411545623835,
        "3": 0.11731843575418995,
        "5": 0.19320297951582868,
        "10": 0.33472998137802606
      }
    },
    "adjusted_mean_rank": 0.6033529568943967
  },
  "losses": [
    0.03868589802138406,
    0.037877469602034884,
    0.03764557739628215,
    0.037520481751048405,
    0.03745005806922348,
    0.03726149762855471,
    0.03701988545446582,
    0.036980887007049865,
    0.036875688937939854,
    0.036827890035878844,
    0.03675492886892785,
    0.03678262297255955,
    0.03678211846811804,
    0.03674688898225449,
    0.03678900141063846,
    0.036770026453717214,
    0.036749458651771344,
    0.036752391383801784,
    0.03674885392400765,
    0.036758780832330175,
    0.03676276859127607,
    0.036727263844175545,
    0.0367118079962993,
    0.036734691098147136,
    0.036725164800794116,
    0.0367451182761229,
    0.03672636155195671,
    0.036725463494526135,
    0.03672185884275826,
    0.03673758656404088,
    0.03673152432348546,
    0.03671205474329531,
    0.03671141585490632,
    0.03669380026501689,
    0.03671985155312248,
    0.036736680319352996,
    0.03672771047317749,
    0.03675262542643301,
    0.03671945574157968,
    0.03669762427881669,
    0.03673889963072104,
    0.036723242771562,
    0.03670665312970863,
    0.03672177584090834,
    0.0367211750656137,
    0.036745407653320745,
    0.03669188755231895,
    0.03670725672819545,
    0.03671111857277039,
    0.03672389295271969,
    0.03673066183827628,
    0.036700279208737197,
    0.03669909657353548,
    0.03672039784080817,
    0.03671387796080133,
    0.03672587088115686,
    0.036707653104376695,
    0.03672811249574308,
    0.03673716901391833,
    0.03671022333853198,
    0.03674407369501849,
    0.03670401852677178,
    0.03670261681185734,
    0.03669588152228762,
    0.03668406533376221,
    0.0366941864777063,
    0.03672469022218965,
    0.03674052466013645,
    0.03672070359252062,
    0.03671094776964385,
    0.0367181830465476,
    0.03669756781497321,
    0.03672581695818633,
    0.03670384348885698,
    0.03674368578841377,
    0.036718829275236245,
    0.03673650697535351,
    0.03670667627988446,
    0.036722341043981595,
    0.03673513603323377,
    0.036710760309683496,
    0.03671165441464502,
    0.036739728237624135,
    0.03670660767631463,
    0.03672552814562692,
    0.03670762204926278,
    0.03671102653670551,
    0.0367004203683459,
    0.036654707805301535,
    0.03670737247907459,
    0.036688565784406914,
    0.03672925927640419,
    0.036702083793174876,
    0.03672250281289317,
    0.0367232184921093,
    0.036709228727929054,
    0.03673106724867248,
    0.03671477037184757,
    0.03671068380117558,
    0.0366661792820625,
    0.03666620864326111,
    0.03669348350285496,
    0.03670954887792159,
    0.03672181367168347,
    0.036703431302799565,
    0.036693624380144445,
    0.03668558336419421,
    0.03672914804263253,
    0.03668429260073222,
    0.03671444739866285,
    0.03670417549625665,
    0.03667582725899822,
    0.0366726093845582,
    0.036723285401763825,
    0.03672813762215343,
    0.03670818217059012,
    0.0367036783321148,
    0.03669675134779646,
    0.03672379894042029,
    0.03668903838677686,
    0.03670404111230917,
    0.03673411714317814,
    0.036690323503854504,
    0.03669402301487942,
    0.036726668150626814,
    0.03673092185427551,
    0.03674039535793487,
    0.03670775953872166,
    0.036728228528941434,
    0.03670606138862895,
    0.03670767145512582,
    0.03669839416332256,
    0.036703416057561826,
    0.036715077535156106,
    0.036730871036816375,
    0.03668207583023713,
    0.03666253708183871,
    0.036718826169724855,
    0.03671375656353785,
    0.03667738001469397,
    0.03668507434264522,
    0.03668577590590048,
    0.03672778754632384,
    0.036724624441811994,
    0.03672052375517913,
    0.03671440505078024,
    0.036693328791923815,
    0.03668940850727088,
    0.03668952256423472,
    0.03669614859626729,
    0.036717559685715564,
    0.03674859334336999,
    0.03671842838194753,
    0.036730898139461246,
    0.03672122080132691,
    0.03672064712867714,
    0.036680437814137726,
    0.036691728324280325,
    0.03668170260423171,
    0.036674099183068465,
    0.036719216334883314,
    0.03669354476612514,
    0.03671846084865753,
    0.03670766947889131,
    0.03670801616689028,
    0.03670717654953771,
    0.03671659358935359,
    0.03670011320503736,
    0.03670257022918647,
    0.036693616192887135,
    0.036725608041965445,
    0.03669671888108646,
    0.036729593260038385,
    0.03673242209859682,
    0.03676338404717002,
    0.03670669265439907,
    0.03668625697784695,
    0.03669535810245855,
    0.03670738857126998,
    0.03669908810395895,
    0.03669812031368168,
    0.03669916376550922,
    0.03669230764331445,
    0.03670835833778178,
    0.03670972222192108,
    0.03669511220242019,
    0.03671173402866434,
    0.03672126851327466,
    0.03669536883058881,
    0.03670133677652561,
    0.03674739772148426,
    0.03671074506444575,
    0.03669088588373558,
    0.03671640556475479,
    0.03671927054017306,
    0.03669770050500539,
    0.036713746117726806,
    0.0367030572298365,
    0.03671718420115641,
    0.0366889855930832,
    0.036670805647078177,
    0.036677145407424304,
    0.036669466889349224,
    0.03670344174861061,
    0.036705995043612855,
    0.03670269021485387,
    0.03672409876342918,
    0.03669839783347239,
    0.03671481243741096,
    0.036726184820126614,
    0.03668532024268359,
    0.036705857554153974,
    0.03669814487545359,
    0.03667742998519545,
    0.03674311409199852,
    0.036685796797522575,
    0.03667445772847457,
    0.03670299596656632,
    0.036687788277282175,
    0.036735501636620316,
    0.0366822423985754,
    0.03668937067649575,
    0.03670485701484748,
    0.03671420178094371,
    0.0367313546496358,
    0.036684609080574936,
    0.036677732066758076,
    0.03664722324052882,
    0.03666691331202776,
    0.036719986784027624,
    0.03669156966088014,
    0.03668633856810078,
    0.03669880380850702,
    0.036690001942265876,
    0.036697515021279555,
    0.03669696958055152,
    0.03669558791030152,
    0.036675666619363514,
    0.03668656160028253,
    0.036675976323545016,
    0.03669447472562728,
    0.036703000201354585,
    0.03673261322870701,
    0.03673486020735836,
    0.03671461537859721,
    0.03670076790330253,
    0.03671908279789348,
    0.03671847411766075,
    0.03669692666803047,
    0.03667963913307167,
    0.03667564657469908,
    0.03668762763764747,
    0.03671980327653631,
    0.036712354283984984,
    0.03672086197360159,
    0.036721184946786306,
    0.03671740666869973,
    0.036715190180523855,
    0.03670094774064402,
    0.03674226515811177,
    0.03670335789980304,
    0.036696164688462686,
    0.03669677816812211,
    0.036740746563041334,
    0.036692138251784,
    0.036734413013717986,
    0.036723904527807605,
    0.036716726561704986,
    0.03671328367884869,
    0.036709144596802266,
    0.03672247655720595,
    0.03671175407332877,
    0.03669550123830177,
    0.03669359332503053,
    0.03672894251424226,
    0.03669679482495594,
    0.0366776885895986,
    0.03668277993436535,
    0.03670102961321707,
