{
  "times": {
    "training": 9.517298936843872,
    "evaluation": 0.08780550956726074
  },
  "metrics": {
    "mean_rank": {
      "best": 49.12849162011173,
      "worst": 49.12849162011173,
      "avg": 49.12849162011173
    },
    "mean_reciprocal_rank": {
      "best": 0.05296638648347166,
      "worst": 0.05296638648347166,
      "avg": 0.05296638648347166
    },
    "hits_at_k": {
      "best": {
        "1": 0.0111731843575419,
        "3": 0.030726256983240222,
        "5": 0.05027932960893855,
        "10": 0.1005586592178771
      },
      "worst": {
        "1": 0.0111731843575419,
        "3": 0.030726256983240222,
        "5": 0.05027932960893855,
        "10": 0.1005586592178771
      },
      "avg": {
        "1": 0.0111731843575419,
        "3": 0.030726256983240222,
        "5": 0.05027932960893855,
        "10": 0.1005586592178771
      }
    },
    "adjusted_mean_rank": 1.0184069162371674
  },
  "losses": [
    0.0016449244153647821,
    0.001641710952162531,
    0.0016416569939021036,
    0.0016416748505926047,
    0.0016416541001301253,
    0.0016416766150877135,
    0.001641703188384052,
    0.0016416827555306923,
    0.0016416721332701372,
    0.001641701176859628,
    0.0016416992712049107,
    0.0016416759798694744,
    0.0016416666986252021,
    0.0016416891077130839,
    0.0016416880137261165,
    0.0016416902017000513,
    0.0016416439719282006,
    0.0016416564998434733,
    0.001641661440429778,
    0.0016417198452178792,
    0.0016416922485143776,
    0.0016416593230356472,
    0.0016416572056415168,
    0.0016416875196674859,
    0.001641664475361365,
    0.0016416862139411053,
    0.0016417197393481728,
    0.0016416788736414527,
    0.0016416644047815606,
    0.0016416864962603228,
    0.0016416779913938984,
    0.0016416635578239084,
    0.001641630808794689,
    0.00164164266620182,
    0.0016416819791528444,
    0.0016416395254005265,
    0.0016416278444429061,
    0.001641676897406931,
    0.001641690731048584,
    0.001641618351459221,
    0.0016416609816610496,
    0.0016416827908205943,
    0.0016416596053548647,
    0.0016416712510225829,
    0.001641696730331954,
    0.0016416591818760385,
    0.0016416501123711793,
    0.0016416098113028943,
    0.0016416727684883763,
    0.0016416467951203748,
    0.001641641431055244,
    0.0016416463010617444,
    0.0016416230450162102,
    0.0016416085408664158,
    0.0016416623579672345,
    0.0016416250212507321,
    0.0016416286914005583,
    0.0016416205747230579,
    0.001641629397198602,
    0.0016416501829509837,
    0.001641613763771938,
    0.0016416377961953198,
    0.0016416537119412014,
    0.0016416511710682447,
    0.0016416261505276019,
    0.0016416666986252021,
    0.0016416556881757231,
    0.0016416045178175678,
    0.0016416439366382985,
    0.001641637619745809,
    0.0016416020475244154,
    0.0016415917781628822,
    0.0016416300677067432,
    0.0016416719921105284,
    0.0016416213158110037,
    0.001641625197700243,
    0.0016416508534591251,
    0.001641588108013056,
    0.0016416047295569809,
    0.001641579285537512,
    0.0016415892372899255,
    0.0016416141166709598,
    0.0016416076939087638,
    0.0016416028944820677,
    0.0016416106935504486,
    0.001641587119895795,
    0.0016416016593354915,
    0.0016416284443712432,
    0.0016416033885406983,
    0.0016416369139477655,
    0.0016416365610487436,
    0.001641604341368057,
    0.0016415710982802072,
    0.0016416343024950044,
    0.0016416027533224591,
    0.0016415650989968372,
    0.0016416044825276657,
    0.0016415860259088276,
    0.0016415964364299696,
    0.001641629785387526,
    0.00164159093120523,
    0.0016415920251921976,
    0.001641583132136849,
    0.001641602329843633,
    0.0016415667223323373,
    0.0016415944601954476,
    0.0016415612523975,
    0.0016415646049382066,
    0.0016415894490293386,
    0.001641565275446348,
    0.001641583908514697,
    0.0016415910017850343,
    0.0016415763917655335,
    0.001641561640586424,
    0.001641580732423501,
    0.0016416058941237527,
    0.0016415726157460006,
    0.0016415868022866755,
    0.001641572262846979,
    0.0016415883903322733,
    0.0016415762506059247,
    0.0016415746272704246,
    0.0016415596290619999,
    0.001641526985902487,
    0.0016415756506775877,
    0.0016416148577589054,
    0.0016415822851791968,
    0.0016415691573355873,
    0.0016415469599871187,
    0.001641531997068596,
    0.0016415887432312951,
    0.0016416124580455574,
    0.0016415868728664798,
    0.0016415633345017284,
    0.0016415818617003708,
    0.0016415693337850984,
    0.0016415864493876536,
    0.0016415775563323053,
    0.0016415746272704246,
    0.0016415729686450225,
    0.001641561675876326,
    0.0016415527122411733,
    0.0016415762153160227,
    0.0016415416665017922,
    0.0016415570176092388,
    0.0016415537709382386,
    0.0016415177046582147,
    0.0016415243038699215,
    0.0016415208807494105,
    0.0016415799913355555
  ]
}