{
  "times": {
    "training": 3822.3992035388947,
    "evaluation": 46.222362995147705
  },
  "metrics": {
    "arithmetic_mean_rank": {
      "both": {
        "realistic": 3123.129566439181,
        "optimistic": 3123.1285628261744,
        "pessimistic": 3123.130570052188
      },
      "head": {
        "realistic": 4441.211260537936,
        "optimistic": 4441.209755118426,
        "pessimistic": 4441.212765957447
      },
      "tail": {
        "realistic": 1805.0478723404256,
        "optimistic": 1805.047370533922,
        "pessimistic": 1805.0483741469288
      }
    },
    "geometric_mean_rank": {
      "both": {
        "realistic": 18.258287797387286,
        "optimistic": 18.258285672458616,
        "pessimistic": 18.25828992171846
      },
      "head": {
        "realistic": 34.54240969463055,
        "optimistic": 34.54240636028801,
        "pessimistic": 34.54241302873617
      },
      "tail": {
        "realistic": 9.650892228981963,
        "optimistic": 9.650890914200005,
        "pessimistic": 9.650893543198505
      }
    },
    "median_rank": {
      "both": {
        "realistic": 4.0,
        "optimistic": 4.0,
        "pessimistic": 4.0
      },
      "head": {
        "realistic": 8.0,
        "optimistic": 8.0,
        "pessimistic": 8.0
      },
      "tail": {
        "realistic": 2.0,
        "optimistic": 2.0,
        "pessimistic": 2.0
      }
    },
    "harmonic_mean_rank": {
      "both": {
        "realistic": 2.4705424064652135,
        "optimistic": 2.470542406065489,
        "pessimistic": 2.470542406864556
      },
      "head": {
        "realistic": 3.1419539898865025,
        "optimistic": 3.141953989751184,
        "pessimistic": 3.1419539900217957
      },
      "tail": {
        "realistic": 2.0355589890229098,
        "optimistic": 2.03555898853699,
        "pessimistic": 2.035558989508323
      }
    },
    "inverse_arithmetic_mean_rank": {
      "both": {
        "realistic": 0.0003201916471048444,
        "optimistic": 0.00032019174999798353,
        "pessimistic": 0.0003201915442117714
      },
      "head": {
        "realistic": 0.0002251637990936005,
        "optimistic": 0.0002251638754164933,
        "pessimistic": 0.00022516372277075935
      },
      "tail": {
        "realistic": 0.0005540019272194702,
        "optimistic": 0.0005540020812330294,
        "pessimistic": 0.0005540017732059968
      }
    },
    "inverse_geometric_mean_rank": {
      "both": {
        "realistic": 0.054769648233012155,
        "optimistic": 0.054769654607191964,
        "pessimistic": 0.054769641860626155
      },
      "head": {
        "realistic": 0.028949920079126536,
        "optimistic": 0.02894992287363219,
        "pessimistic": 0.028949917284819975
      },
      "tail": {
        "realistic": 0.10361736265139977,
        "optimistic": 0.10361737676763424,
        "pessimistic": 0.10361734854123977
      }
    },
    "inverse_harmonic_mean_rank": {
      "both": {
        "realistic": 0.40476941313902537,
        "optimistic": 0.4047694132045156,
        "pessimistic": 0.4047694130735978
      },
      "head": {
        "realistic": 0.3182732793729176,
        "optimistic": 0.3182732793866251,
        "pessimistic": 0.31827327935921274
      },
      "tail": {
        "realistic": 0.4912655469051333,
        "optimistic": 0.49126554702240605,
        "pessimistic": 0.49126554678798284
      }
    },
    "inverse_median_rank": {
      "both": {
        "realistic": 0.25,
        "optimistic": 0.25,
        "pessimistic": 0.25
      },
      "head": {
        "realistic": 0.125,
        "optimistic": 0.125,
        "pessimistic": 0.125
      },
      "tail": {
        "realistic": 0.5,
        "optimistic": 0.5,
        "pessimistic": 0.5
      }
    },
    "rank_std": {
      "both": {
        "realistic": 11776.564584649554,
        "optimistic": 11776.561495743059,
        "pessimistic": 11776.567673602023
      },
      "head": {
        "realistic": 14145.609832243837,
        "optimistic": 14145.605727582044,
        "pessimistic": 14145.613936964588
      },
      "tail": {
        "realistic": 8590.808495254343,
        "optimistic": 8590.806939216181,
        "pessimistic": 8590.810051321398
      }
    },
    "rank_var": {
      "both": {
        "realistic": 138687473.4164221,
        "optimistic": 138687400.663018,
        "pessimistic": 138687546.17092815
      },
      "head": {
        "realistic": 200098277.52607352,
        "optimistic": 200098161.40020195,
        "pessimistic": 200098393.65364677
      },
      "tail": {
        "realistic": 73801990.60213418,
        "optimistic": 73801963.8668849,
        "pessimistic": 73802017.33788477
      }
    },
    "hits_at_k": {
      "both": {
        "realistic": {
          "1": 0.2844239261340827,
          "3": 0.49056603773584906,
          "5": 0.5477719791248494,
          "10": 0.6112003211561622
        },
        "optimistic": {
          "1": 0.2844239261340827,
          "3": 0.49056603773584906,
          "5": 0.5477719791248494,
          "10": 0.6112003211561622
        },
        "pessimistic": {
          "1": 0.2844239261340827,
          "3": 0.49056603773584906,
          "5": 0.5477719791248494,
          "10": 0.6112003211561622
        }
      },
      "head": {
        "realistic": {
          "1": 0.21176234443998393,
          "3": 0.37876354877559215,
          "5": 0.4429947812123645,
          "10": 0.5289040545965475
        },
        "optimistic": {
          "1": 0.21176234443998393,
          "3": 0.37876354877559215,
          "5": 0.4429947812123645,
          "10": 0.5289040545965475
        },
        "pessimistic": {
          "1": 0.21176234443998393,
          "3": 0.37876354877559215,
          "5": 0.4429947812123645,
          "10": 0.5289040545965475
        }
      },
      "tail": {
        "realistic": {
          "1": 0.35708550782818144,
          "3": 0.602368526696106,
          "5": 0.6525491770373344,
          "10": 0.6934965877157768
        },
        "optimistic": {
          "1": 0.35708550782818144,
          "3": 0.602368526696106,
          "5": 0.6525491770373344,
          "10": 0.6934965877157768
        },
        "pessimistic": {
          "1": 0.35708550782818144,
          "3": 0.602368526696106,
          "5": 0.6525491770373344,
          "10": 0.6934965877157768
        }
      }
    },
    "adjusted_arithmetic_mean_rank": {
      "both": {
        "realistic": 0.051490883531532396
      },
      "head": {
        "realistic": 0.07434219742692388
      },
      "tail": {
        "realistic": 0.029317980970702855
      }
    },
    "adjusted_arithmetic_mean_rank_index": {
      "both": {
        "realistic": 0.9485247547494401
      },
      "head": {
        "realistic": 0.925673297577255
      },
      "tail": {
        "realistic": 0.9706977853142995
      }
    }
  },