{
  "times": {
    "training": 416.85372829437256,
    "evaluation": 0.11815977096557617
  },
  "metrics": {
    "mean_rank": {
      "best": 3.3864059590316575,
      "worst": 3.3864059590316575,
      "avg": 3.3864059590316575
    },
    "mean_reciprocal_rank": {
      "best": 0.5963074629403848,
      "worst": 0.5963074629403848,
      "avg": 0.5963074629403848
    },
    "hits_at_k": {
      "best": {
        "1": 0.40502793296089384,
        "3": 0.7430167597765364,
        "5": 0.8603351955307262,
        "10": 0.952048417132216
      },
      "worst": {
        "1": 0.40502793296089384,
        "3": 0.7430167597765364,
        "5": 0.8603351955307262,
        "10": 0.952048417132216
      },
      "avg": {
        "1": 0.40502793296089384,
        "3": 0.7430167597765364,
        "5": 0.8603351955307262,
        "10": 0.952048417132216
      }
    },
    "adjusted_mean_rank": 0.07006561236882676
  },
  "losses": [
    0.055028900336683464,
    0.05501175004891242,
    0.05498559410205941,
    0.05498473535985982,
    0.054951112033722556,
    0.054921058735597446,
    0.054889108413614135,
    0.05488030500849535,
    0.0548214806934421,
    0.05477589329753476,
    0.054683523622344944,
    0.05458374047993721,
    0.05440677205721537,
    0.05410033654184377,
    0.05349456304021542,
    0.05232805806152829,
    0.049568201328038276,
    0.04253762128871032,
    0.028662718330206494,
    0.017699573775020877,
    0.013048989175075895,
    0.011160065032792895,
    0.010029187781757183,
    0.009179591532615241,
    0.008474178291327052,
    0.007892121627145492,
    0.007368687044982607,
    0.006926516726724664,
    0.006532426204964909,
    0.006187489974811283,
    0.005871713733516829,
    0.005610201710116551,
    0.005368450977438398,
    0.005157090053799447,
    0.004962817706474651,
    0.0047871399573172525,
    0.004618899387478382,
    0.0044742220391829806,
    0.004334842405990045,
    0.004207976437993487,
    0.004087660357021214,
    0.003972261770862095,
    0.0038773755504564844,
    0.00377964832530486,
    0.0036884479831611173,
    0.0036056006417962048,
    0.003529899223439033,
    0.003450751517400536,
    0.003379639736917358,
    0.00331162732820051,
    0.003250403336706233,
    0.003187028705124998,
    0.003126213518895683,
    0.0030669091925136604,
    0.0030096605706136773,
    0.002949660207922762,
    0.002895433183633879,
    0.0028367119802908502,
    0.002779664084566443,
    0.0027231067691123887,
    0.002663954021583559,
    0.0026050347848777912,
    0.0025425730935866465,
    0.0024832052244954787,
    0.0024188244331642037,
    0.0023549193139658885,
    0.0022863177652383566,
    0.0022183097724555135,
    0.0021507025518444148,
    0.0020838156516911387,
    0.002017831196136466,
    0.0019546179903133978,
    0.0018953736034337055,
    0.0018398672977134529,
    0.0017823334905399141,
    0.0017367354280242088,
    0.0016890064471362905,
    0.0016483670826094427,
    0.0016112150572072923,
    0.0015786481159651995,
    0.001549961439539654,
    0.0015216362523089411,
    0.0014992887136781037,
    0.0014742247809129262,
    0.0014561944159815151,
    0.001439286960979526,
    0.0014206765913701014,
    0.0014058559826027588,
    0.0013900988191115052,
    0.0013768618371798082,
    0.001369258122037301,
    0.0013544288139497296,
    0.0013420326680586802,
    0.0013305453953336686,
    0.0013221459260928943,
    0.0013130034567711505,
    0.0013064614877327998,
    0.0012972872958898767,
    0.0012875419120524038,
    0.0012797606578759486,
    0.001272778549974554,
    0.001266968853367067,
    0.0012619209350243712,
    0.0012560056309714523,
    0.0012488792395770327,
    0.0012405769086760304,
    0.0012390986398867008,
    0.0012317441198067942,
    0.0012265257711769936,
    0.0012192177666483746,
    0.0012161492418902421,
    0.0012111979805295833,
    0.0012065808250383938,
    0.0012016454554591956,
    0.0011953576433050275,
    0.0011908409729851097,
    0.0011879597835884558,
    0.0011822312951701858,
    0.0011774436483501494,
    0.0011753449356009004,
    0.0011713103258682324,
    0.0011682481965405887,
    0.0011637540349269404,
    0.0011587139665522378,
    0.0011539595177194823,
    0.0011493419802813942,
    0.0011460258527780964,
    0.0011431375337060024,
    0.001138034069122335,
    0.001136176162556316,
    0.00112980707593904,
    0.0011313390126277444,
    0.0011240970500315842,
    0.0011224586007356197,
    0.0011189691617750049,
    0.001116418761065167,
    0.0011135342858787556,
    0.0011097904040097968,
    0.0011048184146176785,
    0.0011026288072268169,
    0.0011005544675730364,
    0.0010978005746246947,
    0.001094229111259573,
    0.0010926707679133737,
    0.001086397422652008,
    0.001083617334076193,
    0.0010829090929070438,
    0.0010784592353895808,
    0.0010771466373755468,
    0.001074172749989823,
    0.0010710624046623707,
    0.001067483534317896,
    0.001062225497219614,
    0.0010627145209255514,
    0.0010599064970326223,
    0.0010575420704534214,
    0.0010552145401190283,
    0.001050765828442261,
    0.001048321577577332,
    0.001048631826590063,
    0.0010443964217918531,
    0.0010402126469708673,
    0.001036969248086828,
    0.001035996929006407,
    0.0010330527942376524,
    0.0010307897283427054,
    0.0010281070859314463,
    0.0010262857233121823,
    0.0010214526736446088,
    0.0010216752239869218,
    0.0010197915019962782,
    0.0010159694169358479,
    0.0010133181150988693,
    0.001011662631668848,
    0.0010077830261031116,
    0.0010064873174670038,
    0.0010033157612249423,
    0.0010019150241679243,
    0.0010003829854523087,
    0.0009955712105757957,
    0.0009959447136574358,
    0.0009916821095311127,
    0.0009917483241244983,
    0.0009866344902929518,
    0.0009847433944599013,
    0.000982943730435791,
    0.0009788574253240328,
    0.0009794168292862199,
    0.0009771226164065163,
    0.0009740125867520713,
    0.0009716253584662404,
    0.0009704922746225131,
    0.0009655609015333518,
    0.0009649079458697346,
    0.0009658990004047584,
    0.0009634218053117897,
    0.0009585279633015505,
    0.0009573391422434023,
    0.000956681032912729,
    0.0009511870598901858,
    0.000949746391069744,
    0.0009505911459902141,
    0.0009449762318367034,
    0.0009450646089424801,
    0.0009419917755094026,
    0.0009405898350580466,
    0.0009384988737379791,
    0.00093772411712686,
    0.0009344814053984282,
    0.0009345012927979007,
    0.0009323612521733907,
    0.0009299532051655126,
    0.0009253856975389888,
    0.0009265919399102417,
    0.0009242700254160924,
    0.0009217428711455748,
    0.0009187760288488776,
    0.0009170312239101317,
    0.0009143769990457466,
    0.0009148803928497244,
    0.0009090549736336041,
    0.0009104194423037299,
    0.0009101237569785632,
    0.0009063617300158471,
    0.0009045563577168555,
    0.0009048492176814025,
    0.0009010043928281086,
    0.0008974635584649633,
    0.0008994541514650936,
    0.0008937325808202171,
    0.0008951778766046861,
    0.0008933553323917063,
    0.0008896716838974632,
    0.0008897009228917767,
    0.0008881748584186317,
    0.0008870910099718008,
    0.000883725920015395,
    0.0008829367662734641,
    0.000883966154150302,
    0.0008797990018676282,
    0.0008765155316961838,
    0.0008768971280407593,
    0.000874490775377228,
    0.0008728582689308383,
    0.0008726630094792512,
    0.0008697027727710397,
    0.0008699287309865938,
    0.0008650094624748279,
    0.000865800619257914,
    0.0008646817790686191,
    0.0008637282843893387,
    0.0008598502728850877,
    0.0008594438421438808,
    0.0008574373582343149,
    0.0008556427885795689,
    0.0008578769102246127,
    0.0008520872274602062,
    0.0008531581716828243,
    0.0008494485917846474,
    0.0008489310563531484,
    0.0008483170601452111,
    0.0008457927669883332,
    0.0008447564386654548,
    0.0008440836897810523,
    0.0008424756296802215,
