{
  "times": {
    "training": 708.0384106636047,
    "evaluation": 7.3135316371917725
  },
  "metrics": {
    "mean_rank": {
      "avg": 5486.916552667579,
      "best": 5486.916210670314,
      "worst": 5486.916894664842
    },
    "mean_reciprocal_rank": {
      "avg": 0.16051271931237557,
      "best": 0.16051271931296177,
      "worst": 0.1605127193117894
    },
    "hits_at_k": {
      "avg": {
        "1": 0.11542407660738714,
        "3": 0.17800957592339262,
        "5": 0.20536935704514364,
        "10": 0.24743502051983585
      },
      "best": {
        "1": 0.11542407660738714,
        "3": 0.17800957592339262,
        "5": 0.20536935704514364,
        "10": 0.24743502051983585
      },
      "worst": {
        "1": 0.11542407660738714,
        "3": 0.17800957592339262,
        "5": 0.20536935704514364,
        "10": 0.24743502051983585
      }
    },
    "adjusted_mean_rank": 0.27069851403317824
  },
  "losses": [
    0.0002658660011357966,
    0.00014928988449559925,
    0.0001361994716776026,
    0.00011101794477547671,
    7.445664356231583e-05,
    4.4869427155512825e-05,
    2.839507851406184e-05,
    2.06388306301747e-05,
    1.5770743007940807e-05,
    1.3371458223252385e-05,
    1.1526298295730535e-05,
    9.979922532990608e-06,
    9.449149905713984e-06,
    8.450129047342813e-06,
    8.24258934646752e-06,
    7.63552903034309e-06,
    7.497827479343863e-06,
    7.100703041181925e-06,
    6.897997108513686e-06,
    6.734353149530633e-06,
    6.699020772410435e-06,
    6.7636277373374495e-06,
    6.470652054597821e-06,
    6.332078148225823e-06,
    6.473721605139253e-06,
    6.294334127816721e-06,
    6.227511660619657e-06,
    6.303697997654906e-06,
    6.250479311122717e-06,
    5.98169632370949e-06,
    5.978413071753072e-06,
    5.922929836798103e-06,
    6.047903926586613e-06,
    6.012421970727159e-06,
    5.913956281636001e-06,
    5.916993071583363e-06,
    5.710844775552904e-06,
    5.509742025102604e-06,
    5.465659151886818e-06,
    5.5434628551044815e-06,
    5.292116558641056e-06,
    5.518458532409216e-06,
    5.46067935605202e-06,
    5.400625068329251e-06,
    5.60320543680677e-06,
    5.230481327830597e-06,
    5.199195928054204e-06,
    5.166162463234428e-06,
    5.076527300734704e-06,
    5.037133769637904e-06,
    5.0107188163816305e-06,
    4.97992336310046e-06,
    5.020324437316542e-06,
    4.926097035650901e-06,
    4.95515164624126e-06,
    4.669903797517611e-06,
    4.726914354785874e-06,
    4.758469286637341e-06,
    4.75821810676657e-06,
    4.651418236110351e-06,
    4.662207220428693e-06,
    4.662300814888251e-06,
    4.467853913444842e-06,
    4.739982719103858e-06,
    4.6292098565418375e-06,
    4.4490153142701005e-06,
    4.431853864581175e-06,
    4.36354762733248e-06,
    4.488530221027374e-06,
    4.694478202855504e-06,
    4.2944953909049816e-06,
    4.471914278711561e-06,
    4.429981506696759e-06,
    4.288668154517137e-06,
    4.398861793807374e-06,
    4.2354692533621715e-06,
    4.055765033567216e-06,
    4.038393129419484e-06,
    4.1925685855998825e-06,
    4.132024128204946e-06,
    4.068752679541765e-06,
    4.1558618046828375e-06,
    4.070670223388714e-06,
    4.077847093994233e-06,
    4.107775457205059e-06,
    3.964258156336232e-06,
    3.939564601077001e-06,
    4.087526650570649e-06,
    3.9648561280908435e-06,
    4.158601484140578e-06,
    3.934082921955017e-06,
    3.7832696904339293e-06,
    3.909462895616361e-06,
    3.7046965116105537e-06,
    3.891691802459002e-06,
    3.778568237525232e-06,
    3.858156251892978e-06,
    3.683135881046019e-06,
    3.850116660041845e-06,
    3.852845014307722e-06,
    3.7360798046792346e-06,
    3.7563494200648646e-06,
    3.7884406819841126e-06,
    3.8295044386291775e-06,
    3.8040965102505362e-06,
    3.757060677576423e-06,
    3.6354119356374755e-06,
    3.603962150323418e-06,
    3.777207604232678e-06,
    3.7389292508545765e-06,
    3.515523864122717e-06,
    3.575673534119758e-06,
    3.708626851984111e-06,
    3.6527207281655996e-06,
    3.6027924976871752e-06,
    3.645183007542351e-06,
    3.7204646966120826e-06,
    3.4734319233723162e-06,
    3.7304127070748065e-06,
    3.3786383323405156e-06,
    3.4633957954036144e-06,
    3.5762231289402208e-06,
    3.6967082560993582e-06,
    3.5359075297826025e-06,
    3.4670877421433464e-06,
    3.4555879103513065e-06,
    3.5416285977639996e-06,
    3.5924555361443158e-06,
    3.440968364553324e-06,
    3.518535502386738e-06,
    3.558839319312029e-06,
    3.482616155816677e-06,
    3.4441454857115313e-06,
    3.5134960648206293e-06,
    3.6124677388933455e-06,
    3.3648811923570885e-06,
    3.503003336719146e-06,
    3.3387372146969497e-06,
    3.306579348641749e-06,
    3.3373189314721107e-06,
    3.4243591748605784e-06,
    3.449799924521258e-06,
    3.3366895759628754e-06,
    3.429690131538794e-06,
    3.3971156637561677e-06,
    3.2945464879113542e-06,
    3.5084137390380234e-06,
    3.4963485917497686e-06,
    3.237326095830901e-06,
    3.2546250003702154e-06,
    3.3364332039336427e-06,
    3.2482221373541113e-06,
    3.7143528932884267e-06,
    3.448885661642819e-06,
    3.375981821677362e-06,
    3.345831435220197e-06,
    3.2516918897706457e-06,
    3.3618468978138855e-06,
    3.330978434634745e-06,
    3.3659926157707373e-06,
    3.3427569341514743e-06,
    3.3089673241083174e-06,
    3.3494277254802306e-06,
    3.242075492060613e-06,
    3.2817168480744186e-06,
    3.2062534490599447e-06,
    3.239822445140851e-06,
    3.2124882117867588e-06,
    3.175135757363725e-06,
    3.2683573245335068e-06,
    3.3896380507701337e-06,
    3.1963862083317946e-06,
    3.2422999314733416e-06,
    3.4115169129253007e-06,
    3.1723371058455933e-06,
    3.237369693403973e-06,
    3.1967888773166677e-06,
    3.2609551792099434e-06,
    3.224119681986495e-06,
    3.032380576067976e-06,
    3.0717231021820053e-06,
    3.146481883572959e-06,
    3.083966734128188e-06,
    3.1198574301465163e-06,
    3.301627059619149e-06,
    3.2140542468831683e-06,
    3.104949721371116e-06,
    3.1902341308282473e-06,
    3.1284541582770748e-06,
    3.162356897284327e-06,
    3.3068771363411532e-06,
    3.2020458891357577e-06,
    3.0951434004933295e-06,
    3.0217335125946915e-06,
    3.0953554997938855e-06,
    3.059661786226591e-06,
    3.138683743598029e-06,
    3.177242565018009e-06,
    3.111663186506018e-06,
    3.151279514108836e-06,
    2.965618681541429e-06,
    3.1095152773315425e-06,
    3.099348368627318e-06,
    3.117764945638802e-06,
    3.1534387395521293e-06,
    3.0864214509872566e-06,
    3.1145884946107266e-06,
    3.0205335894995465e-06,
    2.92635450276333e-06,
    3.0441360472686693e-06,
    3.1204782171870656e-06,
    3.0105982818451598e-06,
    3.039096017753323e-06,
    2.9647379817734107e-06,
    3.0484511109741823e-06,
    3.061565974582175e-06,
    2.8626423919121703e-06,
    2.9426189636960555e-06,
    3.0723208311349947e-06,
    3.0441984630727238e-06,
    3.021770858858025e-06,
    3.0737962345263143e-06,
    2.915832664126014e-06,
    3.0144088777597977e-06,
    3.045968085474238e-06,
    3.112727332209328e-06,
    2.994905968256392e-06,
    2.9147767783492434e-06,
    2.991033858350832e-06,
    2.9241889395550807e-06,
    2.907175605973543e-06,
    2.954470372716185e-06,
    2.928820588547069e-06,
    2.977016355827394e-06,
    2.8930869448670385e-06,
    2.8768244247303883e-06,
    2.816275304530715e-06,
    2.892033324588949e-06,
    2.9284519600270667e-06,
    2.9911154592591268e-06,
    3.088722051396804e-06,
    2.984695795307633e-06,
    2.926015856692301e-06,
    2.9821133762658053e-06,
    2.9822264060136363e-06,
    2.9269650870625167e-06,
    2.8486826669259327e-06,
    2.9026711644593165e-06,
    2.9325873323193415e-06,
    2.898769813921055e-06,
    3.0015965010883325e-06,
    3.0993450486587507e-06,
    2.8674971829669074e-06,
    2.6675187295387146e-06,
    2.8757470858803466e-06,
    2.8309954617391117e-06,
    2.8041968974046215e-06,
