{
  "times": {
    "training": 429.19987654685974,
    "evaluation": 8.008281707763672
  },
  "metrics": {
    "mean_rank": {
      "worst": 3720.3984268125855,
      "avg": 3720.3983413132696,
      "best": 3720.3982558139537
    },
    "mean_reciprocal_rank": {
      "worst": 0.4028717705169752,
      "avg": 0.40287177052346107,
      "best": 0.40287177052994877
    },
    "hits_at_k": {
      "worst": {
        "1": 0.3433652530779754,
        "3": 0.4387824897400821,
        "5": 0.4683652530779754,
        "10": 0.5018809849521204
      },
      "avg": {
        "1": 0.3433652530779754,
        "3": 0.4387824897400821,
        "5": 0.4683652530779754,
        "10": 0.5018809849521204
      },
      "best": {
        "1": 0.3433652530779754,
        "3": 0.4387824897400821,
        "5": 0.4683652530779754,
        "10": 0.5018809849521204
      }
    },
    "adjusted_mean_rank": 0.1835434609936568
  },
  "losses": [
    0.011343788775287364,
    0.010728675941114853,
    0.009648951895978157,
    0.008425884868939141,
    0.007231135599616759,
    0.006085956820814544,
    0.004977735403369401,
    0.003900317262819327,
    0.0029124256872314655,
    0.0021391865879013252,
    0.001572240144743672,
    0.0011500994279477004,
    0.0008336449330738581,
    0.0006012352918981867,
    0.00043592792492584676,
    0.0003184057745668337,
    0.00023473860675372462,
    0.00017770600573365356,
    0.00013817652768756877,
    0.00010928973445926544,
    8.92829703659877e-05,
    7.527145436004649e-05,
    6.675373932258876e-05,
    5.9562419284137354e-05,
    5.5238747815973156e-05,
    5.4228801739921966e-05,
    5.4945166725977435e-05,
    5.930924827611275e-05,
    7.32791539316663e-05,
    0.00010436948059615027,
    0.0001636899769461135,
    0.00023038282829674852,
    0.00023733906362233308,
    0.0001599848747928053,
    7.696706418864515e-05,
    3.5340460885737754e-05,
    2.1125189831159125e-05,
    1.6902699717594916e-05,
    1.4736930669877907e-05,
    1.3895851507156457e-05,
    1.4582088177297648e-05,
    1.557652885787579e-05,
    1.7724743120383844e-05,
    2.1500677094160844e-05,
    2.6706850462016093e-05,
    3.626953486551726e-05,
    6.0958846634555684e-05,
    0.00014048115101615924,
    0.00025831721876651113,
    0.00023407696516758762,
    0.00011043682508137591,
    3.818351798523879e-05,
    1.591192124520825e-05,
    1.0961878961181522e-05,
    9.542231896310136e-06,
    9.298441130539195e-06,
    8.573833373364193e-06,
    8.791586138552785e-06,
    8.782073579423634e-06,
    1.063655873083502e-05,
    1.0692605234623475e-05,
    1.287547420751982e-05,
    1.5705244379879603e-05,
    2.001386472952934e-05,
    2.8015204070561768e-05,
    5.06839887561804e-05,
    0.00012225401154017322,
    0.00025207411390258027,
    0.00020805396430281306,
    7.261348187197156e-05,
    2.223032628668808e-05,
    1.0183472615296903e-05,
    8.891707043335931e-06,
    7.707008882333407e-06,
    7.822141921091712e-06,
    7.686156938974178e-06,
    7.992889152271763e-06,
    8.02812287843012e-06,
    8.931560507391846e-06,
    9.689138598514813e-06,
    1.0867798466921382e-05,
    1.3064644193375632e-05,
    1.6968411690187506e-05,
    2.398332893684727e-05,
    3.880174430376257e-05,
    9.739084441441666e-05,
    0.00026813860263056856,
    0.0002626947368520813,
    7.298678787462102e-05,
    1.730083115802739e-05,
    8.746385877632453e-06,
    7.603576214311925e-06,
    7.368000078978902e-06,
    7.226379106226303e-06,
    7.357758721369741e-06,
    7.46971907621414e-06,
    7.980276969856202e-06,
    8.77654768856681e-06,
    8.409983824746232e-06,
    9.385549088757165e-06,
    1.1979367469829502e-05,
    1.461226233974428e-05,
    1.9410891121172227e-05,
    2.7656152706525533e-05,
    4.979979982363205e-05,
    0.000120871723594968,
    0.00026287630828041394,
    0.00018973484850575974,
    4.82708478782788e-05,
    1.3483383341854031e-05,
    8.62470075995226e-06,
    7.849025344910404e-06,
    7.494765530742013e-06,
    8.066240540061274e-06,
    8.354334133416461e-06,
    8.502121353549787e-06,
    8.628327426203505e-06,
    9.600767154222287e-06,
    1.0617767313694342e-05,
    1.2887967131207025e-05,
    1.7123961643538175e-05,
    2.3190527490389144e-05,
    2.8396735956191927e-05,
    4.515602275775689e-05,
    9.861320394021355e-05,
    0.00023281618861767964,
    0.0002152813431219785,
    5.881125447541018e-05,
    1.4733538598813497e-05,
    9.405713991745893e-06,
    7.615926701591431e-06,
    7.515108005855984e-06,
    7.659879807121116e-06,
    7.894390632946716e-06,
    8.600574780819478e-06,
    9.352672736798365e-06,
    1.0393451982598401e-05,
    1.3498143605461934e-05,
    1.5056037579976099e-05,
    1.6928442324768682e-05,
    2.453361345032744e-05,
    3.0469284665246967e-05,
    4.431382237444858e-05,
    8.29390743661796e-05,
    0.0001870029236144134,
    0.00021570495926307646,
    7.847190410547111e-05,
    1.9812852924837064e-05,
    9.807495349809015e-06,
    9.522855636895606e-06,
    8.084655248233179e-06
  ]
}