{
  "times": {
    "training": 85.34515380859375,
    "evaluation": 0.12235641479492188
  },
  "metrics": {
    "mean_rank": {
      "avg": 48.05074487895717,
      "best": 48.05074487895717,
      "worst": 48.05074487895717
    },
    "mean_reciprocal_rank": {
      "avg": 0.052850844009005186,
      "best": 0.052850844009005186,
      "worst": 0.052850844009005186
    },
    "hits_at_k": {
      "avg": {
        "1": 0.008379888268156424,
        "3": 0.03026070763500931,
        "5": 0.05260707635009311,
        "10": 0.10754189944134078
      },
      "best": {
        "1": 0.008379888268156424,
        "3": 0.03026070763500931,
        "5": 0.05260707635009311,
        "10": 0.10754189944134078
      },
      "worst": {
        "1": 0.008379888268156424,
        "3": 0.03026070763500931,
        "5": 0.05260707635009311,
        "10": 0.10754189944134078
      }
    },
    "adjusted_mean_rank": 0.9960513718511208
  },
  "losses": [
    0.009175996850715594,
    0.009137408954373906,
    0.009185848178600103,
    0.009154032315877494,
    0.00912817521543985,
    0.00911659330185433,
    0.009110715979717198,
    0.00914375503523073,
    0.009143473559551024,
    0.009104610675394758,
    0.009075127179256539,
    0.009125428351012063,
    0.009076137890976466,
    0.009075187132711268,
    0.00908498562286409,
    0.009110164301895471,
    0.009053936876942602,
    0.009062229917290505,
    0.009062601232461715,
    0.00906124956598889,
    0.009011645595567504,
    0.009052143700783619,
    0.00900038340118494,
    0.009037321691544314,
    0.009036657138821784,
    0.009012380175376207,
    0.009007379900984996,
    0.008996251300814447,
    0.009008474341046051,
    0.008987041113528419,
    0.008989652528075244,
    0.008956391420145607,
    0.008928936086455534,
    0.008961350172200006,
    0.008951365082674705,
    0.00895758190851533,
    0.008957592275147135,
    0.008937823136201065,
    0.00891525527176339,
    0.008885421891337477,
    0.008905109115754173,
    0.008867228173472907,
    0.008884431954738353,
    0.0088849649223942,
    0.00888232346833422,
    0.008888699839847365,
    0.008815655435962176,
    0.008875866744960293,
    0.008838805533973466,
    0.008840209633558431,
    0.00883742156769899,
    0.008849732759181926,
    0.008832343383116668,
    0.008842850236522124,
    0.008781577331408132,
    0.008824538202321484,
    0.008782242302702607,
    0.0087701574330696,
    0.008793203362476514,
    0.008778009982256408,
    0.008768762597876989,
    0.008785466157764977,
    0.008802865398175708,
    0.008752186172240682,
    0.008774809023079354,
    0.008736377505215812,
    0.008722517639398575,
    0.008749006713709135,
    0.008714168022076288,
    0.008720157647065902,
    0.008713885011632791,
    0.008758337352048146,
    0.008703422777996527,
    0.00869304303093796,
    0.008713565222667844,
    0.00865970988677682,
    0.008690865340639143,
    0.008674888337930937,
    0.008633081288485046,
    0.008656798384051197,
    0.008632668604453405,
    0.008652255594841996,
    0.008644108957007584,
    0.008610981638623534,
    0.008622727576601371,
    0.008627530661749929,
    0.008661524131056968,
    0.008630243524183494,
    0.008612525652856862,
    0.008591753378343047,
    0.008582864026451826,
    0.00857364966739876,
    0.008586686118488455,
    0.00860128149892507,
    0.00852911781226651,
    0.008557531089706813,
    0.008548838634057884,
    0.00854997444297937,
    0.008562376101811727,
    0.008526788347780928,
    0.008532475512684061,
    0.008503172909387489,
    0.008505897715073846,
    0.008503950155629648,
    0.008511389769641648,
    0.008494632395354104,
    0.008497603977106038,
    0.008535332559199815,
    0.008502317264620285,
    0.008495213973165005,
    0.008485366035713239,
    0.008495969230427725,
    0.008494111622094215,
    0.008436204733027055,
    0.008481170005454553,
    0.008468567083279291,
    0.008417245949363886,
    0.008431790515166543,
    0.008441731849971336,
    0.008441373566339972,
    0.008443239253111993,
    0.008394617447803976,
    0.008428620927956668,
    0.008390395103322432,
    0.008397635072469711,
    0.008422924603304167,
    0.008408726266260897,
    0.008364001379700635,
    0.008363763114597914,
    0.008359939041320751,
    0.00831799151913057,
    0.008331569574410549,
    0.00836441797040375,
    0.008354749432887032,
    0.00835110182954131,
    0.008306294916832492,
    0.008337351936526067,
    0.008304116403342186,
    0.008301290107911892,
    0.00829337297307418,
    0.008313662327184213,
    0.008306471819288275,
    0.008326083868183893,
    0.008274958765462097,
    0.008262508956903822,
    0.008260100200939714,
    0.008243827072533775,
    0.008265266690249747,
    0.008292557678642344,
    0.008244605602396562
  ]
}