{
  "times": {
    "training": 2399.600934743881,
    "evaluation": 13.715884923934937
  },
  "metrics": {
    "mean_rank": {
      "avg": 713.4232236049779,
      "worst": 713.4237254114813,
      "best": 713.4227217984745
    },
    "mean_reciprocal_rank": {
      "avg": 0.19958247721897532,
      "worst": 0.19958247716062524,
      "best": 0.19958247727736597
    },
    "hits_at_k": {
      "avg": {
        "1": 0.11230429546366921,
        "3": 0.22611401043757526,
        "5": 0.2856282617422722,
        "10": 0.37153753512645527
      },
      "worst": {
        "1": 0.11230429546366921,
        "3": 0.22611401043757526,
        "5": 0.2856282617422722,
        "10": 0.37153753512645527
      },
      "best": {
        "1": 0.11230429546366921,
        "3": 0.22611401043757526,
        "5": 0.2856282617422722,
        "10": 0.37153753512645527
      }
    },
    "adjusted_mean_rank": 0.014943372156661243
  },
  "losses": [
    0.00021820425779491543,
    6.367917208720288e-05,
    4.045499561442343e-05,
    3.401489291975775e-05,
    3.2200905768716504e-05,
    3.187750793750414e-05,
    3.15989072560341e-05,
    3.124131300929976e-05,
    3.084097602055399e-05,
    3.052921350608419e-05,
    3.0421512364480692e-05,
    3.0199596842595213e-05,
    3.010652267399318e-05,
    3.0036244531051825e-05,
    2.9951258834873014e-05,
    2.9849846289120086e-05,
    2.980973386815885e-05,
    2.977571880464645e-05,
    2.9685856182161692e-05,
    2.9625263744131913e-05,
    2.963564250025011e-05,
    2.958212373081929e-05,
    2.9532966364128792e-05,
    2.9514102822209056e-05,
    2.9494361394405652e-05,
    2.9453448509591894e-05,
    2.9482547476645734e-05,
    2.9412816346696705e-05,
    2.9406329699440363e-05,
    2.9424703933905074e-05,
    2.9405316611228704e-05,
    2.9352086858765988e-05,
    2.9349972104038728e-05,
    2.9334133136189353e-05,
    2.931142617345479e-05,
    2.931035513844159e-05,
    2.9313721588798976e-05,
    2.9293303673361084e-05,
    2.9310434510141313e-05,
    2.925162815963394e-05,
    2.9265889002266254e-05,
    2.924856048179244e-05,
    2.9293369093494346e-05,
    2.9260953336725766e-05,
    2.9247248320192608e-05,
    2.9272941672285935e-05,
    2.920640206859652e-05,
    2.9231269643309852e-05,
    2.9266251521706106e-05,
    2.9177244749784037e-05,
    2.9172167468005583e-05,
    2.920160736660276e-05,
    2.9197212860699632e-05,
    2.9166173045981002e-05,
    2.9151727332198795e-05,
    2.919212634962005e-05,
    2.9215466434576402e-05,
    2.9188802501800268e-05,
    2.911203441433364e-05,
    2.9159221830958408e-05,
    2.912941579484788e-05,
    2.9192522944197976e-05,
    2.9167502342463037e-05,
    2.912658244381872e-05,
    2.9142336604557507e-05,
    2.9163546997860037e-05,
    2.909691865108146e-05,
    2.9137917536447884e-05,
    2.9095683222972414e-05,
    2.9103833688076404e-05,
    2.914360131755307e-05,
    2.9085960719384645e-05,
    2.9091499507011057e-05,
    2.9050306546368576e-05,
    2.9115332498595322e-05,
    2.9122551371381434e-05,
    2.9102334428534636e-05,
    2.909785526225853e-05,
    2.9121460207695548e-05,
    2.914334347354959e-05,
    2.9048585302433426e-05,
    2.9044443109514035e-05,
    2.9076078270627756e-05,
    2.906754189279524e-05,
    2.9117099230114335e-05,
    2.9071772430704316e-05,
    2.9046814414284925e-05,
    2.9026945587686175e-05,
    2.908057959093521e-05,
    2.9064094562937787e-05,
    2.911808363088201e-05
  ]
}