{
  "times": {
    "training": 21.419383764266968,
    "evaluation": 0.10049748420715332
  },
  "metrics": {
    "mean_rank": {
      "avg": 47.8012104283054,
      "worst": 47.8012104283054,
      "best": 47.8012104283054
    },
    "mean_reciprocal_rank": {
      "avg": 0.05426223032320477,
      "worst": 0.05426223032320477,
      "best": 0.05426223032320477
    },
    "hits_at_k": {
      "avg": {
        "1": 0.010242085661080074,
        "3": 0.031191806331471134,
        "5": 0.05493482309124767,
        "10": 0.11033519553072625
      },
      "worst": {
        "1": 0.010242085661080074,
        "3": 0.031191806331471134,
        "5": 0.05493482309124767,
        "10": 0.11033519553072625
      },
      "best": {
        "1": 0.010242085661080074,
        "3": 0.031191806331471134,
        "5": 0.05493482309124767,
        "10": 0.11033519553072625
      }
    },
    "adjusted_mean_rank": 0.9921636338435891
  },
  "losses": [
    0.0013792124691973911,
    0.0013791635451133777,
    0.0013791565131047246,
    0.0013791724258147822,
    0.0013791599593470606,
    0.0013791548946265424,
    0.001379191791743375,
    0.001379112953717789,
    0.0013791629102792632,
    0.0013791672913322733,
    0.0013791924196012904,
    0.0013791346008634746,
    0.0013791779439882392,
    0.0013791493764530854,
    0.0013791668309031354,
    0.0013791810902540158,
    0.0013791521111231172,
    0.001379156799128886,
    0.0013791531994101706,
    0.0013791585501548502,
    0.0013791490834527249,
    0.0013791405445850744,
    0.0013791696004541625,
    0.0013791563038187528,
    0.0013791416886817203,
    0.0013791461953063136,
    0.0013791688260960668,
    0.0013791447721617051,
    0.0013791459860203418,
    0.0013791067169958285,
    0.0013791638311375393,
    0.0013791561433661743,
    0.0013791325498609508,
    0.0013791764510816403,
    0.0013791374680812885,
    0.0013791489299763455,
    0.0013791589338457986,
    0.0013791335614098145,
    0.0013791330940044774,
    0.00137916011282344,
    0.0013791604197761985,
    0.001379157608367977,
    0.0013791377820102464,
    0.0013791408724664303,
    0.0013791055031371921,
    0.0013791519018371454,
    0.0013791562828901556,
    0.0013791148791487298,
    0.001379160231418824,
    0.001379163573018174,
    0.0013791247086132063,
    0.0013791293198807855,
    0.001379156331723549,
    0.001379160824395744,
    0.001379134077648545,
    0.0013791258317812551,
    0.0013791301849294692,
    0.0013791284687845002,
    0.0013791363239846427,
    0.0013791298989053076,
    0.0013791621149925703,
    0.0013791456441865878,
    0.0013791374890098857,
    0.0013791442210419793,
    0.001379183783066853,
    0.0013791450233048715,
    0.0013791085447599825,
    0.0013791295780001508,
    0.0013791501438349821,
    0.0013791451070192602,
    0.0013791432025169166,
    0.0013791296617145395,
    0.0013791150814585025,
    0.0013791316917884662,
    0.001379152669219042,
    0.001379114230362217,
    0.0013791063193524821,
    0.001379115486078048,
    0.0013791232157066074,
    0.0013790969503171436,
    0.0013791081889738305,
    0.0013791496066676544,
    0.0013791306035014128,
    0.00137916286144587,
    0.0013791538412204843,
    0.0013791510019074665,
    0.0013791155488638396,
    0.001379114697767554,
    0.0013791608941577348,
    0.0013791342520535215,
    0.001379116413912523,
    0.00137915209019452,
    0.0013791399237033579,
    0.0013791536877441049,
    0.0013791404817992828,
    0.0013791675424754397,
    0.0013791178091523352,
    0.0013791335823384117,
    0.0013791344055299009,
    0.001379145546519801,
    0.0013791434955172772,
    0.0013791086912601628,
    0.0013791505763593238,
    0.0013791349775782238,
    0.0013791215972284252,
    0.0013791725513863653,
    0.0013791661960690209,
    0.0013791281967127367,
    0.0013791027335861648,
    0.0013791167138890827,
    0.0013791497392154366,
    0.001379098973414871,
    0.0013791031242533123,
    0.0013791003826070815,
    0.001379157036319654,
    0.0013791214088710506,
    0.0013791318592172436,
    0.0013791403213467045,
    0.001379121450728245,
    0.0013791327800755197,
    0.0013791534017199435,
    0.0013791314755262954,
    0.001379133512576421,
    0.0013791419537772848,
    0.0013791574618677968,
    0.0013791442001133821,
    0.0013791432653027082,
    0.0013791303663106447,
    0.0013791183184148667,
    0.001379118695129616,
    0.001379182869184776,
    0.0013791301500484738,
    0.0013791133932183298,
    0.0013791083494264088,
    0.0013791228878252515,
    0.001379158271106888,
    0.001379173102506091,
    0.0013791604267523977,
    0.0013791295710239519,
    0.0013791285106416946,
    0.00137912809904595,
    0.0013791205647509643,
    0.0013791406980614537,
    0.0013791173626755953,
    0.0013791007872266268,
    0.0013791433141361015,
    0.0013791580827495133,
    0.0013791108678342697,
    0.0013791497740964318,
    0.0013791591710365667
  ]
}