{
  "times": {
    "training": 478.2247414588928,
    "evaluation": 0.11327481269836426
  },
  "metrics": {
    "mean_rank": {
      "best": 10.566573556797021,
      "avg": 10.566573556797021,
      "worst": 10.566573556797021
    },
    "mean_reciprocal_rank": {
      "best": 0.19576610832046437,
      "avg": 0.19576610832046437,
      "worst": 0.19576610832046437
    },
    "hits_at_k": {
      "best": {
        "1": 0.053538175046554934,
        "3": 0.17690875232774675,
        "5": 0.3016759776536313,
        "10": 0.5679702048417132
      },
      "avg": {
        "1": 0.053538175046554934,
        "3": 0.17690875232774675,
        "5": 0.3016759776536313,
        "10": 0.5679702048417132
      },
      "worst": {
        "1": 0.053538175046554934,
        "3": 0.17690875232774675,
        "5": 0.3016759776536313,
        "10": 0.5679702048417132
      }
    },
    "adjusted_mean_rank": 0.21749029320350793
  },
  "losses": [
    0.008449189881148856,
    0.008449257117755404,
    0.008449213363034894,
    0.008449168896742082,
    0.008449173382438077,
    0.00844911268253005,
    0.008448994638265742,
    0.008449025500970387,
    0.008449010341689827,
    0.008448912430736009,
    0.008448927171444624,
    0.008448999451843095,
    0.008448865655321307,
    0.008448882823747195,
    0.008448785987128032,
    0.008448692533965414,
    0.008448584221498797,
    0.008448580691542073,
    0.00844860485011942,
    0.008448522196112947,
    0.0084484007195587,
    0.008448364352632997,
    0.008448369508044104,
    0.008448250270849757,
    0.008448136865757825,
    0.008448135568184799,
    0.008447991377126412,
    0.008447815639695872,
    0.008447686747442024,
    0.008447556892472707,
    0.008447372085983387,
    0.008447113673617777,
    0.008446914251991426,
    0.008446715737270951,
    0.008446301399880134,
    0.00844581700052215,
    0.008445464151349854,
    0.00844480852118592,
    0.00844409903476524,
    0.008443164496162857,
    0.008441761247674177,
    0.008440014184190986,
    0.008437475566281362,
    0.008433917481521988,
    0.008428576001234716,
    0.008419593419419245,
    0.008404052582628718,
    0.008373786782504021,
    0.00830701809055573,
    0.008138980828086088,
    0.007709736377698429,
    0.006929091763881485,
    0.0062143620668669765,
    0.005829722543808628,
    0.005646660198433123,
    0.005555624658527892,
    0.00551007143553165,
    0.005485653357531471,
    0.005471005592816108,
    0.00546228208261706,
    0.005456448361724057,
    0.005452875619970457,
    0.0054502197182022235,
    0.005448373114822732,
    0.0054469843593876015,
    0.0054459280930878075,
    0.005445131041416515,
    0.0054443769631314365,
    0.005443741877873738,
    0.005443221983614932,
    0.00544279965847619,
    0.005442300078909049,
    0.005441823778918173,
    0.005441487411016159,
    0.005441066606688812,
    0.005440746904926353,
    0.005440311502902472,
    0.005440039239293627,
    0.005439655440214198,
    0.0054392623906948144,
    0.005438854795800389,
    0.005438433907758654,
    0.00543803603419762,
    0.005437651213105028,
    0.005437129749201433,
    0.0054364637942628915,
    0.005435590845033917,
    0.005435237608682574,
    0.005434098660471511,
    0.005432666499125823,
    0.005431689984733692,
    0.005429581212305397,
    0.005427557441374559,
    0.00542457103868772,
    0.005421204994736093,
    0.005415432688811522,
    0.0054076240687502015,
    0.005396348382398653,
    0.005381530837926749,
    0.005357366498238808,
    0.005325616588502118,
    0.005282117552664619,
    0.005227006745109621,
    0.00516224198378204,
    0.0050940590628077475,
    0.0050258129304937655,
    0.0049554198345497305,
    0.004890629819381549,
    0.004822907355450066,
    0.004767916419923529,
    0.004711081378496765,
    0.004661201241283158,
    0.004615264766839113,
    0.004573450905134838,
    0.004537209484740143,
    0.004502803777878204,
    0.00447238375840897,
    0.004442353558478954,
    0.0044187871523006135,
    0.004394978201121427,
    0.0043635406890667775,
    0.004354682838202416,
    0.0043290498481596005,
    0.0043157866706004305,
    0.004305401161201438,
    0.00428577670164769,
    0.004272387973434023,
    0.004259490530086814,
    0.00424637868372577,
    0.00424747345166818,
    0.004236478668948014,
    0.0042193883067269,
    0.004219790027661717,
    0.004206916952177827,
    0.004202605399550793,
    0.004199441047978312,
    0.004187701175805558,
    0.00418647105216087,
    0.004182931719424573,
    0.004172633391585243,
    0.004164600521605113,
    0.004165929913074336,
    0.0041650511980168385,
    0.004154014324399639,
    0.004146710223054395,
    0.00414179607332869,
    0.00414106443747599,
    0.004129941235139464,
    0.004134331449643056,
    0.0041382811956581994,
    0.00413239011296842,
    0.00412411509563079,
    0.004121115689308902,
    0.00412376844481136,
    0.004125018881403663,
    0.004119126502884908,
    0.004124184479162599,
    0.00412014259674241,
    0.004116073072877493,
    0.004112192572614227,
    0.004107634945029623,
    0.004111633869760045,
    0.004109905821651444,
    0.00410171387863628,
    0.00410763882902845,
    0.004102123827997888,
    0.00410139061726825,
    0.004101334791979316,
    0.004100048609343026,
    0.004101659624736184,
    0.004093378457879083,
    0.004097869703441523,
    0.004093549435797814,
    0.004089428697911541,
    0.004086973093282641,
    0.004097711954140261,
    0.004087280726220724,
    0.004088352404688293,
    0.004088975058359265,
    0.004085471032166414,
    0.004091523653977596,
    0.004084834187162503,
    0.004084707061631068,
    0.004081967393152611,
    0.004085603114287282,
    0.0040785430037601385,
    0.00408622861250342,
    0.004078815361547671,
    0.004073412550006355,
    0.004077619004450487,
    0.004084380493544684,
    0.004079130582846283,
    0.004070750866713149,
    0.0040755796242742505,
    0.004078150541985526,
    0.004076969488925032,
    0.004077364830125807,
    0.004070820538013169,
    0.004070589737443442,
    0.004073135835582509,
    0.004071097648336312,
    0.0040756401968666455,
    0.004076364420507843,
    0.004073167200573487,
    0.004072114136349061,
    0.004065177045860206,
    0.0040621633365861935,
    0.004070443640138661,
    0.004068394491539689,
    0.004072923153945793,
    0.004062772334347504,
    0.0040719447402834666,
    0.004067430480240324,
    0.004066923889593127,
    0.004063188037329287,
    0.0040648937075353515,
    0.004072865035231417,
    0.004072028315148215,
    0.004067687181693115,
    0.004069382537588867,
    0.004067539642059178,
    0.00406028280271852,
    0.004061902405812723,
    0.0040633466359827845,
    0.004064110930911387,
    0.004069889255551698,
    0.004062591448482056,
    0.004061710769624523,
    0.004067221616328544,
    0.004061690597944938,
    0.004060503002953775,
    0.004060869080743539,
    0.00405536223488968,
    0.0040637368618855986,
    0.004064998491789294,
    0.004063584780746073,
    0.0040611792791788275,
    0.004059171883131234,
    0.004058523701803849,
    0.004057068796305174,
    0.004056706658323829,
    0.004054183415956935,
    0.004057741896615604,
    0.004056657162191493,
    0.004057105407397846,
    0.004062767587044043,
    0.004050213431988316,
    0.004058738406538294,
    0.0040498412535124725,
    0.00406017161082574,
    0.00406017599536685,
    0.004054322252782543,
    0.004061057771231686,
    0.004050255085128858,
    0.004055297567268436,
    0.004051884334562311,
    0.004054616610013813,
    0.004054953138368406,
    0.0040607944127409425,
    0.00404996642919627,
    0.004057398088597291,
    0.004049603441862689,
    0.004050349192310138,
    0.004052452763982034,
    0.00405210398367784,
    0.00404628680684091,
    0.004054123570633292,
    0.004051219148749716,
    0.004051997648963656,
    0.004051479713272736,
    0.004044274874519878,
