{
  "times": {
    "training": 595.2328958511353,
    "evaluation": 1.1038250923156738
  },
  "metrics": {
    "mean_rank": {
      "avg": 7.840782122905028,
      "worst": 7.840782122905028,
      "best": 7.840782122905028
    },
    "mean_reciprocal_rank": {
      "avg": 0.45000490014685324,
      "worst": 0.45000490014685324,
      "best": 0.45000490014685324
    },
    "hits_at_k": {
      "avg": {
        "1": 0.2811918063314711,
        "3": 0.5316573556797021,
        "5": 0.6731843575418994,
        "10": 0.7970204841713222
      },
      "worst": {
        "1": 0.2811918063314711,
        "3": 0.5316573556797021,
        "5": 0.6731843575418994,
        "10": 0.7970204841713222
      },
      "best": {
        "1": 0.2811918063314711,
        "3": 0.5316573556797021,
        "5": 0.6731843575418994,
        "10": 0.7970204841713222
      }
    },
    "adjusted_mean_rank": 0.16332389745909853
  },
  "losses": [
    0.001267547882249237,
    0.000976578090060851,
    0.0009742800210871165,
    0.0009731701409534904,
    0.0009722102525877707,
    0.0009700039572567306,
    0.0009665316910821289,
    0.0009608048394545634,
    0.0009522581593332331,
    0.0009395730052115431,
    0.0009112425631588876,
    0.0008545818499704537,
    0.0007877257584562797,
    0.0007374073057836584,
    0.0007087949555269565,
    0.0006871391497622157,
    0.0006681813610794392,
    0.000655588253544232,
    0.0006475575252572137,
    0.0006401847406161411,
    0.0006347158243565746,
    0.0006277054000631923,
    0.0006239544940338041,
    0.0006139440102718966,
    0.0006118483653061845,
    0.0006046496839210223,
    0.0006030956274491459,
    0.0006003732956973801,
    0.0005920329724162928,
    0.0005929313751795654,
    0.0005907068266236827,
    0.0005854425336188926,
    0.0005833477240530181,
    0.0005825348058889867,
    0.0005779841457831949,
    0.0005772782468728805,
    0.0005751225089284588,
    0.0005722005235917224,
    0.0005738999221948314,
    0.0005689289469676518,
    0.0005667921328352073,
    0.0005671737178434593,
    0.0005665667292274785,
    0.0005623269224476614,
    0.0005627650390850024,
    0.0005628444099177917,
    0.0005651278977634644,
    0.0005600422251034765,
    0.0005601857708634509,
    0.0005588122566792179,
    0.000556551477233513,
    0.0005548562085402481,
    0.0005573941794074095,
    0.0005558273538751772,
    0.0005519950460670481,
    0.000554980809559648,
    0.0005551848145487826,
    0.0005517804233029429,
    0.00055082234177278,
    0.0005502133143626237,
    0.0005516314823250199,
    0.0005466769813919223,
    0.0005474235436945372,
    0.000548377607806066,
    0.0005446049700445785,
    0.0005470560567125622,
    0.0005460214863918471,
    0.0005428121819366676,
    0.0005439173522639029,
    0.0005436045281616936,
    0.0005443844166392467,
    0.0005401442366327798,
    0.0005432186292463475,
    0.0005420460688361849,
    0.0005414011593461595,
    0.0005404894154742081,
    0.0005385734704201029,
    0.0005387147375790591,
    0.0005385262947459793,
    0.00053685445561726,
    0.0005384954520979066,
    0.0005379439835621511,
    0.0005353204522295838,
    0.0005349288755602269,
    0.0005353841562633322,
    0.000533178188813648,
    0.0005318675873005825,
    0.0005331065009560868,
    0.0005316015748021085,
    0.0005318327180776145,
    0.0005315250860115562,
    0.0005310957698493303,
    0.0005306318648201361,
    0.0005326645330208518,
    0.0005313567485841696,
    0.0005305073488231622,
    0.0005279307555379381,
    0.0005301049987223934,
    0.0005301788810305716,
    0.0005288381048404936,
    0.0005272638936935181,
    0.0005262635468613454,
    0.0005270163716106546,
    0.0005240486027875197,
    0.0005228610034362319,
    0.0005244456675454751,
    0.000523655739881461,
    0.0005198022811098045,
    0.0005196379972900847,
    0.0005205448831114151,
    0.000520749213365831,
    0.0005244045397999246,
    0.0005191245272385884,
    0.0005203898357792517,
    0.0005220565779225322,
    0.0005181009727722027,
    0.0005164390878075182,
    0.0005174148269695289,
    0.0005179666935846433,
    0.0005174877474342616,
    0.0005166185871534021,
    0.0005166174046876613,
    0.0005184889994282624,
    0.0005156213556301225,
    0.0005168488723564237,
    0.0005153202598265717,
    0.0005153156568432289,
    0.0005162746348149711,
    0.0005143451629108872,
    0.000512712667800821,
    0.0005136701759746236,
    0.0005139677400773998,
    0.0005124389827914173,
    0.0005148104828004534,
    0.0005108315910976589,
    0.0005124360261910529,
    0.0005144006258734826,
    0.000511826222678751,
    0.00051371866840632,
    0.0005118330924907762,
    0.0005121906449292761,
    0.000512059160145453,
    0.0005111403149388702,
    0.0005095914583513688,
    0.0005104054103008984,
    0.0005073172030691406,
    0.0005097914127849238,
    0.0005093186754517062,
    0.0005089569699947028,
    0.0005085769868961601,
    0.0005083516613346584,
    0.0005070054611498107,
    0.0005095151579181911,
    0.0005088253810039062,
    0.0005097309112625566,
    0.0005085345559094227,
    0.0005080930392470643,
    0.0005054596217684029,
    0.00050620627912173,
    0.0005071097601219063,
    0.0005072048513832667,
    0.0005046091297962301,
    0.0005050123166048739,
    0.0005066234178924829,
    0.0005052793149274777,
    0.0005063069548304384,
    0.0005027316907448659,
    0.0005045742304884037,
    0.0005058677586262927,
    0.0005053652778323671,
    0.0005070982402371947,
    0.000504062446497018,
    0.0005064147763470474,
    0.0005060997939832537,
    0.0005039001099088609,
    0.0005068906346573198,
    0.0005066982092866012,
    0.0005057803028148044,
    0.0005048647795870119,
    0.0005030140458616648,
    0.0005021495980032709,
    0.0005048799602321806,
    0.0005042131964905599,
    0.0005044526671676823,
    0.0005021484887876203,
    0.0005019272674112285,
    0.0005010319755967246,
    0.0005027103501159266,
    0.0005017068945150474,
    0.0005043291326347138,
    0.0005008721552363663,
    0.0005022886981803937,
    0.0005018478673656056,
    0.0005026233961547582,
    0.0005033029747380411,
    0.0005029663788015198,
    0.0005001371211026994,
    0.0005005778394262777,
    0.000500028162901656,
    0.0005008215603526779,
    0.0005019505522196435,
    0.0005019486254806655,
    0.0005027596958239706,
    0.0005014458996477478,
    0.0005022816312907452,
    0.0005015518851159663,
    0.000502051165578573,
    0.0005008632863072978,
    0.000503099871422635,
    0.0005016115468783716,
    0.0005007751206675551,
    0.0005010414784878827,
    0.000500339325796464,
    0.0005030411575512772,
    0.0004988591586089648,
    0.0004993780443709944,
    0.0005030965978412257,
    0.0005017727358817831,
    0.0005015271610304824,
    0.0004973687673657295,
    0.0005010343649449029,
    0.000497805807488353,
    0.0004985944720243247,
    0.0004976156947276231,
    0.000498809286633904,
    0.000497493898576258,
    0.0005005795651635204,
    0.0005003454264825427,
    0.0004992845728958535,
    0.0004978799160869883,
    0.0004981776249458951,
    0.0004988830908958553,
    0.000498002988446769,
    0.0005000319121726387,
    0.0004968916834244846,
    0.0004971105533857805,
    0.0004984493692639225,
    0.000498593162242951,
    0.0004981615055659402,
    0.0004974848364936781,
    0.0004979085799808918,
    0.0004978674138662464,
    0.0004985452549399509,
    0.0004957626440321628,
    0.0004978124414176475,
    0.0004976889696704705,
    0.0004990243454104506,
    0.0004988834397058083,
    0.0005001567377384459,
    0.0004966268821685725
  ]
}