{
  "times": {
    "training": 1530.1320209503174,
    "evaluation": 3.6894562244415283
  },
  "metrics": {
    "mean_rank": {
      "avg": 6322.168177154583,
      "worst": 6322.175102599179,
      "best": 6322.161251709987
    },
    "mean_reciprocal_rank": {
      "avg": 0.3099515966455583,
      "worst": 0.3099515948590202,
      "best": 0.30995159843588577
    },
    "hits_at_k": {
      "avg": {
        "1": 0.22759917920656636,
        "3": 0.35755813953488375,
        "5": 0.40937072503419975,
        "10": 0.4639192886456908
      },
      "worst": {
        "1": 0.22759917920656636,
        "3": 0.35755813953488375,
        "5": 0.40937072503419975,
        "10": 0.4639192886456908
      },
      "best": {
        "1": 0.22759917920656636,
        "3": 0.35755813953488375,
        "5": 0.40937072503419975,
        "10": 0.4639192886456908
      }
    },
    "adjusted_mean_rank": 0.311871580599508
  },
  "losses": [
    234157.08387673597,
    0.0049369458089620535,
    0.0035385193903087753,
    0.0027833217540563352,
    0.002294562687129838,
    0.0019469112310119467,
    0.001684243020939897,
    0.0014777856577719102,
    0.0013101931916841634,
    0.0011710516718257693,
    0.001053340513903328,
    0.0009524674847075968,
    0.0008648880828231386,
    0.0007882222052629888,
    0.0007204367639177848,
    0.0006602287898775916,
    0.0006063298540035526,
    0.0005579135179909621,
    0.0005142473199085648,
    0.0004747485701324423,
    0.0004389022380605245,
    0.0004063398278415248,
    0.00037668242593896323,
    0.0003496961732699428,
    0.00032515634213694193,
    0.0003028021603180269,
    0.00028254650903754904,
    0.00026418453141645375,
    0.0002475578954660306,
    0.00023260024473705602,
    0.00021913061309115694,
    0.00020702411959048274,
    0.0001961556864603037,
    0.0001863274774021584,
    0.00017745010486953618,
    0.00016936004993198446,
    0.00016195510368807717,
    0.00015511029612183102,
    0.0001488294481909706,
    0.00014301315102555263,
    0.00013774499049014571,
    0.00013296880426603156,
    0.0001286377610037376,
    0.00012473001501653753,
    0.00012112223459596987,
    0.00011780883146203995,
    0.00011480886448745725,
    0.00011194896607525638,
    0.00010929883606210646,
    0.00010680775459351282,
    0.00010447393615995073,
    0.00010227968009159705,
    0.00010022690382595669,
    9.82391719732687e-05,
    9.637967438009163e-05,
    9.465581800764187e-05,
    9.299398265234607e-05,
    9.141995042881882e-05,
    8.995684724375747e-05,
    8.857465466873645e-05,
    8.726380949241161e-05,
    8.602611564751666e-05,
    8.489097516791552e-05,
    8.377596357917865e-05,
    8.273491467774324e-05,
    8.176051223957959e-05,
    8.083660184264868e-05,
    7.9955052809478e-05,
    7.914271430396801e-05,
    7.83598113318078e-05,
    7.762645713780866e-05,
    7.695454936517998e-05,
    7.629114692331324e-05,
    7.564945158520714e-05,
    7.505909046373234e-05,
    7.452129146871741e-05,
    7.396896783399344e-05,
    7.34493136734404e-05,
    7.296545116997482e-05,
    7.251062809952513e-05,
    7.209341970639754e-05,
    7.17014751628523e-05,
    7.129501049155481e-05,
    7.092510368013249e-05,
    7.055969180324425e-05,
    7.023974504781281e-05,
    6.98975148077621e-05,
    6.959008917208411e-05,
    6.930665256146225e-05,
    6.903947692839259e-05,
    6.874183230333726e-05,
    6.849597281977841e-05,
    6.824784274274417e-05,
    6.801635903515608e-05,
    6.778490163983047e-05,
    6.75981995307931e-05,
    6.73663668594463e-05,
    6.716695694249524e-05,
    6.696082970193745e-05,
    6.678023302250638e-05,
    6.661256620750087e-05,
    6.64351308921459e-05,
    6.629007454489522e-05,
    6.61175167352412e-05,
    6.598668157564854e-05,
    6.583922287184222e-05,
    6.57141623687034e-05,
    6.555362247395965e-05,
    6.541486890666307e-05,
    6.530676775905218e-05,
    6.517895364040662e-05,
    6.507113323692112e-05,
    6.495569502488002e-05,
    6.484703915192604e-05,
    6.475003052634469e-05,
    6.465940506473633e-05,
    6.455247058741362e-05,
    6.446991939409853e-05,
    6.437516798632992e-05,
    6.426708643298558e-05,
    6.419297317730968e-05,
    6.411036162861278e-05,
    6.399704538427412e-05,
    6.394153134277971e-05,
    6.385127404370493e-05,
    6.377389222291691e-05,
    6.373750679674344e-05,
    6.362776561686482e-05,
    6.357254137156298e-05,
    6.350176310483217e-05,
    6.346659361916618e-05,
    6.34010631462701e-05,
    6.331452823029478e-05,
    6.327940269313886e-05,
    6.31979602600753e-05,
    6.312924369548865e-05,
    6.308533664567654e-05,
    6.302118926415925e-05,
    6.297507340940818e-05,
    6.294100565764833e-05,
    6.284848014609213e-05,
    6.282240790883676e-05,
    6.277656995469294e-05,
    6.273995509374164e-05,
    6.269299862008638e-05,
    6.26444916776112e-05,
    6.258629370356257e-05,
    6.255080152484022e-05,
    6.249585064338684e-05,
    6.247597032641633e-05,
    6.242034391501074e-05,
    6.238517629150726e-05,
    6.234365947810667e-05,
    6.228071337910273e-05,
    6.224122014445941e-05,
    6.219603689461445e-05,
    6.216069108468117e-05,
    6.212794573911844e-05,
    6.207107150923539e-05,
    6.205435647371957e-05,
    6.201774529017057e-05,
    6.198431705046651e-05,
    6.19537865789642e-05,
    6.188130953738551e-05,
    6.186230279181995e-05,
    6.182460659293763e-05,
    6.179074279958823e-05,
    6.172163003277828e-05,
    6.171785571558845e-05,
    6.166386764320993e-05,
    6.163336065519913e-05,
    6.157701972841666e-05,
    6.155336931395145e-05,
    6.15179945439724e-05,
    6.147762620891309e-05,
    6.143425224903825e-05,
    6.1368084646421e-05,
    6.131065618522432e-05,
    6.128381210439739e-05,
    6.122781432764594e-05,
    6.118999657070932e-05,
    6.110751048739043e-05,
    6.106179078123667e-05,
    6.103158113124365e-05,
    6.095607689848708e-05,
    6.090664248311307e-05,
    6.082701048627517e-05,
    6.078419759703871e-05,
    6.0701989820543956e-05,
    6.0642097872514224e-05,
    6.055716581661075e-05,
    6.0482269381499266e-05,
    6.039374845646519e-05,
    6.0327392450996654e-05,
    6.0228278977139946e-05,
    6.012432369037115e-05,
    6.003515961006556e-05,
    5.992431020753597e-05,
    5.9804506763462376e-05,
    5.972274930049649e-05,
    5.960682038248993e-05,
    5.9515043832295204e-05,
    5.939538808760556e-05,
    5.92320462509532e-05,
    5.912270665868796e-05,
    5.8987836042101505e-05,
    5.8832783170087106e-05,
    5.8666438156645674e-05,
    5.8534798738581256e-05,
    5.83764109211929e-05,
    5.8219027314154925e-05,
    5.803532379889542e-05,
    5.787648798931325e-05,
    5.76702282717792e-05,
    5.7509589046283824e-05,
    5.731977156885262e-05,
    5.7147003191384846e-05,
    5.693532804584052e-05,
    5.6749164173494835e-05,
    5.652932408078883e-05,
    5.632739392797076e-05,
    5.611944936896177e-05,
    5.589524079985085e-05,
    5.566681829639534e-05,
    5.546182260981628e-05,
    5.524041325640268e-05,
    5.500075924374614e-05,
    5.47874722886225e-05,
    5.456841413122911e-05,
    5.4322866282377076e-05,
    5.4123327728070664e-05,
    5.3870222275892094e-05,
    5.362816373951956e-05,
    5.34123534878255e-05,
    5.319646725480635e-05,
    5.296738344301127e-05,
    5.275179354587421e-05,
    5.253097688902682e-05,
    5.233917451862778e-05,
    5.209986419226216e-05,
    5.190924033746226e-05,
    5.167171389575383e-05,
    5.150746598967604e-05,
    5.13101796505478e-05,
    5.1128026647009004e-05,
    5.094721342247723e-05,
    5.07744256042473e-05,
    5.059430516517079e-05,
    5.0451652306654494e-05,
    5.030264218484823e-05,
    5.013383902170044e-05,
    4.996947467616913e-05,
    4.983180225643131e-05,
    4.968377537654287e-05,
    4.9574580284871265e-05,
    4.943909935960272e-05,
    4.933043079672845e-05,
    4.9210869526286685e-05,
    4.911812283701454e-05,
    4.900743949808931e-05,
    4.889269887438123e-05,
