{
  "times": {
    "training": 491.5565276145935,
    "evaluation": 0.11840987205505371
  },
  "metrics": {
    "mean_rank": {
      "worst": 22.848230912476723,
      "avg": 22.848230912476723,
      "best": 22.848230912476723
    },
    "mean_reciprocal_rank": {
      "worst": 0.19077847382191976,
      "avg": 0.19077847382191976,
      "best": 0.19077847382191976
    },
    "hits_at_k": {
      "worst": {
        "1": 0.0856610800744879,
        "3": 0.18668528864059591,
        "5": 0.2723463687150838,
        "10": 0.41480446927374304
      },
      "avg": {
        "1": 0.0856610800744879,
        "3": 0.18668528864059591,
        "5": 0.2723463687150838,
        "10": 0.41480446927374304
      },
      "best": {
        "1": 0.0856610800744879,
        "3": 0.18668528864059591,
        "5": 0.2723463687150838,
        "10": 0.41480446927374304
      }
    },
    "adjusted_mean_rank": 0.47534046237039584
  },
  "losses": [
    0.022114279899704322,
    0.019016630501113133,
    0.015195386128479175,
    0.014157719477620465,
    0.013835554168130575,
    0.013555900741382484,
    0.013395983893214987,
    0.013222770925876353,
    0.013254018326042297,
    0.013126789672432767,
    0.013086494616466516,
    0.012902375282754612,
    0.012971234176489297,
    0.012976177427429385,
    0.012887825903374605,
    0.012809260409981123,
    0.012806525126043777,
    0.012952496440669571,
    0.012850653198774388,
    0.012811904305710775,
    0.012780928754069831,
    0.012894423755255532,
    0.012827434427059544,
    0.01273576385073001,
    0.012769839220614022,
    0.012815881771652887,
    0.012799937333841896,
    0.01283648188752628,
    0.012782584652583697,
    0.012829254056965366,
    0.012810040293226528,
    0.012970730983251043,
    0.01288641830173771,
    0.012947144161226151,
    0.01291434948196572,
    0.012835912908730882,
    0.013029645444748553,
    0.012950032126256143,
    0.01298881404464611,
    0.013152120906985207,
    0.013079373228750872,
    0.01300719723607717,
    0.0130753115321813,
    0.013038803896542345,
    0.013140020787381055,
    0.01316708405868391,
    0.013203300131059317,
    0.013148819183588921,
    0.013193416712659129,
    0.01353079838196883,
    0.013692590976587395,
    0.013586441620012348,
    0.01372961952501022,
    0.01373970698328054,
    0.013658820285221165,
    0.013735864743981021,
    0.013989758625459136,
    0.014311470998248805,
    0.014258083402552408,
    0.014433695652176825,
    0.014307841044686707,
    0.014369561821780402,
    0.014565022487877013,
    0.014585180577825518,
    0.014539135138640243,
    0.015014584549469,
    0.015221078339475818,
    0.015284831199641531,
    0.015438062351629528,
    0.015393245700146822,
    0.015499687233890934,
    0.015521067079533352,
    0.015371967190771961,
    0.015248174343104666,
    0.015259906761208723,
    0.014965186237395926,
    0.014939687741494803,
    0.014634980342249745,
    0.014574680993619483,
    0.014457451409838173,
    0.014404326258750443,
    0.014342562675699312,
    0.014362856634100725,
    0.014390221960870515,
    0.014330339886610874,
    0.014387116882573353,
    0.014333954464630242,
    0.014205085078763604,
    0.01435775382353572,
    0.014345790381623565,
    0.014219435148136447,
    0.014337117961618337,
    0.01433913063690457,
    0.014180040077658627,
    0.014157355166553112,
    0.014065906028734164,
    0.014290146962198871,
    0.014161569781406095,
    0.014153784706016605,
    0.014121549029586913,
    0.01424689306302017,
    0.014049510356415523,
    0.014113720632001255,
    0.014136887138032735,
    0.014206422806790705,
    0.014212139899587809,
    0.014142824190386226,
    0.014134458360377323,
    0.014179200743244828,
    0.014087669049086196,
    0.01410353725099385,
    0.014105446357628827,
    0.01417854887325219,
    0.014082101386472973,
    0.014114961628052178,
    0.014044851650682729,
    0.014072133123539807,
    0.014126468324259426,
    0.014174327658914895,
    0.014116905671492052,
    0.014108951674418503,
    0.01408427936977215,
    0.01427514029297043,
    0.014049650340825877,
    0.01405109731613027,
    0.01407534210534578,
    0.014106396222940545,
    0.014072620341282212,
    0.014083717953176533,
    0.01407465525669105,
    0.014180023516162057,
    0.014252038442351844,
    0.014186822394195121,
    0.014078964943184835,
    0.01424745333551914,
    0.014215054946222555,
    0.014038629508978419,
    0.014092938604761152,
    0.014096549666776193,
    0.014112351399459195,
    0.014148673482155531,
    0.014026134592317017,
    0.014060467872280307,
    0.014119548353363065,
    0.014142088271147303,
    0.01419859646020757,
    0.014067319141568316,
    0.014117676206630713,
    0.01421147118905064,
    0.01438785894086745,
    0.014082558411225844,
    0.014060781843095237,
    0.014093960994638307,
    0.014077276019344616,
    0.014081275920742906,
    0.014132838486955407,
    0.014211307750659043,
    0.014116652016894202,
    0.014136996678310388,
    0.014201976135652163,
    0.014284057438038709,
    0.014099514063043094,
    0.01408759214346775,
    0.014409795194194558,
    0.01407973263203428,
    0.014052655199047331,
    0.014091831719160973,
    0.014031428215878734,
    0.014042190886503748,
    0.014186380214793851,
    0.014086956109446979,
    0.014082029992051786,
    0.014065945486116052,
    0.014088524638043807,
    0.014121150856049319,
    0.014043196240502797,
    0.014119444952140587,
    0.014015194168139932,
    0.014050028813577323,
    0.014174260338593958,
    0.01433352166124051,
    0.014057678076323498,
    0.01409379303566972,
    0.014288233334986905,
    0.014304828135931537,
    0.0142403943289755,
    0.014043392857697127,
    0.014095272813062096,
    0.01411462678444966,
    0.014137596282619663,
    0.014093214527386405,
    0.014264845529968819,
    0.014189121651738771,
    0.013994581299774655,
    0.014124357856614759,
    0.014042861508519461,
    0.014077979806210665,
    0.01418398975042368,
    0.014156899676564035,
    0.014125495465395602,
    0.014168968752082367,
    0.014360823588313235,
    0.014264592405562097,
    0.014105038487174537,
    0.01412322475445851,
    0.014183276880546455,
    0.01421390072013555,
    0.014021397822916731,
    0.014136980284242595,
    0.014071749083781511,
    0.014205206799484817,
    0.014167858280715871,
    0.014085448580734738,
    0.01409881031803424,
    0.014110544396473674,
    0.01431429305215007,
    0.0140742946430092,
    0.014292928107668844,
    0.014150608149583866,
    0.014115242936303106,
    0.01411103458607688,
    0.01409511748101381,
    0.014107201876265279,
    0.014407659179708932,
    0.01414177276556858,
    0.014122193588522937,
    0.014086435545473064,
    0.014168041364084023,
    0.014170476057556239,
    0.01443584155891272,
    0.014247311900059382,
    0.014170423247729347,
    0.01413745011729694,
    0.014119817383503645,
    0.014108929183152732,
    0.014189185623484158,
    0.01406355517522226,
    0.014203141439943279,
    0.014282983019668958,
    0.014134246200211486,
    0.014109530643130957,
    0.014058191426907585,
    0.01410526888312472,
    0.01410840634493792,
    0.014223496537753259,
    0.014156628734944911,
    0.014353320072317838,
    0.01416287145643645,
    0.01424890702192703,
    0.01432088783450341,
    0.014305506724766577,
    0.014202891119968579,
    0.014213299022966556,
    0.014220058987761259,
    0.014157057938615927,
    0.014188740430364895,
    0.01413942233062862,
    0.014163262918870547,
    0.014246737465876319,
    0.014092973736899623,
    0.014204954414555196,
    0.014190487033418948,
    0.014138178906860423,
    0.014104434920384197,
    0.014217647008793185,
    0.014434894302699449,
    0.014248853877242585,
    0.014429494278149659,
    0.014192123538099425,
    0.014103902817777033,
    0.01408572867512703,
    0.014143840524922596,
    0.014160839791936374,
