{
  "times": {
    "training": 2533.779847383499,
    "evaluation": 6.528343677520752
  },
  "metrics": {
    "mean_rank": {
      "best": 7142.747553576671,
      "avg": 7142.747688129954,
      "worst": 7142.747822683237
    },
    "mean_reciprocal_rank": {
      "best": 0.0006436595339067315,
      "avg": 0.0006436595080138268,
      "worst": 0.0006436594821443239
    },
    "hits_at_k": {
      "best": {
        "1": 4.892846658185733e-05,
        "3": 0.00017124963303650063,
        "5": 0.0002446423329092866,
        "10": 0.0004892846658185732
      },
      "avg": {
        "1": 4.892846658185733e-05,
        "3": 0.00017124963303650063,
        "5": 0.0002446423329092866,
        "10": 0.0004892846658185732
      },
      "worst": {
        "1": 4.892846658185733e-05,
        "3": 0.00017124963303650063,
        "5": 0.0002446423329092866,
        "10": 0.0004892846658185732
      }
    },
    "adjusted_mean_rank": 0.9998063720183649
  },
  "losses": [
    0.10116318555028322,
    0.10114609370115886,
    0.10107970365564911,
    0.10106753238959544,
    0.10111383509921118,
    0.10107183537904564,
    0.10103835240177574,
    0.10104695014819735,
    0.10100682146824386,
    0.10092538014891313,
    0.10096838266490332,
    0.10093144370424724,
    0.10089269360175936,
    0.10093741918011892,
    0.10086677845942506,
    0.10083654094328966,
    0.10082834488856254,
    0.10076842395223194,
    0.10079108521170056,
    0.10074311592804808,
    0.1007405098876426,
    0.10076225362350526,
    0.10072247923803752,
    0.1006408017387381,
    0.10067112949321501,
    0.10063032897429966,
    0.10067944435638461,
    0.10066221278642909,
    0.10063694982534119,
    0.10064441529926856,
    0.1005397657460262,
    0.10055962013326078,
    0.10063953961457417,
    0.10051858634676067,
    0.10060080746302559,
    0.1005899045664646,
    0.10055185071299173,
    0.10054198702231172,
    0.10052170517702072,
    0.1004781055557332,
    0.10045279089369712,
    0.10045805730746629,
    0.10043292508473056,
    0.10047045654203791,
    0.10044526869311932,
    0.10038566924402285,
    0.10043159673625013,
    0.10041614907681082,
    0.10038187438321106,
    0.1004665168786179,
    0.1004229478811702,
    0.1003640382254796,
    0.10034497931859455,
    0.10031305878098817,
    0.10031730951224706,
    0.10031562959241243,
    0.10030488567836991,
    0.10035964732128662,
    0.10025206929764739,
    0.10027394791438667,
    0.10027840031509115,
    0.10029252806880926,
    0.10022735388576902,
    0.10027407756979462,
    0.10021441050502616,
    0.10019644334609201,
    0.10016069648972162,
    0.10022636012148879,
    0.10021199398686682,
    0.10015785008126223,
    0.10018881543403778,
    0.10020957211006122,
    0.10019876086422529,
    0.10019188796755668,
    0.10016447477693093,
    0.10012118761133311,
    0.10014889437096136,
    0.10010085153121476,
    0.10015034397064193,
    0.10012948807730265,
    0.10006957984541466,
    0.10005748121723057,
    0.10011367052056974,
    0.10009948403552776,
    0.09998860116756084,
    0.10006625801042827,
    0.10004921778514927,
    0.10003480621243124,
    0.10006582013648126,
    0.10004311909546013,
    0.10000785983384423,
    0.10002743340207967,
    0.09996259131141655,
    0.100023759631253,
    0.09998462786277683,
    0.09999008569832536,
    0.09993455767086117,
    0.09996403555595552,
    0.09995920407220735,
    0.09997918248283906,
    0.09990771164860897,
    0.09994690607364369,
    0.0999723742894585,
    0.09999295331006136,
    0.09991387545163302,
    0.09996398710383997,
    0.09998012377163819,
    0.09993661805808565,
    0.09989487169079053,
    0.09987722836371729,
    0.09993122414778759,
    0.09990744254222973,
    0.09989287540054552,
    0.09990948184533653,
    0.09987620927115938,
    0.09986040907307589,
    0.09984719916539372,
    0.09985750061086185,
    0.09985976838015026,
    0.09986886145614149,
    0.09982024849358129,
    0.0998522950066881,
    0.09987207812988523,
    0.09983326145261348,
    0.09975217438220776,
    0.09981664205104336,
    0.09977313765875287,
    0.09979224447452902,
    0.09978594119600097,
    0.09976090118824278,
    0.09968120613923145,
    0.09973832118814135,
    0.09984524632259006,
    0.09979139979907307,
    0.09979218609016785,
    0.09976717839550228,
    0.09972572843249078,
    0.09974228823357792,
    0.09970083422617282,
    0.09969875188216686,
    0.09968295822730938,
    0.09979009104522396,
    0.09972384835022027,
    0.0997249654334582,
    0.09969082554012755,
    0.09972270440365753,
    0.09974954997731147,
    0.09965193426587354,
    0.09965232819121086,
    0.09965897265674457
  ]
}