{
  "times": {
    "training": 228.39668321609497,
    "evaluation": 0.20021963119506836
  },
  "metrics": {
    "mean_rank": {
      "best": 3.7034450651769086,
      "worst": 3.7034450651769086,
      "avg": 3.7034450651769086
    },
    "mean_reciprocal_rank": {
      "best": 0.575338340011609,
      "worst": 0.575338340011609,
      "avg": 0.575338340011609
    },
    "hits_at_k": {
      "best": {
        "1": 0.38361266294227186,
        "3": 0.7136871508379888,
        "5": 0.8435754189944135,
        "10": 0.9436685288640596
      },
      "worst": {
        "1": 0.38361266294227186,
        "3": 0.7136871508379888,
        "5": 0.8435754189944135,
        "10": 0.9436685288640596
      },
      "avg": {
        "1": 0.38361266294227186,
        "3": 0.7136871508379888,
        "5": 0.8435754189944135,
        "10": 0.9436685288640596
      }
    },
    "adjusted_mean_rank": 0.07713746751296148
  },
  "losses": [
    0.01936931765816185,
    0.013609410950753572,
    0.006948818845067466,
    0.004232395536916798,
    0.003700812721113964,
    0.0034649943390491415,
    0.003329936039114322,
    0.003215907760485937,
    0.0030941419479566233,
    0.0030235060821383257,
    0.0029502422167319623,
    0.0028819507568915922,
    0.002844431675505765,
    0.002805808378114934,
    0.002750016643390171,
    0.0027286093373571903,
    0.002701679110018648,
    0.0026949115134801797,
    0.002655774414995406,
    0.0026403307245018775,
    0.0026189990878830688,
    0.0026024995012643086,
    0.0025859427716180138,
    0.0025923890933701385,
    0.002577147847377217,
    0.002553393980374818,
    0.002553541835463756,
    0.0025407758118255125,
    0.0025208808533142735,
    0.002529761068346781,
    0.002508264095265216,
    0.0025122966957435515,
    0.002509301449634372,
    0.002498376900234263,
    0.002498360387244077,
    0.002484718577243904,
    0.0024949573662763373,
    0.0024633317136542334,
    0.0024512791519981114,
    0.0024885902020379148,
    0.002468014346223764,
    0.0024605740707808904,
    0.002464633391736675,
    0.002452066774355345,
    0.002463906472993575,
    0.002455592222602459,
    0.002445091170124528,
    0.002428438293303743,
    0.0024501111850880213,
    0.002447681495403585,
    0.0024315996460916563,
    0.002411188751442553,
    0.0024172001000980353,
    0.0024461662365177694,
    0.0024253189868305913,
    0.0024177406051009544,
    0.002413240694118252,
    0.002418504090027444,
    0.0024100750984932724,
    0.0024120642982156464,
    0.002429320078869856,
    0.0024267698494039045,
    0.0024197718278114243,
    0.0024044199056194376,
    0.002409684454672534,
    0.0024011825644742516,
    0.0023836338461362774,
    0.002385489492086791,
    0.002404522536516936,
    0.002406442257656789,
    0.002399098993456061,
    0.0023971272658422408,
    0.0023858524538046414,
    0.0023897969237422355,
    0.0024064698041598087,
    0.0024040152067196477,
    0.002399065118232456,
    0.0024111429888847517,
    0.0023959396616948163,
    0.002378523808338048,
    0.0023903361523187326,
    0.0024080109897624243,
    0.0023925410753006136,
    0.0023715241107137436,
    0.002383475972135457,
    0.0023729750372718825,
    0.0023743231090401344,
    0.002374435747949204,
    0.002384621766395867,
    0.002381537287724501,
    0.0023811212719037906,
    0.002398684358268746,
    0.0023772080923990463,
    0.0023652897952150635,
    0.0023738896302671316,
    0.0023518042046574996,
    0.0023776419599861437,
    0.0023698252307474336,
    0.0023594985401897937,
    0.002359525862037403,
    0.002361149835284304,
    0.0023627801085839726,
    0.002364772414894991,
    0.0023691067200682513,
    0.002370208664012424,
    0.002365062344637926,
    0.00235790889398439,
    0.002359153559298014,
    0.002372055462943495,
    0.0023805353640533344,
    0.0023769244364391286,
    0.0023527159746901975,
    0.002359263398462195,
    0.0023569639604093945,
    0.0023546668389996983,
    0.0023619756958236367,
    0.0023671776047133413,
    0.002337351569026004,
    0.0023360711977815376,
    0.002381836708041243,
    0.0023621030582188303,
    0.002357781143647127,
    0.002361957732111055,
    0.002359228802837034,
    0.0023553657703221974,
    0.002339853566795699,
    0.002351038427722609,
    0.0023405051057458913,
    0.002357168198338176,
    0.0023352976932891466,
    0.0023461607465135067,
    0.002350611296309723,
    0.002335993269386907,
    0.002355077840241321,
    0.002346046764250105,
    0.002341509916037426,
    0.002349590957544095,
    0.00235124803601663,
    0.0023479317476247413,
    0.0023376117675165797,
    0.002355781462185664,
    0.002353720895728892,
    0.00233861546673941,
    0.0023460566366618075,
    0.0023502620312686982,
    0.002339166566953656,
    0.002338094913447799,
    0.002340954083344142,
    0.002364042183547368,
    0.0023636467556891203,
    0.0023367601931435214,
    0.0023672471952420563,
    0.0023588663940919624,
    0.0023304867241636254,
    0.002345706713350999,
    0.002364113673891293,
    0.002345394853817313,
    0.002345848407257132,
    0.0023498885887927876,
    0.0023441797543983308,
    0.002340010771517422,
    0.0023517994474347554,
    0.0023528963431178797,
    0.00235079141010614,
    0.0023350804672037577,
    0.002338377381382817,
    0.0023310152151707337,
    0.0023436160815473337,
    0.002328057815050462,
    0.0023571693045017395,
    0.0023553992432153222,
    0.0023289833032335973,
    0.0023280800766466805,
    0.002332080152776957,
    0.0023427167488785272,
    0.002329454275043437,
    0.002342823652043932,
    0.002333558889407637,
    0.00234082789818254,
    0.0023353456677380627,
    0.002341980919349164,
    0.0023537204250534613,
    0.0023458284091104993,
    0.0023343331150646055,
    0.0023479610861388946,
    0.002340065014517207,
    0.0023312810111890308,
    0.0023368407981095257,
    0.0023368205085975793,
    0.0023382250419059203,
    0.002331235167532915,
    0.002328614390272933,
    0.0023566176248269594,
    0.00235804452524653,
    0.0023481542480436298,
    0.002315257211701512,
    0.0023329519062418114,
    0.002336131578092446,
    0.002334639770680801,
    0.002336278162532127,
    0.0023341004416034365
  ]
}