{
  "times": {
    "training": 224.71951246261597,
    "evaluation": 0.8407177925109863
  },
  "metrics": {
    "arithmetic_mean_rank": {
      "tail": {
        "realistic": 2.1722532588454375,
        "optimistic": 2.1722532588454375,
        "pessimistic": 2.1722532588454375
      },
      "both": {
        "realistic": 2.2900372439478587,
        "optimistic": 2.2900372439478587,
        "pessimistic": 2.2900372439478587
      },
      "head": {
        "realistic": 2.4078212290502794,
        "optimistic": 2.4078212290502794,
        "pessimistic": 2.4078212290502794
      }
    },
    "geometric_mean_rank": {
      "tail": {
        "realistic": 1.4590879752566381,
        "optimistic": 1.4590879752566381,
        "pessimistic": 1.4590879752566381
      },
      "both": {
        "realistic": 1.5209272496399189,
        "optimistic": 1.5209272496399189,
        "pessimistic": 1.5209272496399189
      },
      "head": {
        "realistic": 1.5853874049577972,
        "optimistic": 1.5853874049577972,
        "pessimistic": 1.5853874049577972
      }
    },
    "median_rank": {
      "tail": {
        "realistic": 1.0,
        "optimistic": 1.0,
        "pessimistic": 1.0
      },
      "both": {
        "realistic": 1.0,
        "optimistic": 1.0,
        "pessimistic": 1.0
      },
      "head": {
        "realistic": 1.0,
        "optimistic": 1.0,
        "pessimistic": 1.0
      }
    },
    "harmonic_mean_rank": {
      "tail": {
        "realistic": 1.259308075178185,
        "optimistic": 1.259308075178185,
        "pessimistic": 1.259308075178185
      },
      "both": {
        "realistic": 1.2930687093814288,
        "optimistic": 1.2930687093814288,
        "pessimistic": 1.2930687093814288
      },
      "head": {
        "realistic": 1.3286893783474207,
        "optimistic": 1.3286893783474207,
        "pessimistic": 1.3286893783474207
      }
    },
    "inverse_arithmetic_mean_rank": {
      "tail": {
        "realistic": 0.4603514787826833,
        "optimistic": 0.4603514787826833,
        "pessimistic": 0.4603514787826833
      },
      "both": {
        "realistic": 0.4366741207562512,
        "optimistic": 0.4366741207562512,
        "pessimistic": 0.4366741207562512
      },
      "head": {
        "realistic": 0.4153132250580046,
        "optimistic": 0.4153132250580046,
        "pessimistic": 0.4153132250580046
      }
    },
    "inverse_geometric_mean_rank": {
      "tail": {
        "realistic": 0.6853596335232017,
        "optimistic": 0.6853596335232017,
        "pessimistic": 0.6853596335232017
      },
      "both": {
        "realistic": 0.6574936442467916,
        "optimistic": 0.6574936442467916,
        "pessimistic": 0.6574936442467916
      },
      "head": {
        "realistic": 0.6307606562741804,
        "optimistic": 0.6307606562741804,
        "pessimistic": 0.6307606562741804
      }
    },
    "inverse_harmonic_mean_rank": {
      "tail": {
        "realistic": 0.794086863818852,
        "optimistic": 0.794086863818852,
        "pessimistic": 0.794086863818852
      },
      "both": {
        "realistic": 0.7733541092942962,
        "optimistic": 0.7733541092942962,
        "pessimistic": 0.7733541092942962
      },
      "head": {
        "realistic": 0.7526213547697405,
        "optimistic": 0.7526213547697405,
        "pessimistic": 0.7526213547697405
      }
    },
    "inverse_median_rank": {
      "tail": {
        "realistic": 1.0,
        "optimistic": 1.0,
        "pessimistic": 1.0
      },
      "both": {
        "realistic": 1.0,
        "optimistic": 1.0,
        "pessimistic": 1.0
      },
      "head": {
        "realistic": 1.0,
        "optimistic": 1.0,
        "pessimistic": 1.0
      }
    },
    "rank_std": {
      "tail": {
        "realistic": 4.676811248242614,
        "optimistic": 4.676811248242614,
        "pessimistic": 4.676811248242614
      },
      "both": {
        "realistic": 4.713303154692642,
        "optimistic": 4.713303154692642,
        "pessimistic": 4.713303154692642
      },
      "head": {
        "realistic": 4.746592848569315,
        "optimistic": 4.746592848569315,
        "pessimistic": 4.746592848569315
      }
    },
    "rank_var": {
      "tail": {
        "realistic": 21.872563451688634,
        "optimistic": 21.872563451688634,
        "pessimistic": 21.872563451688634
      },
      "both": {
        "realistic": 22.21522662803561,
        "optimistic": 22.21522662803561,
        "pessimistic": 22.21522662803561
      },
      "head": {
        "realistic": 22.530143670089366,
        "optimistic": 22.530143670089366,
        "pessimistic": 22.530143670089366
      }
    },
    "hits_at_k": {
      "tail": {
        "realistic": {
          "1": 0.6769087523277467,
          "3": 0.9003724394785847,
          "5": 0.9450651769087524,
          "10": 0.9767225325884544
        },
        "optimistic": {
          "1": 0.6769087523277467,
          "3": 0.9003724394785847,
          "5": 0.9450651769087524,
          "10": 0.9767225325884544
        },
        "pessimistic": {
          "1": 0.6769087523277467,
          "3": 0.9003724394785847,
          "5": 0.9450651769087524,
          "10": 0.9767225325884544
        }
      },
      "both": {
        "realistic": {
          "1": 0.6475791433891993,
          "3": 0.883147113594041,
          "5": 0.9380819366852886,
          "10": 0.972998137802607
        },
        "optimistic": {
          "1": 0.6475791433891993,
          "3": 0.883147113594041,
          "5": 0.9380819366852886,
          "10": 0.972998137802607
        },
        "pessimistic": {
          "1": 0.6475791433891993,
          "3": 0.883147113594041,
          "5": 0.9380819366852886,
          "10": 0.972998137802607
        }
      },
      "head": {
        "realistic": {
          "1": 0.6182495344506518,
          "3": 0.8659217877094972,
          "5": 0.931098696461825,
          "10": 0.9692737430167597
        },
        "optimistic": {
          "1": 0.6182495344506518,
          "3": 0.8659217877094972,
          "5": 0.931098696461825,
          "10": 0.9692737430167597
        },
        "pessimistic": {
          "1": 0.6182495344506518,
          "3": 0.8659217877094972,
          "5": 0.931098696461825,
          "10": 0.9692737430167597
        }
      }
    },
    "adjusted_arithmetic_mean_rank": {
      "tail": {
        "realistic": 0.0450255717456335
      },
      "both": {
        "realistic": 0.04799000980483022
      },
      "head": {
        "realistic": 0.05102050882402265
      }
    },
    "adjusted_arithmetic_mean_rank_index": {
      "tail": {
        "realistic": 0.975187718018959
      },
      "both": {
        "realistic": 0.9723873346453751
      },
      "head": {
        "realistic": 0.9695231952269131
      }
    }
  },