{
  "times": {
    "training": 27.062317609786987,
    "evaluation": 0.26264476776123047
  },
  "metrics": {
    "mean_rank": {
      "worst": 8.96508379888268,
      "avg": 8.96508379888268,
      "best": 8.96508379888268
    },
    "mean_reciprocal_rank": {
      "worst": 0.36751690604012466,
      "avg": 0.36751690604012466,
      "best": 0.36751690604012466
    },
    "hits_at_k": {
      "worst": {
        "1": 0.1610800744878957,
        "3": 0.4818435754189944,
        "5": 0.6322160148975792,
        "10": 0.7909683426443203
      },
      "avg": {
        "1": 0.1610800744878957,
        "3": 0.4818435754189944,
        "5": 0.6322160148975792,
        "10": 0.7909683426443203
      },
      "best": {
        "1": 0.1610800744878957,
        "3": 0.4818435754189944,
        "5": 0.6322160148975792,
        "10": 0.7909683426443203
      }
    },
    "adjusted_mean_rank": 0.1846733357049733
  },
  "losses": [
    0.07323681655333832,
    0.03776901381618529,
    0.03676857109815147,
    0.03611482767186411,
    0.03564495666977073,
    0.03515661588570576,
    0.03459782823435014,
    0.03381645294813943,
    0.03312099415780243,
    0.03271325949806656,
    0.03243758722195758,
    0.03218295864977026,
    0.03192647795764704,
    0.03186661548484635,
    0.03173122791018692,
    0.03155059460495406,
    0.031565163882262895,
    0.03150358852583533,
    0.03145987211846261,
    0.0313763995541843,
    0.03132676076013848,
    0.03127955038777606,
    0.031190928620936392,
    0.031172376348818455,
    0.031156697927529182,
    0.031058226978376534,
    0.031137988121287933,
    0.031099177892565232,
    0.031055309456293933,
    0.031022214374293797,
    0.031048344076562026,
    0.03100452906920262,
    0.03100119544388346,
    0.030960071273920028,
    0.030975492078923417,
    0.030943290290217064,
    0.030959766880868808,
    0.03087580987445838,
    0.030852213404883005,
    0.031010571706217377,
    0.030926653571634197,
    0.030899896291390616,
    0.030869459791815868,
    0.03093374687726149,
    0.030867634351046006,
    0.03085316556173362,
    0.030846220297245954,
    0.030835609735293527,
    0.03084023303008771,
    0.030773728838892928,
    0.030787871549509207,
    0.030805352720161244,
    0.03077871260239289,
    0.03082616296373506,
    0.030812094061949184,
    0.03083223160940772,
    0.030889324266011365,
    0.030830087289081796,
    0.03080640160663372,
    0.030767086767599806,
    0.030783832461400595,
    0.030705404729797967,
    0.03071420296117919,
    0.03071316116797705,
    0.03075419577216876,
    0.030793177068692258,
    0.030787902816362532,
    0.03073686223682248,
    0.03069954300646672,
    0.03076947804666116,
    0.030776473405164963,
    0.03082125577932282,
    0.03079181842510343,
    0.030824616595511608,
    0.030803687389677554,
    0.030764749958502462,
    0.030787183061162703,
    0.030740209289949416,
    0.03071902414409983,
    0.030772551638336136,
    0.03074840942806856,
    0.030768798169050787,
    0.030772813012996603,
    0.030731862239967513,
    0.03076731595786949,
    0.03075992512307695,
    0.030831458072396973,
    0.030761266580483417,
    0.030773291138236236,
    0.03074653800455616,
    0.03075308193463133,
    0.03070502186964926,
    0.030770225257404884,
    0.030766316406680254,
    0.030790860992412444,
    0.030789773516431935,
    0.030771679024925027,
    0.03081856146587148,
    0.03081509338602503,
    0.030738607622449253,
    0.030825261536118826,
    0.03078322247544148,
    0.030768954132773453,
    0.030788031077511994,
    0.030792306766769743,
    0.03075702889845031,
    0.03067922121042892,
    0.030733622006229425,
    0.030738715697774668,
    0.03072927407854192,
    0.0307329185549644,
    0.030698328927962155,
    0.030744456623770768,
    0.03070781231279413,
    0.030743445885682542,
    0.030737352907622334,
    0.030707972193695934,
    0.030696743687911456,
    0.03071029102258812,
    0.03071187772716976,
    0.030694328005882746,
    0.030723333252894943,
    0.03072905761028197,
    0.03077735067684316,
    0.030768377936895675,
    0.030770820933308667,
    0.0306769229555497,
    0.030705520957090785,
    0.03066151642531174,
    0.03075852053203549,
    0.03078872904119723,
    0.030798382435132936,
    0.03079415013480991,
    0.030792788103390475,
    0.03073273663551868,
    0.03074806496333342,
    0.0307430615962928,
    0.030746746885487144,
    0.03076770342335043,
    0.030789932426861434,
    0.030722843729016906,
    0.030693412726979907,
    0.03072028309371501,
    0.030663642289018828,
    0.03065948584434053,
    0.03079297034044531,
    0.03074868707137393,
    0.03073075891882093,
    0.030722703892779535,
    0.03077333080408628,
    0.030773171240793592,
    0.030695838572500442,
    0.03076268235842387,
    0.03074591310861338,
    0.03076165909242037,
    0.030850778852714596,
    0.030762094905067296,
    0.030730462183678482,
    0.03076413946083977,
    0.030743860418518454,
    0.030827105451152477,
    0.030734240849953985,
    0.03072531433977835,
    0.030723135999986727,
    0.03078744302422708,
    0.030787747470213154,
    0.03082623723133419,
    0.030759703502491284,
    0.030772546256626055,
    0.03081389704069631,
    0.030699528731701287,
    0.03066786576686631,
    0.030691773228704613,
    0.030633550201244364,
    0.0306940661548086,
    0.03074362311157127,
    0.030672935478923025,
    0.030633761817142766,
    0.030716789375754627,
    0.030674032465532165,
    0.03073167830899737,
    0.030748019792258635,
    0.030762289034819167,
    0.030773602183434015,
    0.03075142339745381,
    0.030695685326100244,
    0.030710295416180942,
    0.030790590989370894,
    0.03077362882731016,
    0.030779120094893316,
    0.030712185860950612,
    0.030740081822822757,
    0.0307281523713563,
    0.030805594403056295,
    0.03085561115195442,
    0.030812512194355116,
    0.030691813053359218,
    0.03076040259545339,
    0.030723373659832933,
    0.030704000773974748,
    0.03072942670736883
  ]
}