{
  "times": {
    "training": 450.27312302589417,
    "evaluation": 23.273486137390137
  },
  "metrics": {
    "arithmetic_mean_rank": {
      "both": {
        "pessimistic": 126.24232703018401,
        "optimistic": 126.2422339218906,
        "realistic": 126.24228047603731
      },
      "tail": {
        "pessimistic": 110.81754160247837,
        "optimistic": 110.81744002979465,
        "realistic": 110.81749081613651
      },
      "head": {
        "pessimistic": 141.66711245788966,
        "optimistic": 141.66702781398655,
        "realistic": 141.6670701359381
      }
    },
    "geometric_mean_rank": {
      "both": {
        "pessimistic": 14.613263238036811,
        "optimistic": 14.613243365811893,
        "realistic": 14.613253376556322
      },
      "tail": {
        "pessimistic": 12.666433296731016,
        "optimistic": 12.666414968181831,
        "realistic": 12.666424216600262
      },
      "head": {
        "pessimistic": 16.85932080969239,
        "optimistic": 16.859299352253764,
        "realistic": 16.859310141181417
      }
    },
    "median_rank": {
      "both": {
        "pessimistic": 12.0,
        "optimistic": 12.0,
        "realistic": 12.0
      },
      "tail": {
        "pessimistic": 10.0,
        "optimistic": 10.0,
        "realistic": 10.0
      },
      "head": {
        "pessimistic": 14.0,
        "optimistic": 14.0,
        "realistic": 14.0
      }
    },
    "harmonic_mean_rank": {
      "both": {
        "pessimistic": 3.5245346229794157,
        "optimistic": 3.5245341153083465,
        "realistic": 3.524534374019189
      },
      "tail": {
        "pessimistic": 3.252020163223344,
        "optimistic": 3.252019601004815,
        "realistic": 3.2520198886080944
      },
      "head": {
        "pessimistic": 3.8468990499228117,
        "optimistic": 3.8468986270745837,
        "realistic": 3.846898841027356
      }
    },
    "inverse_arithmetic_mean_rank": {
      "both": {
        "pessimistic": 0.007921273502514764,
        "optimistic": 0.007921279344745487,
        "realistic": 0.007921276423629048
      },
      "tail": {
        "pessimistic": 0.009023842124085123,
        "optimistic": 0.009023850395128577,
        "realistic": 0.009023846259604956
      },
      "head": {
        "pessimistic": 0.007058801317047021,
        "optimistic": 0.0070588055345738795,
        "realistic": 0.00705880342580982
      }
    },
    "inverse_geometric_mean_rank": {
      "both": {
        "pessimistic": 0.06843098517496787,
        "optimistic": 0.06843107823274394,
        "realistic": 0.06843103135433723
      },
      "tail": {
        "pessimistic": 0.07894882296961074,
        "optimistic": 0.07894893721009541,
        "realistic": 0.07894887956534946
      },
      "head": {
        "pessimistic": 0.059314370447539136,
        "optimistic": 0.059314445939078676,
        "realistic": 0.05931440798145997
      }
    },
    "inverse_harmonic_mean_rank": {
      "both": {
        "pessimistic": 0.2837254012147181,
        "optimistic": 0.2837254420822975,
        "realistic": 0.2837254212560435
      },
      "tail": {
        "pessimistic": 0.30750116844565256,
        "optimistic": 0.3075012216073415,
        "realistic": 0.3075011944124403
      },
      "head": {
        "pessimistic": 0.2599496339837837,
        "optimistic": 0.25994966255725355,
        "realistic": 0.2599496480996467
      }
    },
    "inverse_median_rank": {
      "both": {
        "pessimistic": 0.08333333333333333,
        "optimistic": 0.08333333333333333,
        "realistic": 0.08333333333333333
      },
      "tail": {
        "pessimistic": 0.1,
        "optimistic": 0.1,
        "realistic": 0.1
      },
      "head": {
        "pessimistic": 0.07142857142857142,
        "optimistic": 0.07142857142857142,
        "realistic": 0.07142857142857142
      }
    },
    "rank_std": {
      "both": {
        "pessimistic": 531.063191676232,
        "optimistic": 531.0631744173867,
        "realistic": 531.063183024896
      },
      "tail": {
        "pessimistic": 507.2816715003697,
        "optimistic": 507.2816440991464,
        "realistic": 507.28165777473214
      },
      "head": {
        "pessimistic": 553.3946917485766,
        "optimistic": 553.3946832698912,
        "realistic": 553.3946874901163
      }
    },
    "rank_var": {
      "both": {
        "pessimistic": 282028.11355334637,
        "optimistic": 282028.0952222717,
        "realistic": 282028.1043645342
      },
      "tail": {
        "pessimistic": 257334.69424020904,
        "optimistic": 257334.66643993303,
        "realistic": 257334.68031468047
      },
      "head": {
        "pessimistic": 306245.68485550216,
        "optimistic": 306245.6754713832,
        "realistic": 306245.6801422835
      }
    },
    "hits_at_k": {
      "both": {
        "pessimistic": {
          "1": 0.1850231077855462,
          "3": 0.31675441417954664,
          "5": 0.3816678234666757,
          "10": 0.477120752992162
        },
        "optimistic": {
          "1": 0.1850231077855462,
          "3": 0.31675441417954664,
          "5": 0.3816678234666757,
          "10": 0.477120752992162
        },
        "realistic": {
          "1": 0.1850231077855462,
          "3": 0.31675441417954664,
          "5": 0.3816678234666757,
          "10": 0.477120752992162
        }
      },
      "tail": {
        "pessimistic": {
          "1": 0.20795314113524402,
          "3": 0.3421983714513044,
          "5": 0.4063415212202265,
          "10": 0.5025139239220598
        },
        "optimistic": {
          "1": 0.20795314113524402,
          "3": 0.3421983714513044,
          "5": 0.4063415212202265,
          "10": 0.5025139239220598
        },
        "realistic": {
          "1": 0.20795314113524402,
          "3": 0.3421983714513044,
          "5": 0.4063415212202265,
          "10": 0.5025139239220598
        }
      },
      "head": {
        "pessimistic": {
          "1": 0.1620930744358484,
          "3": 0.29131045690778895,
          "5": 0.3569941257131249,
          "10": 0.45172758206226404
        },
        "optimistic": {
          "1": 0.1620930744358484,
          "3": 0.29131045690778895,
          "5": 0.3569941257131249,
          "10": 0.45172758206226404
        },
        "realistic": {
          "1": 0.1620930744358484,
          "3": 0.29131045690778895,
          "5": 0.3569941257131249,
          "10": 0.45172758206226404
        }
      }
    },
    "adjusted_arithmetic_mean_rank": {
      "both": {
        "realistic": 0.017090131710028763
      },
      "tail": {
        "realistic": 0.014961273389150091
      },
      "head": {
        "realistic": 0.01923060907792728
      }
    },
    "adjusted_arithmetic_mean_rank_index": {
      "both": {
        "realistic": 0.9830429483753514
      },
      "tail": {
        "realistic": 0.9851717329036533
      },
      "head": {
        "realistic": 0.9809025436253925
      }
    }
  },