{
  "times": {
    "training": 7014.5089955329895,
    "evaluation": 8.993829011917114
  },
  "metrics": {
    "mean_rank": {
      "best": 552.513871220276,
      "avg": 552.5143238085918,
      "worst": 552.5147763969077
    },
    "mean_reciprocal_rank": {
      "best": 0.14555380699475168,
      "avg": 0.145553620894747,
      "worst": 0.14555345072207265
    },
    "hits_at_k": {
      "best": {
        "1": 0.08973480771112634,
        "3": 0.15365984930032292,
        "5": 0.19228887366669928,
        "10": 0.25902730208435265
      },
      "avg": {
        "1": 0.08973480771112634,
        "3": 0.15365984930032292,
        "5": 0.19228887366669928,
        "10": 0.25902730208435265
      },
      "worst": {
        "1": 0.08973480771112634,
        "3": 0.15365984930032292,
        "5": 0.19228887366669928,
        "10": 0.25902730208435265
      }
    },
    "adjusted_mean_rank": 0.07875327147033137
  },
  "losses": [
    45.89977046534146,
    0.16470257235817962,
    0.002195933620487647,
    0.0021650316098724546,
    0.00213503361387894,
    0.0020954706784157527,
    0.0020476205398734875,
    0.0020019874298973167,
    0.00196674959958087,
    0.001941490334938163,
    0.0019226577789998184,
    0.00190817628059165,
    0.0018967587331395238,
    0.0018879593502381512,
    0.0018807410099732297,
    0.001874657346627841,
    0.0018698183293094897,
    0.0018656845581062117,
    0.00186272285962305,
    0.0018601866029136541,
    0.0018578593674150798,
    0.001856364173078091,
    0.0018545530490434706,
    0.0018530908703766778,
    0.001852096396783325,
    0.0018513107426082467,
    0.001850410299577754,
    0.0018496183441086688,
    0.0018487957997917264,
    0.0018481702589947966,
    0.0018472930078147415,
    0.001846739460958342,
    0.0018464138098979008,
    0.001846039365016207,
    0.00184519772148644,
    0.0018447762574079383,
    0.0018443659452015305,
    0.0018441946556376134,
    0.0018435663585790062,
    0.001843536332888423,
    0.0018426802561809382,
    0.0018421996173825699,
    0.0018421834945139867,
    0.0018422409873189833,
    0.0018419561965387172,
    0.001841540027419991,
    0.0018412947993691792,
    0.001841071436321201,
    0.001841126946356984,
    0.0018405189327623892,
    0.0018402925228386093,
    0.0018402663143401814,
    0.0018399717116779524,
    0.0018397232962358227,
    0.0018396791105130374,
    0.0018394934144397796,
    0.0018392077942017897,
    0.0018388146687515112,
    0.0018385770908012815,
    0.0018384460653396665,
    0.001838279018621492,
    0.0018380709363894517,
    0.001838005068618758,
    0.0018376630026518356,
    0.0018377595536227772,
    0.0018373431965659174,
    0.0018372085022036581,
    0.0018370028488200955,
    0.0018367589742852648,
    0.0018366639985556842,
    0.0018368767441395654,
    0.0018360175565959814,
    0.0018363812652927528,
    0.0018361521371111022,
    0.0018361276215344106,
    0.0018356254918571388,
    0.0018352930422223324,
    0.0018353740517719817,
    0.001835180801374306,
    0.0018349006139283415,
    0.0018350982251806988,
    0.001835049611247782,
    0.001834587128631178,
    0.0018345921738281833,
    0.001834592673189442,
    0.0018344323236838948,
    0.0018338806042958499,
    0.001834010066234857,
    0.0018336622980541092,
    0.001833239163834251,
    0.0018331844964534793,
    0.0018332052059544027,
    0.0018329042857342904,
    0.001832843584290891,
    0.0018328461937943523,
    0.0018327729550922504,
    0.0018323362845078484,
    0.0018326194727212497,
    0.001832043867338309,
    0.0018320444037176848,
    0.001831922494679322,
    0.001831473825460775,
    0.0018318322370073498,
    0.001831541420761859,
    0.0018311826950541327,
    0.0018313776300499444,
    0.0018311323645976917,
    0.0018310881784368222,
    0.0018305683231050606,
    0.0018309684996305007,
    0.0018307791752889108,
    0.001830356381131934,
    0.0018301753997211321,
    0.0018307310662480662,
    0.0018302780095064604,
    0.0018296908685991634,
    0.001830030325938793,
    0.0018303645177250509,
    0.0018295543761201927,
    0.0018293907991933811,
    0.001829628915001521,
    0.0018295517046278131,
    0.0018293355867263095,
    0.001829225790771596,
    0.0018294941820330892,
    0.0018292319400503756,
    0.0018286037918308845,
    0.0018291440981391149,
    0.0018291596783308614,
    0.0018289857214911253,
    0.001828810335456358,
    0.0018287035645827559,
    0.0018286525425556014,
    0.0018284506487561182,
    0.0018282678297462636,
    0.0018284097170134534,
    0.0018282458090592476,
    0.0018278026994033494,
    0.0018279717662921782,
    0.0018274137424887768,
    0.0018272221885175112,
    0.0018274744852216146,
    0.0018274620526650422,
    0.0018275981542633611,
    0.0018274348595175528,
    0.0018270414489292028,
    0.0018273088811695617,
    0.001826902266886878,
    0.0018270319848313558,
    0.0018268323458513912,
    0.0018264342348930835,
    0.001826493924745241,
    0.001826382963322201,
    0.001826451176157764,
    0.0018263927281101096,
    0.0018262353644771354,
    0.0018263012463212848,
    0.001826341387924285,
    0.001826138309380769,
    0.0018260422526783571,
    0.0018263254153185918,
    0.0018261756966387102,
    0.0018259343644161723,
    0.0018261200118073204,
    0.001825828166063895,
    0.0018256068039108654,
    0.001825715134145275,
    0.00182578794724855,
    0.001825821425207127,
    0.0018256700181506328,
    0.001825610748804573,
    0.0018254936064511678,
    0.0018255205229484677,
    0.0018253274289468612,
    0.0018253615677554953,
    0.0018250497494783384,
    0.0018252917856474691,
    0.0018253637334796342,
    0.0018252626495416703,
    0.0018250762472766379,
    0.0018248922445632007,
    0.0018246814044814274,
    0.001825033790946101,
    0.001824906874276455,
    0.0018246686332309867,
    0.0018249540186010705,
    0.00182490453381147,
    0.001824658152339648,
    0.0018243381872839156,
    0.001824294229091126,
    0.0018244593773165403,
    0.001824216220035111,
    0.0018240583104396685,
    0.001824391853806509,
    0.0018240619080421047,
    0.0018240268858913866,
    0.0018239744978080898,
    0.001824226583410356,
    0.0018241585449323154,
    0.0018240547247202667,
    0.0018238718422977204,
    0.001823821742875949,
    0.001823716258874765,
    0.0018236470982439757,
    0.0018239156651224837,
    0.0018235178534852243,
    0.0018234195761886239,
    0.0018234782506710635,
    0.0018236868578375297,
    0.0018235666950028972,
    0.0018234007336383963,
    0.0018235335499335726,
    0.0018233039093028967,
    0.0018231130799229436,
    0.0018234167364171406,
    0.001823508373397303,
    0.0018229762543904389,
    0.0018231358298011562,
    0.0018231706735968333,
    0.0018234063739180641,
    0.0018230596222570054,
    0.0018232715154932618,
    0.001823007937736978,
    0.001823011656031619,
    0.0018228027314183695,
    0.0018226838556751974,
    0.0018228808363053093,
    0.0018225942716124854,
    0.0018226850334646428,
    0.0018227982495976807,
    0.0018225497037707328,
    0.0018226129789589683,
    0.0018225471557633448,
    0.0018227333211343314,
    0.0018225292691676622,
    0.001822393468368926,
    0.0018224210780249947,
    0.0018220319291200094,
    0.0018221967058499988,
    0.0018223999033881429,
    0.0018224162646293062,
    0.0018220462453292384,
    0.001821871209871374,
    0.0018219768601255223,
    0.0018218652546091467,
    0.001821897334038588,
    0.0018216929937577367,
    0.001821862711092122,
    0.0018218365363261797,
    0.0018216219837543814,
    0.0018218168173336946,
    0.0018218095746514438,
    0.0018218865256792892,
    0.0018216628500034543,
    0.0018216147222892695,
    0.0018218754480624718,
    0.0018219144066737763,
    0.0018214129402560249,
    0.001821529231302255,
    0.0018216366049249933,
    0.0018213763679990282,
    0.0018214875015344094,
    0.0018211673175460845,
    0.0018216494074984563,
