{
  "times": {
    "training": 1618.75892496109,
    "evaluation": 5.390147686004639
  },
  "metrics": {
    "mean_rank": {
      "best": 2442.249094823368,
      "avg": 2442.249315001468,
      "worst": 2442.2495351795674
    },
    "mean_reciprocal_rank": {
      "best": 0.15625930124875684,
      "avg": 0.15625930120692252,
      "worst": 0.15625930116513642
    },
    "hits_at_k": {
      "best": {
        "1": 0.11439475486838242,
        "3": 0.16956160093942657,
        "5": 0.1989676093551228,
        "10": 0.23825716802035424
      },
      "avg": {
        "1": 0.11439475486838242,
        "3": 0.16956160093942657,
        "5": 0.1989676093551228,
        "10": 0.23825716802035424
      },
      "worst": {
        "1": 0.11439475486838242,
        "3": 0.16956160093942657,
        "5": 0.1989676093551228,
        "10": 0.23825716802035424
      }
    },
    "adjusted_mean_rank": 0.3481537377673275
  },
  "losses": [
    0.0005616186721863557,
    2.0848791627424316e-05,
    7.456772053855044e-06,
    5.000280127606846e-06,
    4.113655168280725e-06,
    3.690314884993184e-06,
    3.451358044773204e-06,
    3.2980132886700746e-06,
    3.1969848338191876e-06,
    3.1140171443540955e-06,
    3.048453464460748e-06,
    2.994985669637898e-06,
    2.947085067876871e-06,
    2.9038000313438745e-06,
    2.855774000306682e-06,
    2.8179064868254596e-06,
    2.7780983212283434e-06,
    2.7395708070439293e-06,
    2.702932344086535e-06,
    2.6716428239049454e-06,
    2.6310610863385495e-06,
    2.5956683265063415e-06,
    2.5633442978592266e-06,
    2.528571969233217e-06,
    2.4928913752408602e-06,
    2.459855029840704e-06,
    2.4247206687211387e-06,
    2.39062428785263e-06,
    2.356034184767641e-06,
    2.3216092258432707e-06,
    2.282839880746338e-06,
    2.2484836257055254e-06,
    2.215395784419632e-06,
    2.178966547692965e-06,
    2.1512726706122157e-06,
    2.1160787976109577e-06,
    2.0796657477119957e-06,
    2.047541123508696e-06,
    2.014545237151587e-06,
    1.9805169988089575e-06,
    1.9503562520030223e-06,
    1.921408728358494e-06,
    1.891277941655348e-06,
    1.8643056579846313e-06,
    1.8386888075871957e-06,
    1.8145063396283053e-06,
    1.7909900292919223e-06,
    1.7684958937652844e-06,
    1.7473754076421368e-06,
    1.7273956651061252e-06,
    1.7063633135557539e-06,
    1.6881518187191711e-06,
    1.6724447175063218e-06,
    1.6559077032888463e-06,
    1.641128532903187e-06,
    1.6246898480110873e-06,
    1.6132863703781013e-06,
    1.5977965078999474e-06,
    1.5834415024873027e-06,
    1.57129091651974e-06,
    1.5586494472338155e-06,
    1.5450487134687625e-06,
    1.5329718567394254e-06,
    1.5249782209928848e-06,
    1.5107609419461585e-06,
    1.5000523725153243e-06,
    1.4892557025890304e-06,
    1.4778167823258393e-06,
    1.4674751618195206e-06,
    1.4551625266295734e-06,
    1.4442829575742392e-06,
    1.4346863509210973e-06,
    1.423232517134473e-06,
    1.412807816617087e-06,
    1.402177768809524e-06,
    1.3920163348060405e-06,
    1.3821403929690422e-06,
    1.3697273384432325e-06,
    1.3595275492582518e-06,
    1.3490991463477968e-06,
    1.3369022371311616e-06,
    1.3266435434949718e-06,
    1.3151908665010209e-06,
    1.3049152676422894e-06,
    1.29374761934968e-06,
    1.2821808182792967e-06,
    1.2719668519272954e-06,
    1.260389752640183e-06,
    1.24967457220017e-06,
    1.2399620983552119e-06,
    1.2294183097575842e-06,
    1.2172853890433846e-06,
    1.207938233861579e-06,
    1.1965780296917542e-06,
    1.1866896447346663e-06,
    1.1754439165965933e-06,
    1.1677149718707954e-06,
    1.155890900861749e-06,
    1.144266503832167e-06,
    1.1357762524969985e-06,
    1.1250916816548266e-06,
    1.114575675448018e-06,
    1.1058023321179024e-06,
    1.0952275600898375e-06,
    1.0861465152682523e-06,
    1.0767114190048402e-06,
    1.0673720873116156e-06,
    1.058371601166849e-06,
    1.049691792400369e-06,
    1.040842049705997e-06,
    1.0321763019407293e-06,
    1.0235084275940774e-06,
    1.0138675931667986e-06,
    1.0050764284155054e-06,
    9.967545257457748e-07,
    9.892067674999246e-07,
    9.80920348791991e-07,
    9.73434976107023e-07,
    9.645735696681163e-07,
    9.570013015350507e-07,
    9.49021821984125e-07,
    9.416793086114314e-07,
    9.345660107597868e-07,
    9.262614656199407e-07,
    9.20622518055832e-07,
    9.11970860525605e-07,
    9.060048232496094e-07,
    8.985166153606272e-07,
    8.911739193940049e-07,
    8.850146798529779e-07,
    8.780022493489559e-07,
    8.71495090505456e-07,
    8.650533531065486e-07,
    8.588855049861174e-07,
    8.522180381751716e-07,
    8.469401294807809e-07,
    8.423453347644601e-07,
    8.348051677267131e-07,
    8.289921938981769e-07,
    8.231693969896701e-07,
    8.172098313526184e-07,
    8.124561049039573e-07,
    8.066775651470885e-07,
    8.016535983909697e-07,
    7.95745348629408e-07,
    7.897492979284132e-07,
    7.856593051540373e-07,
    7.805118434490177e-07,
    7.755277724496386e-07,
    7.723714602570072e-07,
    7.657472041825111e-07
  ]
}