{
  "times": {
    "training": 28862.5074031353,
    "evaluation": 9.343275785446167
  },
  "metrics": {
    "mean_rank": {
      "best": 4815.821819425445,
      "worst": 4815.828488372093,
      "avg": 4815.825153898769
    },
    "mean_reciprocal_rank": {
      "best": 0.20210710611805136,
      "worst": 0.20210710572442642,
      "avg": 0.20210710592112346
    },
    "hits_at_k": {
      "best": {
        "1": 0.10721614227086183,
        "3": 0.24640902872777018,
        "5": 0.3064295485636115,
        "10": 0.3845759233926129
      },
      "worst": {
        "1": 0.10721614227086183,
        "3": 0.24640902872777018,
        "5": 0.3064295485636115,
        "10": 0.3845759233926129
      },
      "avg": {
        "1": 0.10721614227086183,
        "3": 0.24640902872777018,
        "5": 0.3064295485636115,
        "10": 0.3845759233926129
      }
    },
    "adjusted_mean_rank": 0.23760181336286407
  },
  "losses": [
    0.02041130384518843,
    0.019673288905587984,
    0.019455641735847223,
    0.01936593636770908,
    0.019316929861691427,
    0.019287521613251247,
    0.01926790513321018,
    0.019254475049130703,
    0.019245937806799007,
    0.01923743625561965,
    0.019232906170173474,
    0.019228974560644912,
    0.01922399344892647,
    0.01922187055063284,
    0.019218890027594762,
    0.01921651755036283,
    0.019213896389624133,
    0.019211126814707716,
    0.019208844010769048,
    0.019207542643555214,
    0.019205486934873665,
    0.019202549547450223,
    0.019202239386666303,
    0.0192017740951044,
    0.019200040331200926,
    0.019198118010722534,
    0.019197482554922173,
    0.019196013440847096,
    0.019193931859664705,
    0.019192818730586148,
    0.019192615589130272,
    0.01919182126131806,
    0.019189741446813444,
    0.01919050008577668,
    0.019189725295647105,
    0.01918721254431473,
    0.019187908255459313,
    0.019186915825368942,
    0.01918589219395238,
    0.01918642077323307,
    0.019185590255590884,
    0.019184624011258433,
    0.01918358615313353,
    0.019182956140750718,
    0.019182694324632016,
    0.019182266371701312,
    0.019182403854128394,
    0.019181760608361607,
    0.019181910218559448,
    0.019181445501110242,
    0.019182006315350306,
    0.019180345683154087,
    0.01917975023845936,
    0.01917902993030001,
    0.019179230637679297,
    0.01917958030686034,
    0.0191788017927721,
    0.019179520908366363,
    0.01917813739754591,
    0.019178996926593948,
    0.01917818034601248,
    0.019177651622195896,
    0.019177674772124207,
    0.019177136289543508,
    0.019176936557637542,
    0.019177210013790344,
    0.01917738093180365,
    0.019177095881108126,
    0.01917621143199896,
    0.01917726076834686,
    0.019176767424153064,
    0.019176371832866586,
    0.019176123015764886,
    0.019176002146903837,
    0.019175790556144497,
    0.019176290141294537,
    0.01917588538378352,
    0.019176063878702364,
    0.019175848968800025,
    0.0191764573601103,
    0.019174676667532694,
    0.019175338867080144,
    0.01917593631224378,
    0.019175136493795118,
    0.019175102835934574,
    0.019174969388419876,
    0.019175969394264112,
    0.019174553116983767,
    0.019174855977265447,
    0.019174604661017218,
    0.019174339727875432,
    0.019174652570347235,
    0.01917454666181496,
    0.019175030193115658,
    0.01917532428392671,
    0.019174347920354166,
    0.019174501604045685,
    0.01917364661319438,
    0.019174316558944398,
    0.01917354881997825,
    0.01917416064963045,
    0.019173881225469664,
    0.019174463530066535,
    0.019173786593040473,
    0.01917407643184738,
    0.019173483341187448,
    0.019173044626378973,
    0.01917344616609487,
    0.019173730620795772,
    0.019173726358426502,
    0.019173761569328106,
    0.01917340028257073,
    0.01917229130414844,
    0.019173147279110674,
    0.019172737612561826,
    0.019172906770231594,
    0.019173181701111184,
    0.019173644925406713,
    0.019174089614557414,
    0.01917251369882189,
    0.01917192893308394,
    0.019172837564602918,
    0.019172808652241583,
    0.019173919438802145,
    0.019173283615615728,
    0.01917365807414217,
    0.019172587515779,
    0.019172242099177943,
    0.019172468351980828,
    0.01917216645507983,
    0.019172699271968654,
    0.01917296986734727,
    0.019173118469248896,
    0.01917304274050227,
    0.019172484280872846,
    0.01917199541095752,
    0.019171955346874586,
    0.0191728118613991,
    0.019172341625097275,
    0.019171738906388954,
    0.019171059775987515,
    0.01917221467939444,
    0.019172290917759658,
    0.019172705875128395,
    0.01917211684702118,
    0.01917248947034486,
    0.019172715768639124,
    0.019172378572157128,
    0.019172225377353948,
    0.019171775527523242,
    0.019171576600066062
  ]
}