{
  "times": {
    "training": 15062.23977804184,
    "evaluation": 5.323364496231079
  },
  "metrics": {
    "arithmetic_mean_rank": {
      "both": {
        "pessimistic": 2858.8348153214774,
        "optimistic": 2858.831908344733,
        "realistic": 2858.8333618331053
      },
      "tail": {
        "pessimistic": 2001.3474692202462,
        "optimistic": 2001.3461012311902,
        "realistic": 2001.3467852257181
      },
      "head": {
        "pessimistic": 3716.3221614227086,
        "optimistic": 3716.3177154582763,
        "realistic": 3716.3199384404925
      }
    },
    "geometric_mean_rank": {
      "both": {
        "pessimistic": 46.764469877207716,
        "optimistic": 46.76443836407921,
        "realistic": 46.76445412390581
      },
      "tail": {
        "pessimistic": 36.48815966201,
        "optimistic": 36.48814305871753,
        "realistic": 36.48815136264868
      },
      "head": {
        "pessimistic": 59.93493952980028,
        "optimistic": 59.934886025538084,
        "realistic": 59.93491278227765
      }
    },
    "median_rank": {
      "both": {
        "pessimistic": 16.0,
        "optimistic": 16.0,
        "realistic": 16.0
      },
      "tail": {
        "pessimistic": 14.0,
        "optimistic": 14.0,
        "realistic": 14.0
      },
      "head": {
        "pessimistic": 20.0,
        "optimistic": 20.0,
        "realistic": 20.0
      }
    },
    "harmonic_mean_rank": {
      "both": {
        "pessimistic": 6.14850638217038,
        "optimistic": 6.148506361054927,
        "realistic": 6.1485063716185655
      },
      "tail": {
        "pessimistic": 6.128014683954677,
        "optimistic": 6.128014665134268,
        "realistic": 6.12801467455014
      },
      "head": {
        "pessimistic": 6.169135586113608,
        "optimistic": 6.16913556267268,
        "realistic": 6.169135574399306
      }
    },
    "inverse_arithmetic_mean_rank": {
      "both": {
        "pessimistic": 0.00034979285778970393,
        "optimistic": 0.0003497932134733312,
        "realistic": 0.0003497930356314271
      },
      "tail": {
        "pessimistic": 0.0004996633595012936,
        "optimistic": 0.0004996637010384256,
        "realistic": 0.0004996635302698013
      },
      "head": {
        "pessimistic": 0.00026908323782596203,
        "optimistic": 0.0002690835597399092,
        "realistic": 0.00026908339878283936
      }
    },
    "inverse_geometric_mean_rank": {
      "both": {
        "pessimistic": 0.021383755715092254,
        "optimistic": 0.021383770124952937,
        "realistic": 0.02138376291852841
      },
      "tail": {
        "pessimistic": 0.02740615063250668,
        "optimistic": 0.02740616310319705,
        "realistic": 0.027406156866134252
      },
      "head": {
        "pessimistic": 0.0166847586373686,
        "optimistic": 0.016684773531961048,
        "realistic": 0.01668476608337859
      }
    },
    "inverse_harmonic_mean_rank": {
      "both": {
        "pessimistic": 0.16264112580249238,
        "optimistic": 0.16264112636104122,
        "realistic": 0.1626411260816104
      },
      "tail": {
        "pessimistic": 0.16318498756511726,
        "optimistic": 0.16318498806629234,
        "realistic": 0.1631849878155539
      },
      "head": {
        "pessimistic": 0.16209726403986746,
        "optimistic": 0.1620972646557901,
        "realistic": 0.1620972643476669
      }
    },
    "inverse_median_rank": {
      "both": {
        "pessimistic": 0.0625,
        "optimistic": 0.0625,
        "realistic": 0.0625
      },
      "tail": {
        "pessimistic": 0.07142857142857142,
        "optimistic": 0.07142857142857142,
        "realistic": 0.07142857142857142
      },
      "head": {
        "pessimistic": 0.05,
        "optimistic": 0.05,
        "realistic": 0.05
      }
    },
    "rank_std": {
      "both": {
        "pessimistic": 7764.963490532827,
        "optimistic": 7764.958668031598,
        "realistic": 7764.961079235925
      },
      "tail": {
        "pessimistic": 6242.967194936155,
        "optimistic": 6242.963460466738,
        "realistic": 6242.965327674373
      },
      "head": {
        "pessimistic": 8952.324140921117,
        "optimistic": 8952.318674229202,
        "realistic": 8952.321407513773
      }
    },
    "rank_var": {
      "both": {
        "pessimistic": 60294658.009307735,
        "optimistic": 60294583.11623904,
        "realistic": 60294620.56204875
      },
      "tail": {
        "pessimistic": 38974639.397048995,
        "optimistic": 38974592.76872283,
        "realistic": 38974616.08254439
      },
      "head": {
        "pessimistic": 80144107.524119,
        "optimistic": 80144009.64495291,
        "realistic": 80144058.5834294
      }
    },
    "hits_at_k": {
      "both": {
        "pessimistic": {
          "1": 0.0,
          "3": 0.2795827633378933,
          "5": 0.3683310533515732,
          "10": 0.44681942544459646
        },
        "optimistic": {
          "1": 0.0,
          "3": 0.2795827633378933,
          "5": 0.3683310533515732,
          "10": 0.44681942544459646
        },
        "realistic": {
          "1": 0.0,
          "3": 0.2795827633378933,
          "5": 0.3683310533515732,
          "10": 0.44681942544459646
        }
      },
      "tail": {
        "pessimistic": {
          "1": 0.0,
          "3": 0.2759917920656635,
          "5": 0.3642270861833105,
          "10": 0.4531463748290014
        },
        "optimistic": {
          "1": 0.0,
          "3": 0.2759917920656635,
          "5": 0.3642270861833105,
          "10": 0.4531463748290014
        },
        "realistic": {
          "1": 0.0,
          "3": 0.2759917920656635,
          "5": 0.3642270861833105,
          "10": 0.4531463748290014
        }
      },
      "head": {
        "pessimistic": {
          "1": 0.0,
          "3": 0.28317373461012313,
          "5": 0.37243502051983585,
          "10": 0.44049247606019154
        },
        "optimistic": {
          "1": 0.0,
          "3": 0.28317373461012313,
          "5": 0.37243502051983585,
          "10": 0.44049247606019154
        },
        "realistic": {
          "1": 0.0,
          "3": 0.28317373461012313,
          "5": 0.37243502051983585,
          "10": 0.44049247606019154
        }
      }
    },
    "adjusted_arithmetic_mean_rank": {
      "both": {
        "realistic": 0.1410199332985871
      },
      "tail": {
        "realistic": 0.09870011815298414
      },
      "head": {
        "realistic": 0.1833585301457191
      }
    },
    "adjusted_arithmetic_mean_rank_index": {
      "both": {
        "realistic": 0.8590224403804323
      },
      "tail": {
        "realistic": 0.9013443333098263
      },
      "head": {
        "realistic": 0.8166817639006241
      }
    }
  },