{
  "times": {
    "training": 231.3755009174347,
    "evaluation": 0.6237964630126953
  },
  "metrics": {
    "arithmetic_mean_rank": {
      "head": {
        "optimistic": 9.98975791433892,
        "realistic": 9.98975791433892,
        "pessimistic": 9.98975791433892
      },
      "both": {
        "optimistic": 9.312849162011172,
        "realistic": 9.312849162011172,
        "pessimistic": 9.312849162011172
      },
      "tail": {
        "optimistic": 8.635940409683426,
        "realistic": 8.635940409683426,
        "pessimistic": 8.635940409683426
      }
    },
    "geometric_mean_rank": {
      "head": {
        "optimistic": 5.536410616431627,
        "realistic": 5.536410616431627,
        "pessimistic": 5.536410616431627
      },
      "both": {
        "optimistic": 5.276109489843898,
        "realistic": 5.276109489843898,
        "pessimistic": 5.276109489843898
      },
      "tail": {
        "optimistic": 5.028046739561163,
        "realistic": 5.028046739561163,
        "pessimistic": 5.028046739561163
      }
    },
    "median_rank": {
      "head": {
        "optimistic": 6.0,
        "realistic": 6.0,
        "pessimistic": 6.0
      },
      "both": {
        "optimistic": 6.0,
        "realistic": 6.0,
        "pessimistic": 6.0
      },
      "tail": {
        "optimistic": 6.0,
        "realistic": 6.0,
        "pessimistic": 6.0
      }
    },
    "harmonic_mean_rank": {
      "head": {
        "optimistic": 3.064372383709674,
        "realistic": 3.064372383709674,
        "pessimistic": 3.064372383709674
      },
      "both": {
        "optimistic": 2.9802586622235743,
        "realistic": 2.9802586622235743,
        "pessimistic": 2.9802586622235743
      },
      "tail": {
        "optimistic": 2.9006392392071843,
        "realistic": 2.9006392392071843,
        "pessimistic": 2.9006392392071843
      }
    },
    "inverse_arithmetic_mean_rank": {
      "head": {
        "optimistic": 0.10010252586447944,
        "realistic": 0.10010252586447944,
        "pessimistic": 0.10010252586447944
      },
      "both": {
        "optimistic": 0.10737852429514098,
        "realistic": 0.10737852429514098,
        "pessimistic": 0.10737852429514098
      },
      "tail": {
        "optimistic": 0.11579514824797843,
        "realistic": 0.11579514824797843,
        "pessimistic": 0.11579514824797843
      }
    },
    "inverse_geometric_mean_rank": {
      "head": {
        "optimistic": 0.1806224410147758,
        "realistic": 0.1806224410147758,
        "pessimistic": 0.1806224410147758
      },
      "both": {
        "optimistic": 0.18953359514712925,
        "realistic": 0.18953359514712925,
        "pessimistic": 0.18953359514712925
      },
      "tail": {
        "optimistic": 0.19888438827187152,
        "realistic": 0.19888438827187152,
        "pessimistic": 0.19888438827187152
      }
    },
    "inverse_harmonic_mean_rank": {
      "head": {
        "optimistic": 0.3263310964803233,
        "realistic": 0.3263310964803233,
        "pessimistic": 0.3263310964803233
      },
      "both": {
        "optimistic": 0.33554134500993243,
        "realistic": 0.33554134500993243,
        "pessimistic": 0.33554134500993243
      },
      "tail": {
        "optimistic": 0.3447515935395415,
        "realistic": 0.3447515935395415,
        "pessimistic": 0.3447515935395415
      }
    },
    "inverse_median_rank": {
      "head": {
        "optimistic": 0.16666666666666666,
        "realistic": 0.16666666666666666,
        "pessimistic": 0.16666666666666666
      },
      "both": {
        "optimistic": 0.16666666666666666,
        "realistic": 0.16666666666666666,
        "pessimistic": 0.16666666666666666
      },
      "tail": {
        "optimistic": 0.16666666666666666,
        "realistic": 0.16666666666666666,
        "pessimistic": 0.16666666666666666
      }
    },
    "rank_std": {
      "head": {
        "optimistic": 11.680447593886804,
        "realistic": 11.680447593886804,
        "pessimistic": 11.680447593886804
      },
      "both": {
        "optimistic": 10.805624900886722,
        "realistic": 10.805624900886722,
        "pessimistic": 10.805624900886722
      },
      "tail": {
        "optimistic": 9.806823751135456,
        "realistic": 9.806823751135456,
        "pessimistic": 9.806823751135456
      }
    },
    "rank_var": {
      "head": {
        "optimistic": 136.43285599353604,
        "realistic": 136.43285599353604,
        "pessimistic": 136.43285599353604
      },
      "both": {
        "optimistic": 116.76152949866317,
        "realistic": 116.76152949866317,
        "pessimistic": 116.76152949866317
      },
      "tail": {
        "optimistic": 96.17379208583448,
        "realistic": 96.17379208583448,
        "pessimistic": 96.17379208583448
      }
    },
    "hits_at_k": {
      "head": {
        "optimistic": {
          "1": 0.18435754189944134,
          "3": 0.3370577281191806,
          "5": 0.4692737430167598,
          "10": 0.6871508379888268
        },
        "realistic": {
          "1": 0.18435754189944134,
          "3": 0.3370577281191806,
          "5": 0.4692737430167598,
          "10": 0.6871508379888268
        },
        "pessimistic": {
          "1": 0.18435754189944134,
          "3": 0.3370577281191806,
          "5": 0.4692737430167598,
          "10": 0.6871508379888268
        }
      },
      "both": {
        "optimistic": {
          "1": 0.19273743016759776,
          "3": 0.3477653631284916,
          "5": 0.4762569832402235,
          "10": 0.7062383612662942
        },
        "realistic": {
          "1": 0.19273743016759776,
          "3": 0.3477653631284916,
          "5": 0.4762569832402235,
          "10": 0.7062383612662942
        },
        "pessimistic": {
          "1": 0.19273743016759776,
          "3": 0.3477653631284916,
          "5": 0.4762569832402235,
          "10": 0.7062383612662942
        }
      },
      "tail": {
        "optimistic": {
          "1": 0.2011173184357542,
          "3": 0.3584729981378026,
          "5": 0.48324022346368717,
          "10": 0.7253258845437617
        },
        "realistic": {
          "1": 0.2011173184357542,
          "3": 0.3584729981378026,
          "5": 0.48324022346368717,
          "10": 0.7253258845437617
        },
        "pessimistic": {
          "1": 0.2011173184357542,
          "3": 0.3584729981378026,
          "5": 0.48324022346368717,
          "10": 0.7253258845437617
        }
      }
    },
    "adjusted_arithmetic_mean_rank": {
      "head": {
        "realistic": 0.21167789604522003
      },
      "both": {
        "realistic": 0.1951600236096409
      },
      "tail": {
        "realistic": 0.17900221943452668
      }
    },
    "adjusted_arithmetic_mean_rank_index": {
      "head": {
        "realistic": 0.8053878637009564
      },
      "both": {
        "realistic": 0.8220672130739145
      },
      "tail": {
        "realistic": 0.83837527837449
      }
    }
  },