{
  "times": {
    "training": 19.860755443572998,
    "evaluation": 0.12923789024353027
  },
  "metrics": {
    "mean_rank": {
      "best": 46.92178770949721,
      "worst": 46.92178770949721,
      "avg": 46.92178770949721
    },
    "mean_reciprocal_rank": {
      "best": 0.06229788524265384,
      "worst": 0.06229788524265384,
      "avg": 0.06229788524265384
    },
    "hits_at_k": {
      "best": {
        "1": 0.015828677839851025,
        "3": 0.040968342644320296,
        "5": 0.06284916201117319,
        "10": 0.11824953445065177
      },
      "worst": {
        "1": 0.015828677839851025,
        "3": 0.040968342644320296,
        "5": 0.06284916201117319,
        "10": 0.11824953445065177
      },
      "avg": {
        "1": 0.015828677839851025,
        "3": 0.040968342644320296,
        "5": 0.06284916201117319,
        "10": 0.11824953445065177
      }
    },
    "adjusted_mean_rank": 0.9734282446296771
  },
  "losses": [
    0.0057471074459466654,
    0.0057470800962724795,
    0.005746973767797223,
    0.005747372684851421,
    0.005747237206916968,
    0.005747221326460988,
    0.00574707702605099,
    0.00574732433768544,
    0.005747443229365871,
    0.00574725298150324,
    0.005747490800154005,
    0.0057470647098751305,
    0.0057473256081219184,
    0.005747378295945867,
    0.005747503680968298,
    0.005747563850251509,
    0.0057474854713787755,
    0.005747438818128099,
    0.005747358286571334,
    0.005747559439013737,
    0.005747227502193869,
    0.005747374343476824,
    0.005747142559399331,
    0.005747124314519906,
    0.005747383554141291,
    0.005747382495444226,
    0.00574718762460441,
    0.005747338418356408,
    0.005746839207400226,
    0.005747411997802445,
    0.005747498528642581,
    0.005746807940546898,
    0.005747439135737218,
    0.005747072438363707,
    0.005747230325386043,
    0.005747391670818792,
    0.005747461685984709,
    0.0057474655325840465,
    0.00574687950846851,
    0.005747366191509421,
    0.005747595611163467,
    0.005747336724441104,
    0.005747005563999083,
    0.005747359627587616,
    0.0057471166213212315,
    0.00574759532884425,
    0.005747569320186346,
    0.005747324125946027,
    0.005747007399073996,
    0.005747209292604346,
    0.0057477195492999095,
    0.005747375719783008,
    0.005747119691542721,
    0.005747121844226754,
    0.005747402469528858,
    0.005747372684851421,
    0.005747245323594468,
    0.005747234948363228,
    0.005747116938930351,
    0.005746872168168858,
    0.005747163592181028,
    0.005747457592356057,
    0.005747241971053761,
    0.005747057793054304,
    0.0057471012349238825,
    0.005747173367483931,
    0.005747063827627576,
    0.005747328819503016,
    0.0057472582749885665,
    0.005747315656369505,
    0.0057469065405335775,
    0.005747248429105859,
    0.005747121491327732,
    0.005747452545900046,
    0.005747205798904031,
    0.005747344735248898,
    0.005747391741398596,
    0.00574724553533388,
    0.005747354898740725,
    0.005747016080389932,
    0.005746985872233669,
    0.005747248040916936,
    0.0057470115632824535,
    0.005747155793112647,
    0.005747433242323555,
    0.005746936572240329,
    0.005747569602505564,
    0.00574701004581666,
    0.0057473307957375385,
    0.005747093718174719,
    0.005747195953021323,
    0.005747317385574711,
    0.005747186565907345,
    0.005747510985978049,
    0.005747056240298609,
    0.005747431407248642,
    0.005747387400740629,
    0.005747488400440657,
    0.00574736358005666,
    0.005747212715724857,
    0.005747655145228439,
    0.005747283507268622,
    0.005747543417398149,
    0.005747517338160441,
    0.0057469264793283065,
    0.005747378366525672,
    0.005747183954454583,
    0.005747001223341115,
    0.005747406845476728,
    0.005747086554324578,
    0.005747147041216908,
    0.005747509821411277,
    0.005746976590989397,
    0.005747336265672375,
    0.00574710670485872,
    0.005747301716858145,
    0.005747458827502633,
    0.005746842312911617,
    0.00574719962317115,
    0.005747394246981651,
    0.005747251499327349,
    0.005747443582264893,
    0.005747202622812835,
    0.005747188153952943,
    0.005746912610396751,
    0.005747180213724953,
    0.0057473518990990395,
    0.005747329595880864,
    0.005747205128395889,
    0.005747456815978209,
    0.005747036583823096,
    0.0057472667798549905,
    0.005747397952421379,
    0.005746871815269836,
    0.0057474843773918085,
    0.00574715632246118,
    0.005747375966812324,
    0.0057470932241160885,
    0.005747092518318045,
    0.005747088848168219,
    0.0057471383246110695,
    0.0057471806019138766,
    0.005747332277913429,
    0.005747027655477846,
    0.005747221573490303,
    0.0057473153740502875,
    0.005747474143320178,
    0.00574723872438276,
    0.005747290671118764,
    0.00574732239674082
  ]
}