{
  "times": {
    "training": 1784.5409045219421,
    "evaluation": 6.68062686920166
  },
  "metrics": {
    "mean_rank": {
      "best": 615.6034592425873,
      "avg": 615.6035081710539,
      "worst": 615.6035570995205
    },
    "mean_reciprocal_rank": {
      "best": 0.1608788352541204,
      "avg": 0.16087883524616653,
      "worst": 0.16087883523821753
    },
    "hits_at_k": {
      "best": {
        "1": 0.09112926900870927,
        "3": 0.17313337899990214,
        "5": 0.2249975535766709,
        "10": 0.30563166650357176
      },
      "avg": {
        "1": 0.09112926900870927,
        "3": 0.17313337899990214,
        "5": 0.2249975535766709,
        "10": 0.30563166650357176
      },
      "worst": {
        "1": 0.09112926900870927,
        "3": 0.17313337899990214,
        "5": 0.2249975535766709,
        "10": 0.30563166650357176
      }
    },
    "adjusted_mean_rank": 0.08842469715056894
  },
  "losses": [
    0.043671052448848946,
    0.032821677261761044,
    0.02593369398871797,
    0.021024574148850544,
    0.017484615283801554,
    0.014796996032087928,
    0.012688783026318972,
    0.010962611501351775,
    0.009499470721426127,
    0.008231939389884703,
    0.007093257808375139,
    0.006074244407016098,
    0.0051495566265678935,
    0.004275887695849276,
    0.003326781911019193,
    0.0022953078250139564,
    0.0014836352695483102,
    0.000987712465003638,
    0.0006965095457837856,
    0.000517055583489085,
    0.0004026539603612841,
    0.0003261067204435712,
    0.00027521785265896944,
    0.00024096158386873611,
    0.00021589599311425155,
    0.00019815500950976699,
    0.00018512037097602766,
    0.00017396689721891075,
    0.00016470649509391555,
    0.00015687037283229567,
    0.00014996462157158873,
    0.0001441360116848256,
    0.00013871195933005864,
    0.00013449804581962006,
    0.00012958263846765688,
    0.0001255349148237142,
    0.00012197956114817382,
    0.00011863672292539391,
    0.00011577677829312076,
    0.00011352117070201441,
    0.0001110995373343356,
    0.00010818051839931476,
    0.00010570983876434723,
    0.00010375418788185566,
    0.00010170956997828642,
    0.00010010649329325007,
    9.829307962510511e-05,
    9.66905212621605e-05,
    9.522840736338272e-05,
    9.452924081693618e-05,
    9.297168226048257e-05,
    9.194856086096296e-05,
    9.068626169606576e-05,
    8.964873085751733e-05,
    8.86932752495719e-05,
    8.744624579791501e-05,
    8.731691954180711e-05,
    8.592338455272496e-05,
    8.484199641766058e-05,
    8.397263933741232e-05,
    8.350464679857837e-05,
    8.262945343704091e-05,
    8.220408402931343e-05,
    8.154610801009896e-05,
    8.084516646957401e-05,
    8.008074823575902e-05,
    7.966436411350812e-05,
    7.864928171015355e-05,
    7.88519118060119e-05,
    7.845624531662289e-05,
    7.763628190445571e-05,
    7.7154251750581e-05,
    7.663692939444212e-05,
    7.596054228320353e-05,
    7.567550929027525e-05,
    7.537839721314071e-05,
    7.490101749446697e-05,
    7.487279560884523e-05,
    7.423616344336057e-05,
    7.369214029164324e-05,
    7.323622361298943e-05,
    7.30941601195742e-05,
    7.307467533786914e-05,
    7.229477741156756e-05,
    7.211459262955293e-05,
    7.194951948766823e-05,
    7.135153414757432e-05,
    7.16768744557068e-05,
    7.080751868286616e-05,
    7.126536833287783e-05,
    7.062601784791683e-05,
    7.07163840004959e-05,
    7.027816081821152e-05,
    6.938843262972529e-05,
    6.99036371703426e-05,
    6.98630249622062e-05,
    6.929611138937993e-05,
    6.93660658903948e-05,
    6.916827149145014e-05,
    6.890693414582112e-05,
    6.871964272724356e-05,
    6.848512491170875e-05,
    6.810766598314982e-05,
    6.840569285544697e-05,
    6.794992741168256e-05,
    6.765033280021697e-05,
    6.748208760680747e-05,
    6.734802400369491e-05,
    6.701223983603082e-05,
    6.70896354646064e-05,
    6.707903810446855e-05,
    6.719428719474404e-05,
    6.687331419619038e-05,
    6.683164830650115e-05,
    6.664876614406722e-05,
    6.595114285198784e-05,
    6.630769932405637e-05,
    6.619433350311413e-05,
    6.564184111545003e-05,
    6.57863627884513e-05,
    6.577562079206773e-05,
    6.586474181344149e-05,
    6.567423537685952e-05,
    6.541086456745788e-05,
    6.530243724947642e-05,
    6.50909831995033e-05,
    6.50796868691355e-05,
    6.503925596626367e-05,
    6.510123745755026e-05,
    6.553776638331032e-05,
    6.492446843194714e-05,
    6.475941156762951e-05,
    6.452496144979797e-05,
    6.441058502330355e-05,
    6.436222565154827e-05,
    6.419805626373465e-05,
    6.433197844778254e-05,
    6.428771617662362e-05,
    6.401053214029154e-05,
    6.367818083485903e-05,
    6.371551972556342e-05,
    6.393641883040983e-05,
    6.390505185597849e-05,
    6.408528072706358e-05,
    6.386852887661251e-05,
    6.372779821338888e-05,
    6.359867659053065e-05,
    6.373062230967096e-05,
    6.312116281123824e-05,
    6.276975399312375e-05,
    6.262961713253522e-05,
    6.352309563003634e-05,
    6.30111673981449e-05,
    6.33296148890428e-05,
    6.318567586806403e-05,
    6.290231682234908e-05,
    6.275832477264358e-05,
    6.264627537426962e-05,
    6.28582994608085e-05,
    6.258892832126463e-05,
    6.299103938558277e-05,
    6.276684551086735e-05,
    6.273943820864123e-05,
    6.273634452627768e-05,
    6.231496046659818e-05,
    6.230412351545832e-05,
    6.265054957041494e-05,
    6.251550180424035e-05,
    6.240433053201018e-05,
    6.206350099621408e-05,
    6.218519370310945e-05,
    6.21234303846132e-05,
    6.176610968830002e-05,
    6.189602603701722e-05,
    6.179115277316183e-05,
    6.171868278566791e-05,
    6.186820349254908e-05,
    6.236745696205105e-05,
    6.234527826353012e-05,
    6.180774836200663e-05,
    6.165079203099787e-05,
    6.11579382533269e-05,
    6.154896744319671e-05,
    6.151950049482032e-05,
    6.140730652180623e-05,
    6.143727062048505e-05,
    6.185704667831758e-05,
    6.17845295009383e-05,
    6.176125615998924e-05,
    6.132133492901397e-05,
    6.177613950347615e-05,
    6.15301246670819e-05,
    6.120070719118538e-05,
    6.186946624979948e-05,
    6.135994783710242e-05,
    6.100922729722471e-05,
    6.0938849497325076e-05,
    6.133780165949031e-05,
    6.125455963261792e-05,
    6.098312058492907e-05,
    6.103433696404402e-05,
    6.130122115418923e-05,
    6.159590204867823e-05,
    6.10993303391548e-05,
    6.095960878925896e-05,
    6.074689812890474e-05,
    6.067674156153997e-05,
    6.074337107856426e-05,
    6.07538405181077e-05,
    6.106843943222244e-05,
    6.0922986754942124e-05,
    6.106672892551133e-05,
    6.055328308771523e-05,
    6.0652923729811664e-05,
    6.101276810614795e-05,
    6.071006515703239e-05,
    6.102192787235825e-05,
    6.0896295631442e-05,
    6.092923772402298e-05,
    6.0913275221647363e-05,
    6.134170802232109e-05,
    6.044616735284034e-05,
    6.086131201160061e-05,
    6.055396226201416e-05,
    6.032389826400298e-05,
    6.071085999241243e-05,
    6.091685889437424e-05,
    6.02790201627864e-05,
    6.092819652787061e-05,
    6.082312850135078e-05,
    6.049587037683666e-05,
    6.024365224040155e-05,
    6.0547695857309343e-05,
    6.0624955494957624e-05,
    6.068952771368932e-05,
    6.0064898679557975e-05,
    6.033440522819852e-05,
    6.0753481617604365e-05,
    6.0231614342957744e-05,
    6.037096295311978e-05,
    6.046362366082595e-05,
    6.018705907559146e-05,
    6.016849741949442e-05,
    6.052800560041148e-05,
    6.038581499411963e-05,
    6.0818277403038446e-05,
    6.015223950460312e-05,
    6.0541084255923434e-05,
    6.047241006975341e-05,
    6.114043815745375e-05
  ]
}