{
  "times": {
    "training": 19.454076766967773,
    "evaluation": 0.17415809631347656
  },
  "metrics": {
    "mean_rank": {
      "best": 49.42783985102421,
      "avg": 49.42783985102421,
      "worst": 49.42783985102421
    },
    "mean_reciprocal_rank": {
      "best": 0.05455606825684897,
      "avg": 0.05455606825684897,
      "worst": 0.05455606825684897
    },
    "hits_at_k": {
      "best": {
        "1": 0.010707635009310988,
        "3": 0.03445065176908752,
        "5": 0.05726256983240224,
        "10": 0.10661080074487896
      },
      "avg": {
        "1": 0.010707635009310988,
        "3": 0.03445065176908752,
        "5": 0.05726256983240224,
        "10": 0.10661080074487896
      },
      "worst": {
        "1": 0.010707635009310988,
        "3": 0.03445065176908752,
        "5": 0.05726256983240224,
        "10": 0.10661080074487896
      }
    },
    "adjusted_mean_rank": 1.0260851989331996
  },
  "losses": [
    0.03849798606795768,
    0.038500601755506965,
    0.03849787059939776,
    0.03849804112020507,
    0.03849715294394711,
    0.0384979928436189,
    0.0384976458733007,
    0.03849668655259995,
    0.03849700246780423,
    0.03849790814785367,
    0.03849618374207374,
    0.038493824400373855,
    0.038494518341010246,
    0.038494357419056324,
    0.03849762102920957,
    0.0384949830384421,
    0.03849566201615997,
    0.038496348051858274,
    0.03849578059023128,
    0.03849275553981675,
    0.038494565206000336,
    0.038494681803837125,
    0.03849427187633345,
    0.03849456802919251,
    0.03849405590213213,
    0.03849255932796065,
    0.03849156415271929,
    0.03849145461286293,
    0.03849083887464976,
    0.03849376737189194,
    0.03849165929429555,
    0.03849123976793848,
    0.03849302543698859,
    0.03849059551548435,
    0.038492081643844794,
    0.03849261155701587,
    0.03849169938362442,
    0.03849283938862432,
    0.038492974619529455,
    0.03849182812118756,
    0.038489828454170656,
    0.03849174653093373,
    0.03849042386540017,
    0.038491125993293865,
    0.03848958086021699,
    0.03849189757171504,
    0.03848916274545601,
    0.038490316866416775,
    0.03849002720689971,
    0.038490710137086624,
    0.038489587353558986,
    0.038489531454353944,
    0.038488335267829785,
    0.038489103458420354,
    0.038488480662226744,
    0.038488029798436546,
    0.03848959384690099,
    0.038489048970811394,
    0.03848940469302532,
    0.038488078075022726,
    0.03848617270262443,
    0.03848561286361631,
    0.03848860883515145,
    0.03848460244313721,
    0.03848844029057866,
    0.03848616959711304,
    0.038486470831718016,
    0.03848764302110869,
    0.038485083515083666,
    0.0384871678778658,
    0.038483638605328975,
    0.03848582093287954,
    0.03848782568164236,
    0.038485671586013535,
    0.03848627829001174,
    0.03848553663742761,
    0.03848644034124254,
    0.03848646038590697,
    0.03848503523849749,
    0.0384840234064223,
    0.03848378512900281,
    0.038482833430920925,
    0.03848297600212571,
    0.038483374072222264,
    0.038482875778803535,
    0.03848392967644212,
    0.038484831121703304,
    0.038481775016174856,
    0.038483889022474814,
    0.038483086106620504,
    0.03848315753338251,
    0.03848294833484241,
    0.038480480017924604,
    0.038480567536882004,
    0.03848008505333945,
    0.03848084082188445,
    0.03848029876898703,
    0.03848132838717292,
    0.038483048840483806,
    0.03848006670259032,
    0.038483121678841894,
    0.038480274207215115,
    0.038479092418971045,
    0.038478616993408925,
    0.038480510226080865,
    0.03848037725372947,
    0.038479595229497246,
    0.03847950234647472,
    0.038479988500167095,
    0.03848001390889667,
    0.038481144597362384,
    0.03847721640777136,
    0.0384781009138795,
    0.03847829430254343,
    0.03847770482001748,
    0.03847795410788645,
    0.03847637255563053,
    0.03847618961277765,
    0.03847767828201104,
    0.0384781706467262,
    0.03847785614311801,
    0.03847730025657893,
    0.03847493159834487,
    0.0384777115956787,
    0.03847645216964984,
    0.03848009606378893,
    0.03847787647010166,
    0.0384755126112943,
    0.03847604534765755,
    0.038475627797535,
    0.03847663398322585,
    0.038474866947244085,
    0.03847394348108395,
    0.03847701850199996,
    0.03847447621744719,
    0.038476305645976004,
    0.03847546433470812,
    0.03847563852566527,
    0.03847546009991986,
    0.03847347991292896,
    0.03847440309676989,
    0.03847437853499797,
    0.0384754233984216,
    0.03847465492551182,
    0.038471886503265905,
    0.03847482855183052,
    0.03847253414355064,
    0.03847198164484217,
    0.038471706665924414,
    0.03847146810618571
  ]
}