{
  "times": {
    "training": 4376.484375476837,
    "evaluation": 16.64968180656433
  },
  "metrics": {
    "mean_rank": {
      "avg": 5607.289241268567,
      "worst": 5607.28974307507,
      "best": 5607.288739462064
    },
    "mean_reciprocal_rank": {
      "avg": 0.35017456748070364,
      "worst": 0.3501745673967523,
      "best": 0.3501745675647634
    },
    "hits_at_k": {
      "avg": {
        "1": 0.25873143315937375,
        "3": 0.39592533119229223,
        "5": 0.4549377759935769,
        "10": 0.5283018867924528
      },
      "worst": {
        "1": 0.25873143315937375,
        "3": 0.39592533119229223,
        "5": 0.4549377759935769,
        "10": 0.5283018867924528
      },
      "best": {
        "1": 0.25873143315937375,
        "3": 0.39592533119229223,
        "5": 0.4549377759935769,
        "10": 0.5283018867924528
      }
    },
    "adjusted_mean_rank": 0.09411679944899044
  },
  "losses": [
    8.477387052108829e-05,
    7.898077531461376e-05,
    6.0217805656849316e-05,
    5.244541025463867e-05,
    4.771359638012085e-05,
    4.402714526526279e-05,
    4.088663507882151e-05,
    3.690040644736739e-05,
    3.471903330098299e-05,
    3.277688208227863e-05,
    3.126227445685614e-05,
    2.906671124639544e-05,
    2.6965666977068885e-05,
    2.5256391913354444e-05,
    2.3774860497494348e-05,
    2.245950021701475e-05,
    2.127631029183279e-05,
    2.0210878945504552e-05,
    1.9261262735254147e-05,
    1.8428384306477958e-05,
    1.771136891162219e-05,
    1.7099790966798362e-05,
    1.6584183288388955e-05,
    1.6147508529539702e-05,
    1.5767454442754796e-05,
    1.5428451643564695e-05,
    1.5117905326239202e-05,
    1.4828922949225861e-05,
    1.4558012780735344e-05,
    1.4304841647059708e-05,
    1.4067201483300399e-05,
    1.384339030633148e-05,
    1.3633256145468173e-05,
    1.3434241424914305e-05,
    1.3244549724746873e-05,
    1.3060262039753684e-05,
    1.287927511116522e-05,
    1.2701566224647994e-05,
    1.25246998938202e-05,
    1.235263130415698e-05,
    1.219360855531525e-05,
    1.2046923671157614e-05,
    1.1909553305728252e-05,
    1.1778131412568225e-05,
    1.1648056513212107e-05,
    1.1516602628724293e-05,
    1.139002470306474e-05,
    1.1273617765905065e-05,
    1.1163549008247124e-05,
    1.1060601263427761e-05,
    1.0956171001017858e-05,
    1.0849925201130592e-05,
    1.0742540448054493e-05,
    1.0636129350755302e-05,
    1.0527337833094535e-05,
    1.0413013299899165e-05,
    1.0287867519754695e-05,
    1.0152722730071696e-05,
    1.0011624983463561e-05,
    9.86226176094081e-06,
    9.707424464289736e-06,
    9.552866265763951e-06,
    9.392763514566372e-06,
    9.229501305516107e-06,
    9.063881752583596e-06,
    8.902066152785539e-06,
    8.746821271066936e-06,
    8.601817289919702e-06,
    8.464505734624062e-06,
    8.336018465834091e-06,
    8.216563046295798e-06,
    8.10045590132045e-06,
    7.989097583781461e-06,
    7.878308725379286e-06,
    7.772580222255399e-06,
    7.664811824995422e-06,
    7.557675167657451e-06,
    7.451414739065769e-06,
    7.3450039128280964e-06,
    7.239557892642687e-06,
    7.1334216993617485e-06,
    7.028076982361714e-06,
    6.9247273279968744e-06,
    6.821799148533938e-06,
    6.719534996944994e-06,
    6.621570437971985e-06,
    6.5236730538204745e-06,
    6.429921032812578e-06,
    6.334068949826774e-06,
    6.2407492593707805e-06,
    6.152604394633849e-06,
    6.0613108170080236e-06,
    5.974598097833376e-06,
    5.887342134122092e-06,
    5.803476258621805e-06,
    5.72066350651046e-06,
    5.639182415213369e-06,
    5.560000113055603e-06,
    5.484379365562365e-06,
    5.4067280927466546e-06,
    5.332626224078686e-06,
    5.256359513667969e-06,
    5.18415464741407e-06,
    5.1155099464178005e-06,
    5.043295130134752e-06,
    4.97794299923453e-06,
    4.910320192611468e-06,
    4.84457766239505e-06,
    4.779487391189162e-06,
    4.715583627985233e-06,
    4.653356788573697e-06,
    4.5905807636487505e-06,
    4.530423318223028e-06,
    4.471098484418393e-06,
    4.412659282775329e-06,
    4.354760227348564e-06,
    4.297211688364665e-06,
    4.240747868766016e-06,
    4.186634430502873e-06,
    4.133042204482991e-06,
    4.079348744804722e-06,
    4.0297263175735194e-06,
    3.977784358510124e-06,
    3.925957141973952e-06,
    3.877283925941281e-06,
    3.830334659226376e-06,
    3.781777067680624e-06,
    3.735359694869571e-06,
    3.690073535112313e-06,
    3.642361045881616e-06,
    3.599913340883375e-06,
    3.555893284688375e-06,
    3.5104637432296137e-06,
    3.4674778379480342e-06,
    3.4277757450021494e-06,
    3.387899649776012e-06,
    3.347049927697029e-06,
    3.3084336304982233e-06,
    3.266416571057525e-06,
    3.229460821030109e-06,
    3.1923149123258555e-06,
    3.155021369324354e-06,
    3.1202834407142674e-06,
    3.081478384563984e-06,
    3.0495751972598033e-06,
    3.0157048318797767e-06,
    2.9807075769712292e-06,
    2.9478213885185307e-06,
    2.9143726510709136e-06,
    2.8858419420888557e-06,
    2.851232982022324e-06,
    2.8219058280393705e-06,
    2.791499419387074e-06,
    2.762241860027371e-06,
    2.7360165918558644e-06,
    2.7051163201227567e-06,
    2.675795026241136e-06,
    2.647324888741427e-06,
    2.623529659998544e-06,
    2.594583181696894e-06,
    2.5702674440098267e-06,
    2.5452048300895654e-06,
    2.516551560880613e-06,
    2.4942042133474107e-06,
    2.4708682020328657e-06,
    2.447596140066892e-06,
    2.4253075355763324e-06,
    2.398162906470746e-06,
    2.3763495467577366e-06,
    2.359288088393478e-06,
    2.3329708659819933e-06,
    2.312037856786867e-06,
    2.291299325267618e-06,
    2.2733307637316605e-06,
    2.252508905146326e-06,
    2.2317770238131594e-06,
    2.2107272161004246e-06,
    2.1921840528059113e-06,
    2.1739980239948186e-06,
    2.1545951494968e-06,
    2.1361032654284137e-06,
    2.1182283826499976e-06,
    2.100144271369811e-06,
    2.0861635780024516e-06,
    2.0681275437994727e-06,
    2.0523541206230402e-06,
    2.0327238480079195e-06,
    2.018710850475049e-06,
    2.0030633766398856e-06,
    1.9891627048466037e-06,
    1.9762527512008318e-06,
    1.9575208739086805e-06,
    1.9426834930520063e-06,
    1.928250958493165e-06,
    1.9126641427178334e-06,
    1.9017241483630488e-06,
    1.8888061752445408e-06,
    1.8728073491128646e-06,
    1.8606949146670014e-06,
    1.8504670256140542e-06,
    1.8377273552139118e-06,
    1.8228763605615532e-06,
    1.8128769498883569e-06,
    1.797545361287072e-06,
    1.785968671262119e-06,
    1.7729335522860783e-06,
    1.7663006309017736e-06,
    1.755638732377997e-06,
    1.7435399561363177e-06,
    1.7323353824203976e-06,
    1.7235202042845138e-06,
    1.71184588625745e-06,
    1.7017155642600843e-06,
    1.690311447175648e-06,
    1.6827586280696196e-06,
    1.6729693416523646e-06,
    1.6657200384600959e-06,
    1.6537515068284524e-06,
    1.6484289353732501e-06,
    1.6368530001983875e-06,
    1.6290816547949984e-06,
    1.6212792887410559e-06,
    1.6106409223854532e-06,
    1.604765755602326e-06,
    1.5956744166590793e-06,
    1.5883895922866125e-06,
    1.5788440126912085e-06,
    1.5694058079763219e-06,
    1.5643462823595062e-06,
    1.5585602620544787e-06,
    1.5520910007067447e-06,
    1.5423690569200258e-06,
    1.5358826336287765e-06,
    1.5313053377465812e-06,
    1.5256885363590668e-06,
    1.5177053544839182e-06,
    1.5129552349167437e-06,
    1.5019926633164423e-06,
    1.4998685295422314e-06,
    1.4932867992657969e-06,
    1.4879910257162055e-06,
    1.482224612446035e-06,
    1.4722205568218008e-06,
    1.4677353708196292e-06,
    1.463374439206653e-06,
    1.4591029469118926e-06,
    1.4528078608109949e-06,
    1.4486841830528041e-06,
    1.4429957208587797e-06,
    1.4393587784452767e-06,
    1.4325043445952405e-06,
    1.4285314786940552e-06,
    1.4240343278088124e-06,
    1.4164221664669532e-06,
    1.4146432846498831e-06,
    1.4116631825702368e-06,
