{
  "times": {
    "training": 3990.020257949829,
    "evaluation": 1.20924711227417
  },
  "metrics": {
    "mean_rank": {
      "worst": 3.3752327746741155,
      "avg": 3.3752327746741155,
      "best": 3.3752327746741155
    },
    "mean_reciprocal_rank": {
      "worst": 0.5913486457886509,
      "avg": 0.5913486457886509,
      "best": 0.5913486457886509
    },
    "hits_at_k": {
      "worst": {
        "1": 0.3915270018621974,
        "3": 0.7458100558659218,
        "5": 0.8715083798882681,
        "10": 0.9497206703910615
      },
      "avg": {
        "1": 0.3915270018621974,
        "3": 0.7458100558659218,
        "5": 0.8715083798882681,
        "10": 0.9497206703910615
      },
      "best": {
        "1": 0.3915270018621974,
        "3": 0.7458100558659218,
        "5": 0.8715083798882681,
        "10": 0.9497206703910615
      }
    },
    "adjusted_mean_rank": 0.07031128512612185
  },
  "losses": [
    0.02411778574662932,
    0.023903037269672987,
    0.02378347214513671,
    0.023579937697140577,
    0.023334202224088742,
    0.023039246984314494,
    0.0227682082530125,
    0.02245832293395525,
    0.022233181090655734,
    0.021822891970712705,
    0.02157682262200597,
    0.021254234872270055,
    0.020881724054663535,
    0.020637247734964732,
    0.020221807791638687,
    0.01987784954000697,
    0.01963643553014496,
    0.019260768898961583,
    0.018885512726402348,
    0.018619552180554704,
    0.01827075508116197,
    0.017915374832227826,
    0.017564295339380646,
    0.017115592311244557,
    0.016580965331570708,
    0.01597611583710024,
    0.01523498418803714,
    0.014422348049061184,
    0.013678135385227561,
    0.012912552172408791,
    0.012269434832605055,
    0.011684581769494277,
    0.01103431593813351,
    0.01064070819943362,
    0.010154588989065856,
    0.009574029445543551,
    0.009096781390523782,
    0.008564442879265725,
    0.008079987208093848,
    0.007729113192213804,
    0.007444874511260804,
    0.007213336448725801,
    0.0069296266456319484,
    0.006740307775701044,
    0.006535122514186141,
    0.006486358178591126,
    0.006293459415866572,
    0.006121475644556157,
    0.006036095006377453,
    0.005857019611304689,
    0.005692607724484516,
    0.005553720877566881,
    0.005411341862032741,
    0.005280870556428484,
    0.005152590724784351,
    0.005133699392681865,
    0.004996875578961387,
    0.00495932577134281,
    0.004935007712416602,
    0.0048612584724014255,
    0.004823647415717149,
    0.004742442887260715,
    0.004688695962593126,
    0.004668105682942403,
    0.004613715537242968,
    0.004588046564183404,
    0.004566824917807087,
    0.004564313865912039,
    0.004484139715952708,
    0.004507508853534132,
    0.004456121504807335,
    0.004410730384696582,
    0.004389562891937499,
    0.004367865793178493,
    0.004386713198117549,
    0.004370066042543016,
    0.004290433984889897,
    0.004306653336175344,
    0.004272805266989193,
    0.004265469479093796,
    0.004239659100441325,
    0.004265501057730869,
    0.00420755033720501,
    0.00420951175443263,
    0.004159401526477551,
    0.004155385953920095,
    0.004118146738892051,
    0.0041455001978392015,
    0.004114079230276638,
    0.004074697130187921,
    0.004074249465641136,
    0.004069261962490345,
    0.0040681383263822014,
    0.004036431762059341,
    0.004039455024692952,
    0.004049746807767532,
    0.004013390541913804,
    0.00401793437493679,
    0.00397835050932784,
    0.003956649179940115,
    0.003976703654584032,
    0.003973912729573007,
    0.003957991841229983,
    0.0038923444634055794,
    0.003938741576055602,
    0.0038969841864647183,
    0.003908242851980589,
    0.0038797563981362495,
    0.003892951556555543,
    0.003877918898696533,
    0.0038599290371408566,
    0.0038591615976905276,
    0.0038248225987700516,
    0.0038147542522330717,
    0.0038257694765245227,
    0.0038401703077738177,
    0.0038004914027889875,
    0.0038017816518953118,
    0.0037889766405695834,
    0.003790496223390779,
    0.0037531683558060993,
    0.0037408977078120416,
    0.0037269250368559908,
    0.003741406641154086,
    0.0037051850830881476,
    0.0036879236058223893,
    0.003721090253836681,
    0.003691028094412724,
    0.0037171431415546894,
    0.0037004870952504656,
    0.0036740105807142897,
    0.003668248503205579,
    0.003699661590279279,
    0.0036318754155558537,
    0.0036526006980657872,
    0.0036422972360709576,
    0.003636905424469517,
    0.0035903038905474812,
    0.0036177799009285477,
    0.0035821502458841335,
    0.003606494326250844,
    0.003597715980511103,
    0.0035773860057379896,
    0.003581183053437997,
    0.003588736710428131,
    0.003586343663447268,
    0.003564059503802904,
    0.0035613389822657915,
    0.0035771327200066648,
    0.0035270471683937067,
    0.0034995157926078287,
    0.0035427427372794027,
    0.0035454310134074157,
    0.0035219586509705456,
    0.0035240633222658174,
    0.0035256982497802905,
    0.003509017686169483,
    0.0034912975098630797,
    0.003482380596971425,
    0.003491917572748125,
    0.003471940696328418,
    0.003471820382401347,
    0.003460561386279043,
    0.003463793442299422,
    0.0034729436978223394,
    0.003454165533185005,
    0.0034665479157983295,
    0.0034288711349256614,
    0.0034530766062832643,
    0.003432631308617496,
    0.003388156637715957,
    0.0034356331096287145,
    0.003434160926265028,
    0.0033817152274259773,
    0.003388610363162684,
    0.003390765424306794,
    0.003407196949056458,
    0.003406881169007903,
    0.0033835664669257565,
    0.003354305365691415,
    0.0033946628933022504,
    0.0033842283206222726,
    0.0033837002733668265,
    0.003377439907323813,
    0.0033442047906408175,
    0.0033695291024057215,
    0.0033418980987580346,
    0.003345270387933865,
    0.0033475700342916093,
    0.003335492134644486,
    0.0033751064366469167,
    0.0033281018987144535,
    0.003346638218913932,
    0.0033457464253362477,
    0.003355619020054591,
    0.0033111034281864023,
    0.003285915641618146,
    0.0033357654474082676,
    0.0033258788476433006,
    0.003328243597743733,
    0.003281031811325584,
    0.0033032733184888904,
    0.003321094560953143,
    0.0032919636252379805,
    0.0033046809698312023,
    0.0033276002871113295,
    0.0033185936768682263,
    0.003259558901225639,
    0.0032846464355622703,
    0.003282721982815404,
    0.0032514036150844525,
    0.003297737231678661,
    0.0032596102981542127,
    0.0032699097047973256,
    0.003232082546721753,
    0.003272572708118198,
    0.0032466432032365465,
    0.0032651232156993243,
    0.0032287218596189797,
    0.003263288194445321,
    0.0032386092724381466,
    0.0032329282014628992,
    0.0032502936076351935,
    0.003248947286238887,
    0.0031999550739735755,
    0.0032150262922278783,
    0.0032127322274834017,
    0.0032090797884326973,
    0.003229594213363962,
    0.003237772726323909,
    0.003226787323866402,
    0.003185301175653195,
    0.003231069036891984,
    0.0032195750968827264,
    0.00320417864648416,
    0.0032071783211717053,
    0.003175430869673159,
    0.0032072049626219,
    0.0032210680304055037,
    0.0031921848420826335,
    0.003221700159825859,
    0.0031816480093337387,
    0.003173931713162813,
    0.0031784242779898985,
    0.0032001011411934978,
    0.0031573964557122117,
    0.0031918185548978936,
    0.0031631049680024776,
    0.0031945090139221945,
    0.003174673631605919,
    0.003172625276440587,
    0.003183966322474126,
    0.003181441731193741,
    0.003155384939892064,
    0.0031577289167247463,
    0.003178911657710926,
    0.003159866632421916,
    0.003177611753763108,
    0.0031469809110511848,
    0.0031695337280454915,
    0.0031391147468308833,
    0.003150003515306009,
    0.003147390605563521,
    0.003144882638347492,
    0.0031193058746160542,
    0.003168097275356354,
    0.0031552408938078135,
    0.0031374082139742033,
