{
  "times": {
    "training": 3389.333290576935,
    "evaluation": 161.12283873558044
  },
  "metrics": {
    "mean_rank": {
      "avg": 1721.261591730229,
      "best": 1721.2612404656763,
      "worst": 1721.2619429947813
    },
    "mean_reciprocal_rank": {
      "avg": 0.390804394867465,
      "best": 0.39080439487874447,
      "worst": 0.39080439485618884
    },
    "hits_at_k": {
      "avg": {
        "1": 0.2962665596146126,
        "3": 0.4452027298273786,
        "5": 0.5010036130068246,
        "10": 0.5679446005620233
      },
      "best": {
        "1": 0.2962665596146126,
        "3": 0.4452027298273786,
        "5": 0.5010036130068246,
        "10": 0.5679446005620233
      },
      "worst": {
        "1": 0.2962665596146126,
        "3": 0.4452027298273786,
        "5": 0.5010036130068246,
        "10": 0.5679446005620233
      }
    },
    "adjusted_mean_rank": 0.02967596302693385
  },
  "losses": [
    1.7733088903531558e-05,
    1.154491819149197e-05,
    1.0298479593805572e-05,
    9.003578016189288e-06,
    7.740286721399131e-06,
    6.498562513025672e-06,
    5.4862648230679484e-06,
    4.750225731025197e-06,
    4.203324209125502e-06,
    3.85573654864159e-06,
    3.6212428544891424e-06,
    3.1624932817948327e-06,
    2.9490916150914076e-06,
    2.761574224742236e-06,
    2.6080829964076797e-06,
    2.4971441830200506e-06,
    2.3724405147533068e-06,
    2.284980228988296e-06,
    2.1977847800137162e-06,
    2.1369734670267116e-06,
    2.0770023239462017e-06,
    2.0209133221459673e-06,
    1.9683388482327966e-06,
    2.3726755577880853e-06,
    1.9329914635477e-06,
    1.8349719038363134e-06,
    1.8024912055060745e-06,
    1.7715144704424532e-06,
    1.754234318619755e-06,
    1.7289731962371045e-06,
    1.7131823500994301e-06,
    1.6792769796350316e-06,
    1.665320466434596e-06,
    1.637951061052546e-06,
    1.6294373395584122e-06,
    1.6098803030719333e-06,
    1.5889181097381637e-06,
    1.585294328243753e-06,
    1.5641914671639674e-06,
    1.5523740797933165e-06,
    1.546404132577524e-06,
    1.5289440906832512e-06,
    1.5280687789764393e-06,
    1.514283030618523e-06,
    1.499905028517314e-06,
    1.494023368103932e-06,
    1.4873490563533906e-06,
    1.4769871043612306e-06,
    1.4697703283325788e-06,
    1.4547483367742747e-06,
    1.4472297503449368e-06,
    1.4457054808359063e-06,
    1.4312003995082617e-06,
    1.4255179178302274e-06,
    1.4276756117723427e-06,
    1.4198484225921648e-06,
    1.407434181193602e-06,
    1.397728641774032e-06,
    1.3982167466311577e-06,
    1.3884227963458237e-06,
    1.3919924554352979e-06,
    1.384004770610403e-06,
    1.3788942579334882e-06,
    1.3719674448012877e-06,
    1.3676075932692154e-06,
    1.3555491862624187e-06,
    1.3587214387867177e-06,
    1.354327699196555e-06,
    1.348057971594983e-06,
    1.344853613755678e-06,
    1.3449846802488315e-06,
    1.3329197334843448e-06,
    1.3335276728934527e-06,
    1.3266138152627977e-06,
    1.3314676865845963e-06,
    1.3185608687114201e-06,
    1.3212287210131147e-06,
    1.3187842390198831e-06,
    1.311732846209937e-06,
    1.3097872738687704e-06,
    1.305550150348977e-06,
    1.3047186347149308e-06,
    1.3045719241531611e-06,
    1.2976907124958961e-06,
    1.2926784758700454e-06,
    1.2925718232609601e-06,
    1.291780717113505e-06,
    1.280444048015371e-06,
    1.2825929597133834e-06,
    1.2761773272929137e-06,
    1.2781843750394184e-06,
    1.2804404341135744e-06,
    1.2723939683803458e-06,
    1.2728211690632936e-06,
    1.2666003148054224e-06,
    1.2690383900302998e-06,
    1.2622765032572115e-06,
    1.2593815654241705e-06,
    1.2583276133886261e-06,
    1.2548078003205445e-06,
    1.2568829638442567e-06,
    1.2466350556745907e-06,
    1.2515225988302357e-06,
    1.2419186773309652e-06,
    1.247777659919947e-06,
    1.246419517585145e-06,
    1.2422330051971917e-06,
    1.2345554414537151e-06,
    1.2399355688116526e-06,
    1.2359894274887314e-06,
    1.2366170616050199e-06,
    1.2337463013805694e-06,
    1.2317694612520978e-06,
    1.2289441344449498e-06,
    1.231558084794282e-06,
    1.2271450062929428e-06,
    1.2375142769682083e-06,
    1.2243330402007808e-06,
    1.2180319042945974e-06,
    1.2201332917834995e-06,
    1.2169141737827872e-06,
    1.214060823494384e-06,
    1.21095942531001e-06,
    1.2141093690705891e-06,
    1.2091976177957918e-06,
    1.2120194049747211e-06,
    1.2069908902693137e-06,
    1.207513535061132e-06,
    1.2061500239962222e-06,
    1.2058632078390526e-06,
    1.2073873617402304e-06,
    1.203130703797643e-06,
    1.2079356302432416e-06,
    1.2012227817747158e-06,
    1.199006640429627e-06,
    1.1990537770343557e-06,
    1.1998978382759232e-06,
    1.201721837708871e-06,
    1.196116304947668e-06,
    1.1892583860260622e-06,
    1.196530260974473e-06,
    1.192091160304188e-06,
    1.1880930216006204e-06,
    1.188504901114956e-06,
    1.1913384082462695e-06,
    1.1873532714031045e-06,
    1.1840443723203902e-06,
    1.1838326178720133e-06,
    1.1855866636106148e-06,
    1.1869716653905185e-06,
    1.1847571717488873e-06,
    1.1821748144557084e-06,
    1.1776449296891689e-06,
    1.1810609111748253e-06,
    1.1754560467580848e-06,
    1.1778100697628156e-06,
    1.174933583849403e-06,
    1.1785834538006863e-06,
    1.1781254907216548e-06,
    1.174007250861757e-06,
    1.174145677912204e-06,
    1.170401473114778e-06,
    1.1719800983098607e-06,
    1.1742958663913347e-06,
    1.1713422845990122e-06,
    1.168178705600404e-06,
    1.1660139117979293e-06,
    1.1650554809193375e-06,
    1.162413763529513e-06,
    1.162860667003856e-06,
    1.166803642667557e-06,
    1.171704564872224e-06,
    1.1609883507548532e-06,
    1.1609943547582108e-06,
    1.1601511935870133e-06,
    1.159234176960573e-06,
    1.1606678716834982e-06,
    1.1633115060870697e-06,
    1.1620131765893814e-06,
    1.1610911960630817e-06,
    1.1573716813884372e-06,
    1.1579835158296213e-06,
    1.1579414358376722e-06,
    1.1557697747706442e-06,
    1.1567308907454831e-06,
    1.1537018930482966e-06,
    1.1534626432144863e-06,
    1.1509351252125018e-06,
    1.1538104381312224e-06,
    1.147550438401987e-06,
    1.15542696834983e-06,
    1.1475858550735596e-06,
    1.1517746030476325e-06,
    1.146220713554976e-06,
    1.1448861227585395e-06,
    1.1501076426955671e-06,
    1.149339293052319e-06,
    1.1474209280606403e-06,
    1.1441496863985373e-06,
    1.151891213582384e-06,
    1.144595546825276e-06,
    1.1435841700669488e-06,
    1.1433111525287026e-06,
    1.1394265899375615e-06,
    1.141192002610287e-06,
    1.1471018534651355e-06,
    1.1419415016017984e-06,
    1.1436253646894082e-06,
    1.1422295338432725e-06,
    1.1370754164645392e-06,
    1.1397470017984116e-06,
    1.1413793992443088e-06,
    1.1420010510271603e-06,
    1.1387883791603606e-06,
    1.139483240383488e-06,
    1.1396147962797031e-06,
    1.1417059844045947e-06,
    1.1372801095992102e-06,
    1.13831424355917e-06,
    1.136470467553382e-06,
    1.1364655787173477e-06,
    1.1342837427336574e-06,
    1.1370210203740077e-06,
    1.135412257481447e-06,
    1.1338623882865023e-06,
    1.135634805155212e-06,
    1.1299509687678188e-06,
    1.129520362638602e-06,
    1.1342669924474064e-06,
    1.1300295722165983e-06,
    1.1298468607905383e-06,
    1.1313792588354521e-06,
    1.1233638575870158e-06,
    1.1272315355848419e-06,
    1.1324004122956473e-06,
    1.1323186114704063e-06,
    1.1263076732403667e-06,
    1.1289045888081525e-06,
    1.1316027099497398e-06,
    1.1262802076738118e-06,
    1.1238887575526595e-06,
    1.1258929574675853e-06,
    1.1286649338020975e-06,
    1.1241385058662671e-06,
    1.1257343660647572e-06,
    1.125168103969365e-06,
    1.124019716350018e-06,
    1.127083204474221e-06,
    1.1221961742811759e-06,
    1.1215918872748189e-06,
    1.1314297211195464e-06,
    1.1216542361954675e-06,
    1.1192064086915742e-06,
    1.123083758228046e-06,
    1.1206194684077344e-06,
