{
  "times": {
    "training": 33.74181127548218,
    "evaluation": 0.1345961093902588
  },
  "metrics": {
    "mean_rank": {
      "worst": 48.18994413407821,
      "avg": 48.18994413407821,
      "best": 48.18994413407821
    },
    "mean_reciprocal_rank": {
      "worst": 0.05191925341694134,
      "avg": 0.05191925341694134,
      "best": 0.05191925341694134
    },
    "hits_at_k": {
      "worst": {
        "1": 0.008379888268156424,
        "3": 0.03165735567970205,
        "5": 0.05307262569832402,
        "10": 0.10381750465549348
      },
      "avg": {
        "1": 0.008379888268156424,
        "3": 0.03165735567970205,
        "5": 0.05307262569832402,
        "10": 0.10381750465549348
      },
      "best": {
        "1": 0.008379888268156424,
        "3": 0.03165735567970205,
        "5": 0.05307262569832402,
        "10": 0.10381750465549348
      }
    },
    "adjusted_mean_rank": 1.0008299480065759
  },
  "losses": [
    0.027363476224769537,
    0.0273450183167849,
    0.027368853169102824,
    0.027348109305913894,
    0.027312912601360075,
    0.027337815730345588,
    0.027343422564710913,
    0.02734514403670636,
    0.02732991288927408,
    0.027339598653568546,
    0.027316193959843194,
    0.02730117511231463,
    0.02732134360316766,
    0.027311971796012007,
    0.027361675939861482,
    0.02736461691793943,
    0.027321259003026687,
    0.027327367194123025,
    0.02729966936687127,
    0.02728692786985219,
    0.02732320838521289,
    0.02732025933547433,
    0.027300065411275585,
    0.027323311641550566,
    0.02729325567103544,
    0.027292568666110288,
    0.027314298490258078,
    0.02728281276974576,
    0.027332205088593183,
    0.027297075241756532,
    0.02729861845188878,
    0.027296219569583627,
    0.02730349959827619,
    0.027296585307186764,
    0.02730503032017881,
    0.027283724867395227,
    0.02728312398556588,
    0.0272884509008329,
    0.027280424471976695,
    0.02727394902032239,
    0.027259970503240225,
    0.027288274618810983,
    0.02728801891469453,
    0.027261614989868867,
    0.02728097479170559,
    0.027276725366982894,
    0.027256646273578558,
    0.027290714087862437,
    0.027258992766237458,
    0.02724768901472844,
    0.027263839646141128,
    0.027240074697450038,
    0.027259766046553897,
    0.027250851582734586,
    0.02723524045807148,
    0.027251000223126286,
    0.027230587298022562,
    0.027222200157314167,
    0.027222308439402793,
    0.027220572651631914,
    0.027232165231525003,
    0.02724056090078046,
    0.02721456436637262,
    0.027215704678803805,
    0.02719883726869898,
    0.02722321924254065,
    0.027227231695491336,
    0.027216105444368102,
    0.02724190125332896,
    0.027216957766040373,
    0.0272197489615105,
    0.027219911308495697,
    0.027227085644122854,
    0.027203082962182337,
    0.027225092248541978,
    0.02721594142213259,
    0.02719150431732597,
    0.027212023087790582,
    0.027197170242338812,
    0.027197316293707294,
    0.02721155462688396,
    0.027222121877435754,
    0.027194056637330544,
    0.02721729152159202,
    0.027198059114927075,
    0.027220255953174396,
    0.027188247783006627,
    0.027179329054913784,
    0.027185328887773755,
    0.027172604067110095,
    0.02719913142742497,
    0.027166099983904925,
    0.02718512641092871,
    0.027170919907508053,
    0.027198940525036658,
    0.027187956365599338,
    0.027161605668045086,
    0.027171571199142375,
    0.027179759518097323,
    0.02717824151286756,
    0.027161679988240938,
    0.027153561344469595,
    0.027142968660572094,
    0.02717498467395725,
    0.02716054614836779,
    0.02720070250763066,
    0.027174565937525926,
    0.02714494972021882,
    0.027134861438962,
    0.027153391001971526,
    0.0271352042560949,
    0.027130957648838643,
    0.027128061902519235,
    0.027136837472857778,
    0.02712568289477465,
    0.027165525373046447,
    0.027126039646944274,
    0.027156064320737583,
    0.02713509308039209,
    0.027131970566098052,
    0.027166704749269098,
    0.027129844445003486,
    0.02712568662601399,
    0.027107485716657415,
    0.027120591580620287,
    0.02710123033197647,
    0.02711941387964795,
    0.027101051232488117,
    0.027117763148904492,
    0.02709429966912259,
    0.027090305720073125,
    0.027126762669751225,
    0.02713921229247657,
    0.027088089135461478,
    0.027137831277034032,
    0.027103755086498572,
    0.027097007558963354,
    0.02712045634223112,
    0.02709141930464699,
    0.02711650754879245,
    0.027098024283609846,
    0.027087917650747285,
    0.027077142516860792,
    0.027091337293529236,
    0.027082202458145594,
    0.027117772971963168,
    0.02706999666048901,
    0.027069226426082234,
    0.027072942588170168,
    0.027088294429772963
  ]
}