{
  "times": {
    "training": 205.62334084510803,
    "evaluation": 0.35512685775756836
  },
  "metrics": {
    "arithmetic_mean_rank": {
      "tail": {
        "pessimistic": 5.863128491620111,
        "realistic": 5.863128491620111,
        "optimistic": 5.863128491620111
      },
      "both": {
        "pessimistic": 6.027932960893855,
        "realistic": 6.027932960893855,
        "optimistic": 6.027932960893855
      },
      "head": {
        "pessimistic": 6.192737430167598,
        "realistic": 6.192737430167598,
        "optimistic": 6.192737430167598
      }
    },
    "geometric_mean_rank": {
      "tail": {
        "pessimistic": 3.801000748661607,
        "realistic": 3.801000748661607,
        "optimistic": 3.801000748661607
      },
      "both": {
        "pessimistic": 3.861383152370238,
        "realistic": 3.861383152370238,
        "optimistic": 3.861383152370238
      },
      "head": {
        "pessimistic": 3.9227247862707917,
        "realistic": 3.9227247862707917,
        "optimistic": 3.9227247862707917
      }
    },
    "median_rank": {
      "tail": {
        "pessimistic": 3.0,
        "realistic": 3.0,
        "optimistic": 3.0
      },
      "both": {
        "pessimistic": 3.0,
        "realistic": 3.0,
        "optimistic": 3.0
      },
      "head": {
        "pessimistic": 3.0,
        "realistic": 3.0,
        "optimistic": 3.0
      }
    },
    "harmonic_mean_rank": {
      "tail": {
        "pessimistic": 3.021084968603558,
        "realistic": 3.021084968603558,
        "optimistic": 3.021084968603558
      },
      "both": {
        "pessimistic": 3.051569123830386,
        "realistic": 3.051569123830386,
        "optimistic": 3.051569123830386
      },
      "head": {
        "pessimistic": 3.0826747486400063,
        "realistic": 3.0826747486400063,
        "optimistic": 3.0826747486400063
      }
    },
    "inverse_arithmetic_mean_rank": {
      "tail": {
        "pessimistic": 0.17055740828966176,
        "realistic": 0.17055740828966176,
        "optimistic": 0.17055740828966176
      },
      "both": {
        "pessimistic": 0.16589434661723818,
        "realistic": 0.16589434661723818,
        "optimistic": 0.16589434661723818
      },
      "head": {
        "pessimistic": 0.16147947677041047,
        "realistic": 0.16147947677041047,
        "optimistic": 0.16147947677041047
      }
    },
    "inverse_geometric_mean_rank": {
      "tail": {
        "pessimistic": 0.26308860905963144,
        "realistic": 0.26308860905963144,
        "optimistic": 0.26308860905963144
      },
      "both": {
        "pessimistic": 0.25897455925506085,
        "realistic": 0.25897455925506085,
        "optimistic": 0.25897455925506085
      },
      "head": {
        "pessimistic": 0.2549248429305865,
        "realistic": 0.2549248429305865,
        "optimistic": 0.2549248429305865
      }
    },
    "inverse_harmonic_mean_rank": {
      "tail": {
        "pessimistic": 0.33100690989907244,
        "realistic": 0.33100690989907244,
        "optimistic": 0.33100690989907244
      },
      "both": {
        "pessimistic": 0.32770026154438914,
        "realistic": 0.32770026154438914,
        "optimistic": 0.32770026154438914
      },
      "head": {
        "pessimistic": 0.3243936131897059,
        "realistic": 0.3243936131897059,
        "optimistic": 0.3243936131897059
      }
    },
    "inverse_median_rank": {
      "tail": {
        "pessimistic": 0.3333333333333333,
        "realistic": 0.3333333333333333,
        "optimistic": 0.3333333333333333
      },
      "both": {
        "pessimistic": 0.3333333333333333,
        "realistic": 0.3333333333333333,
        "optimistic": 0.3333333333333333
      },
      "head": {
        "pessimistic": 0.3333333333333333,
        "realistic": 0.3333333333333333,
        "optimistic": 0.3333333333333333
      }
    },
    "rank_std": {
      "tail": {
        "pessimistic": 8.416800608569803,
        "realistic": 8.416800608569803,
        "optimistic": 8.416800608569803
      },
      "both": {
        "pessimistic": 8.946518210585614,
        "realistic": 8.946518210585614,
        "optimistic": 8.946518210585614
      },
      "head": {
        "pessimistic": 9.443702805259907,
        "realistic": 9.443702805259907,
        "optimistic": 9.443702805259907
      }
    },
    "rank_var": {
      "tail": {
        "pessimistic": 70.842532484421,
        "realistic": 70.842532484421,
        "optimistic": 70.842532484421
      },
      "both": {
        "pessimistic": 80.04018809234002,
        "realistic": 80.04018809234002,
        "optimistic": 80.04018809234002
      },
      "head": {
        "pessimistic": 89.18352267407384,
        "realistic": 89.18352267407384,
        "optimistic": 89.18352267407384
      }
    },
    "hits_at_k": {
      "tail": {
        "pessimistic": {
          "1": 0.006517690875232775,
          "3": 0.5856610800744879,
          "5": 0.74487895716946,
          "10": 0.8761638733705773
        },
        "realistic": {
          "1": 0.006517690875232775,
          "3": 0.5856610800744879,
          "5": 0.74487895716946,
          "10": 0.8761638733705773
        },
        "optimistic": {
          "1": 0.006517690875232775,
          "3": 0.5856610800744879,
          "5": 0.74487895716946,
          "10": 0.8761638733705773
        }
      },
      "both": {
        "pessimistic": {
          "1": 0.0074487895716946,
          "3": 0.574487895716946,
          "5": 0.734171322160149,
          "10": 0.8738361266294227
        },
        "realistic": {
          "1": 0.0074487895716946,
          "3": 0.574487895716946,
          "5": 0.734171322160149,
          "10": 0.8738361266294227
        },
        "optimistic": {
          "1": 0.0074487895716946,
          "3": 0.574487895716946,
          "5": 0.734171322160149,
          "10": 0.8738361266294227
        }
      },
      "head": {
        "pessimistic": {
          "1": 0.008379888268156424,
          "3": 0.5633147113594041,
          "5": 0.723463687150838,
          "10": 0.8715083798882681
        },
        "realistic": {
          "1": 0.008379888268156424,
          "3": 0.5633147113594041,
          "5": 0.723463687150838,
          "10": 0.8715083798882681
        },
        "optimistic": {
          "1": 0.008379888268156424,
          "3": 0.5633147113594041,
          "5": 0.723463687150838,
          "10": 0.8715083798882681
        }
      }
    },
    "adjusted_arithmetic_mean_rank": {
      "tail": {
        "realistic": 0.12152851490881018
      },
      "both": {
        "realistic": 0.12632133501787796
      },
      "head": {
        "realistic": 0.1312209606297659
      }
    },
    "adjusted_arithmetic_mean_rank_index": {
      "tail": {
        "realistic": 0.8970654894464043
      },
      "both": {
        "realistic": 0.8923793627463192
      },
      "head": {
        "realistic": 0.887586547473872
      }
    }
  },