{
  "times": {
    "training": 100.08952569961548,
    "evaluation": 0.46924448013305664
  },
  "metrics": {
    "mean_rank": {
      "worst": 6.11731843575419,
      "best": 6.11731843575419,
      "avg": 6.11731843575419
    },
    "mean_reciprocal_rank": {
      "worst": 0.2912461492874367,
      "best": 0.2912461492874367,
      "avg": 0.2912461492874367
    },
    "hits_at_k": {
      "worst": {
        "1": 0.006517690875232775,
        "3": 0.47718808193668527,
        "5": 0.6843575418994413,
        "10": 0.8738361266294227
      },
      "best": {
        "1": 0.006517690875232775,
        "3": 0.47718808193668527,
        "5": 0.6843575418994413,
        "10": 0.8738361266294227
      },
      "avg": {
        "1": 0.006517690875232775,
        "3": 0.47718808193668527,
        "5": 0.6843575418994413,
        "10": 0.8738361266294227
      }
    },
    "adjusted_mean_rank": 0.12661879808334997
  },
  "losses": [
    0.006080481932936271,
    0.0016343243948135121,
    0.00147126013110479,
    0.0013957316274336132,
    0.001347604563916695,
    0.001307822954457267,
    0.0012767818306872712,
    0.0012444315871924915,
    0.00121592156861975,
    0.0011915509837107517,
    0.0011630522269033565,
    0.00113715712362133,
    0.0011099347614069305,
    0.0010797863700584079,
    0.001050041736585824,
    0.0010241355019061712,
    0.0009971227868999031,
    0.0009713489241803882,
    0.0009470678808573941,
    0.0009260222457274307,
    0.000905414057083686,
    0.0008880430386682505,
    0.000874022527228106,
    0.0008574192942388719,
    0.000843434017182115,
    0.0008308078892256939,
    0.0008188317270865768,
    0.0008083675283422408,
    0.0007985490712176743,
    0.0007919678412210405,
    0.0007830720455019494,
    0.0007765052784740059,
    0.0007706260996868953,
    0.0007645628360110555,
    0.0007614208202659107,
    0.0007566296683418589,
    0.0007511292106152795,
    0.0007457147466414695,
    0.0007435531579551011,
    0.000737468560626521,
    0.0007355635763801746,
    0.0007348294507874322,
    0.0007296675405890615,
    0.0007257034776693956,
    0.000723793344661133,
    0.0007221919313519635,
    0.000718576199970686,
    0.0007179045479845827,
    0.0007150614963781633,
    0.0007156474406356585,
    0.0007107746610784212,
    0.0007090624222359254,
    0.0007092377733594427,
    0.0007063675290740998,
    0.000704566452478683,
    0.0007035364946245813,
    0.0007021840298129769,
    0.0006985317809727001,
    0.0007005800237558252,
    0.0006985806005227306,
    0.0006943293672738674,
    0.0006974563161730906,
    0.0006915402477903619,
    0.0006915406160028687,
    0.0006944995480528527,
    0.0006897031634344897,
    0.0006897574937457658,
    0.0006894851688771729,
    0.0006895017423640853,
    0.0006866450095592827,
    0.0006871845431264825,
    0.000684661205708876,
    0.0006836192594746944,
    0.0006819726062776375,
    0.0006816621067757589,
    0.0006814629933012001,
    0.0006818075363274859,
    0.0006808641305400847,
    0.0006794278904070121,
    0.00067776630901599,
    0.0006795641840810535,
    0.0006778174361618661,
    0.0006778662941899946,
    0.0006764715882750709,
    0.0006744583403955,
    0.0006735500872391538,
    0.0006762113385530335,
    0.0006751107629249047,
    0.0006720590912466625,
    0.0006721340260888739,
    0.0006752442290582642,
    0.000671497171383686,
    0.000670633495049307,
    0.0006722264658495755,
    0.0006696470418625794,
    0.0006696561320679618,
    0.0006687641767296619,
    0.0006709140439845677,
    0.000670593020886406,
    0.0006684144647758844,
    0.0006677267609917549,
    0.000666655985941964,
    0.0006672204472124577,
    0.0006648815086125379,
    0.0006658645412816634,
    0.0006653630354115565,
    0.0006651392693575541,
    0.0006649802924632636,
    0.0006637345923831135,
    0.0006646118324105226,
    0.0006639609408298026,
    0.0006652611300387605,
    0.0006639990827621551,
    0.0006629415798220742,
    0.0006618938179449474,
    0.000663323148915872,
    0.0006607922162705412,
    0.0006625338168448528,
    0.0006622889901909014,
    0.0006610018390619758,
    0.000659886469967726,
    0.0006619321159697539,
    0.0006592876217040244,
    0.0006596399064582149,
    0.000660863064041131,
    0.0006602811150746385,
    0.0006594084018373981,
    0.0006596573290793567,
    0.0006593495215182907,
    0.0006560469715514182,
    0.0006578740343793334,
    0.0006601141366980314,
    0.0006561840959381633,
    0.0006578703586854501,
    0.0006559706281710151,
    0.0006579780310858041,
    0.0006562627574877136,
    0.000658248492437223,
    0.0006563599395377331,
    0.0006566142908834647,
    0.0006584047768456855,
    0.0006527932688213661,
    0.0006563336581248121,
    0.0006548445584594311,
    0.0006565957978517794,
    0.0006556960391988176,
    0.0006559339520034873,
    0.0006558173553004847,
    0.0006556884291466702,
    0.0006549312988835063,
    0.0006532277547831086,
    0.0006559238293206438,
    0.000657051921693943,
    0.0006539949127874068,
    0.0006542544922493189,
    0.0006542399834993222,
    0.0006549601663952198,
    0.0006522527618563912,
    0.0006530116204728725,
    0.000653167865422209,
    0.0006516746626617491,
    0.000652391707903116,
    0.0006497419664456617,
    0.0006531260157490588,
    0.0006529721914317933,
    0.0006508379637251507,
    0.0006526848447355633,
    0.0006527581221854824,
    0.0006512077114316339,
    0.0006497258493547721,
    0.0006520729542497113,
    0.0006515317640532408,
    0.0006496960761362149,
    0.0006490995861548051,
    0.000649650481007191,
    0.000652284275527611,
    0.0006504299654102141,
    0.0006491879513792428,
    0.0006490961245430306,
    0.0006521321005364078,
    0.0006503214276341673,
    0.0006502424922688037,
    0.0006506378911322241,
    0.0006465132838535412,
    0.0006517613250395974,
    0.0006500136502669628,
    0.0006489808468866661,
    0.0006472151215259712,
    0.0006487148344971951,
    0.0006491239483499627,
    0.0006469133491401145,
    0.0006489304021002606,
    0.0006479239314733499,
    0.000649823417057796,
    0.0006475541517199523,
    0.0006480972907830322,
    0.0006488198550698811,
    0.0006470349941041655,
    0.0006482045866866432,
    0.0006465934838729907,
    0.0006508284264980128,
    0.0006488151355622134,
    0.000646550710834493,
    0.0006463945752152761,
    0.0006456556625329377,
    0.0006458928383675784,
    0.0006474016169094819,
    0.0006459716409671536,
    0.0006487654928206937,
    0.0006466548209041984,
    0.0006465660064779431,
    0.000647246616448656,
    0.0006461646541916461,
    0.0006457368349691344,
    0.0006470247375655027,
    0.0006463806244522012,
    0.0006447424882131695,
    0.0006455521548144198,
    0.0006469947959371399,
    0.0006440259904944257,
    0.0006452623434488623,
    0.0006465232940451748,
    0.0006491165143378386,
    0.000645810349173809,
    0.0006452459009836885,
    0.0006457932956371986,
    0.0006454395130712692,
    0.0006456916621181598,
    0.0006453365504773061,
    0.0006442729358418325,
    0.0006436360857147752,
    0.0006450547632667121,
    0.0006453239793665986,
    0.00064462495975158,
    0.0006444360823230993,
    0.0006472736617553742,
    0.0006434693688366297,
    0.0006452484032590891,
    0.0006434366769507904,
    0.0006444729049908074,
    0.0006438404073579454,
    0.0006443634464654876,
    0.0006439509334597276,
    0.0006438282536201472,
    0.0006443150090803619,
    0.0006448303546393744,
    0.0006438582754747991,
    0.0006410617297183904,
    0.000643020584936906,
    0.0006411754230145463,
    0.0006427196335624764,
    0.0006419277597569306,
    0.0006424554873062542,
    0.0006461384302233642,
    0.0006433269418845797,
    0.0006412702392610592,
    0.0006439524261483205,
    0.0006437852650825003,
    0.0006418828119973788,
    0.0006428081562964086,
    0.0006414218706537512,
    0.0006424745564193776,
    0.0006424176751083105,
