{
  "times": {
    "training": 211.76435494422913,
    "evaluation": 0.09012198448181152
  },
  "metrics": {
    "mean_rank": {
      "best": 8.379422718808193,
      "worst": 8.379422718808193,
      "avg": 8.379422718808193
    },
    "mean_reciprocal_rank": {
      "best": 0.2835868644223932,
      "worst": 0.2835868644223932,
      "avg": 0.2835868644223932
    },
    "hits_at_k": {
      "best": {
        "1": 0.12383612662942271,
        "3": 0.29608938547486036,
        "5": 0.436219739292365,
        "10": 0.7085661080074488
      },
      "worst": {
        "1": 0.12383612662942271,
        "3": 0.29608938547486036,
        "5": 0.436219739292365,
        "10": 0.7085661080074488
      },
      "avg": {
        "1": 0.12383612662942271,
        "3": 0.29608938547486036,
        "5": 0.436219739292365,
        "10": 0.7085661080074488
      }
    },
    "adjusted_mean_rank": 0.17244116944179383
  },
  "losses": [
    0.005437802042016823,
    0.005435483837116523,
    0.0054356504287500955,
    0.005435660739572307,
    0.005435639238926802,
    0.005435728736584553,
    0.005434608100896025,
    0.005434466232911924,
    0.00543412578044536,
    0.005434387478600727,
    0.005434383020809527,
    0.0054335655567797824,
    0.005433512851595879,
    0.005432999598678578,
    0.005432807006751107,
    0.005432939247580503,
    0.005432519859421565,
    0.005432698903570461,
    0.005432282312867347,
    0.005432361897346232,
    0.005431607651632377,
    0.005432585533359524,
    0.0054314968277340975,
    0.005431605872701617,
    0.005430594037813641,
    0.005431083118201195,
    0.005430030158619756,
    0.00542981724502442,
    0.0054298634483908,
    0.005428971792484044,
    0.00542940575392282,
    0.005428422228450632,
    0.005428442096665557,
    0.005427967024485717,
    0.005428466325004895,
    0.005427625720922867,
    0.0054271516533156905,
    0.005426624148023709,
    0.005426543265971798,
    0.005425505807504671,
    0.005424545073274816,
    0.005424026037088494,
    0.005423669134744544,
    0.00542252834481693,
    0.005421430911966478,
    0.005420029079646207,
    0.0054194745625114615,
    0.005417524484659402,
    0.005416121515218685,
    0.005413183879651381,
    0.005410712484395906,
    0.005407755566614397,
    0.005402683702468426,
    0.00539540463870161,
    0.005386827129884606,
    0.005374973298012094,
    0.005358485316627481,
    0.005333089573162325,
    0.0053010856460654334,
    0.005244839490018087,
    0.005169409609745058,
    0.005088884522963999,
    0.0049759482943944715,
    0.004900364784265725,
    0.004803802329725987,
    0.004712697376640102,
    0.004688262520881181,
    0.004641040880581859,
    0.004614382263705525,
    0.004582462609093288,
    0.004551321002986101,
    0.004545692654417248,
    0.004527034140314056,
    0.004500212308284495,
    0.004523664998930046,
    0.004537805287020929,
    0.004534585994392745,
    0.00455440232732546,
    0.004520014444652122,
    0.004534129569592994,
    0.004488440921132484,
    0.004514280846168039,
    0.004491565804858779,
    0.004480989140629322,
    0.004484063572484009,
    0.0045111589761597385,
    0.004511986594047216,
    0.004408316240272718,
    0.004455411143963703,
    0.0044482604841168,
    0.004415493800343199,
    0.0043973185484775445,
    0.004372761211591713,
    0.004331157190467088,
    0.004344094712077902,
    0.004263944344853194,
    0.00424872346445639,
    0.004195108814409163,
    0.004228725938705469,
    0.004189262009654822,
    0.004169521950994538,
    0.004177435869804482,
    0.004138013225899876,
    0.004076603158248052,
    0.004121696489273609,
    0.004090911743653178,
    0.004065995341801688,
    0.00403567347047704,
    0.004069292502763789,
    0.004049551125601882,
    0.003993735331274597,
    0.004020808198339261,
    0.004009434998677241,
    0.003989290505340706,
    0.003953028979540318,
    0.003958564150506414,
    0.0039928202109223,
    0.003957679052226775,
    0.003995732153148464,
    0.003927188049932097,
    0.003931222469563341,
    0.00390660638610522,
    0.0038915704447455173,
    0.0039135401524352225,
    0.00388467778915658,
    0.003880521073267701,
    0.003940392693693048,
    0.003945122124131922,
    0.0038840638941035287,
    0.003951137055283629,
    0.003924472201685334,
    0.003833965241406741,
    0.003878406782665949,
    0.003927722290744272,
    0.003904711908559674,
    0.0038997786300961445,
    0.003831749443620555,
    0.0038405486420913138,
    0.0039014955668636923,
    0.003846317149475496,
    0.003872670323940252,
    0.003857069924362143,
    0.003900037607533878,
    0.003910442863064312,
    0.00386231065787068,
    0.003872892732142509,
    0.003847468825761745,
    0.0038226500383756134,
    0.0038782472335053293,
    0.0038489520389321592,
    0.0039008395425445134,
    0.0038687346768234107,
    0.00385056006327997,
    0.0038583633709657057,
    0.003853045477207457,
    0.003884125319536259,
    0.003881857894388924,
    0.0038742617414461986,
    0.003877630310781886,
    0.003896724893135971,
    0.003832319664179386,
    0.0038553570895996435,
    0.0038672125294860384,
    0.003861664135134622,
    0.0038321694875422044,
    0.003882086720694317,
    0.0038803402571642442,
    0.00385468787677614,
    0.0038547316001037533,
    0.0038125555132156454,
    0.0038500694795215173,
    0.0038403425965639537,
    0.0038645192841242314,
    0.0038363533931669224,
    0.0038961629637897237,
    0.0038614138918981124,
    0.003922782922058963,
    0.0038703524015760156,
    0.003841740100152707,
    0.003861444036054254,
    0.003886270277509082,
    0.003891982626490825,
    0.003839906193455507,
    0.0038774946376625517,
    0.0038710494843147668,
    0.0038370040388366255,
    0.0038495086559028214,
    0.0038827751424819344,
    0.0038683221358038512,
    0.003821254481146398,
    0.0039288042992186014,
    0.003884321546063441,
    0.0038686244354377525,
    0.003837423210733392,
    0.003865992751544558,
    0.0038434839406319326,
    0.003821717875169011,
    0.0038769840077960984,
    0.003836330643781785,
    0.003819207695734858,
    0.003856221437175176,
    0.003866301371614808,
    0.0038551786872610618,
    0.0038594825939739243,
    0.003891049608699838,
    0.0039043407398886448,
    0.0038515026070707744,
    0.003865708349349347,
    0.003874794349827793,
    0.0038662119402309483,
    0.0038620531872919435,
    0.0038999999918685425,
    0.0038843786741575496,
    0.0038835434940702905,
    0.0038799114023031814,
    0.003859296203887418,
    0.003838033722329899,
    0.0038610721802276172,
    0.0038508855727281462,
    0.0038184057432837253,
    0.00388724458742231,
    0.0038498142796955753,
    0.0038421658331646903,
    0.0038689946065123162,
    0.003812617224672537,
    0.0038340673973776876,
    0.0038042593649710607,
    0.0038328167148743678,
    0.0038866547567679194,
    0.0038550442768337575,
    0.0038684451820028857,
    0.0038630013852920873,
    0.0038690204079845423,
    0.0038226500732566086,
    0.0038875815238845484,
    0.003866193707934703,
    0.0038837809883030166,
    0.0038831416545400906,
    0.0038687450539195136,
    0.003917326934440306,
    0.0038399981746401234,
    0.003828227568822407,
    0.0038623392463344314,
    0.0038364762475204825,
    0.0038318736897258276,
    0.0037906550931350123,
    0.0038079728724693092,
    0.0038048658861817046,
    0.0038074606590056685,
    0.0037722906886080232,
    0.00373447984666302,
    0.003776514124864719,
    0.003706711871123939,
    0.003659982705133015,
    0.0036771183219574365,
    0.0036254359778951618,
    0.0036246349428142055,
    0.0035607667172446234,
    0.0035657598305674975,
    0.0035347500676463604,
    0.003480640205132604,
    0.003437191146785177,
    0.0034480936274155698,
    0.0034288231436902664,
    0.003420216142991732,
    0.0034075618271579905,
    0.003382651794576243,
    0.0033408285603485303,
