{
  "times": {
    "training": 7125.534145355225,
    "evaluation": 8.275342226028442
  },
  "metrics": {
    "mean_rank": {
      "avg": 7130.206343575693,
      "best": 7130.201707603484,
      "worst": 7130.210979547901
    },
    "mean_reciprocal_rank": {
      "avg": 0.005069465387962346,
      "best": 0.005069465638810493,
      "worst": 0.00506946513728929
    },
    "hits_at_k": {
      "avg": {
        "1": 0.004452490458949017,
        "3": 0.004476954692239945,
        "5": 0.004599275858694588,
        "10": 0.005064096291222233
      },
      "best": {
        "1": 0.004452490458949017,
        "3": 0.004476954692239945,
        "5": 0.004599275858694588,
        "10": 0.005064096291222233
      },
      "worst": {
        "1": 0.004452490458949017,
        "3": 0.004476954692239945,
        "5": 0.004599275858694588,
        "10": 0.005064096291222233
      }
    },
    "adjusted_mean_rank": 0.9977042197527515
  },
  "losses": [
    5.4141231395712794e-05,
    5.413578864713882e-05,
    5.4136530908847875e-05,
    5.412935606229862e-05,
    5.413281953964088e-05,
    5.41308401424194e-05,
    5.414234506436506e-05,
    5.414086017697652e-05,
    5.413269599967553e-05,
    5.4138262681738444e-05,
    5.418279576804956e-05,
    5.413121147936829e-05,
    5.413046926121126e-05,
    5.413306701309515e-05,
    5.41398705911344e-05,
    5.414556123935025e-05,
    5.414246868676815e-05,
    5.414457145441319e-05,
    5.4133809335465947e-05,
    5.413430406305898e-05,
    5.415830224222734e-05,
    5.415830234333024e-05,
    5.414048938287242e-05,
    5.414667439160002e-05,
    5.41388812090535e-05,
    5.4132819530308304e-05,
    5.4131706373392254e-05,
    5.413418039710387e-05,
    5.4132201082320136e-05,
    5.41382626210767e-05,
    5.414617972622415e-05,
    5.4131953756631636e-05,
    5.41369015925165e-05,
    5.413739671052227e-05,
    5.412787137556045e-05,
    5.413158276187717e-05,
    5.413096395925114e-05,
    5.413207747236048e-05,
    5.414407683414477e-05,
    5.415261200931108e-05,
    5.413739672763199e-05,
    5.4137520522687724e-05,
    5.41437056900691e-05,
    5.413690176672457e-05,
    5.4129108560846615e-05,
    5.412737665885542e-05,
    5.413418046865361e-05,
    5.413529384332976e-05,
    5.4139375933535676e-05,
    5.413418021511865e-05,
    5.4129232383900076e-05,
    5.4136283455614176e-05,
    5.413195370996876e-05,
    5.413517007782718e-05,
    5.413281971229352e-05,
    5.414580860081362e-05,
    5.413591224621047e-05,
    5.4130716809326134e-05,
    5.413084048305839e-05,
    5.4127995237499636e-05,
    5.413677833875013e-05,
    5.413727284080593e-05,
    5.413442762946662e-05,
    5.413108770297771e-05,
    5.413343807784394e-05,
    5.413714912352166e-05,
    5.4132324822935845e-05,
    5.414147884428021e-05,
    5.413455155517841e-05,
    5.4132201296969364e-05,
    5.4149395958760225e-05,
    5.4132695935902937e-05,
    5.412960318733675e-05,
    5.413319089058864e-05,
    5.428955181068332e-05,
    5.4136036069263934e-05,
    5.413343811984053e-05,
    5.413591212955328e-05,
    5.413925211825936e-05,
    5.4144695338128386e-05,
    5.4145313755007975e-05,
    5.413145918302609e-05,
    5.414852995799089e-05,
    5.4143953045310754e-05,
    5.4136901920712064e-05,
    5.413343805140164e-05,
    5.4133314660757504e-05,
    5.414519001905855e-05,
    5.414048956174678e-05,
    5.413789148944447e-05,
    5.413888119349921e-05,
    5.4157684004222115e-05,
    5.42488536366554e-05,
    5.413566471831617e-05,
    5.413071660712034e-05,
    5.413801505118582e-05,
    5.414345818239538e-05,
    5.413158269499371e-05,
    5.4136530761082096e-05,
    5.4131211575804904e-05,
    5.413430393395836e-05,
    5.416436405162859e-05,
    5.41350462858823e-05,
    5.414617956757037e-05,
    5.414556116624508e-05,
    5.412960338643169e-05,
    5.413826258530183e-05,
    5.413269589235092e-05,
    5.4176982051163416e-05,
    5.414815885124552e-05,
    5.4137520628456904e-05,
    5.4130964320110714e-05,
    5.4129727218817726e-05,
    5.414147886450078e-05,
    5.413863374648723e-05,
    5.41289849104458e-05,
    5.4137396612530226e-05,
    5.4132943348695474e-05,
    5.41442003041158e-05,
    5.413046909166947e-05,
    5.413492280035698e-05,
    5.4140612911949756e-05,
    5.413752049935628e-05,
    5.413529363334681e-05,
    5.413764390399929e-05,
    5.415187021267537e-05,
    5.41432107089411e-05,
    5.413207745680618e-05,
    5.414308689210936e-05,
    5.413121119472475e-05,
    5.4134798691104546e-05,
    5.41561996612338e-05,
    5.414729291735964e-05,
    5.413467517135978e-05,
    5.414432412716926e-05,
    5.414358172858244e-05,
    5.41312114373717e-05,
    5.4132201135204726e-05,
    5.41438291056001e-05,
    5.4138262445313205e-05,
    5.413677816298663e-05,
    5.415978689319064e-05,
    5.413863371226778e-05,
    5.413356180757165e-05,
    5.4139252295578294e-05,
    5.413257223883924e-05,
    5.414865379037693e-05,
    5.4140736783221524e-05,
    5.4137272976128274e-05,
    5.4136283135195754e-05
  ]
}