{
  "times": {
    "training": 15.03479290008545,
    "evaluation": 0.09272456169128418
  },
  "metrics": {
    "mean_rank": {
      "best": 47.8133147113594,
      "avg": 47.8133147113594,
      "worst": 47.8133147113594
    },
    "mean_reciprocal_rank": {
      "best": 0.04657420289710481,
      "avg": 0.04657420289710481,
      "worst": 0.04657420289710481
    },
    "hits_at_k": {
      "best": {
        "1": 0.0,
        "3": 0.025139664804469275,
        "5": 0.04981378026070764,
        "10": 0.10195530726256984
      },
      "avg": {
        "1": 0.0,
        "3": 0.025139664804469275,
        "5": 0.04981378026070764,
        "10": 0.10195530726256984
      },
      "worst": {
        "1": 0.0,
        "3": 0.025139664804469275,
        "5": 0.04981378026070764,
        "10": 0.10195530726256984
      }
    },
    "adjusted_mean_rank": 0.991969329077799
  },
  "losses": [
    0.01107502647092739,
    0.011145453540582922,
    0.011034782078225207,
    0.011150483904398708,
    0.011130361955076933,
    0.011059934744261792,
    0.011130362307975955,
    0.011019690351559608,
    0.01110520978309898,
    0.011236003124198665,
    0.011039812653780408,
    0.011321522273418818,
    0.010979446241176643,
    0.011286308526851639,
    0.011090117915273772,
    0.010954293328110744,
    0.011110239864595547,
    0.010984477028471256,
    0.011175637205653533,
    0.011100179207543779,
    0.01121085045816208,
    0.011049873451991784,
    0.011170606488938724,
    0.010989506968808217,
    0.011090117844693968,
    0.011417102573749368,
    0.011080056905322981,
    0.011140423176767136,
    0.011125331520681342,
    0.011256125355839659,
    0.011049873451991784,
    0.011225942325987288,
    0.011105209853678783,
    0.011090117915273772,
    0.011175636711594902,
    0.011311461263468027,
    0.011054903956967179,
    0.01126618636579045,
    0.011205820094346295,
    0.011170606347779116,
    0.011276247869799869,
    0.011190728367680695,
    0.011195759084395504,
    0.011190728297100891,
    0.011125331450101538,
    0.01111024021749457,
    0.011135392883531154,
    0.011080056764163373,
    0.01124103377033367,
    0.010999568261078225,
    0.011105209289040349,
    0.011145453540582922,
    0.011090117985853576,
    0.011155514903432735,
    0.011150484327877535,
    0.011170606488938724,
    0.011145453752322336,
    0.01108508762203779,
    0.011069995754212582,
    0.010964354620380751,
    0.011341644575639616,
    0.011241033346854843,
    0.011296369748541842,
    0.011135392530632131,
    0.011150484186717926,
    0.011110239723435939,
    0.011115270581310356,
    0.01113539281295135,
    0.011034782219384816,
    0.01108508762203779,
    0.011090117703534358,
    0.011115270510730552,
    0.011014659705424605,
    0.011241033840913474,
    0.011271217011925452,
    0.011095148561408774,
    0.011085087198558963,
    0.011145453893481944,
    0.011090117703534358,
    0.011110240288074374,
    0.011064964896338165,
    0.011311461122308419,
    0.010919080005022392,
    0.010969385231225853,
    0.011205820094346295,
    0.011246064345888868,
    0.010989507321707238,
    0.010989507251127434,
    0.011145453399423313,
    0.01120582002376649,
    0.011090117844693968,
    0.011090117985853576,
    0.011090117915273772,
    0.011150484398457339,
    0.011039812653780408,
    0.011185697933285105,
    0.011004599048372837,
    0.011180667498889515,
    0.011256125426419463,
    0.011064965178657382,
    0.010929140626784257,
    0.011069995683632778,
    0.011014659987743822,
    0.011165575913383524,
    0.011266186577529862,
    0.011427163230801137,
    0.011085087551457986,
    0.011075026329767782,
    0.011130361884497128,
    0.011195758872656092,
    0.011049873804890807,
    0.011034782360544424,
    0.011215881316036498,
    0.011100178925224562,
    0.011150484186717926,
    0.011150484469037143,
    0.011110239864595547,
    0.011085087269138767,
    0.01113539281295135,
    0.011135392883531154,
    0.011185698145024518,
    0.011075026400347587,
    0.011034782007645403,
    0.011225942467146897,
    0.011276247446321044,
    0.01110520964193937,
    0.01094926285842525,
    0.011276247658060456,
    0.011115270581310356,
    0.011175637064493923,
    0.011090117844693968,
    0.010929140873813572,
    0.01114042324734694,
    0.01121085059932169,
    0.011069995754212582,
    0.011075026259187977,
    0.010934171625818284,
    0.011160545126088913,
    0.011185698145024518,
    0.011009629623928036,
    0.011150484469037143,
    0.01114545368174253,
    0.011321522273418818,
    0.011200789801110313,
    0.010994537685523024,
    0.011432193806356336,
    0.011090117774114163,
    0.011180667569469319,
    0.01112533166184095,
    0.011256125144100246
  ]
}