{
  "times": {
    "training": 76.3846070766449,
    "evaluation": 0.30867600440979004
  },
  "metrics": {
    "mean_rank": {
      "best": 3.53072625698324,
      "avg": 3.53072625698324,
      "worst": 3.53072625698324
    },
    "mean_reciprocal_rank": {
      "best": 0.5915793402064212,
      "avg": 0.5915793402064212,
      "worst": 0.5915793402064212
    },
    "hits_at_k": {
      "best": {
        "1": 0.3952513966480447,
        "3": 0.7392923649906891,
        "5": 0.8594040968342644,
        "10": 0.9473929236499069
      },
      "avg": {
        "1": 0.3952513966480447,
        "3": 0.7392923649906891,
        "5": 0.8594040968342644,
        "10": 0.9473929236499069
      },
      "worst": {
        "1": 0.3952513966480447,
        "3": 0.7392923649906891,
        "5": 0.8594040968342644,
        "10": 0.9473929236499069
      }
    },
    "adjusted_mean_rank": 0.07334875645466302
  },
  "losses": [
    0.04240117318676801,
    0.03861273838402323,
    0.03720857547965538,
    0.03607417253999049,
    0.03513400465726429,
    0.0345724248688485,
    0.03404805531792559,
    0.033419005612497006,
    0.03276394569640897,
    0.0323849545914157,
    0.03194767797819039,
    0.03149810396333359,
    0.03107180589751565,
    0.03065304010841817,
    0.03037290844146566,
    0.02986652078961677,
    0.029078121365987034,
    0.02887708933272963,
    0.028268072293170323,
    0.027742974076347283,
    0.027550173483352255,
    0.02700836690944493,
    0.026339906429383372,
    0.025965973073169987,
    0.025246665913935876,
    0.02494032062532776,
    0.02483985436746113,
    0.024330771696362854,
    0.024009943573061285,
    0.02369355901308212,
    0.023384593660976845,
    0.02309991072592049,
    0.022701498599642475,
    0.022775963116426167,
    0.022382541405794674,
    0.022297922149080013,
    0.021930719706488473,
    0.02175322730841899,
    0.021767422318670297,
    0.021447842893267326,
    0.021438674153203156,
    0.021055413675844636,
    0.020950345191255416,
    0.02054130868702827,
    0.02059471882469489,
    0.020436237379246876,
    0.020389207091255256,
    0.02020334068171861,
    0.020097467587359776,
    0.02004098779284227,
    0.019989896766387055,
    0.019714448492932135,
    0.019306381331737964,
    0.019635812286232405,
    0.01953390817659151,
    0.019216249368824573,
    0.019204884326408572,
    0.019567714491280103,
    0.019520178851889322,
    0.019167051857360513,
    0.01901632402689941,
    0.01878435051321207,
    0.019008254920187047,
    0.018684319168099855,
    0.01865794293057502,
    0.01863090211361241,
    0.018596000118041054,
    0.018615619609735647,
    0.018399112954374033,
    0.018547515039122126,
    0.01844444410415568,
    0.018340755454741547,
    0.018263167358136444,
    0.018053830975678774,
    0.018265688468747904,
    0.018347649831190273,
    0.018255346410016183,
    0.018000551410650205,
    0.01800515737810242,
    0.01798653983731041,
    0.01781258927498293,
    0.017963262617835072,
    0.017903000592761946,
    0.017802639922282624,
    0.017699440179173236,
    0.01799579143806489,
    0.017341868209725938,
    0.01764357238213927,
    0.01759213085637564,
    0.01734870294623999,
    0.01716523003902853,
    0.017611412270807387,
    0.017636227635958974,
    0.017331085591855453,
    0.0174668229776702,
    0.017340290539359256,
    0.01719528200218422,
    0.017355884159013603,
    0.01717556327528471,
    0.017278936574132996,
    0.017183530605919196,
    0.01710232600013909,
    0.017227579602974982,
    0.017098847827380616,
    0.01707089963645325,
    0.017053150580153796,
    0.016997184888931195,
    0.016907728515905062,
    0.01683438607685096,
    0.016944813474245222,
    0.016967886224027354,
    0.01702295886898549,
    0.017019473497086973,
    0.016934582014066925,
    0.016759061051092605,
    0.016916281729495476,
    0.016702419628823136,
    0.01653230274972865,
    0.01670103231218879,
    0.016702419487663527,
    0.016637128439790896,
    0.016730139352923813,
    0.01660035530302636,
    0.016900263784057363,
    0.01677327116542204,
    0.016486116384457666,
    0.016602724737638266,
    0.016459889846697863,
    0.01654461913732751,
    0.01667336651105864,
    0.016744388497885055,
    0.016448487538145165,
    0.016466193823083185,
    0.016506479999029544,
    0.016244507527619582,
    0.016214774726339174,
    0.01634903889989768,
    0.016256624386111543,
    0.016349616948495325,
    0.016304561624589087,
    0.016399853041780425,
    0.016592579314241473,
    0.016382088316764402,
    0.01627362275561191,
    0.016277288388330743,
    0.016142700041730847,
    0.01613196788842047,
    0.016162876266922168,
    0.016232761707159104,
    0.01630941024540867,
    0.01619569411145081,
    0.016156136319085364,
    0.01617491449951208,
    0.016051928625790024,
    0.016184557606441302,
    0.016284308396831218,
    0.01606444369553814,
    0.016093421363491782,
    0.016256164982165013,
    0.016139954275602133,
    0.01605121273483448,
    0.016068879353922455,
    0.01603969545178049,
    0.01608363469724051,
    0.016047586697385888,
    0.015951871871948242,
    0.01607890055686359,
    0.015808769130650324,
    0.015913328734850164,
    0.015952482951894324,
    0.015852600318429878,
    0.015893523265371103,
    0.01590448670870034,
    0.01594153397742498,
    0.015828352132586068,
    0.015991967764742068,
    0.015987706014995676,
    0.016022155382281723,
    0.01593407312746652,
    0.015925890810747977,
    0.016046349009936768,
    0.015904471675202012,
    0.015831956219715504,
    0.015893282658818064,
    0.015903691627204314,
    0.015779933257523623,
    0.015798190135515394,
    0.01577814836485136,
    0.015592580719626535,
    0.01583852705834108,
    0.015857505826571767,
    0.015862522145006486,
    0.015638189600938306,
    0.015863809661797477,
    0.015768709021817304,
    0.015706007546966355,
    0.01574118120420466,
    0.015623251314767371,
    0.015600548826638872,
    0.015742546499940047,
    0.015814443041122193,
    0.015593766742658869,
    0.015953218816934497,
    0.01593330832470656,
    0.015734814905852098,
    0.015800772297657615,
    0.015728638890652066,
    0.015328964938631843,
    0.01553051227504082,
    0.01561207747304136,
    0.01557278068479241,
    0.015509456484327661,
    0.015728882108657864,
    0.015554606102852513,
    0.015674287994773238,
    0.01568858160501122,
    0.015478224497423008,
    0.015575279986244323,
    0.01538451456190779,
    0.015575877938346794,
    0.015464834873319165,
    0.015565170840866966,
    0.015360965327866478,
    0.0157157369729963,
    0.015371189306585516,
    0.01556543184498346,
    0.01562282120143965,
    0.015473332399443948,
    0.015492500180390688,
    0.015529514488346694,
    0.015366559624319038,
    0.015526230833529015,
    0.015661585817963786,
    0.015448500095139317,
    0.01542090049786565,
    0.015641163198675468,
    0.015465111687311836,
    0.015533465616374132,
    0.015460210343378404,
    0.0154175524742664,
    0.015398724323338202,
    0.015390159746399287,
    0.01558031973717409,
    0.015386313641120725,
    0.015589989664428964,
    0.015443476718724163,
    0.0154343843460083,
    0.01546471135866155,
    0.015434455490451087,
    0.015381242552757827,
    0.015355433565120574,
    0.015414968477049264,
    0.015488195306383836,
    0.015233824209322797,
    0.01531481277032178,
    0.015293449533980862,
    0.015374172926654895,
    0.01524669507186465,
    0.015429215434036572,
    0.0152674312066439,
    0.015060066400441,
    0.015313564989960638,
    0.01545374495098053,
    0.015086902606550797,
    0.015280746086734931,
    0.015276692194512357,
    0.015356824834223962,
    0.01525977442714856,
    0.015451767869501018,
    0.015212435564252313,
    0.015198567620814375,
    0.015182089495051888,
    0.015401859619407134,
    0.015259355606589534,
    0.015220903940917897,
