{
  "times": {
    "training": 2598.7607004642487,
    "evaluation": 6.2705864906311035
  },
  "metrics": {
    "mean_rank": {
      "best": 7121.945885115961,
      "worst": 7121.955572952344,
      "avg": 7121.950729034152
    },
    "mean_reciprocal_rank": {
      "best": 0.0050790649495767665,
      "worst": 0.0050790641467250855,
      "avg": 0.005079064547974308
    },
    "hits_at_k": {
      "best": {
        "1": 0.004452490458949017,
        "3": 0.004550347392112731,
        "5": 0.0046971327918583035,
        "10": 0.005015167824640376
      },
      "worst": {
        "1": 0.004452490458949017,
        "3": 0.004550347392112731,
        "5": 0.0046971327918583035,
        "10": 0.005015167824640376
      },
      "avg": {
        "1": 0.004452490458949017,
        "3": 0.004550347392112731,
        "5": 0.0046971327918583035,
        "10": 0.005015167824640376
      }
    },
    "adjusted_mean_rank": 0.9969306996788087
  },
  "losses": [
    0.00031977473582892247,
    0.0003212494586938677,
    0.00032106204529641625,
    0.00032086706465867513,
    0.000320676176047175,
    0.00032048040624092403,
    0.0003202921257954414,
    0.00032009631305970025,
    0.0003199004947383376,
    0.0003197104225850976,
    0.0003195175416622371,
    0.000319320906563436,
    0.00031913136456546186,
    0.0003189323276494568,
    0.0003187441324245979,
    0.00031854832718954834,
    0.0003183589050430507,
    0.00031816076501825394,
    0.000317969060267672,
    0.00031777129878841735,
    0.00031757576804676254,
    0.00031738963423538026,
    0.0003171897229302416,
    0.00031699661555033043,
    0.00031680220368843746,
    0.00031660531675790557,
    0.00031641590642100744,
    0.00031621441470418965,
    0.00031601860595817805,
    0.0003158293628707437,
    0.00031563476556622014,
    0.00031544232941841256,
    0.0003152380544662435,
    0.0003150471631417272,
    0.00031484646314684626,
    0.00031465809556566974,
    0.00031446071342990307,
    0.00031426756758899877,
    0.00031407553504223494,
    0.0003138772520255303,
    0.00031367695754676327,
    0.00031348243141901533,
    0.0003132856510940577,
    0.0003130992193296708,
    0.00031290603582571935,
    0.00031269524708145744,
    0.0003125089903864043,
    0.00031230874394398136,
    0.0003121123428029225,
    0.00031192034265276286,
    0.00031172709579190574,
    0.0003115302256182381,
    0.00031133064865243777,
    0.00031113684306985096,
    0.00031093873719713946,
    0.0003107454837931258,
    0.00031054990996239154,
    0.00031035750668995566,
    0.0003101673071845477,
    0.00030996142293505735,
    0.00030976661098308265,
    0.00030957791704202696,
    0.0003093682709563153,
    0.0003091752682669081,
    0.00030898783125025763,
    0.0003087847897628838,
    0.00030859156843629596,
    0.00030840221251930927,
    0.0003082052692537958,
    0.0003080051600580702,
    0.000307800569278908,
    0.0003076075452045503,
    0.0003074192328412311,
    0.0003072168175818114,
    0.0003070251559203089,
    0.0003068242826115752,
    0.0003066307256689355,
    0.0003064401228816621,
    0.0003062356667957703,
    0.0003060457749783071,
    0.0003058475076013424,
    0.0003056576360517054,
    0.0003054623343205281,
    0.00030526438676028615,
    0.00030507726477268284,
    0.0003048680993695903,
    0.0003046861836599036,
    0.0003044870845041172,
    0.0003042868462007426,
    0.00030408838715716906,
    0.00030389272124347624,
    0.00030370019891750986,
    0.0003035123016456556,
    0.00030330889884837156,
    0.00030311973507676115,
    0.0003029261016909028,
    0.00030273136761844945,
    0.00030253127342410707,
    0.0003023368682649598,
    0.0003021511864101438,
    0.00030194283076256576,
    0.0003017546615507437,
    0.00030156177312719155,
    0.00030136708501642286,
    0.00030117582631760737,
    0.000300976463839669,
    0.00030078870940013355,
    0.0003005975451781144,
    0.0003003960842620089,
    0.00030020201854905385,
    0.0003000069041755774,
    0.00029981079651902605,
    0.00029961803736271213,
    0.0002994421582734611,
    0.000299250085350634,
    0.00029905771495356985,
    0.00029885438923786116,
    0.0002986624952145082,
    0.00029844862209010674,
    0.00029826589040092745,
    0.00029808517719573456,
    0.0002978888936719035,
    0.00029767893511057155,
    0.00029749613128708153,
    0.0002973026902061887,
    0.00029711049408051235,
    0.00029691778168382905,
    0.00029673134656806933,
    0.00029653493138316237,
    0.000296350354204671,
    0.00029614528050864105,
    0.0002959648071659902,
    0.0002957733775471597,
    0.0002955779645823219,
    0.00029539094552974166,
    0.00029520673029951726,
    0.0002950184369273109,
    0.0002948245683069968,
    0.0002946367318386213,
    0.00029443112575307695,
    0.0002942635784958913,
    0.00029405721835145727,
    0.00029385777639810576,
    0.0002936765001622753,
    0.00029348882918788253,
    0.00029331410919486753,
    0.0002931215014886883,
    0.0002929201640946104,
    0.00029273831940211014,
    0.0002925515611182549
  ]
}