{
  "times": {
    "training": 99.57147169113159,
    "evaluation": 0.10509324073791504
  },
  "metrics": {
    "mean_rank": {
      "avg": 11.29003724394786,
      "worst": 11.29003724394786,
      "best": 11.29003724394786
    },
    "mean_reciprocal_rank": {
      "avg": 0.3105704635706321,
      "worst": 0.3105704635706321,
      "best": 0.3105704635706321
    },
    "hits_at_k": {
      "avg": {
        "1": 0.12569832402234637,
        "3": 0.3999068901303538,
        "5": 0.5358472998137802,
        "10": 0.6741154562383612
      },
      "worst": {
        "1": 0.12569832402234637,
        "3": 0.3999068901303538,
        "5": 0.5358472998137802,
        "10": 0.6741154562383612
      },
      "best": {
        "1": 0.12569832402234637,
        "3": 0.3999068901303538,
        "5": 0.5358472998137802,
        "10": 0.6741154562383612
      }
    },
    "adjusted_mean_rank": 0.23282467601196477
  },
  "losses": [
    0.0012430371716618538,
    0.0011155368230037028,
    0.0010749689941660743,
    0.0010480628059374706,
    0.0010295712532063996,
    0.0010157102293401176,
    0.00100531502651253,
    0.0009964865157973677,
    0.0009889173537688085,
    0.0009816057408012255,
    0.0009741587093455737,
    0.0009665063980004091,
    0.0009582858769857928,
    0.0009494133987760499,
    0.0009396632885637132,
    0.0009283759048703905,
    0.0009157753685552082,
    0.0009016487346299356,
    0.0008857909377231804,
    0.0008678017811996213,
    0.000847286018037171,
    0.0008242281575858146,
    0.0007989101656032412,
    0.0007707591548785288,
    0.0007402013973350383,
    0.0007071768959167968,
    0.0006716881882162129,
    0.0006336101351745343,
    0.0005940168639052004,
    0.0005529098725469595,
    0.0005117153848280732,
    0.0004705195559349176,
    0.0004300819779659032,
    0.00039287308346103416,
    0.0003599742922778433,
    0.00033370889234967,
    0.00031524401049963323,
    0.00030361499361805476,
    0.0002965306503914492,
    0.0002922107516142648,
    0.0002888294053699975,
    0.00028646456632302716,
    0.0002842677900156055,
    0.0002824054614114069,
    0.00028068378431659734,
    0.0002789928051137299,
    0.0002776701648611478,
    0.0002762764920777038,
    0.0002750493586063385,
    0.00027383159417031184,
    0.0002727692812499817,
    0.00027182123934229213,
    0.00027089295054224323,
    0.00026990241660607443,
    0.0002691271114913042,
    0.00026829068615251265,
    0.00026754158625748943,
    0.00026688139453139644,
    0.00026606878680822334,
    0.00026533767504247833,
    0.0002647723343348905,
    0.00026412314843484076,
    0.00026355004932187247,
    0.00026300125964655633,
    0.0002626179672135842,
    0.00026199331660563133,
    0.0002617126972543613,
    0.0002610161778436841,
    0.0002605603678214751,
    0.00026006939688397483,
    0.00025964106087771695,
    0.0002591852604477816,
    0.0002589134860448958,
    0.0002584251416463419,
    0.00025808484352818145,
    0.0002577075811472725,
    0.0002572432610342342,
    0.0002570751032439734,
    0.00025674233506067415,
    0.0002562395202812184,
    0.00025611592383448326,
    0.00025570556200510554,
    0.000255563154237603,
    0.00025536812848868444,
    0.00025495833870762966,
    0.0002548442935494336,
    0.00025461369354542947,
    0.00025422804926134897,
    0.000254182910637351,
    0.0002540110057561697,
    0.00025377163056577187,
    0.00025353088629630845,
    0.00025334084852971834,
    0.0002531366843960426,
    0.0002528690163583289,
    0.00025280919065524577,
    0.00025251315259601406,
    0.0002524745781393199,
    0.00025216720680870143,
    0.0002521433141989431,
    0.00025189684465011297,
    0.0002518817821643158,
    0.0002515911746400405,
    0.00025158820801138987,
    0.0002514649407540479,
    0.0002511367450332206,
    0.0002511300884312793,
    0.00025093458655677485,
    0.00025083519228863134,
    0.00025086353745744025,
    0.0002506873906112175,
    0.00025057804043498934,
    0.0002502668269627382,
    0.0002504094427081753,
    0.00025027316440357254,
    0.00025017190879831713,
    0.0002500661561607422,
    0.00024993484708993286,
    0.00024961856846115115,
    0.0002496638474811552,
    0.0002496923060131988,
    0.00024960761408457594,
    0.00024965744507446716,
    0.0002492754057412514,
    0.00024944261302439015,
    0.0002492383808727735,
    0.00024929058943850717,
    0.00024901796568338566,
    0.00024899463901777613,
    0.0002490152567380879,
    0.00024876172378770865,
    0.00024879648487959125,
    0.0002486788997363843,
    0.0002487437068816093,
    0.0002486422969279497,
    0.0002485203111111727,
    0.00024850542957053875,
    0.0002483910839997706,
    0.000248427989836852,
    0.0002484299941860446,
    0.00024821947778711157,
    0.0002482581172096595,
    0.00024801945489960327,
    0.0002481316565971975,
    0.00024808623543713757,
    0.00024798464541033973,
    0.00024799597519362685,
    0.00024783281541398066,
    0.0002478124950541539,
    0.00024779298306139335,
    0.00024773644663616737,
    0.000247759456320732,
    0.0002476497490503145,
    0.00024761037974293983,
    0.00024759183700583624,
    0.00024756511772742096,
    0.00024748431241369985,
    0.00024752014609618803,
    0.00024745136818566017,
    0.00024724993305385445,
    0.0002473123168419307,
    0.0002473573377425695,
    0.0002472580210846406,
    0.00024720718508607217,
    0.00024727486816935993,
    0.0002473690320322576,
    0.00024730170996727123,
    0.00024724780226105384,
    0.00024710903345338635,
    0.0002471154672529702,
    0.00024700944951983094,
    0.00024705535421768826,
    0.00024688395423891395,
    0.00024684398715848224,
    0.00024691337025427865,
    0.00024686770143915205,
    0.00024667389478101934,
    0.00024674481569269624,
    0.0002467861553402931,
    0.0002466923193587513,
    0.00024665376975476633,
    0.00024676686396982785,
    0.0002467799831481741,
    0.00024670344988435283,
    0.0002464747059853113,
    0.0002464254889009374,
    0.0002465950807361176,
    0.00024647503125059246,
    0.00024634504634956744,
    0.0002466130361644628,
    0.0002463037860562348,
    0.0002463631046768487,
    0.0002462002954512053,
    0.00024626725082972856,
    0.0002462808343613248,
    0.00024627152418766577,
    0.00024617757091877724,
    0.00024615737613053356,
    0.00024606941410860094,
    0.00024608760411163954,
    0.0002460659338572945,
    0.0002460532681318872,
    0.0002459659439961562,
    0.0002461065985576323,
    0.0002460732658425074,
    0.00024594333893113705,
    0.0002459764305313819,
    0.00024598995432927365,
    0.0002458813710989298,
    0.00024586542917603857,
    0.0002458515465399076,
    0.00024576022373407747,
    0.00024579400946612886,
    0.0002457369698825456,
    0.00024561585783470103,
    0.00024586146146282276,
    0.0002457374255155468,
    0.00024564481516497745,
    0.00024564724331826304,
    0.0002455398224970877,
    0.0002456753704808513,
    0.0002456571102798097,
    0.00024541319707192284,
    0.0002453721674291717,
    0.0002454281139295646,
    0.00024544925137670636,
    0.00024550778779100057,
    0.00024525814494362263,
    0.00024526743026457253,
    0.00024543851980248865,
    0.0002452445649001259,
    0.00024535974543471906,
    0.0002454174961545941,
    0.00024537197601970996,
    0.00024532861414641033,
    0.0002451767422928569,
    0.0002452016765363375,
    0.0002451836548341013,
    0.00024524403732507195,
    0.0002451125150441789,
    0.00024508749839434685,
    0.0002450105853636892,
    0.00024502926936882376,
    0.00024512241165457145,
    0.0002449657663368107,
    0.00024512595251160725,
    0.0002450759445006649,
    0.0002451605300422521,
    0.00024489376237022965,
    0.00024501263200608865,
    0.0002450075446129236,
    0.00024497019186308993,
    0.00024473595202722576,
    0.00024496841336834187,
    0.000245076121521716,
    0.00024479753311639754,
    0.00024485404425290193,
