{
  "times": {
    "training": 246.45575165748596,
    "evaluation": 0.11972975730895996
  },
  "metrics": {
    "mean_rank": {
      "avg": 11.438547486033519,
      "worst": 11.438547486033519,
      "best": 11.438547486033519
    },
    "mean_reciprocal_rank": {
      "avg": 0.31953074272117254,
      "worst": 0.31953074272117254,
      "best": 0.31953074272117254
    },
    "hits_at_k": {
      "avg": {
        "1": 0.13687150837988826,
        "3": 0.40828677839851024,
        "5": 0.5386405959031657,
        "10": 0.6950651769087524
      },
      "worst": {
        "1": 0.13687150837988826,
        "3": 0.40828677839851024,
        "5": 0.5386405959031657,
        "10": 0.6950651769087524
      },
      "best": {
        "1": 0.13687150837988826,
        "3": 0.40828677839851024,
        "5": 0.5386405959031657,
        "10": 0.6950651769087524
      }
    },
    "adjusted_mean_rank": 0.23604142705752085
  },
  "losses": [
    0.001091029229905275,
    0.0010079472719897492,
    0.0009711565849221266,
    0.0009445033371029945,
    0.0009240788923862498,
    0.0009069039585759465,
    0.0008908931631594896,
    0.0008744218435543083,
    0.0008561676359397084,
    0.0008348566985755377,
    0.0008091681204345565,
    0.00077783212951674,
    0.0007395473158872976,
    0.0006934853544465723,
    0.0006391681828414009,
    0.000577251354497526,
    0.0005094373270813445,
    0.00043911267811439457,
    0.00037194881893429303,
    0.00031699934165073694,
    0.0002846228140179584,
    0.000271335117735164,
    0.00026541163583289595,
    0.00026158041936390745,
    0.00025858338756577467,
    0.00025612164911384996,
    0.00025404109889885573,
    0.00025218719056692353,
    0.00025049283706377284,
    0.00024895223637184737,
    0.00024756237063103454,
    0.0002463117482974316,
    0.0002452310823054098,
    0.00024415158744280535,
    0.0002431261269480325,
    0.00024215490858101946,
    0.00024131971148927503,
    0.0002404124251905173,
    0.0002396775835563432,
    0.00023892415100569079,
    0.0002382490816630758,
    0.00023763157926109176,
    0.00023706013241726976,
    0.00023656203202233555,
    0.00023600949285803048,
    0.00023559058801888414,
    0.00023517260534605116,
    0.00023482987427846826,
    0.00023446512087649398,
    0.0002340401229814867,
    0.0002337081679613905,
    0.0002334506180283896,
    0.00023310419982159683,
    0.0002328494281598719,
    0.00023260776259611998,
    0.00023233137060347457,
    0.00023208330176100971,
    0.00023189088772661453,
    0.0002317065597609495,
    0.00023149813491369733,
    0.00023131781542841135,
    0.0002311721318994373,
    0.00023104376961871257,
    0.00023081882774815912,
    0.00023064064864794748,
    0.0002305695280425725,
    0.00023049929472251555,
    0.00023035453553991707,
    0.00023023958718194887,
    0.00023014894433752092,
    0.0002300020646084142,
    0.00022987145184947367,
    0.00022976045725232319,
    0.00022964235042023022,
    0.00022956210189439664,
    0.0002295491752155432,
    0.00022949814846153171,
    0.00022935933801467611,
    0.00022924551195273183,
    0.00022913662155162306,
    0.0002290744516276493,
    0.00022904045900769447,
    0.00022896599963705025,
    0.00022892648949765702,
    0.00022889742774240087,
    0.00022878325374252843,
    0.00022877301399034451,
    0.00022867833628678478,
    0.00022854084652161385,
    0.00022849519013284187,
    0.00022841732463300618,
    0.00022836012481485077,
    0.0002282774511878187,
    0.0002281801081402053,
    0.00022803405792476812,
    0.00022812608336464742,
    0.00022809062748693963,
    0.00022794533244505078,
    0.00022787647975838922,
    0.00022785311036356044,
    0.00022782112252881073,
    0.00022770992191578174,
    0.00022768786535441374,
    0.00022757348512065658,
    0.00022762737320631407,
    0.0002274605860211625,
    0.00022741506981039037,
    0.00022738096426321326,
    0.00022728568202840367,
    0.00022724384903272942,
    0.00022723961862201772,
    0.00022712421136095507,
    0.00022711787610018297,
    0.00022702654631815377,
    0.000226976853108194,
    0.00022693568503149273,
    0.00022692223426568485,
    0.00022689968849835772,
    0.00022683001414625052,
    0.0002267764439136627,
    0.00022675767292404611,
    0.00022665713652131263,
    0.00022663262804398097,
    0.00022656822290222689,
    0.00022654885435755947,
    0.00022651609608882598,
    0.00022652298857349804,
    0.00022641050848196007,
    0.00022642092438317026,
    0.00022635545907716514,
    0.000226296574942949,
    0.00022625214026103751,
    0.00022627037953348197,
    0.00022621530135186592,
    0.00022620454601497017,
    0.00022610525050364462,
    0.00022612821113680967,
    0.00022600977729538574,
    0.00022600251158406393,
    0.00022600648060531708,
    0.00022599865178392733,
    0.0002259071393126852,
    0.00022590427144085257,
    0.00022582303164073368,
    0.00022589327041094614,
    0.00022579632762275385,
    0.00022573428545042537,
    0.00022572118218653324,
    0.00022567009417277375,
    0.00022570095665941245,
    0.00022559958354880413,
    0.00022563619115337563,
    0.000225559305809508,
    0.00022554917309837842,
    0.00022555573050748933,
    0.0002255613720724673,
    0.00022545487516165505,
    0.00022554440813641368,
    0.00022539895482200865,
    0.0002254059403953369,
    0.00022540134002806876,
    0.00022537661267249158,
    0.0002253217134739827,
    0.00022533945634626272,
    0.0002253049049763644,
    0.00022523868253475495,
    0.0002252209754154951,
    0.00022522629651132873,
    0.0002252180074788072,
    0.0002251585506422494,
    0.00022516805048132044,
    0.00022512182814839963,
    0.0002251296255768936,
    0.00022511673901118477,
    0.00022507001788003113,
    0.00022500975812656267,
    0.00022501776178894138,
    0.00022503123108527802,
    0.00022503062023184774,
    0.00022499063244082508,
    0.00022499078330112977,
    0.00022492001455779492,
    0.00022482144130107838,
    0.00022488486563284577,
    0.00022485052027882595,
    0.00022487673160274713,
    0.00022492556935629706,
    0.00022480127071152522,
    0.00022478760542759624,
    0.00022473414528814984,
    0.0002248516048597737,
    0.00022474464751982343,
    0.0002247169910326656,
    0.00022470596362400647,
    0.00022466143759748854,
    0.00022464985383695432,
    0.0002247675641157319,
    0.00022462191110762876,
    0.00022463216350417347,
    0.00022457513133280175,
    0.0002245957621334867,
    0.0002246018200903461,
    0.0002245933073834422,
    0.00022450969240554933,
    0.00022455444995467358,
    0.0002245737709739849,
    0.00022453054775264155,
    0.00022449791461947872,
    0.00022445057762075175,
    0.00022449761093681336,
    0.00022440748694719056,
    0.00022453030118760602,
    0.00022440059206445007,
    0.00022447206954600828,
    0.00022435200676210364,
    0.00022440505203571211,
    0.00022436056655835123,
    0.00022438479903980754,
    0.0002244086231956126,
    0.00022435834638300013,
    0.00022440017916066816,
    0.000224295564515565,
    0.00022430772599258393,
    0.0002243183293791439,
    0.00022428104246718887,
    0.0002242824946066246,
    0.00022428663454475474,
    0.0002242572804431567,
    0.00022427035711028993,
    0.00022421073328096714,
    0.0002242110646504225,
    0.00022428565090068717,
    0.00022422315941753794,
    0.00022422153265511945,
    0.00022422562354184995,
    0.00022421829439071793,
    0.0002241954216140598,
    0.00022417236069803326,
    0.00022412683445897498,
    0.00022412494543507305,
    0.00022412742351178317,
    0.00022409897130191997,
    0.00022410885526795177,
    0.00022414979313008403,
    0.00022410567499320494,
    0.00022408833674047044,
    0.00022408284799785316,
    0.0002240243292420628,
    0.0002240124891062131,
    0.00022400549612067332,
    0.00022400931951377108,
    0.00022402366148900897,
    0.00022400794018841304,
    0.0002239978796373425,
