{
  "times": {
    "training": 15569.680217981339,
    "evaluation": 6.401836395263672
  },
  "metrics": {
    "arithmetic_mean_rank": {
      "tail": {
        "pessimistic": 12451.510601915184,
        "realistic": 12451.47366621067,
        "optimistic": 12451.436730506155
      },
      "both": {
        "pessimistic": 16697.016415868675,
        "realistic": 16696.97469220246,
        "optimistic": 16696.93296853625
      },
      "head": {
        "pessimistic": 20942.52222982216,
        "realistic": 20942.475718194255,
        "optimistic": 20942.429206566347
      }
    },
    "geometric_mean_rank": {
      "tail": {
        "pessimistic": 5295.514170649406,
        "realistic": 5295.491224132569,
        "optimistic": 5295.46827133526
      },
      "both": {
        "pessimistic": 8694.75287872566,
        "realistic": 8694.719490110494,
        "optimistic": 8694.686094799554
      },
      "head": {
        "pessimistic": 14275.993829101088,
        "realistic": 14275.946047685251,
        "optimistic": 14275.898261219998
      }
    },
    "median_rank": {
      "tail": {
        "pessimistic": 10600.5,
        "realistic": 10600.5,
        "optimistic": 10600.5
      },
      "both": {
        "pessimistic": 15484.0,
        "realistic": 15484.0,
        "optimistic": 15484.0
      },
      "head": {
        "pessimistic": 20796.5,
        "realistic": 20796.25,
        "optimistic": 20796.0
      }
    },
    "harmonic_mean_rank": {
      "tail": {
        "pessimistic": 222.69061777650643,
        "realistic": 222.69051828994245,
        "optimistic": 222.69041867711536
      },
      "both": {
        "pessimistic": 147.4257754784621,
        "realistic": 147.42574676756956,
        "optimistic": 147.42571802589703
      },
      "head": {
        "pessimistic": 110.18538478625247,
        "realistic": 110.18537706657926,
        "optimistic": 110.18536934344061
      }
    },
    "inverse_arithmetic_mean_rank": {
      "tail": {
        "pessimistic": 8.031154066127435e-05,
        "realistic": 8.031177889519064e-05,
        "optimistic": 8.03120171305203e-05
      },
      "both": {
        "pessimistic": 5.989093950040141e-05,
        "realistic": 5.9891089160421565e-05,
        "optimistic": 5.989123882118967e-05
      },
      "head": {
        "pessimistic": 4.7749740409777366e-05,
        "realistic": 4.774984645827843e-05,
        "optimistic": 4.7749952507250557e-05
      }
    },
    "inverse_geometric_mean_rank": {
      "tail": {
        "pessimistic": 0.00018883907544663727,
        "realistic": 0.0001888398937274805,
        "optimistic": 0.0001888407122393821
      },
      "both": {
        "pessimistic": 0.0001150118944089604,
        "realistic": 0.00011501233606643839,
        "optimistic": 0.00011501277781587973
      },
      "head": {
        "pessimistic": 7.004766266860783e-05,
        "realistic": 7.004789711727324e-05,
        "optimistic": 7.004813159228423e-05
      }
    },
    "inverse_harmonic_mean_rank": {
      "tail": {
        "pessimistic": 0.0044905349402892475,
        "realistic": 0.004490536946427161,
        "optimistic": 0.0044905389551129545
      },
      "both": {
        "pessimistic": 0.006783074375932946,
        "realistic": 0.006783075696924183,
        "optimistic": 0.0067830770193321255
      },
      "head": {
        "pessimistic": 0.009075613811576644,
        "realistic": 0.009075614447421207,
        "optimistic": 0.009075615083551295
      }
    },
    "inverse_median_rank": {
      "tail": {
        "pessimistic": 9.433517286920429e-05,
        "realistic": 9.433517286920429e-05,
        "optimistic": 9.433517286920429e-05
      },
      "both": {
        "pessimistic": 6.45827951433738e-05,
        "realistic": 6.45827951433738e-05,
        "optimistic": 6.45827951433738e-05
      },
      "head": {
        "pessimistic": 4.808501430529176e-05,
        "realistic": 4.808559235439082e-05,
        "optimistic": 4.808617041738796e-05
      }
    },
    "rank_std": {
      "tail": {
        "pessimistic": 10828.96478929959,
        "realistic": 10828.952849870431,
        "optimistic": 10828.940912275988
      },
      "both": {
        "pessimistic": 11816.91305027215,
        "realistic": 11816.904842077985,
        "optimistic": 11816.896635829049
      },
      "head": {
        "pessimistic": 11223.357360205027,
        "realistic": 11223.355217818806,
        "optimistic": 11223.35307775336
      }
    },
    "rank_var": {
      "tail": {
        "pessimistic": 117266478.40789033,
        "realistic": 117266219.82471693,
        "optimistic": 117265961.2815647
      },
      "both": {
        "pessimistic": 139639434.03769222,
        "realistic": 139639240.04672614,
        "optimistic": 139639046.1018679
      },
      "head": {
        "pessimistic": 125963750.43486835,
        "realistic": 125963702.34534062,
        "optimistic": 125963654.3079158
      }
    },
    "hits_at_k": {
      "tail": {
        "pessimistic": {
          "1": 0.001709986320109439,
          "3": 0.0027359781121751026,
          "5": 0.003761969904240766,
          "10": 0.005813953488372093
        },
        "realistic": {
          "1": 0.001709986320109439,
          "3": 0.0027359781121751026,
          "5": 0.003761969904240766,
          "10": 0.005813953488372093
        },
        "optimistic": {
          "1": 0.001709986320109439,
          "3": 0.0027359781121751026,
          "5": 0.003761969904240766,
          "10": 0.005813953488372093
        }
      },
      "both": {
        "pessimistic": {
          "1": 0.004274965800273598,
          "3": 0.006326949384404925,
          "5": 0.006839945280437756,
          "10": 0.008549931600547196
        },
        "realistic": {
          "1": 0.004274965800273598,
          "3": 0.006326949384404925,
          "5": 0.006839945280437756,
          "10": 0.008549931600547196
        },
        "optimistic": {
          "1": 0.004274965800273598,
          "3": 0.006326949384404925,
          "5": 0.006839945280437756,
          "10": 0.008549931600547196
        }
      },
      "head": {
        "pessimistic": {
          "1": 0.006839945280437756,
          "3": 0.009917920656634747,
          "5": 0.009917920656634747,
          "10": 0.011285909712722298
        },
        "realistic": {
          "1": 0.006839945280437756,
          "3": 0.009917920656634747,
          "5": 0.009917920656634747,
          "10": 0.011285909712722298
        },
        "optimistic": {
          "1": 0.006839945280437756,
          "3": 0.009917920656634747,
          "5": 0.009917920656634747,
          "10": 0.011285909712722298
        }
      }
    },
    "adjusted_arithmetic_mean_rank": {
      "tail": {
        "realistic": 0.6140674525305506
      },
      "both": {
        "realistic": 0.8236248704866088
      },
      "head": {
        "realistic": 1.0332752908545093
      }
    },
    "adjusted_arithmetic_mean_rank_index": {
      "tail": {
        "realistic": 0.385951581385493
      },
      "both": {
        "realistic": 0.17638383013802117
      },
      "head": {
        "realistic": -0.0332769326963227
      }
    }
  },