{
  "times": {
    "training": 653.4691472053528,
    "evaluation": 0.26396751403808594
  },
  "metrics": {
    "arithmetic_mean_rank": {
      "tail": {
        "pessimistic": 3.1797020484171323,
        "optimistic": 3.1797020484171323,
        "realistic": 3.1797020484171323
      },
      "head": {
        "pessimistic": 3.629422718808194,
        "optimistic": 3.629422718808194,
        "realistic": 3.629422718808194
      },
      "both": {
        "pessimistic": 3.404562383612663,
        "optimistic": 3.404562383612663,
        "realistic": 3.404562383612663
      }
    },
    "geometric_mean_rank": {
      "tail": {
        "pessimistic": 1.9644504087383063,
        "optimistic": 1.9644504087383063,
        "realistic": 1.9644504087383063
      },
      "head": {
        "pessimistic": 2.203549482975808,
        "optimistic": 2.203549482975808,
        "realistic": 2.203549482975808
      },
      "both": {
        "pessimistic": 2.0805681153249727,
        "optimistic": 2.0805681153249727,
        "realistic": 2.0805681153249727
      }
    },
    "median_rank": {
      "tail": {
        "pessimistic": 1.0,
        "optimistic": 1.0,
        "realistic": 1.0
      },
      "head": {
        "pessimistic": 2.0,
        "optimistic": 2.0,
        "realistic": 2.0
      },
      "both": {
        "pessimistic": 2.0,
        "optimistic": 2.0,
        "realistic": 2.0
      }
    },
    "harmonic_mean_rank": {
      "tail": {
        "pessimistic": 1.5259525316943994,
        "optimistic": 1.5259525316943994,
        "realistic": 1.5259525316943994
      },
      "head": {
        "pessimistic": 1.632288485284104,
        "optimistic": 1.632288485284104,
        "realistic": 1.632288485284104
      },
      "both": {
        "pessimistic": 1.577330376741066,
        "optimistic": 1.577330376741066,
        "realistic": 1.577330376741066
      }
    },
    "inverse_arithmetic_mean_rank": {
      "tail": {
        "pessimistic": 0.3144948755490483,
        "optimistic": 0.3144948755490483,
        "realistic": 0.3144948755490483
      },
      "head": {
        "pessimistic": 0.2755259107234479,
        "optimistic": 0.2755259107234479,
        "realistic": 0.2755259107234479
      },
      "both": {
        "pessimistic": 0.29372350608505404,
        "optimistic": 0.29372350608505404,
        "realistic": 0.29372350608505404
      }
    },
    "inverse_geometric_mean_rank": {
      "tail": {
        "pessimistic": 0.5090482282229069,
        "optimistic": 0.5090482282229069,
        "realistic": 0.5090482282229069
      },
      "head": {
        "pessimistic": 0.4538132715992104,
        "optimistic": 0.4538132715992104,
        "realistic": 0.4538132715992104
      },
      "both": {
        "pessimistic": 0.4806379529870887,
        "optimistic": 0.4806379529870887,
        "realistic": 0.4806379529870887
      }
    },
    "inverse_harmonic_mean_rank": {
      "tail": {
        "pessimistic": 0.6553283796381346,
        "optimistic": 0.6553283796381346,
        "realistic": 0.6553283796381346
      },
      "head": {
        "pessimistic": 0.6126368034912331,
        "optimistic": 0.6126368034912331,
        "realistic": 0.6126368034912331
      },
      "both": {
        "pessimistic": 0.6339825915646837,
        "optimistic": 0.6339825915646837,
        "realistic": 0.6339825915646837
      }
    },
    "inverse_median_rank": {
      "tail": {
        "pessimistic": 1.0,
        "optimistic": 1.0,
        "realistic": 1.0
      },
      "head": {
        "pessimistic": 0.5,
        "optimistic": 0.5,
        "realistic": 0.5
      },
      "both": {
        "pessimistic": 0.5,
        "optimistic": 0.5,
        "realistic": 0.5
      }
    },
    "rank_std": {
      "tail": {
        "pessimistic": 5.801039968462046,
        "optimistic": 5.801039968462046,
        "realistic": 5.801039968462046
      },
      "head": {
        "pessimistic": 5.632318143907996,
        "optimistic": 5.632318143907996,
        "realistic": 5.632318143907996
      },
      "both": {
        "pessimistic": 5.72172162598714,
        "optimistic": 5.72172162598714,
        "realistic": 5.72172162598714
      }
    },
    "rank_var": {
      "tail": {
        "pessimistic": 33.65206471569413,
        "optimistic": 33.65206471569413,
        "realistic": 33.65206471569413
      },
      "head": {
        "pessimistic": 31.723007674195216,
        "optimistic": 31.723007674195216,
        "realistic": 31.723007674195216
      },
      "both": {
        "pessimistic": 32.73809836528892,
        "optimistic": 32.73809836528892,
        "realistic": 32.73809836528892
      }
    },
    "hits_at_k": {
      "tail": {
        "pessimistic": {
          "1": 0.5018621973929237,
          "3": 0.7625698324022346,
          "5": 0.8640595903165735,
          "10": 0.9599627560521415
        },
        "optimistic": {
          "1": 0.5018621973929237,
          "3": 0.7625698324022346,
          "5": 0.8640595903165735,
          "10": 0.9599627560521415
        },
        "realistic": {
          "1": 0.5018621973929237,
          "3": 0.7625698324022346,
          "5": 0.8640595903165735,
          "10": 0.9599627560521415
        }
      },
      "head": {
        "pessimistic": {
          "1": 0.4581005586592179,
          "3": 0.7067039106145251,
          "5": 0.8286778398510242,
          "10": 0.9320297951582868
        },
        "optimistic": {
          "1": 0.4581005586592179,
          "3": 0.7067039106145251,
          "5": 0.8286778398510242,
          "10": 0.9320297951582868
        },
        "realistic": {
          "1": 0.4581005586592179,
          "3": 0.7067039106145251,
          "5": 0.8286778398510242,
          "10": 0.9320297951582868
        }
      },
      "both": {
        "pessimistic": {
          "1": 0.47998137802607077,
          "3": 0.7346368715083799,
          "5": 0.8463687150837989,
          "10": 0.9459962756052142
        },
        "optimistic": {
          "1": 0.47998137802607077,
          "3": 0.7346368715083799,
          "5": 0.8463687150837989,
          "10": 0.9459962756052142
        },
        "realistic": {
          "1": 0.47998137802607077,
          "3": 0.7346368715083799,
          "5": 0.8463687150837989,
          "10": 0.9459962756052142
        }
      }
    },
    "adjusted_arithmetic_mean_rank": {
      "tail": {
        "realistic": 0.06590755572710605
      },
      "head": {
        "realistic": 0.07690562389638061
      },
      "both": {
        "realistic": 0.07134599343417837
      }
    },
    "adjusted_arithmetic_mean_rank_index": {
      "tail": {
        "realistic": 0.9538637393823535
      },
      "head": {
        "realistic": 0.9430777138365096
      },
      "both": {
        "realistic": 0.9485314267208091
      }
    }
  },