{
  "times": {
    "training": 42.1787965297699,
    "evaluation": 0.12262272834777832
  },
  "metrics": {
    "mean_rank": {
      "avg": 5.135009310986964,
      "worst": 5.135009310986964,
      "best": 5.135009310986964
    },
    "mean_reciprocal_rank": {
      "avg": 0.47721033262587087,
      "worst": 0.47721033262587087,
      "best": 0.47721033262587087
    },
    "hits_at_k": {
      "avg": {
        "1": 0.30121042830540035,
        "3": 0.5619180633147114,
        "5": 0.6927374301675978,
        "10": 0.8896648044692738
      },
      "worst": {
        "1": 0.30121042830540035,
        "3": 0.5619180633147114,
        "5": 0.6927374301675978,
        "10": 0.8896648044692738
      },
      "best": {
        "1": 0.30121042830540035,
        "3": 0.5619180633147114,
        "5": 0.6927374301675978,
        "10": 0.8896648044692738
      }
    },
    "adjusted_mean_rank": 0.10772806541036876
  },
  "losses": [
    0.021269746896711024,
    0.019337466089170738,
    0.01932464851438117,
    0.019311021812714508,
    0.019297618990187254,
    0.019285799696150442,
    0.01927416447424338,
    0.019259870369946766,
    0.01924695652430406,
    0.01923503841854116,
    0.019221427244431454,
    0.019207357301593463,
    0.019194787038438344,
    0.019180012709152917,
    0.019166662962638536,
    0.019151429299986384,
    0.019133559905120508,
    0.019115721565368542,
    0.019098411162553137,
    0.01908050337227369,
    0.01905541789821085,
    0.019029530355251352,
    0.019002825498157454,
    0.018972624964513605,
    0.0189360437342371,
    0.018895362099646956,
    0.018850223491571585,
    0.018794210511880065,
    0.018733686353413576,
    0.01866294336855376,
    0.0185913449564652,
    0.01851082525710653,
    0.018425131211131193,
    0.01834320527975061,
    0.018277461603592667,
    0.018214253718645494,
    0.018156050788784534,
    0.01811121087444118,
    0.018074118081742734,
    0.018030998620710267,
    0.01799921032378771,
    0.017967554999216553,
    0.01793561255600129,
    0.01790979051110023,
    0.017890952478999425,
    0.017870230248441633,
    0.017840236372464926,
    0.01782051835136346,
    0.017806168912500232,
    0.01777851997994332,
    0.017776150192432394,
    0.017748812657972284,
    0.017734531822678885,
    0.017718825557656793,
    0.01770794977444456,
    0.017689551031046042,
    0.017672864836020326,
    0.017667254023893547,
    0.01765802952578394,
    0.017637526374938855,
    0.017628483690405258,
    0.017610285675970318,
    0.017600883316753742,
    0.017587034994501417,
    0.017582986819242995,
    0.017570385218654744,
    0.017556490596050762,
    0.017550233837554552,
    0.017541798139338382,
    0.017527267169218364,
    0.017522370907030845,
    0.017512887522198872,
    0.017495777283708606,
    0.01748599915761366,
    0.017489333629890472,
    0.017475906810229737,
    0.01746515044804647,
    0.017467407307870435,
    0.017447487710847736,
    0.017449096083429313,
    0.01743130686722118,
    0.017423506104924963,
    0.017426035685112945,
    0.017413427308863475,
    0.017411820630197205,
    0.017393017323360137,
    0.01739275589576482,
    0.01738414544195307,
    0.017390066805219002,
    0.017375822106785434,
    0.017370795130800254,
    0.017370508294475367,
    0.017356799437916442,
    0.0173587367123863,
    0.01734876378603134,
    0.017345442300438527,
    0.017338118375300512,
    0.017333863260055732,
    0.0173216625527562,
    0.01731691055568878,
    0.017315587607836004,
    0.017313251698631165,
    0.017304190945667652,
    0.017297763666364128,
    0.017292747983147647,
    0.01730188157446925,
    0.017283329249416463,
    0.017284020649179895,
    0.0172702231443867,
    0.017276827155520324,
    0.01727048174878985,
    0.01726397090299797,
    0.017261868754105146,
    0.017250691736287942,
    0.017248512796567982,
    0.017249265459601593,
    0.017241279213579538,
    0.01724240227942639,
    0.017229004538645048,
    0.017229002562410525,
    0.017225196899359856,
    0.01721467034501956,
    0.01721052279339661,
    0.017215006869526712,
    0.01721084124947385,
    0.01720104985437568,
    0.017196607561489757,
    0.017200836138728103,
    0.017192804721631264,
    0.017184794760794948,
    0.017183638381280442,
    0.017179422226087662,
    0.017180801073145485,
    0.01716718030018239,
    0.017161027435158186,
    0.01716087893524983,
    0.017155090262016084,
    0.017151201879434714,
    0.017152455941398446,
    0.017148878956913877,
    0.01714503489844964,
    0.0171376115969471,
    0.01713305891724717,
    0.017136939112571234,
    0.0171333254265884,
    0.017137567272829966,
    0.017120091995591592,
    0.017129667134169222,
    0.017121440634493154,
    0.017120706604527892,
    0.01712460035117439,
    0.017105117501981022,
    0.017100887795465806,
    0.01710730745215046,
    0.017102776793349487,
    0.017104314303807495,
    0.017101749716036556,
    0.01709739268355429,
    0.017095345869228076,
    0.01708723991985784,
    0.01707585624437349,
    0.01708972686984399,
    0.017076352561557696,
    0.01707570350967687,
    0.01707765179459621,
    0.017068254799444765,
    0.017066650097013015,
    0.01706827710266294,
    0.017071144336634942,
    0.01707323603971672,
    0.0170744632813548,
    0.017062632976868507,
    0.017061218839908507,
    0.01706136028183643,
    0.017054178080945556,
    0.01706127840926338,
    0.017048558234603817,
    0.0170497741834732,
    0.01705302932404992,
    0.017056145563571674,
    0.017042997392978522,
    0.017029214004146198,
    0.017047358095610615,
    0.01703476891706793,
    0.01703301599704704,
    0.01703749922621949,
    0.017024875887051497,
    0.017031959840854715,
    0.01703437028233295,
    0.017030858513587602,
    0.0170207924218909,
    0.01701075315051985,
    0.017027009373377457,
    0.017027792526886545,
    0.017018776662678602,
    0.017020863566333685,
    0.017009291583931326,
    0.017006196236031657,
    0.017009278314928107,
    0.01701736534891078,
    0.01700985989251597,
    0.016998714494451114,
    0.01700175874257243,
    0.0170034854069061,
    0.017005809458703808,
    0.017010526448188273,
    0.016999389802019153,
    0.01700110093879587,
    0.0169942383232591,
    0.01700318388998191,
    0.016987351428269633,
    0.0169956216874244,
    0.016995052814201324,
    0.016991313213847527,
    0.016980552616876,
    0.016983711486599586,
    0.016977228308091015,
    0.016982207007490015,
    0.016975668212095615,
    0.01698078044848445,
    0.01698137529507553,
    0.016979726550845863,
    0.01697138514724831,
    0.016993146594845382,
    0.0169678301836627,
    0.016979950994623703,
    0.016977475055087028,
    0.01697211466010609,
    0.016968309279374642,
    0.016969593831813852,
    0.01697200257937678,
    0.01697207795860783,
    0.016968731346604666,
    0.016964580971789545,
    0.01696139048231361,
    0.016965801437766402,
    0.016963878843895847,
    0.016961387376802216,
    0.016955951320271015,
    0.01695584940303353,
    0.01695307025265736,
    0.01695746426895711,
    0.016953677521294005,
    0.01695653910888166,
    0.016959094380118424,
    0.01694312019415901,
    0.016957938282923135,
    0.016951448611072565,
    0.01695726043448214,
    0.016957310969622056,
    0.016945612225891075,
    0.01695149914621248,
    0.01694258548156124,
    0.016931886430179104,
    0.016947421609755448,
    0.016944641894740844,
    0.016937845906539385,
    0.01693884531656901,
    0.016939212049232426,
    0.016935420784461846,
    0.016933704848258433,
    0.01693398857907193,
    0.016942077871608337,
    0.01693876231471909,
    0.01693426186407438,
    0.016930763082013037,
    0.016931397170975335,
    0.01692948502291583,
    0.01692486317500763,
    0.01693443774894683,
    0.016928664603270038,
    0.01692791589270547,
    0.016924463410995783,
    0.016929329747346254,
    0.016916362825690676,
    0.01692586060880274,
