{
  "times": {
    "training": 132.09977269172668,
    "evaluation": 0.09053516387939453
  },
  "metrics": {
    "mean_rank": {
      "best": 3.7546554934823093,
      "worst": 3.7546554934823093,
      "avg": 3.7546554934823093
    },
    "mean_reciprocal_rank": {
      "best": 0.5367904032824544,
      "worst": 0.5367904032824544,
      "avg": 0.5367904032824544
    },
    "hits_at_k": {
      "best": {
        "1": 0.3286778398510242,
        "3": 0.6713221601489758,
        "5": 0.839851024208566,
        "10": 0.952513966480447
      },
      "worst": {
        "1": 0.3286778398510242,
        "3": 0.6713221601489758,
        "5": 0.839851024208566,
        "10": 0.952513966480447
      },
      "avg": {
        "1": 0.3286778398510242,
        "3": 0.6713221601489758,
        "5": 0.839851024208566,
        "10": 0.952513966480447
      }
    },
    "adjusted_mean_rank": 0.07832985800331947
  },
  "losses": [
    0.0006333293004331182,
    0.00032706505336453406,
    0.0003162045136428951,
    0.0003123479966799753,
    0.00031124426432177146,
    0.00031059092235113126,
    0.0003099303155411942,
    0.00030911046216327155,
    0.0003065697740665759,
    0.0003024591307403443,
    0.00029524166681123585,
    0.00028387705136216087,
    0.00027413734789477303,
    0.0002700604580356722,
    0.0002611622516037931,
    0.0002480175429850482,
    0.00024012527480888902,
    0.00023569354363664818,
    0.00023221316414253877,
    0.00023089401504157412,
    0.00022998915667809573,
    0.00022983390442008495,
    0.00022865203252822608,
    0.00022730477806529525,
    0.000227431389538062,
    0.00022649348797171973,
    0.00022599378632109487,
    0.00022526024422200207,
    0.0002254342214703169,
    0.00022528453839921884,
    0.00022453898241331849,
    0.0002238446068758152,
    0.00022320359620903984,
    0.00022393626366717538,
    0.00022368066009371244,
    0.00022229676881337657,
    0.0002209398514427217,
    0.00022129024150484844,
    0.00022115639353359348,
    0.0002208466808161653,
    0.00021948315916506204,
    0.0002202825356546915,
    0.00021988255048540424,
    0.00021935102036257698,
    0.00021896016572982296,
    0.00021803931791809726,
    0.00021789590383388018,
    0.00021754556129710952,
    0.0002179008521390765,
    0.00021756262420798733,
    0.00021737566992138208,
    0.00021758434983591238,
    0.00021635053185780956,
    0.00021654778955441513,
    0.0002162149433248889,
    0.00021629728253037855,
    0.00021586899361346432,
    0.00021634664873100733,
    0.00021638950003373823,
    0.00021502937927967713,
    0.00021514724216280918,
    0.000214709969209542,
    0.0002148858570643746,
    0.0002147609329597557,
    0.00021424360158207935,
    0.00021421576305972727,
    0.0002128647244448184,
    0.00021336545552081717,
    0.00021346600216984302,
    0.0002140684017548791,
    0.00021416479189730205,
    0.00021382456833726906,
    0.00021305308574357172,
    0.00021258556529921428,
    0.00021378466360661645,
    0.00021357076723923843,
    0.00021266319295426322,
    0.0002130893606706505,
    0.00021299805268924335,
    0.0002124575712309962,
    0.00021226868148516403,
    0.00021277889016359933,
    0.00021318404992853992,
    0.00021239519790721854,
    0.00021189106462614032,
    0.00021234579464553225,
    0.00021216045360495983,
    0.00021164412592792332,
    0.00021088043880066398,
    0.00021197736718472134,
    0.00021226576020180732,
    0.00021134215722746504,
    0.00021168976247812926,
    0.00021195319291092594,
    0.0002120302781664979,
    0.00021151224306474128,
    0.00021128464718645767,
    0.0002099627328945903,
    0.00021205442409948463,
    0.00021122566385941113,
    0.00021076703109265715,
    0.00021091996638055487,
    0.00020991944950353005,
    0.00021095585936073508,
    0.00021051936076556363,
    0.00021088167707599727,
    0.0002107131172822656,
    0.0002100512870214182,
    0.0002109111925021986,
    0.00021045030162701112,
    0.00021104303350818625,
    0.00021044425021033832,
    0.00021006028501016928,
    0.0002113108096769854,
    0.00021085333234320083,
    0.0002110011632334483,
    0.00020991755241339796,
    0.00020955814474196024,
    0.00021028798596745127,
    0.00020913567920721203,
    0.00020980678432471075,
    0.0002095688335869587,
    0.0002099917172576381,
    0.00020933171606898196,
    0.00020892049180699533,
    0.00020966313261371316,
    0.0002105260801532965,
    0.0002100815519530061,
    0.00020895206390388225,
    0.00020926011802998375,
    0.00020925603172138388,
    0.00020997840972191722,
    0.0002089663358991233,
    0.0002096022055432033,
    0.00020988746799096075,
    0.00020966161093029302,
    0.0002093048079971796,
    0.00020979894656506594,
    0.00020933037707477473,
    0.00020944579959627282,
    0.00020980620660822601,
    0.00020927027145170428,
    0.00021005679429456425,
    0.00020915403751105294,
    0.00020965077602112673,
    0.0002086317159709859,
    0.0002088256800296099,
    0.00020870028110744242,
    0.00020900124523523595,
    0.00020913009170777676,
    0.00020819952387069718,
    0.000208002211236524,
    0.00020885736243764447,
    0.00020932550812384273,
    0.0002096502837630805,
    0.0002097465426657586,
    0.0002092339646957173,
    0.00020928354279839255,
    0.00020913944112255556,
    0.0002086694912168752,
    0.00020878773343083117,
    0.00020925696914813268,
    0.00020937053687270548,
    0.000208378002511456,
    0.00020803275085594993,
    0.0002079228569722075,
    0.00020883665489876985,
    0.000210517415714063,
    0.00020825249371415333,
    0.00020928630144910866,
    0.0002085186718973551,
    0.00020786850932943686,
    0.00020814370119783763,
    0.00020795536257173128,
    0.00020869935414499224,
    0.00020814114311284453,
    0.00020853202477836988,
    0.00020909068926345655,
    0.00020776467035046677,
    0.00020862505718898238,
    0.00021001060706064495,
    0.0002086607570156511,
    0.00020859776324616948,
    0.0002094416862549016,
    0.00020829308734446317,
    0.00020899270985568508,
    0.000208616915528666,
    0.000208293805456954,
    0.00020863874972368895,
    0.00020795423111944609,
    0.00020748099586002054,
    0.00020743552368650498,
    0.00020788977452822392,
    0.0002072455896908759,
    0.00020790717142463177,
    0.00020770941318574358,
    0.00020779722129528441,
    0.00020795471378521862,
    0.00020772299366525273,
    0.00020769677798120718,
    0.00020833305529691977,
    0.0002074205431710468,
    0.0002078786784476053,
    0.00020793919871850742,
    0.00020817181353600283,
    0.0002079143412132165,
    0.00020742333583073335,
    0.0002074933803574032,
    0.00020780500804147358,
    0.00020800119401949844,
    0.00020787866231514497,
    0.00020823900000112,
    0.0002076611527126659,
    0.00020617300344540385,
    0.00020841961466682872,
    0.00020852606884842173,
    0.0002096685195474254,
    0.00020890762769592723,
    0.00020792068170613788,
    0.00020798788691979,
    0.00020741404876573367,
    0.00020868624107082015,
    0.00020723951298548153,
    0.00020709364676729458,
    0.00020723566168758754,
    0.0002067825732550371,
    0.0002068926389276814,
    0.00020722385011055273,
    0.00020691939177905463,
    0.0002077622687939401,
    0.00020729258005971208,
    0.00020760247721040293,
    0.00020769778560595902,
    0.00020800674794597572,
    0.00020756145977600014,
    0.00020764965157648931,
    0.00020785614140052697,
    0.00020717014166202102,
    0.0002071227894028586,
    0.00020706043482761593,
    0.00020847051955536286,
    0.00020699962678850256,
    0.00020834314898493585,
    0.00020805156828089153,
    0.0002077210782625981,
    0.00020779963636819677,
    0.00020756885280295482,
    0.0002070380307643322,
    0.00020796228906537375,
    0.00020793658395189694,
    0.00020753962209287767,
    0.00020765461252604642,
    0.00020793287217798416,
    0.0002065412700176239,
    0.00020717085977451185,
