{
  "times": {
    "training": 45.07859420776367,
    "evaluation": 0.5627522468566895
  },
  "metrics": {
    "arithmetic_mean_rank": {
      "tail": {
        "realistic": 2.165735567970205,
        "optimistic": 2.165735567970205,
        "pessimistic": 2.165735567970205
      },
      "both": {
        "realistic": 2.1792364990689013,
        "optimistic": 2.1792364990689013,
        "pessimistic": 2.1792364990689013
      },
      "head": {
        "realistic": 2.1927374301675977,
        "optimistic": 2.1927374301675977,
        "pessimistic": 2.1927374301675977
      }
    },
    "geometric_mean_rank": {
      "tail": {
        "realistic": 1.3848935413004206,
        "optimistic": 1.3848935413004206,
        "pessimistic": 1.3848935413004206
      },
      "both": {
        "realistic": 1.4087927738771155,
        "optimistic": 1.4087927738771155,
        "pessimistic": 1.4087927738771155
      },
      "head": {
        "realistic": 1.4331044376629405,
        "optimistic": 1.4331044376629405,
        "pessimistic": 1.4331044376629405
      }
    },
    "median_rank": {
      "tail": {
        "realistic": 1.0,
        "optimistic": 1.0,
        "pessimistic": 1.0
      },
      "both": {
        "realistic": 1.0,
        "optimistic": 1.0,
        "pessimistic": 1.0
      },
      "head": {
        "realistic": 1.0,
        "optimistic": 1.0,
        "pessimistic": 1.0
      }
    },
    "harmonic_mean_rank": {
      "tail": {
        "realistic": 1.2045686934775062,
        "optimistic": 1.2045686934775062,
        "pessimistic": 1.2045686934775062
      },
      "both": {
        "realistic": 1.2190402457402092,
        "optimistic": 1.2190402457402092,
        "pessimistic": 1.2190402457402092
      },
      "head": {
        "realistic": 1.2338637454492838,
        "optimistic": 1.2338637454492838,
        "pessimistic": 1.2338637454492838
      }
    },
    "inverse_arithmetic_mean_rank": {
      "tail": {
        "realistic": 0.46173688736027513,
        "optimistic": 0.46173688736027513,
        "pessimistic": 0.46173688736027513
      },
      "both": {
        "realistic": 0.4588763084810938,
        "optimistic": 0.4588763084810938,
        "pessimistic": 0.4588763084810938
      },
      "head": {
        "realistic": 0.45605095541401275,
        "optimistic": 0.45605095541401275,
        "pessimistic": 0.45605095541401275
      }
    },
    "inverse_geometric_mean_rank": {
      "tail": {
        "realistic": 0.7220771634626846,
        "optimistic": 0.7220771634626846,
        "pessimistic": 0.7220771634626846
      },
      "both": {
        "realistic": 0.7098276045581327,
        "optimistic": 0.7098276045581327,
        "pessimistic": 0.7098276045581327
      },
      "head": {
        "realistic": 0.6977858512745708,
        "optimistic": 0.6977858512745708,
        "pessimistic": 0.6977858512745708
      }
    },
    "inverse_harmonic_mean_rank": {
      "tail": {
        "realistic": 0.8301726629745535,
        "optimistic": 0.8301726629745535,
        "pessimistic": 0.8301726629745535
      },
      "both": {
        "realistic": 0.8203174616214525,
        "optimistic": 0.8203174616214525,
        "pessimistic": 0.8203174616214525
      },
      "head": {
        "realistic": 0.8104622602683511,
        "optimistic": 0.8104622602683511,
        "pessimistic": 0.8104622602683511
      }
    },
    "inverse_median_rank": {
      "tail": {
        "realistic": 1.0,
        "optimistic": 1.0,
        "pessimistic": 1.0
      },
      "both": {
        "realistic": 1.0,
        "optimistic": 1.0,
        "pessimistic": 1.0
      },
      "head": {
        "realistic": 1.0,
        "optimistic": 1.0,
        "pessimistic": 1.0
      }
    },
    "rank_std": {
      "tail": {
        "realistic": 5.126018913011944,
        "optimistic": 5.126018913011944,
        "pessimistic": 5.126018913011944
      },
      "both": {
        "realistic": 4.801070350665401,
        "optimistic": 4.801070350665401,
        "pessimistic": 4.801070350665401
      },
      "head": {
        "realistic": 4.452428391028831,
        "optimistic": 4.452428391028831,
        "pessimistic": 4.452428391028831
      }
    },
    "rank_var": {
      "tail": {
        "realistic": 26.27606989655615,
        "optimistic": 26.27606989655615,
        "pessimistic": 26.27606989655615
      },
      "both": {
        "realistic": 23.050276512038398,
        "optimistic": 23.050276512038398,
        "pessimistic": 23.050276512038398
      },
      "head": {
        "realistic": 19.82411857723958,
        "optimistic": 19.82411857723958,
        "pessimistic": 19.82411857723958
      }
    },
    "hits_at_k": {
      "tail": {
        "realistic": {
          "1": 0.7392923649906891,
          "3": 0.9152700186219739,
          "5": 0.946927374301676,
          "10": 0.9739292364990689
        },
        "optimistic": {
          "1": 0.7392923649906891,
          "3": 0.9152700186219739,
          "5": 0.946927374301676,
          "10": 0.9739292364990689
        },
        "pessimistic": {
          "1": 0.7392923649906891,
          "3": 0.9152700186219739,
          "5": 0.946927374301676,
          "10": 0.9739292364990689
        }
      },
      "both": {
        "realistic": {
          "1": 0.723463687150838,
          "3": 0.9064245810055865,
          "5": 0.9441340782122905,
          "10": 0.9720670391061452
        },
        "optimistic": {
          "1": 0.723463687150838,
          "3": 0.9064245810055865,
          "5": 0.9441340782122905,
          "10": 0.9720670391061452
        },
        "pessimistic": {
          "1": 0.723463687150838,
          "3": 0.9064245810055865,
          "5": 0.9441340782122905,
          "10": 0.9720670391061452
        }
      },
      "head": {
        "realistic": {
          "1": 0.707635009310987,
          "3": 0.8975791433891993,
          "5": 0.9413407821229051,
          "10": 0.9702048417132216
        },
        "optimistic": {
          "1": 0.707635009310987,
          "3": 0.8975791433891993,
          "5": 0.9413407821229051,
          "10": 0.9702048417132216
        },
        "pessimistic": {
          "1": 0.707635009310987,
          "3": 0.8975791433891993,
          "5": 0.9413407821229051,
          "10": 0.9702048417132216
        }
      }
    },
    "adjusted_arithmetic_mean_rank": {
      "tail": {
        "realistic": 0.04489047573096593
      },
      "both": {
        "realistic": 0.045668069911854084
      },
      "head": {
        "realistic": 0.04646299237454499
      }
    },
    "adjusted_arithmetic_mean_rank_index": {
      "tail": {
        "realistic": 0.9753256735184564
      },
      "both": {
        "realistic": 0.9747589746144839
      },
      "head": {
        "realistic": 0.9741793737339125
      }
    }
  },