{
  "times": {
    "training": 37.42745399475098,
    "evaluation": 0.0877373218536377
  },
  "metrics": {
    "mean_rank": {
      "best": 5.478119180633147,
      "worst": 5.478119180633147,
      "avg": 5.478119180633147
    },
    "mean_reciprocal_rank": {
      "best": 0.467123533047834,
      "worst": 0.467123533047834,
      "avg": 0.467123533047834
    },
    "hits_at_k": {
      "best": {
        "1": 0.2802607076350093,
        "3": 0.5702979515828678,
        "5": 0.7155493482309124,
        "10": 0.8682495344506518
      },
      "worst": {
        "1": 0.2802607076350093,
        "3": 0.5702979515828678,
        "5": 0.7155493482309124,
        "10": 0.8682495344506518
      },
      "avg": {
        "1": 0.2802607076350093,
        "3": 0.5702979515828678,
        "5": 0.7155493482309124,
        "10": 0.8682495344506518
      }
    },
    "adjusted_mean_rank": 0.11315973565672668
  },
  "losses": [
    0.010048324642554058,
    0.009596496591065465,
    0.00913947753612638,
    0.008726197491742365,
    0.008339103189991239,
    0.007960686463445795,
    0.00762405516905076,
    0.007302302520891983,
    0.00700844809315909,
    0.0067221717484396825,
    0.006471097151720714,
    0.006218007360427884,
    0.006003064047732673,
    0.005785352595110769,
    0.0055907545462383045,
    0.005403841579362724,
    0.005237388850811178,
    0.005072361340248917,
    0.004922864209836302,
    0.00477954055375076,
    0.004639355722724368,
    0.00452226283918689,
    0.004395816155338231,
    0.004277264669564011,
    0.004180119756130582,
    0.0040661940707336025,
    0.003958204182172542,
    0.0038550137555973286,
    0.0037416857752735054,
    0.0036302587208202988,
    0.0035115397491703518,
    0.003393564159309744,
    0.003239763672356072,
    0.0030905173825681244,
    0.002918037385754221,
    0.002728666230162761,
    0.0025292494157279576,
    0.0023207978922774484,
    0.0020999249055443465,
    0.0018940579086595064,
    0.0017097551064635256,
    0.0015486256126259262,
    0.0014087589906474555,
    0.0012956153647726,
    0.0012053969063089754,
    0.0011379524156707077,
    0.0010850428211540777,
    0.0010400916112817344,
    0.0010135399917655615,
    0.0009914362409398569,
    0.0009725836605768785,
    0.0009567451378239056,
    0.0009423649173435055,
    0.0009321297605479518,
    0.0009202006178681423,
    0.0009130453167052013,
    0.0009017739072221493,
    0.0008934926199729517,
    0.0008864514992885014,
    0.0008845867279226643,
    0.0008764717884498492,
    0.0008718045841948813,
    0.0008672954081218577,
    0.0008592295745479206,
    0.0008526659085949615,
    0.0008531119817809426,
    0.0008508197702974734,
    0.0008450659193746997,
    0.0008419165779247024,
    0.0008326178827957687,
    0.0008319933397520075,
    0.000827883318940022,
    0.000825684519827613,
    0.0008268899170162411,
    0.0008198382711184667,
    0.0008172867494338077,
    0.0008170963427666166,
    0.0008111532232759972,
    0.0008124596289871288,
    0.0008078224123265349,
    0.0008022307273267359,
    0.0008006226370643765,
    0.0007990324917172736,
    0.0007975030714693403,
    0.0007947937774545275,
    0.0007913538236601102,
    0.0007911545504049975,
    0.0007873109859993925,
    0.0007886982673438362,
    0.0007853173712007106,
    0.0007832827407132245,
    0.0007758940056698643,
    0.0007761421377945398,
    0.0007752523558460234,
    0.0007705707356660164,
    0.0007709254080053615,
    0.0007662427997080937,
    0.0007619394431670366,
    0.0007663750045041208,
    0.0007590681596787601,
    0.0007594361010213234,
    0.0007547751783689427,
    0.0007544508729904202,
    0.0007508370193805547,
    0.0007503707691930045,
    0.0007458162103057825,
    0.0007413840544442582,
    0.0007407854494785966,
    0.0007377401779501165,
    0.0007347924212438246,
    0.0007326583349895308,
    0.0007316731026781036,
    0.000728199526429388,
    0.0007264885043448566,
    0.000721363413609154,
    0.0007198574787911189,
    0.0007160184314929924,
    0.0007118267939597492,
    0.000712686694183598,
    0.0007087007350227125,
    0.0007037245853191441,
    0.0007033212746721248,
    0.0006960131505878103,
    0.0006938411365111528,
    0.0006891809020118646,
    0.0006843621805619036,
    0.0006770153875672796,
    0.0006773300764474592,
    0.0006687952665410287,
    0.0006656511391740779,
    0.0006587223903606318,
    0.0006525907610350632,
    0.0006488095362416522,
    0.0006371455795317447,
    0.0006323812309985615,
    0.000627506777970589,
    0.0006167284213557901,
    0.0006066562686183877,
    0.0006023170222468176,
    0.0005918372446718549,
    0.0005845495799083269,
    0.0005733877720389583,
    0.000566492363360593,
    0.0005576608712465682,
    0.0005484520506760014,
    0.0005416500676024094,
    0.0005325405351716149,
    0.0005236647762865481,
    0.0005181887759973199,
    0.0005089126928732055,
    0.00050274130065036,
    0.0004955452087717412,
    0.0004894511411358013,
    0.00048276500157734006,
    0.00047757918133123025,
    0.0004711401504902814,
    0.00046376411981170453,
    0.00045934504327017434,
    0.0004525378637584869,
    0.0004461266810615928,
    0.00044288442571040367,
    0.0004369274328769912,
    0.00043325674929090897,
    0.0004277936077597863,
    0.00042309780103910456,
    0.0004201564803287219,
    0.0004148393684128038,
    0.00041227415424610045,
    0.00040667974751259605,
    0.0004043390918159146,
    0.0003995638607591479,
    0.0003959324195442855,
    0.0003930592171675782,
    0.00038955500928377387,
    0.00038437143435769,
    0.00038172973373925775,
    0.0003792026370781424,
    0.0003747705694413736,
    0.00037214397731231047,
    0.00037077448648980134,
    0.000365339682750126,
    0.0003631928656636222,
    0.0003601497379966993,
    0.0003571309559510402,
    0.0003545411403112824,
    0.00035075900680289036,
    0.0003486118191724137,
    0.0003464668239271097,
    0.0003436184832864855,
    0.00034131928881362317,
    0.00034008793590194447,
    0.00033695223399913827,
    0.00033327473946193607,
    0.0003312304042513516,
    0.00033013309121061315,
    0.0003264803966521652,
    0.00032381509591165273,
    0.00032225801720288887,
    0.0003182214390885696,
    0.0003166164234589373,
    0.00031634780554604857,
    0.00031324313228973065,
    0.00030940500252906074,
    0.0003081018523114048,
    0.00030603819146814116,
    0.0003044374988515254,
    0.0003015298579415321,
    0.00029809383897120743,
    0.00029560978716827133,
    0.00029523915938190485,
    0.00029307147272950165,
    0.00029171144401201346,
    0.00029037603441253083,
    0.00028791463872679173,
    0.0002859105119484991,
    0.00028425011322863924,
    0.000282775484965072,
    0.00027996532358736455,
    0.00027558587319474027,
    0.0002764167077729094,
    0.0002750498372256368,
    0.00027234641015706085,
    0.00027049641643776,
    0.00026744870108355427,
    0.0002658317199714654,
    0.00026506073265614914,
    0.0002644056748751002,
    0.0002615314182125654,
    0.0002611804579298054,
    0.00025820026980341365,
    0.00025630998824954104,
    0.0002550942908207152,
    0.0002541300030662295,
    0.00025213515973782806,
    0.00025124910749084787,
    0.0002481174771605052,
    0.00024696601397049647,
    0.0002450785026739447,
    0.00024443589781712613,
    0.0002409238533694198,
    0.00024056853037250333,
    0.00023905181007811556,
    0.00023727500761592792,
    0.0002355841691498223,
    0.0002346246697939381,
    0.00023371162077179315,
    0.00023203710167982508,
    0.0002305193756232253,
    0.00023027720308077976,
    0.00022769901105255117,
    0.00022733050727717194,
    0.00022501159236584987,
    0.00022303078780165785,
    0.00022055959916806488,
    0.00022057482896647274,
    0.00021913934602689432,
    0.00021805895449424932,
    0.00021624322947558035,
    0.0002156573399027965,
    0.0002141424392439897,
    0.0002119891288154855,
