{
  "times": {
    "training": 46.31555914878845,
    "evaluation": 0.1134481430053711
  },
  "metrics": {
    "mean_rank": {
      "avg": 3.498137802607076,
      "best": 3.498137802607076,
      "worst": 3.498137802607076
    },
    "mean_reciprocal_rank": {
      "avg": 0.5720689856739811,
      "best": 0.5720689856739811,
      "worst": 0.5720689856739811
    },
    "hits_at_k": {
      "avg": {
        "1": 0.3747672253258845,
        "3": 0.7188081936685289,
        "5": 0.8580074487895717,
        "10": 0.946927374301676
      },
      "best": {
        "1": 0.3747672253258845,
        "3": 0.7188081936685289,
        "5": 0.8580074487895717,
        "10": 0.946927374301676
      },
      "worst": {
        "1": 0.3747672253258845,
        "3": 0.7188081936685289,
        "5": 0.8580074487895717,
        "10": 0.946927374301676
      }
    },
    "adjusted_mean_rank": 0.07260949928417552
  },
  "losses": [
    0.10089581559013516,
    0.045447860546123355,
    0.025008651615953642,
    0.017108727658973637,
    0.013839728596508326,
    0.012069463447539182,
    0.01084352781816373,
    0.009991459199985574,
    0.009387186817194033,
    0.0089680585302214,
    0.008668896430621421,
    0.008471124478527044,
    0.008276846791386534,
    0.008165956319895914,
    0.008087793703683387,
    0.007999285852647944,
    0.007914719389626935,
    0.007869417530464096,
    0.007810444363198244,
    0.007812246618502376,
    0.007773906539501418,
    0.0077943078436888205,
    0.007752663006508682,
    0.0077095157370333,
    0.007749666611494716,
    0.007716486269090922,
    0.007711842047384746,
    0.0076401708675178995,
    0.0076318665183176294,
    0.007612135157633138,
    0.007610360287293095,
    0.007597261028504358,
    0.007598795292291365,
    0.007620618144318223,
    0.007610121092336146,
    0.007582690321954487,
    0.007584690835929044,
    0.00760091254526232,
    0.007601786746719026,
    0.007633760668527029,
    0.0076063621531159585,
    0.007613227803584314,
    0.007581528366635437,
    0.007555064963052229,
    0.007538587260768568,
    0.007541985748927928,
    0.007545251335315693,
    0.00755379452657389,
    0.007527345944749596,
    0.007528707711494767,
    0.007527381940449816,
    0.00753851075226065,
    0.007539792622667294,
    0.0075705865207263325,
    0.007538908963516804,
    0.007566841273988189,
    0.007572230818428324,
    0.007551439278502659,
    0.007547254390163207,
    0.007534566682213647,
    0.007532562074610437,
    0.007526635064960162,
    0.007510860125788434,
    0.007531800165622456,
    0.00750631485696796,
    0.007506262769072348,
    0.007512638666278304,
    0.007484954514399021,
    0.007488738509449752,
    0.007490446258395857,
    0.007495955717923586,
    0.007500369637728161,
    0.007483501911445649,
    0.007465793720852912,
    0.007487159709806199,
    0.007467888105967258,
    0.007468926123149865,
    0.00749759599257673,
    0.007483730660591555,
    0.007487642193348751,
    0.00746744719392947,
    0.0074777478928958405,
    0.007470403570194369,
    0.007498132187350393,
    0.007508686761873018,
    0.007484640646009067,
    0.0074930598285510176,
    0.007493658557031337,
    0.007497252057190122,
    0.007486049560063545,
    0.007469798066052831,
    0.007444041872109232,
    0.007480845005290617,
    0.007433988061298485,
    0.00745307467547022,
    0.007411453906003366,
    0.007431739176992413,
    0.007441618443946997,
    0.0074375397076332905,
    0.00741851576832782,
    0.007439263054716157,
    0.007420087086512112,
    0.007430270693583062,
    0.007441055640587092,
    0.007446207825145191,
    0.007420005919737107,
    0.007429906219473387,
    0.007442949014418643,
    0.007426454020082915,
    0.0074574411656462706,
    0.007447888965505054,
    0.007425430260020787,
    0.007436777304586678,
    0.007462445908993077,
    0.007423316677199658,
    0.00744286107198242,
    0.00743300813129486,
    0.00744975079016406,
    0.0074306291684093665,
    0.00743915478529628,
    0.007459205166696443,
    0.007438465573506782,
    0.007422148228538608,
    0.007425590970235298,
    0.007428631548206788,
    0.007427505094529327,
    0.007422045534923275,
    0.007425793675433397,
    0.007407129904869536,
    0.007405849869537805,
    0.007404086362546263,
    0.00738357883575331,
    0.007408602764226757,
    0.007398121028062223,
    0.007412339964867203,
    0.007419339575804218,
    0.007437356482461192,
    0.007424372692232375,
    0.0074481638738430065,
    0.0074401730401336685,
    0.007435596292720454,
    0.007445335599923007,
    0.007444580607755852,
    0.007447298565441649,
    0.0074542036700206375,
    0.007477100887829344,
    0.007434240242939436,
    0.007466400495430928,
    0.007452819105998661,
    0.007469325746002107,
    0.007466841266309107,
    0.00743747710334683,
    0.007431610721748492,
    0.007438641458379227,
    0.007417636414545397,
    0.007433904494810133,
    0.007446580274772757,
    0.007464260515762971,
    0.0074764860671536326,
    0.0074571910308196465,
    0.0074855491492506875,
    0.007441293635687368,
    0.007479518669607232,
    0.007479866910361905,
    0.007457696593958221,
    0.007452905636838796,
    0.007429441169142511,
    0.007445453679935688,
    0.007448975188694034,
    0.007443152284255177,
    0.007482737814483733,
    0.007443853282872003,
    0.007450690207359987,
    0.007450732978721424,
    0.0074587515502938725,
    0.007439853172460345,
    0.007425519543473293,
    0.007423681221889137,
    0.00742546971413142,
    0.007451476607540078,
    0.007434935171693087,
    0.007447042784230677,
    0.00744852735983542,
    0.007456934190911609,
    0.007469963716853646,
    0.007450846188727605,
    0.007468705420101656,
    0.007480401693539481,
    0.007493533771937242,
    0.007470206299641204,
    0.007463272186762627,
    0.007487405751004171,
    0.007445758231791467,
    0.007455034253158253,
    0.007476816521797609,
    0.007466611176146919,
    0.007455736663371165,
    0.007461039676971165,
    0.007479284909295217,
    0.007467345770750616,
    0.007465935162780834,
    0.007455070460597886,
    0.007471296545879032,
    0.007474985963991932,
    0.007448927547326096,
    0.007475521241228139,
    0.007467504645890213,
    0.007473719762301855,
    0.007469464082418637,
    0.007455296668870835,
    0.007452268089466084,
    0.007453730079533434,
    0.007505100743173494,
    0.007489178574529888,
    0.007488067648409385,
    0.007508240062291274,
    0.007504860842418502,
    0.007497657891065147,
    0.007510984346244094,
    0.007509123227383132,
    0.007503684065340538,
    0.007501220406689822,
    0.0074822831393840964,
    0.0075232300834588,
    0.007531346972698711,
    0.007515960081291312,
    0.007497089653060307,
    0.007506966873200565,
    0.00751074183403634,
    0.007501352743822982,
    0.007477533118551196,
    0.007481084835465806,
    0.007498335245447515,
    0.007524870358111944,
    0.007499871979527674,
    0.00751305360494809,
    0.007507463543283791,
    0.0075106487392743995,
    0.007529090183454551,
    0.007506374779221855,
    0.007541820239286722,
    0.007510239729308178,
    0.007541440025880677,
    0.007531994330664229,
    0.007538805211204407,
    0.007487635135368316,
    0.0074869000467059875,
    0.007457668503196089,
    0.007510562208434264,
    0.00748684315938368,
    0.007534725345613831,
    0.007516640964663897,
    0.007528118581867839,
    0.007525591613132619,
    0.007514045321779042,
    0.007513869366326792,
    0.007494566072155697,
    0.007498674875466057,
    0.007490721449053026,
    0.007517868559200994,
    0.007530036940950131,
    0.007557636255904583,
    0.00754030227943452,
    0.007530937327514251,
    0.0075131102099511805,
    0.0075654168323767545,
    0.007578250640521323,
    0.007597269568660684,
    0.00760191491964373,
    0.0075811084873793465,
    0.007565616643802875,
    0.00757135647581201,
