{
  "times": {
    "training": 60.693474531173706,
    "evaluation": 1.8869373798370361
  },
  "metrics": {
    "mean_rank": {
      "avg": 5.62756052141527,
      "worst": 5.62756052141527,
      "best": 5.62756052141527
    },
    "mean_reciprocal_rank": {
      "avg": 0.41390512634574667,
      "worst": 0.41390512634574667,
      "best": 0.41390512634574667
    },
    "hits_at_k": {
      "avg": {
        "1": 0.22905027932960895,
        "3": 0.48463687150837986,
        "5": 0.6405959031657356,
        "10": 0.8524208566108007
      },
      "worst": {
        "1": 0.22905027932960895,
        "3": 0.48463687150837986,
        "5": 0.6405959031657356,
        "10": 0.8524208566108007
      },
      "best": {
        "1": 0.22905027932960895,
        "3": 0.48463687150837986,
        "5": 0.6405959031657356,
        "10": 0.8524208566108007
      }
    },
    "adjusted_mean_rank": 0.11690584913388699
  },
  "losses": [
    0.0027579867075221815,
    0.0027554515358548934,
    0.0027511833856503167,
    0.0027401043304454966,
    0.002698216217566519,
    0.0025983632713109813,
    0.0024740579241558855,
    0.002381994462247645,
    0.002318133073353142,
    0.002283591337585717,
    0.002237033015221692,
    0.002197869735933868,
    0.0021753124543901687,
    0.0021556288994541775,
    0.0021262026430292525,
    0.0021101162465435737,
    0.0021010913750093975,
    0.002065602895779333,
    0.0020404492508382835,
    0.002035207010470749,
    0.0020538924213094212,
    0.0020370388522130273,
    0.0020463258230340167,
    0.0020184228301383137,
    0.002001333109727513,
    0.002003497555712412,
    0.002005138650731871,
    0.0020024804677465434,
    0.0020109388788931825,
    0.001997450195699372,
    0.001982992190574662,
    0.0019825272617882556,
    0.0019632343774877684,
    0.0019809833208050175,
    0.001970628593884381,
    0.0019417395187395342,
    0.0019380555624205075,
    0.0019429496032524198,
    0.0019246321729618065,
    0.0019090505847044652,
    0.00188340890580572,
    0.0018871810726737708,
    0.0018758873388952531,
    0.0018481283103314679,
    0.0018437452307354645,
    0.001843043930884381,
    0.0018226671266310223,
    0.0017979469303781173,
    0.0017968425771381971,
    0.0018095048563031668,
    0.001804956855873267,
    0.0018037160063225231,
    0.0017858344803421237,
    0.0017978036566899064,
    0.0017817089899202412,
    0.001802377953902166,
    0.0017862077348966723,
    0.0017901440273119268,
    0.0017811762036455704,
    0.0018344113554400897,
    0.0018250969542043932,
    0.0018198954025178812,
    0.0017959373734528653,
    0.0017729676904135875,
    0.0017808497663629188,
    0.001746332464732704,
    0.0017441803073224504,
    0.0017410815250449413,
    0.0017399969807222542,
    0.0017410232772708833,
    0.001736901177281744,
    0.0017436832043059756,
    0.0016972803151451246,
    0.0017151026620288914,
    0.0016983062140504073,
    0.00169911076513569,
    0.001677631341227878,
    0.0016867138326781966,
    0.0016759972886813714,
    0.0016932909722241123,
    0.001672717041513893,
    0.0016721955008721083,
    0.001644718028214317,
    0.0016353828623221162,
    0.0016447502477896793,
    0.0016285410946172275,
    0.0016184051168824402,
    0.001601057866595211,
    0.0016020414792698868,
    0.0015941582871287056,
    0.001586503450399481,
    0.0015782539415337173,
    0.001578850110064955,
    0.0015557259809546703,
    0.0015652797530206401,
    0.0015709794402010877,
    0.0015591525399450505,
    0.0015449221368027983,
    0.0015295519204008,
    0.0015514296608582865,
    0.0015563811576656634,
    0.0015407600352882445,
    0.001513643664646238,
    0.0015088253365027325,
    0.0015264320909307244,
    0.0015200882180409039,
    0.0015192147944303935,
    0.0015006246435898968,
    0.0015008955503280244,
    0.0014784579210625158,
    0.0015135612827115292,
    0.0014914706426111053,
    0.001471875116842963,
    0.001484120355339979,
    0.00147021578255106,
    0.00148199371337779,
    0.0014859816924518861,
    0.0014901339017161716,
    0.0014714322781908824,
    0.0014600003982304633,
    0.0014772653119282777,
    0.0014584103585238313,
    0.0014639527777607522,
    0.0014736808815531517,
    0.001468675657548708,
    0.0014442676322513751,
    0.0014389104729567127,
    0.0014425334259030524,
    0.0014479056886686815,
    0.0014326662480942767,
    0.0014325840928860372,
    0.0014143359536925952,
    0.0014373236213730517,
    0.0014195058927330632,
    0.0014150176294957207,
    0.0014281237518854355,
    0.001432910038346655,
    0.0014196687904692322,
    0.0014234193555368914,
    0.0014212555757790023,
    0.0014272805945145504,
    0.001404567276326458,
    0.0014109905453377895,
    0.001427613708019703,
    0.0014223092120517506,
    0.0014017683520131789,
    0.0014138743420888421,
    0.0013934289966797114,
    0.0013926501982332615,
    0.0013814230452985799,
    0.0013588311652956383,
    0.0013580974400713203,
    0.0013760882830910022,
    0.0013869190100259548,
    0.0013510836846428863,
    0.0013808214109153783,
    0.0013969557373767043,
    0.0013653113426508082,
    0.0013544342832897934,
    0.0013697688792193873,
    0.0013378488409162015,
    0.0013687468834974793,
    0.0013417653767357157,
    0.0013568142380160784,
    0.0013714587936798732,
    0.001345639382157656,
    0.0013587688329570302,
    0.0013553195350458113,
    0.0013388026408041908,
    0.0013584813054246401,
    0.0013387235830283344,
    0.0013416763883404965,
    0.001355520784436317,
    0.0013312639543012286,
    0.0013431030315127265,
    0.0013412117525544505,
    0.0013308273837640044,
    0.0013385027095898707,
    0.0013341881327805448,
    0.0013360103822491142,
    0.0013315948668155778,
    0.001326666140321935,
    0.0013339669419250239,
    0.001332773453789704,
    0.0013186281428354957,
    0.001308132050217091,
    0.001313397420172611,
    0.0013038020943769355,
    0.001304058808038074,
    0.0013026378400037798,
    0.0013142901155330268,
    0.0013117285215117958,
    0.001329266092973702,
    0.0013056889469369073,
    0.0013069172114245455,
    0.0013176242503501502,
    0.0012651447255569005,
    0.0012791145048784405,
    0.0012974011736192953,
    0.0012890722721201203,
    0.0013106819625929946,
    0.0012871398266111867,
    0.0012841799125521817,
    0.0012990405245889886,
    0.0012854013473409392,
    0.001299486369982864,
    0.0012819087446740505,
    0.0012761542734023783,
    0.0013008772531587086,
    0.001269896947238106,
    0.0012945303630627944,
    0.0012757015041309349,
    0.0012896194747101502,
    0.0012644692236899436,
    0.0012638701321312997,
    0.001305119176342916,
    0.001300160846348559,
    0.0012855990632866206,
    0.0012783531608820408,
    0.0012912661506888571,
    0.0012578423211720775,
    0.001248881688222903,
    0.0012687013139215748,
    0.0012711862778842227,
    0.001265342996110407,
    0.0012566269783491498,
    0.0012427689682008621,
    0.001260099761634507,
    0.0012238501442059149,
    0.0012351736105448298,
    0.0012539320482352699,
    0.0012631590760658297,
    0.0012345578947038239,
    0.0012677023466327664,
    0.0012612282315945804,
    0.0012608018777008807,
    0.0012843063317434617,
    0.0012502676322498124,
    0.0012537946973400617,
    0.0012584915070721272,
    0.0012714975140291206,
    0.0012251929195130362,
    0.001243037140268958,
    0.0012553453633791945,
    0.0012248214996988408,
    0.0012659063625536607,
    0.001229010553758466,
    0.0012504159567061435,
    0.0012558261839470614,
    0.0012459135108561104,
    0.001227515899621592,
    0.0012225884114032827,
    0.0012125336715065585,
    0.0012183423129639376,
    0.0012459241635120763,
    0.00124130921249979,
    0.001239249754822656,
    0.001230912705122978,
    0.0012334868702549167,
    0.0012223483848102976,
    0.0012412981622004777,
    0.0012268448520577355,
    0.001204465859489383,
    0.0012299711031190466,
