{
  "times": {
    "training": 181.66921591758728,
    "evaluation": 0.31902194023132324
  },
  "metrics": {
    "arithmetic_mean_rank": {
      "both": {
        "optimistic": 5.003724394785848,
        "pessimistic": 5.003724394785848,
        "realistic": 5.003724394785848
      },
      "tail": {
        "optimistic": 4.878957169459963,
        "pessimistic": 4.878957169459963,
        "realistic": 4.878957169459963
      },
      "head": {
        "optimistic": 5.128491620111732,
        "pessimistic": 5.128491620111732,
        "realistic": 5.128491620111732
      }
    },
    "geometric_mean_rank": {
      "both": {
        "optimistic": 2.844853646042458,
        "pessimistic": 2.844853646042458,
        "realistic": 2.844853646042458
      },
      "tail": {
        "optimistic": 2.7475756387843067,
        "pessimistic": 2.7475756387843067,
        "realistic": 2.7475756387843067
      },
      "head": {
        "optimistic": 2.9455757843965955,
        "pessimistic": 2.9455757843965955,
        "realistic": 2.9455757843965955
      }
    },
    "median_rank": {
      "both": {
        "optimistic": 2.0,
        "pessimistic": 2.0,
        "realistic": 2.0
      },
      "tail": {
        "optimistic": 2.0,
        "pessimistic": 2.0,
        "realistic": 2.0
      },
      "head": {
        "optimistic": 3.0,
        "pessimistic": 3.0,
        "realistic": 3.0
      }
    },
    "harmonic_mean_rank": {
      "both": {
        "optimistic": 1.9644474466000459,
        "pessimistic": 1.9644474466000459,
        "realistic": 1.9644474466000459
      },
      "tail": {
        "optimistic": 1.9176959052852784,
        "pessimistic": 1.9176959052852784,
        "realistic": 1.9176959052852784
      },
      "head": {
        "optimistic": 2.0135354621119066,
        "pessimistic": 2.0135354621119066,
        "realistic": 2.0135354621119066
      }
    },
    "inverse_arithmetic_mean_rank": {
      "both": {
        "optimistic": 0.19985113509490138,
        "pessimistic": 0.19985113509490138,
        "realistic": 0.19985113509490138
      },
      "tail": {
        "optimistic": 0.2049618320610687,
        "pessimistic": 0.2049618320610687,
        "realistic": 0.2049618320610687
      },
      "head": {
        "optimistic": 0.19498910675381262,
        "pessimistic": 0.19498910675381262,
        "realistic": 0.19498910675381262
      }
    },
    "inverse_geometric_mean_rank": {
      "both": {
        "optimistic": 0.35151193151574717,
        "pessimistic": 0.35151193151574717,
        "realistic": 0.35151193151574717
      },
      "tail": {
        "optimistic": 0.3639572231913005,
        "pessimistic": 0.3639572231913005,
        "realistic": 0.3639572231913005
      },
      "head": {
        "optimistic": 0.3394921988757628,
        "pessimistic": 0.3394921988757628,
        "realistic": 0.3394921988757628
      }
    },
    "inverse_harmonic_mean_rank": {
      "both": {
        "optimistic": 0.5090489958032439,
        "pessimistic": 0.5090489958032439,
        "realistic": 0.5090489958032439
      },
      "tail": {
        "optimistic": 0.5214591099892029,
        "pessimistic": 0.5214591099892029,
        "realistic": 0.5214591099892029
      },
      "head": {
        "optimistic": 0.4966388816172848,
        "pessimistic": 0.4966388816172848,
        "realistic": 0.4966388816172848
      }
    },
    "inverse_median_rank": {
      "both": {
        "optimistic": 0.5,
        "pessimistic": 0.5,
        "realistic": 0.5
      },
      "tail": {
        "optimistic": 0.5,
        "pessimistic": 0.5,
        "realistic": 0.5
      },
      "head": {
        "optimistic": 0.3333333333333333,
        "pessimistic": 0.3333333333333333,
        "realistic": 0.3333333333333333
      }
    },
    "rank_std": {
      "both": {
        "optimistic": 7.731106308340186,
        "pessimistic": 7.731106308340186,
        "realistic": 7.731106308340186
      },
      "tail": {
        "optimistic": 7.9167140701528815,
        "pessimistic": 7.9167140701528815,
        "realistic": 7.9167140701528815
      },
      "head": {
        "optimistic": 7.53886689842228,
        "pessimistic": 7.53886689842228,
        "realistic": 7.53886689842228
      }
    },
    "rank_var": {
      "both": {
        "optimistic": 59.77000475085741,
        "pessimistic": 59.77000475085741,
        "realistic": 59.77000475085741
      },
      "tail": {
        "optimistic": 62.67436166855661,
        "pessimistic": 62.67436166855661,
        "realistic": 62.67436166855661
      },
      "head": {
        "optimistic": 56.834514112127174,
        "pessimistic": 56.834514112127174,
        "realistic": 56.834514112127174
      }
    },
    "hits_at_k": {
      "both": {
        "optimistic": {
          "1": 0.32774674115456237,
          "3": 0.6070763500931099,
          "5": 0.7569832402234636,
          "10": 0.888268156424581
        },
        "pessimistic": {
          "1": 0.32774674115456237,
          "3": 0.6070763500931099,
          "5": 0.7569832402234636,
          "10": 0.888268156424581
        },
        "realistic": {
          "1": 0.32774674115456237,
          "3": 0.6070763500931099,
          "5": 0.7569832402234636,
          "10": 0.888268156424581
        }
      },
      "tail": {
        "optimistic": {
          "1": 0.3407821229050279,
          "3": 0.6284916201117319,
          "5": 0.7783985102420856,
          "10": 0.8938547486033519
        },
        "pessimistic": {
          "1": 0.3407821229050279,
          "3": 0.6284916201117319,
          "5": 0.7783985102420856,
          "10": 0.8938547486033519
        },
        "realistic": {
          "1": 0.3407821229050279,
          "3": 0.6284916201117319,
          "5": 0.7783985102420856,
          "10": 0.8938547486033519
        }
      },
      "head": {
        "optimistic": {
          "1": 0.31471135940409684,
          "3": 0.5856610800744879,
          "5": 0.7355679702048417,
          "10": 0.88268156424581
        },
        "pessimistic": {
          "1": 0.31471135940409684,
          "3": 0.5856610800744879,
          "5": 0.7355679702048417,
          "10": 0.88268156424581
        },
        "realistic": {
          "1": 0.31471135940409684,
          "3": 0.5856610800744879,
          "5": 0.7355679702048417,
          "10": 0.88268156424581
        }
      }
    },
    "adjusted_arithmetic_mean_rank": {
      "both": {
        "realistic": 0.10485802508280448
      },
      "tail": {
        "realistic": 0.10112901669400753
      },
      "head": {
        "realistic": 0.10867013248364917
      }
    },
    "adjusted_arithmetic_mean_rank_index": {
      "both": {
        "realistic": 0.9143020851498468
      },
      "tail": {
        "realistic": 0.9178967698705189
      },
      "head": {
        "realistic": 0.9106255606059079
      }
    }
  },