{
  "times": {
    "training": 111.12749457359314,
    "evaluation": 0.2860531806945801
  },
  "metrics": {
    "mean_rank": {
      "worst": 3.330074487895717,
      "best": 3.330074487895717,
      "avg": 3.330074487895717
    },
    "mean_reciprocal_rank": {
      "worst": 0.628435254007221,
      "best": 0.628435254007221,
      "avg": 0.628435254007221
    },
    "hits_at_k": {
      "worst": {
        "1": 0.45251396648044695,
        "3": 0.7607076350093109,
        "5": 0.8705772811918063,
        "10": 0.9497206703910615
      },
      "best": {
        "1": 0.45251396648044695,
        "3": 0.7607076350093109,
        "5": 0.8705772811918063,
        "10": 0.9497206703910615
      },
      "avg": {
        "1": 0.45251396648044695,
        "3": 0.7607076350093109,
        "5": 0.8705772811918063,
        "10": 0.9497206703910615
      }
    },
    "adjusted_mean_rank": 0.06903377983604646
  },
  "losses": [
    0.002472886496955223,
    0.002327121163416784,
    0.002129906008782085,
    0.001979293546525242,
    0.0018432752288273623,
    0.0017307331744755704,
    0.0016417079878107482,
    0.001578075524536444,
    0.00152245673746347,
    0.001465756004999346,
    0.0014193652251756283,
    0.0013888768450334413,
    0.0013524643026949599,
    0.0013226830671266242,
    0.0013029435853533944,
    0.001279489223802845,
    0.0012680758662023369,
    0.0012578086022126597,
    0.0012486579868216852,
    0.0012309025292648163,
    0.0012243446602296943,
    0.001220351656322087,
    0.0012132813437202754,
    0.0011939192571235593,
    0.0011936169152979034,
    0.0011956080724857417,
    0.0011875984551745664,
    0.0011768454731022416,
    0.0011750819501199618,
    0.0011751184906080463,
    0.0011687766873074254,
    0.0011606701865324682,
    0.0011657368868165923,
    0.0011622032262009936,
    0.00115765930280804,
    0.0011554264357063176,
    0.0011505062265631501,
    0.0011333247184612258,
    0.001147681239015291,
    0.00112991794489452,
    0.0011365706489248838,
    0.0011319231656597803,
    0.0011274339735966733,
    0.0011315380574340225,
    0.0011292054246760388,
    0.0011257809179334897,
    0.001125856435567123,
    0.0011251221045348826,
    0.0011259600715331243,
    0.001128000567312633,
    0.0011154103989984736,
    0.0011127267916212073,
    0.0011104081259448195,
    0.0011104921087437371,
    0.001109567111332682,
    0.0011028597211876587,
    0.0011139174232942031,
    0.0010982242932839814,
    0.001105371873678012,
    0.0010952222761474748,
    0.0011037450659823814,
    0.0010966036045265452,
    0.0011061174754227597,
    0.0010839755486425668,
    0.001081341503175883,
    0.001089333662462171,
    0.0010978873149707447,
    0.0010824856856179491,
    0.0010949469178632705,
    0.0010855320654699194,
    0.0010734011858587013,
    0.0010839774780076873,
    0.00108002378539689,
    0.0010805481558477054,
    0.001072331427063301,
    0.0010747241805808795,
    0.001074938788401297,
    0.0010756420086277456,
    0.0010783292238461047,
    0.001058891354941489,
    0.001071538438699597,
    0.0010720192823645066,
    0.0010611388519132822,
    0.0010652672631755393,
    0.0010630538441183442,
    0.0010713176931932242,
    0.0010548348782849848,
    0.001047593470312139,
    0.0010573060299744615,
    0.0010527166824119553,
    0.0010387271068121216,
    0.0010596858012192768,
    0.001047769438998102,
    0.001050649086744599,
    0.001041123412478916,
    0.0010490106984470072,
    0.0010396599915163131,
    0.0010390083287341344,
    0.0010414678055314427,
    0.0010411623576429907,
    0.001036739920289683,
    0.0010339042851166516,
    0.0010355819152340585,
    0.0010321388515170118,
    0.001028697936624165,
    0.0010359085795219795,
    0.0010286372319269702,
    0.0010268698237470228,
    0.0010272115066453436,
    0.001028640673795242,
    0.0010207658004988361,
    0.0010250347405627962,
    0.0010238360859511023,
    0.0010183821357852823,
    0.0010181436311870443,
    0.0010157630113303627,
    0.0010073394318871629,
    0.0010144023176187802,
    0.0010153752161093969,
    0.0010052388285817727,
    0.0010016191504838342,
    0.001007255283115424,
    0.0009999531941557863,
    0.000998654246193513,
    0.0010006483076300191,
    0.0009991000343032529,
    0.0009961681619127733,
    0.0009921022573383409,
    0.0010006124365472666,
    0.0009922973614223543,
    0.0009996998457424452,
    0.0009836981419304054,
    0.0009877726065117343,
    0.000980462988672029,
    0.0009777449593036185,
    0.000974231247959439,
    0.00097609196264074,
    0.0009758990492876851,
    0.0009782035537880154,
    0.0009714189372061272,
    0.0009732283172106659,
    0.0009627868561983956,
    0.0009523092257934184,
    0.0009652541723166294,
    0.0009603020809524648,
    0.0009662142986196819,
    0.0009554045549453258,
    0.0009597126524641783,
    0.0009516874480443357,
    0.0009394310598960285,
    0.0009432740739997214,
    0.0009406259781893292,
    0.0009382936271991583,
    0.0009340003431681489,
    0.0009365913785151506,
    0.000937967386941468,
    0.000936482755644848,
    0.0009323957824474118,
    0.0009338978386846359,
    0.0009231961317373635,
    0.0009201536569336309,
    0.0009221256710037528,
    0.0009173568775971095,
    0.0009072302940454336,
    0.0009115223859394351,
    0.0009105859176559587,
    0.0009035460668565819,
    0.0009080676820687177,
    0.0008987066737950166,
    0.000898422246005953,
    0.0008927982977644941,
    0.0008955391966437291,
    0.0008850164321080829,
    0.0008904819457823175,
    0.0008730677559160142,
    0.0008758758506288254,
    0.0008756443659640968,
    0.0008687250296292466,
    0.0008710182810620205,
    0.0008744512347734983,
    0.0008706261854356319,
    0.0008638452086763102,
    0.0008606541032813018,
    0.0008581417677245809,
    0.0008595078001366769,
    0.0008608443792655737,
    0.0008504507989308903,
    0.0008450406733095258,
    0.0008440483069238118,
    0.0008451353439861603,
    0.0008329243369978374,
    0.0008334126648790318,
    0.0008308759765327859,
    0.000830329954624176,
    0.0008262871682440973,
    0.0008296401947383841,
    0.0008238249267035155,
    0.000821618586580135,
    0.0008185043282555433,
    0.0008132362103033447,
    0.0008142072803359048,
    0.0008124578926136608,
    0.0008102063869295423,
    0.000803739382775667,
    0.0008064239082417945,
    0.0008038040746804029,
    0.0007976183056822538,
    0.000795507988279885,
    0.0007935025921679235,
    0.000793795587132145,
    0.0008026408235602579,
    0.0007970903113996087,
    0.0007971603160888362,
    0.0007920825016911457,
    0.0007851404397621036,
    0.0007820192535885909,
    0.0007833941068220167,
    0.0007806042476147502,
    0.0007767206826564333,
    0.0007802880958578444,
    0.0007715989758915066,
    0.0007740200876025069,
    0.0007794994635914401,
    0.0007775012666195226,
    0.0007755301656756195,
    0.0007700945464083611,
    0.0007688941024883462,
    0.0007703374495620626,
    0.0007719163699632498,
    0.0007650304482031179,
    0.0007689346946983241,
    0.0007641926433178643,
    0.0007658511270091264,
    0.0007662148087502161,
    0.0007660601204266698,
    0.0007596203992270097,
    0.0007608958507312904,
    0.000755512689352212,
    0.0007568560568246353,
    0.0007524839963580886,
    0.000758826245745129,
    0.0007532354722173346,
    0.0007533930465931932,
    0.000747508217198493,
    0.0007499864307282379,
    0.00075435165984169,
    0.0007522477238461631,
    0.0007453989215490731,
    0.0007471061290157413,
    0.0007502112389845987,
    0.0007485208151748436,
    0.0007455688341569802,
    0.0007454248827861709,
    0.0007463561640054323,
    0.0007445886323108272,
    0.000735835492602109,
    0.0007386412791347561,
    0.0007379786891652114,
    0.0007458994757271575,
    0.0007336873389105602,
    0.0007370166175063014,
    0.0007467140763989209,
    0.0007387872525066791,
