{
  "times": {
    "training": 39264.32759428024,
    "evaluation": 402.09747409820557
  },
  "metrics": {
    "mean_rank": {
      "best": 4335.607988759534,
      "worst": 4335.637595343235,
      "avg": 4335.622792051385
    },
    "mean_reciprocal_rank": {
      "best": 0.24918751120654872,
      "worst": 0.2490704230130721,
      "avg": 0.24907774102925345
    },
    "hits_at_k": {
      "best": {
        "1": 0.147631473303894,
        "3": 0.28713368125250904,
        "5": 0.3635086310718587,
        "10": 0.46105981533520674
      },
      "worst": {
        "1": 0.147631473303894,
        "3": 0.28713368125250904,
        "5": 0.3630068245684464,
        "10": 0.4605580088317945
      },
      "avg": {
        "1": 0.147631473303894,
        "3": 0.28713368125250904,
        "5": 0.3630068245684464,
        "10": 0.4605580088317945
      }
    },
    "adjusted_mean_rank": 0.07785159432344527
  },
  "losses": [
    0.00038766482820848776,
    0.00010572100249616536,
    6.270371436436582e-05,
    6.989332342152688e-05,
    4.9048913517399064e-05,
    4.6152622552012676e-05,
    4.034843550871994e-05,
    5.157135165031172e-05,
    3.469882748588149e-05,
    3.4410436977647525e-05,
    3.938672374055627e-05,
    3.246585311098678e-05,
    3.878848517008472e-05,
    3.0610864464334e-05,
    5.3040665656585944e-05,
    3.082992303685843e-05,
    3.719238566720682e-05,
    2.9470530146552682e-05,
    3.792252568111563e-05,
    3.3032609595330464e-05,
    3.471937805047663e-05,
    3.3116574564743655e-05,
    2.9454883458348415e-05,
    4.7213339849040426e-05,
    2.8821907659546787e-05,
    2.88412143977727e-05,
    3.343343845474308e-05,
    3.277692531343352e-05,
    2.914780875239562e-05,
    3.491800683965821e-05,
    2.901761715484981e-05,
    4.909767595740809e-05,
    2.76694295581347e-05,
    4.1442760252832436e-05,
    3.227422088814326e-05,
    2.8901249368096105e-05,
    3.4666575613689624e-05,
    2.9369581497958847e-05,
    3.639604132989613e-05,
    2.8071734726951272e-05,
    3.1157408263865084e-05,
    2.7880858107592525e-05,
    3.587071591142439e-05,
    3.06699229863601e-05,
    3.2860867208699166e-05,
    3.3266621596880166e-05,
    3.377562774393116e-05,
    2.7760491742425457e-05,
    3.1970292034669674e-05,
    3.765711996787981e-05,
    3.352585181152915e-05,
    2.769094945360348e-05,
    3.0081844525339345e-05,
    2.8500601537507493e-05,
    3.181383172844318e-05,
    2.865432564299886e-05,
    2.9368782964761565e-05,
    3.657893689502562e-05,
    3.820772968917966e-05,
    2.952283567927588e-05,
    3.052462115797075e-05,
    4.598197401506017e-05,
    2.9120516689179563e-05,
    2.975061198539045e-05,
    2.9562754310147932e-05,
    4.024197862772366e-05,
    2.975339598505502e-05,
    4.2306039244173745e-05,
    3.432738697656532e-05,
    2.9522034810718062e-05,
    5.8446634278910416e-05,
    2.887639669191e-05,
    3.6123619225850235e-05,
    3.120468418641704e-05,
    3.1832513885451976e-05,
    4.478750327385345e-05,
    2.8809219670697263e-05,
    4.9745232034281545e-05,
    2.8891074032653073e-05,
    3.0008460332154724e-05,
    3.057627776683906e-05,
    3.101969483577211e-05,
    3.121305443481527e-05,
    3.873379199240338e-05,
    2.8229001127763078e-05,
    2.9979976648826633e-05,
    3.061865457141569e-05,
    0.00012857338055722385,
    3.48390657851776e-05,
    2.954325232395139e-05,
    7.031504905354339e-05,
    3.190057045525157e-05,
    3.028308361845077e-05,
    3.0882245841162396e-05,
    3.303822150739115e-05,
    6.304183621068102e-05,
    3.0308610711665756e-05,
    2.874891743809406e-05,
    4.0851758155101815e-05,
    3.348602164296509e-05,
    7.033926759242244e-05,
    5.5989484698121376e-05,
    2.944778127615886e-05,
    6.71964450819744e-05,
    3.8688078947064434e-05,
    3.167255246286732e-05,
    3.052117214419671e-05,
    7.396663711435658e-05,
    2.9691632097382375e-05,
    3.002480253221208e-05,
    3.0256803574724987e-05,
    3.1090336196403164e-05,
    9.483225994727355e-05,
    3.107872122955514e-05,
    4.081859195496094e-05,
    7.157372918750908e-05,
    2.9360334712208257e-05,
    2.9408071490452298e-05,
    5.882195726461595e-05,
    3.315124015368518e-05,
    3.079229729626339e-05
  ]
}