{
  "times": {
    "training": 57.757285833358765,
    "evaluation": 0.17664742469787598
  },
  "metrics": {
    "mean_rank": {
      "worst": 4.648975791433892,
      "best": 4.648975791433892,
      "avg": 4.648975791433892
    },
    "mean_reciprocal_rank": {
      "worst": 0.518155797588949,
      "best": 0.518155797588949,
      "avg": 0.518155797588949
    },
    "hits_at_k": {
      "worst": {
        "1": 0.3170391061452514,
        "3": 0.654562383612663,
        "5": 0.787243947858473,
        "10": 0.910148975791434
      },
      "best": {
        "1": 0.3170391061452514,
        "3": 0.654562383612663,
        "5": 0.787243947858473,
        "10": 0.910148975791434
      },
      "avg": {
        "1": 0.3170391061452514,
        "3": 0.654562383612663,
        "5": 0.787243947858473,
        "10": 0.910148975791434
      }
    },
    "adjusted_mean_rank": 0.09668481367374848
  },
  "losses": [
    0.011003843315117737,
    0.010908721201232088,
    0.010731207276322279,
    0.010631524242544542,
    0.010580211771953169,
    0.010551262203584133,
    0.010537482467256686,
    0.010523103949514065,
    0.010518906797933606,
    0.010509099875278484,
    0.010490249729918756,
    0.010488786222385612,
    0.010486455024382713,
    0.010485333528936509,
    0.010470453788713283,
    0.010473876450455633,
    0.010476878262469583,
    0.01047095065289097,
    0.010467333182066132,
    0.01046744835948436,
    0.010461993422855493,
    0.010466277387595304,
    0.010452523209979508,
    0.010456854136756639,
    0.010455969577713645,
    0.010443833574449755,
    0.01043704040944047,
    0.010445435665428745,
    0.010442140559037808,
    0.010449293689871766,
    0.010449709290227219,
    0.010443498770325335,
    0.010439457485420313,
    0.01043569560831577,
    0.010450802994875458,
    0.010434054001468818,
    0.010438731942676523,
    0.010436675547141871,
    0.010438512024828638,
    0.010432488347313825,
    0.010447270140413563,
    0.010434661490667354,
    0.010443142368780783,
    0.010430003355917244,
    0.010430401390723888,
    0.010454564086779678,
    0.01044482768217158,
    0.01042682925860087,
    0.010432312312459297,
    0.010428883201487323,
    0.010434158468401735,
    0.01041279219712923,
    0.010428502652827206,
    0.010421617337060865,
    0.010425357563810422,
    0.010437163871163233,
    0.01043058765965005,
    0.010418506999775246,
    0.010425325423532014,
    0.010423187005442229,
    0.010415505549482795,
    0.010414364829862379,
    0.010409501934277369,
    0.010407486377982009,
    0.010404684783228054,
    0.010397615977615347,
    0.010388350596154068,
    0.010379984357287857,
    0.010395077786691236,
    0.010370646296273045,
    0.010364794789368475,
    0.010365405057646807,
    0.010348756446366906,
    0.01035947462487602,
    0.010334491182742845,
    0.01033816090909033,
    0.0103110366932664,
    0.010286106406548378,
    0.010239751655509163,
    0.01017915594676601,
    0.010149995212444828,
    0.010084326006802953,
    0.01003021847008953,
    0.01000184292726929,
    0.00996479395580687,
    0.009974725972342731,
    0.009955682597123637,
    0.00994984654719622,
    0.009958433206791423,
    0.009943123626737216,
    0.009950469599241615,
    0.009956400217284389,
    0.009946921137820482,
    0.00992227354086384,
    0.009938244356637597,
    0.00992331805138845,
    0.009910316792658054,
    0.009923746356108685,
    0.009920886259519398,
    0.009918892159484561,
    0.009912273123675087,
    0.009907184813839927,
    0.009888969145631423,
    0.009894869017346927,
    0.009877899823773182,
    0.009870089718475365,
    0.009895740245629373,
    0.00987986994431949,
    0.009886693123390577,
    0.009882673630000149,
    0.009873917490649746,
    0.009863096071531817,
    0.009839790977444996,
    0.009843110332409965,
    0.009817928569849036,
    0.009804346121719704,
    0.009740194778882801,
    0.009688885775524318,
    0.009629789173003129,
    0.009590224327068487,
    0.009552050159131372,
    0.009521973625381293,
    0.009513490109347676,
    0.009527317209135081,
    0.009504647695008929,
    0.00948119845490543,
    0.009491767577690229,
    0.00948788447977171,
    0.009455052245785458,
    0.009474819408075706,
    0.009462560075426186,
    0.009466543171693757,
    0.00945434928857906,
    0.00945816276834306,
    0.009453489181027038,
    0.009441270383241404,
    0.00942251762036673,
    0.009406039049069228,
    0.00941669397042869,
    0.009396604571630433,
    0.00940179742780079,
    0.009374075798045396,
    0.009372504793058987,
    0.009363233601997561,
    0.009361762295396035,
    0.00936784608043673,
    0.009340409407818932,
    0.00935568172173644,
    0.009353551954083925,
    0.009340257925913842,
    0.009344765280145665,
    0.009347942306523919,
    0.009355804751157902,
    0.00934419461596005,
    0.00935666128560733,
    0.00934300799299938,
    0.009334580146786444,
    0.009340121001093398,
    0.009337639781305111,
    0.009330810902914823,
    0.009330506302535428,
    0.009346916870191438,
    0.009339381046835807,
    0.009323728594503295,
    0.009315545576397945,
    0.009322608978244381,
    0.009310887737200768,
    0.009318527162886711,
    0.009321168360624037,
    0.009304003903610315,
    0.00931880480619208,
    0.009328818329168256,
    0.009316242401983837,
    0.009321439642924539,
    0.009321018453530831,
    0.009315937259022198,
    0.009310916101459642,
    0.009309109143776044,
    0.009310983990408953,
    0.009313207148376338,
    0.009313184064369078,
    0.009300049652426536,
    0.009315825681173992,
    0.009310926542859447,
    0.009313852428648866,
    0.009298830293670358,
    0.009299997145463335,
    0.009296873662689158,
    0.009298908650486902,
    0.00931708016220531,
    0.009297301671856462,
    0.009291739423046315,
    0.00929157716007611,
    0.009279118867369358,
    0.009302968246439917,
    0.009303548765330712,
    0.009270672961548985,
    0.009276996409137832,
    0.00926171370675537,
    0.00927912431083677,
    0.009295787360097897,
    0.00925727164325381,
    0.009285501791677085,
    0.009273024429189446,
    0.009261609654478803,
    0.009261215153073616,
    0.009271943675935304,
    0.009255852345145617,
    0.009266306471372936,
    0.009256101981502373,
    0.009263630733643854,
    0.009244126922248594,
    0.00924229766575806,
    0.00925337035339072,
    0.009250106509441875,
    0.00923681620435647,
    0.009252497572352577,
    0.009241288101059082,
    0.00925636737480045,
    0.00923323528504781,
    0.009228431694143406,
    0.009235011866948108,
    0.009230262688661624,
    0.009226797745205228,
    0.009215502894404657,
    0.009217836809730021,
    0.009232897410701902,
    0.009229301471128628,
    0.009196619139824343,
    0.009251721243028319,
    0.009211278609300662,
    0.009201207612307557,
    0.009212865088909176,
    0.009205545711757305,
    0.00922531670300194,
    0.009214556886819497,
    0.009200579328534164,
    0.009220636922308085,
    0.009202589379604784,
    0.009206116645028423,
    0.009195668919507112,
    0.009196434061932381,
    0.0092065689424709,
    0.009194707591693172,
    0.009199283849458994,
    0.009189778664289952,
    0.009195363789779185,
    0.009177058511686579,
    0.009194965450597134,
    0.009173035678989158,
    0.009195344962616373,
    0.009170184126967434,
    0.009179529453290857,
    0.009179912551646404,
    0.009166478687238947,
    0.009180497243568134,
    0.009202651136933592,
    0.00915506378460241,
    0.009179901832338619,
    0.009174858203930852,
    0.009177711374876836,
    0.009163806747585587,
    0.009147285532852543,
    0.009151585320702243,
    0.009150840170006558,
    0.009165330459691845,
    0.009148395550258065,
    0.009143732960157807,
    0.00915032202160662,
    0.009137370517227055,
    0.009140889820366515,
    0.009159124637758188,
    0.009144682037964454,
    0.009138442037760541,
