{
  "times": {
    "training": 43.364657402038574,
    "evaluation": 0.272991418838501
  },
  "metrics": {
    "mean_rank": {
      "best": 5.248603351955308,
      "avg": 5.248603351955308,
      "worst": 5.248603351955308
    },
    "mean_reciprocal_rank": {
      "best": 0.478559106759756,
      "avg": 0.478559106759756,
      "worst": 0.478559106759756
    },
    "hits_at_k": {
      "best": {
        "1": 0.30307262569832405,
        "3": 0.5656424581005587,
        "5": 0.6880819366852886,
        "10": 0.8808193668528864
      },
      "avg": {
        "1": 0.30307262569832405,
        "3": 0.5656424581005587,
        "5": 0.6880819366852886,
        "10": 0.8808193668528864
      },
      "worst": {
        "1": 0.30307262569832405,
        "3": 0.5656424581005587,
        "5": 0.6880819366852886,
        "10": 0.8808193668528864
      }
    },
    "adjusted_mean_rank": 0.11014334404289557
  },
  "losses": [
    0.021266512188987664,
    0.019341837396418433,
    0.019330928246603696,
    0.019315733085234817,
    0.01930348505417647,
    0.019289326074915288,
    0.019275858689512,
    0.0192623611135974,
    0.019249729534237252,
    0.019237143884684785,
    0.019222566684792917,
    0.01920832722690982,
    0.01919263364860756,
    0.01918015413343589,
    0.019163483518901982,
    0.019146016852399736,
    0.019128537869721633,
    0.0191097367155686,
    0.019090712688038376,
    0.019068199600814857,
    0.01904280036423177,
    0.01901836865325169,
    0.01898473450035086,
    0.018951599964240094,
    0.01891402624075479,
    0.01887376325027416,
    0.018823469669738416,
    0.018768638178326802,
    0.01871013969553512,
    0.01864072654005901,
    0.018565622534957985,
    0.01848878553098585,
    0.01840706548089456,
    0.01832631359162452,
    0.01824955433130688,
    0.018178291949666837,
    0.01811125592200131,
    0.018058209799675633,
    0.018019054806253626,
    0.017977528260825583,
    0.017939890080333955,
    0.01790969965724708,
    0.017886676366262847,
    0.017861439180910554,
    0.0178356715706836,
    0.01781230483837139,
    0.01779651461867202,
    0.017777018818084554,
    0.017766309814950008,
    0.017739496159087702,
    0.01773303794818492,
    0.01772171456549844,
    0.017705733868552072,
    0.017688749967911598,
    0.017670267852119188,
    0.017665594092764893,
    0.01765151702136666,
    0.01764320429081462,
    0.01762394985551309,
    0.017615853346191687,
    0.01760623367175751,
    0.017590207909606068,
    0.01757743719980659,
    0.017568508113468096,
    0.01755541861233731,
    0.01755369196564859,
    0.01753362852698462,
    0.017525626506376294,
    0.01751765434102521,
    0.017503360536692762,
    0.017496400573960843,
    0.01748859291248875,
    0.01748113073915896,
    0.017474986114326914,
    0.017460309167526545,
    0.017461489791203842,
    0.017446500528769213,
    0.017441149662061863,
    0.017432833967158046,
    0.01742422480142773,
    0.017418757142789128,
    0.0174130003892719,
    0.017408032788547134,
    0.017397227091080623,
    0.017387011281973938,
    0.017389445773520508,
    0.01737368853223472,
    0.01737294086272227,
    0.017361234443437568,
    0.017354731537873678,
    0.017347700818887896,
    0.017348135608127657,
    0.01733895474598209,
    0.017338465433843465,
    0.017324778051190013,
    0.01732284783470059,
    0.01732189172538093,
    0.017309167615897278,
    0.017310679294146893,
    0.017298105502001556,
    0.017304620088523064,
    0.017292748106662304,
    0.017285890643451256,
    0.01728249711352315,
    0.017276717209830095,
    0.01727450755025029,
    0.01726915664825304,
    0.017259721363557735,
    0.017264356409889343,
    0.0172541259025384,
    0.01724804165872898,
    0.017249465218092862,
    0.017237582931580665,
    0.017228596040382408,
    0.017231282237156247,
    0.01722902047203588,
    0.017227697418313398,
    0.017211382525993423,
    0.017214045254982314,
    0.017215404127955507,
    0.017205229855063682,
    0.017204517581323114,
    0.0171977848149814,
    0.01719871032795587,
    0.017180645232937476,
    0.017194184062747718,
    0.017181043638288093,
    0.017175546089102347,
    0.017184678727596592,
    0.01717414188624981,
    0.017165850850165136,
    0.017161100061776867,
    0.017160205180437486,
    0.017167973070189826,
    0.017156663027086363,
    0.017146563039438623,
    0.017150614937781722,
    0.017149265275473,
    0.01714134089264946,
    0.01714545246621714,
    0.01713661922725296,
    0.017139270522313545,
    0.017139995006360268,
    0.01712740480441042,
    0.017126524921279463,
    0.01713020753726372,
    0.01712409113553094,
    0.017116777073920585,
    0.01711365892874411,
    0.017107539148003198,
    0.017113780917113457,
    0.01709784907021418,
    0.017102205855667133,
    0.017107787535979666,
    0.017096715576201234,
    0.017103283644569492,
    0.017103051613462684,
    0.017093922486313706,
    0.017091851374889847,
    0.017094254387843674,
    0.017089674270244798,
    0.017085307850648553,
    0.01708160232269531,
    0.01708259462180965,
    0.01708610961958104,
    0.017085087818108486,
    0.017086264983375374,
    0.017080903379715285,
    0.017074449994706628,
    0.01706402869249957,
    0.01706353484560852,
    0.01705997010672001,
    0.017066370759792338,
    0.017061981878173357,
    0.017070395961324446,
    0.017053356399685762,
    0.017061077662654852,
    0.01705456736385646,
    0.017053720212109772,
    0.017043871029796792,
    0.01704690407337417,
    0.017051419045813625,
    0.017042697393520122,
    0.01704216703922527,
    0.017047842184843714,
    0.017041408553357798,
    0.017032647482243566,
    0.01702925832826333,
    0.0170284720515979,
    0.01703962013169532,
    0.017041512817373778,
    0.017029861767945593,
    0.017029969534484362,
    0.017032830848575275,
    0.01702406803943336,
    0.017014096251177745,
    0.017024103461672668,
    0.01702222797982152,
    0.01701878114449618,
    0.017018107230879275,
    0.017024134375626974,
    0.017022768709347613,
    0.01701895381798753,
    0.017010641793233534,
    0.017012722132966812,
    0.0170084989197936,
    0.017008849189717647,
    0.017008763717574576,
    0.01700783378453986,
    0.016992768181224346,
    0.01700631722746127,
    0.017000330754325825,
    0.016999815310014644,
    0.016993053888272363,
    0.016997810278932605,
    0.01699995747538556,
    0.01698810596166806,
    0.016989489343478315,
    0.016994082518340992,
    0.016990305581270695,
    0.016992938437357396,
    0.01698940413600951,
    0.01698140822055426,
    0.01699355657528391,
    0.01699521527126599,
    0.0169821021435457,
    0.016975948343339087,
    0.016980973501894304,
    0.0169730545537157,
    0.016978973446688476,
    0.016966991219173316,
    0.01698013550787723,
    0.016975171383207827,
    0.01698380073476219,
    0.016971316367228966,
    0.01696650587714869,
    0.016978827611167733,
    0.01695734267759916,
    0.0169795815887502,
    0.01697544403299204,
    0.01696559903253247,
    0.016959725222409724,
    0.016958499815846562,
    0.01696403440178464,
    0.016959609612690194,
    0.01696703990159337,
    0.016955093140429898,
    0.01695571840691665,
    0.016955027077733022,
    0.016946254078631855,
    0.016948837246536293,
    0.016949735427481526,
    0.01695078069673903,
    0.016951094741578493,
    0.016943537973665924,
    0.016950692595498248,
    0.016952152785780588,
    0.016941103782083525,
    0.01694956084833546,
    0.01694493016030677,
    0.016942368448662856,
    0.01694319409121417,
    0.016948323284400997,
    0.016932494581063304,
    0.01693634765609755,
    0.016941257381382746,
    0.01693943022905263,
    0.016926441551172358,
    0.016937845959474236,
    0.016935680765171175,
    0.016937948847184033,
    0.016932487276053555,
    0.016927725124316784,
    0.01692420133053727,
    0.016933714570626483,
    0.016926311913716716,
