{
  "times": {
    "training": 7664.394306182861,
    "evaluation": 12.653825283050537
  },
  "metrics": {
    "arithmetic_mean_rank": {
      "both": {
        "realistic": 841.6399354144241,
        "optimistic": 841.639666307858,
        "pessimistic": 841.6402045209903
      },
      "head": {
        "realistic": 1269.2921518739602,
        "optimistic": 1269.2919072316274,
        "pessimistic": 1269.2923965162931
      },
      "tail": {
        "realistic": 413.98771895488795,
        "optimistic": 413.98742538408845,
        "pessimistic": 413.98801252568745
      }
    },
    "geometric_mean_rank": {
      "both": {
        "realistic": 62.91309833350071,
        "optimistic": 62.91308187159443,
        "pessimistic": 62.91311472155871
      },
      "head": {
        "realistic": 253.9885111607896,
        "optimistic": 253.98847650541455,
        "pessimistic": 253.98854579872742
      },
      "tail": {
        "realistic": 15.583610155559562,
        "optimistic": 15.583604126613036,
        "pessimistic": 15.583616148991876
      }
    },
    "median_rank": {
      "both": {
        "realistic": 75.0,
        "optimistic": 75.0,
        "pessimistic": 75.0
      },
      "head": {
        "realistic": 369.0,
        "optimistic": 369.0,
        "pessimistic": 369.0
      },
      "tail": {
        "realistic": 8.0,
        "optimistic": 8.0,
        "pessimistic": 8.0
      }
    },
    "harmonic_mean_rank": {
      "both": {
        "realistic": 4.887426234355094,
        "optimistic": 4.88742617812413,
        "pessimistic": 4.887426289848046
      },
      "head": {
        "realistic": 18.254644430453055,
        "optimistic": 18.254644384657713,
        "pessimistic": 18.25464447619157
      },
      "tail": {
        "realistic": 2.821409641230592,
        "optimistic": 2.821409604846481,
        "pessimistic": 2.8214096771241737
      }
    },
    "inverse_arithmetic_mean_rank": {
      "both": {
        "realistic": 0.0011881565476186669,
        "optimistic": 0.0011881569275208287,
        "pessimistic": 0.0011881561677167481
      },
      "head": {
        "realistic": 0.000787840686262511,
        "optimistic": 0.0007878408381103106,
        "pessimistic": 0.0007878405344147695
      },
      "tail": {
        "realistic": 0.002415530592367571,
        "optimistic": 0.0024155323052921763,
        "pessimistic": 0.002415528879445395
      }
    },
    "inverse_geometric_mean_rank": {
      "both": {
        "realistic": 0.01589494122033262,
        "optimistic": 0.015894945379420444,
        "pessimistic": 0.01589493707990467
      },
      "head": {
        "realistic": 0.003937185959434761,
        "optimistic": 0.0039371864966428185,
        "pessimistic": 0.003937185422497153
      },
      "tail": {
        "realistic": 0.06416998307951402,
        "optimistic": 0.06417000790543963,
        "pessimistic": 0.06416995839984747
      }
    },
    "inverse_harmonic_mean_rank": {
      "both": {
        "realistic": 0.204606668632811,
        "optimistic": 0.20460667098685784,
        "pessimistic": 0.20460666630966026
      },
      "head": {
        "realistic": 0.05478057947443578,
        "optimistic": 0.05478057961186356,
        "pessimistic": 0.05478057933717853
      },
      "tail": {
        "realistic": 0.3544327577911862,
        "optimistic": 0.35443276236185217,
        "pessimistic": 0.35443275328214197
      }
    },
    "inverse_median_rank": {
      "both": {
        "realistic": 0.013333333333333334,
        "optimistic": 0.013333333333333334,
        "pessimistic": 0.013333333333333334
      },
      "head": {
        "realistic": 0.0027100271002710027,
        "optimistic": 0.0027100271002710027,
        "pessimistic": 0.0027100271002710027
      },
      "tail": {
        "realistic": 0.125,
        "optimistic": 0.125,
        "pessimistic": 0.125
      }
    },
    "rank_std": {
      "both": {
        "realistic": 1834.8704537193946,
        "optimistic": 1834.8699255117344,
        "pessimistic": 1834.8709820668587
      },
      "head": {
        "realistic": 2115.414552178672,
        "optimistic": 2115.414252147725,
        "pessimistic": 2115.4148522673718
      },
      "tail": {
        "realistic": 1375.7716379581434,
        "optimistic": 1375.7706751384526,
        "pessimistic": 1375.772601061613
      }
    },
    "rank_var": {
      "both": {
        "realistic": 3366749.5819324167,
        "optimistic": 3366747.643547438,
        "pessimistic": 3366751.520830998
      },
      "head": {
        "realistic": 4474978.72756929,
        "optimistic": 4474977.458189718,
        "pessimistic": 4474979.997193386
      },
      "tail": {
        "realistic": 1892747.599810033,
        "optimistic": 1892744.9505709137,
        "pessimistic": 1892750.249831836
      }
    },
    "hits_at_k": {
      "both": {
        "realistic": {
          "1": 0.14614932968000782,
          "3": 0.21929738721988454,
          "5": 0.2605685487816812,
          "10": 0.32300127214013113
        },
        "optimistic": {
          "1": 0.14614932968000782,
          "3": 0.21929738721988454,
          "5": 0.2605685487816812,
          "10": 0.32300127214013113
        },
        "pessimistic": {
          "1": 0.14614932968000782,
          "3": 0.21929738721988454,
          "5": 0.2605685487816812,
          "10": 0.32300127214013113
        }
      },
      "head": {
        "realistic": {
          "1": 0.024757804090419805,
          "3": 0.05215774537625991,
          "5": 0.07407769840493199,
          "10": 0.11385654173598199
        },
        "optimistic": {
          "1": 0.024757804090419805,
          "3": 0.05215774537625991,
          "5": 0.07407769840493199,
          "10": 0.11385654173598199
        },
        "pessimistic": {
          "1": 0.024757804090419805,
          "3": 0.05215774537625991,
          "5": 0.07407769840493199,
          "10": 0.11385654173598199
        }
      },
      "tail": {
        "realistic": {
          "1": 0.26754085526959587,
          "3": 0.38643702906350913,
          "5": 0.44705939915843035,
          "10": 0.5321460025442802
        },
        "optimistic": {
          "1": 0.26754085526959587,
          "3": 0.38643702906350913,
          "5": 0.44705939915843035,
          "10": 0.5321460025442802
        },
        "pessimistic": {
          "1": 0.26754085526959587,
          "3": 0.38643702906350913,
          "5": 0.44705939915843035,
          "10": 0.5321460025442802
        }
      }
    },
    "adjusted_arithmetic_mean_rank": {
      "both": {
        "realistic": 0.11794828786374699
      },
      "head": {
        "realistic": 0.18038331635426413
      },
      "tail": {
        "realistic": 0.057222516708826755
      }
    },
    "adjusted_arithmetic_mean_rank_index": {
      "both": {
        "realistic": 0.8821753410976412
      },
      "head": {
        "realistic": 0.8197331786457809
      },
      "tail": {
        "realistic": 0.9429078145925742
      }
    }
  },