{
  "times": {
    "training": 15.767391443252563,
    "evaluation": 0.08978080749511719
  },
  "metrics": {
    "mean_rank": {
      "avg": 48.828677839851025,
      "best": 48.828677839851025,
      "worst": 48.828677839851025
    },
    "mean_reciprocal_rank": {
      "avg": 0.051087304181209534,
      "best": 0.051087304181209534,
      "worst": 0.051087304181209534
    },
    "hits_at_k": {
      "avg": {
        "1": 0.008379888268156424,
        "3": 0.028398510242085662,
        "5": 0.04702048417132216,
        "10": 0.10195530726256984
      },
      "best": {
        "1": 0.008379888268156424,
        "3": 0.028398510242085662,
        "5": 0.04702048417132216,
        "10": 0.10195530726256984
      },
      "worst": {
        "1": 0.008379888268156424,
        "3": 0.028398510242085662,
        "5": 0.04702048417132216,
        "10": 0.10195530726256984
      }
    },
    "adjusted_mean_rank": 1.0140694723077799
  },
  "losses": [
    0.005745789473970096,
    0.00574527431197813,
    0.005745273394440673,
    0.005745190286721049,
    0.0057452661247208246,
    0.005745306319919403,
    0.005745190004401831,
    0.005745245833027073,
    0.0057451638898742205,
    0.005745218483352887,
    0.0057452369752616275,
    0.005745302438030164,
    0.005745252255789269,
    0.005745273429730575,
    0.005745209025659104,
    0.005745294568381978,
    0.00574515496152897,
    0.005745221871183496,
    0.005745256384707824,
    0.005745223988577627,
    0.005745243221574312,
    0.0057452609371052045,
    0.005745241245339791,
    0.005745248762088954,
    0.005745241809978225,
    0.005745286945763109,
    0.005745233975619942,
    0.0057452078610923316,
    0.005745237363450551,
    0.005745268877333194,
    0.0057452164365385605,
    0.0057452010148513095,
    0.005745179205691765,
    0.005745258925580781,
    0.005745228293945692,
    0.005745272794512336,
    0.005745253208616628,
    0.005745175464962135,
    0.005745252961587313,
    0.005745222294662322,
    0.005745331869808579,
    0.005745291886349414,
    0.005745221271255159,
    0.005745262066382074,
    0.0057452449860694215,
    0.005745210825444115,
    0.005745220741906626,
    0.0057452203890076044,
    0.005745292662727261,
    0.005745253032167118,
    0.005745166783646199,
    0.005745257337535183,
    0.0057451747238741885,
    0.005745144762747241,
    0.005745326999802078,
    0.005745226882349605,
    0.0057452352813463226,
    0.005745219083281224,
    0.00574522338864929,
    0.0057452712770465425,
    0.005745186475411613,
    0.0057452152719717885,
    0.005745291392290783,
    0.005745216683567876,
    0.00574519745057119,
    0.005745282887424358,
    0.005745199850284538,
    0.005745256349417922,
    0.00574523912794566,
    0.005745173135828591,
    0.005745243150994508,
    0.005745243221574312,
    0.005745187604688483,
    0.005745200062023951,
    0.005745298167952001,
    0.0057452078258024295,
    0.005745256878766454,
    0.005745244244981475,
    0.005745219436180246,
    0.005745251373541715,
    0.0057452398337437035,
    0.005745266936388575,
    0.0057452364106231925,
    0.005745237610479867,
    0.005745306884557838,
    0.005745229035033638,
    0.005745292768596967,
    0.005745256561157335,
    0.005745199109196592,
    0.00574529573294875,
    0.00574523312866229,
    0.005745293897873837,
    0.0057453277761799265,
    0.005745176700108711,
    0.005745274064948814,
    0.005745278158577467,
    0.005745282852134456,
    0.005745222541691637,
    0.005745232564023855,
    0.005745295521209337,
    0.005745191768896939,
    0.0057451919100565485,
    0.005745229352642757,
    0.005745143809919882,
    0.005745173982786243,
    0.005745215766030419,
    0.005745167383574536,
    0.005745217142336605,
    0.0057452723710335095,
    0.005745271629945564,
    0.005745294215482957,
    0.0057452398337437035,
    0.0057451582081999705,
    0.005745214919072767,
    0.005745208884499495,
    0.005745226458870779,
    0.005745250632453769,
    0.005745196286004418,
    0.005745263972036792,
    0.005745261078264814,
    0.005745258960870683,
    0.005745214389724235,
    0.0057451821700435475,
    0.0057452586785514655,
    0.005745246397665508,
    0.0057451993209360055,
    0.005745291921639316,
    0.005745211178343136,
    0.005745210013776364,
    0.005745226811769801,
    0.00574521156653206,
    0.005745250561873965,
    0.005745237928088986,
    0.005745205249639571,
    0.005745245056649226,
    0.005745288145619782,
    0.005745270218349477,
    0.005745164278063144,
    0.0057452512323821064,
    0.005745225082564594,
    0.00574527837031688,
    0.005745259631378824,
    0.005745236269463583,
    0.005745284440180054,
    0.005745184181567972,
    0.005745219894948974,
    0.005745267324577499,
    0.005745230023150898,
    0.005745271347626347,
    0.005745283452062793
  ]
}