{
  "times": {
    "training": 2156.7753508090973,
    "evaluation": 14.843873500823975
  },
  "metrics": {
    "arithmetic_mean_rank": {
      "both": {
        "optimistic": 564.3654467168999,
        "pessimistic": 564.3654711811332,
        "realistic": 564.3654589490166
      },
      "tail": {
        "optimistic": 649.9606125844016,
        "pessimistic": 649.9606125844016,
        "realistic": 649.9606125844016
      },
      "head": {
        "optimistic": 478.7702808493982,
        "pessimistic": 478.7703297778648,
        "realistic": 478.77030531363147
      }
    },
    "geometric_mean_rank": {
      "both": {
        "optimistic": 31.44587492887201,
        "pessimistic": 31.44587499733022,
        "realistic": 31.445874963101875
      },
      "tail": {
        "optimistic": 24.543219345585765,
        "pessimistic": 24.543219345585765,
        "realistic": 24.543219345585765
      },
      "head": {
        "optimistic": 40.289867279375905,
        "pessimistic": 40.28986745479937,
        "realistic": 40.28986736708959
      }
    },
    "median_rank": {
      "both": {
        "optimistic": 24.0,
        "pessimistic": 24.0,
        "realistic": 24.0
      },
      "tail": {
        "optimistic": 15.0,
        "pessimistic": 15.0,
        "realistic": 15.0
      },
      "head": {
        "optimistic": 37.0,
        "pessimistic": 37.0,
        "realistic": 37.0
      }
    },
    "harmonic_mean_rank": {
      "both": {
        "optimistic": 4.56410564511884,
        "pessimistic": 4.564105645122876,
        "realistic": 4.564105645120859
      },
      "tail": {
        "optimistic": 3.888116759132546,
        "pessimistic": 3.888116759132546,
        "realistic": 3.888116759132546
      },
      "head": {
        "optimistic": 5.524616811676364,
        "pessimistic": 5.5246168116881895,
        "realistic": 5.524616811682278
      }
    },
    "inverse_arithmetic_mean_rank": {
      "both": {
        "optimistic": 0.0017719015326280695,
        "pessimistic": 0.0017719014558193085,
        "realistic": 0.0017719014942236882
      },
      "tail": {
        "optimistic": 0.001538554768763228,
        "pessimistic": 0.001538554768763228,
        "realistic": 0.001538554768763228
      },
      "head": {
        "optimistic": 0.002088684364923143,
        "pessimistic": 0.00208868415146772,
        "realistic": 0.002088684258195426
      }
    },
    "inverse_geometric_mean_rank": {
      "both": {
        "optimistic": 0.031800673451189324,
        "pessimistic": 0.03180067338195871,
        "realistic": 0.03180067341657324
      },
      "tail": {
        "optimistic": 0.040744451081143745,
        "pessimistic": 0.040744451081143745,
        "realistic": 0.040744451081143745
      },
      "head": {
        "optimistic": 0.024820136364953796,
        "pessimistic": 0.02482013625688607,
        "realistic": 0.02482013631091873
      }
    },
    "inverse_harmonic_mean_rank": {
      "both": {
        "optimistic": 0.21910097569048756,
        "pessimistic": 0.21910097569029383,
        "realistic": 0.21910097569039066
      },
      "tail": {
        "optimistic": 0.2571939223921619,
        "pessimistic": 0.2571939223921619,
        "realistic": 0.2571939223921619
      },
      "head": {
        "optimistic": 0.18100802898881319,
        "pessimistic": 0.18100802898842575,
        "realistic": 0.18100802898861942
      }
    },
    "inverse_median_rank": {
      "both": {
        "optimistic": 0.041666666666666664,
        "pessimistic": 0.041666666666666664,
        "realistic": 0.041666666666666664
      },
      "tail": {
        "optimistic": 0.06666666666666667,
        "pessimistic": 0.06666666666666667,
        "realistic": 0.06666666666666667
      },
      "head": {
        "optimistic": 0.02702702702702703,
        "pessimistic": 0.02702702702702703,
        "realistic": 0.02702702702702703
      }
    },
    "rank_std": {
      "both": {
        "optimistic": 1835.1820090618019,
        "pessimistic": 1835.182151341991,
        "realistic": 1835.1820802002317
      },
      "tail": {
        "optimistic": 2198.5244964093363,
        "pessimistic": 2198.5244964093363,
        "realistic": 2198.5244964093363
      },
      "head": {
        "optimistic": 1373.907925086877,
        "pessimistic": 1373.9083082334207,
        "realistic": 1373.9081166557107
      }
    },
    "rank_var": {
      "both": {
        "optimistic": 3367893.0063841115,
        "pessimistic": 3367893.528604218,
        "realistic": 3367893.26748805
      },
      "tail": {
        "optimistic": 4833509.961311925,
        "pessimistic": 4833509.961311925,
        "realistic": 4833509.961311925
      },
      "head": {
        "optimistic": 1887622.9866165274,
        "pessimistic": 1887624.0394328202,
        "realistic": 1887623.5130124418
      }
    },
    "hits_at_k": {
      "both": {
        "optimistic": {
          "1": 0.13609452979743614,
          "3": 0.24222037381348469,
          "5": 0.3019864957432234,
          "10": 0.39132987572169486
        },
        "pessimistic": {
          "1": 0.13609452979743614,
          "3": 0.24222037381348469,
          "5": 0.3019864957432234,
          "10": 0.39132987572169486
        },
        "realistic": {
          "1": 0.13609452979743614,
          "3": 0.24222037381348469,
          "5": 0.3019864957432234,
          "10": 0.39132987572169486
        }
      },
      "tail": {
        "optimistic": {
          "1": 0.16655250024464233,
          "3": 0.2851061747724826,
          "5": 0.35086603385849885,
          "10": 0.44715725609159407
        },
        "pessimistic": {
          "1": 0.16655250024464233,
          "3": 0.2851061747724826,
          "5": 0.35086603385849885,
          "10": 0.44715725609159407
        },
        "realistic": {
          "1": 0.16655250024464233,
          "3": 0.2851061747724826,
          "5": 0.35086603385849885,
          "10": 0.44715725609159407
        }
      },
      "head": {
        "optimistic": {
          "1": 0.10563655935022996,
          "3": 0.19933457285448675,
          "5": 0.25310695762794794,
          "10": 0.33550249535179566
        },
        "pessimistic": {
          "1": 0.10563655935022996,
          "3": 0.19933457285448675,
          "5": 0.25310695762794794,
          "10": 0.33550249535179566
        },
        "realistic": {
          "1": 0.10563655935022996,
          "3": 0.19933457285448675,
          "5": 0.25310695762794794,
          "10": 0.33550249535179566
        }
      }
    },
    "adjusted_arithmetic_mean_rank": {
      "both": {
        "realistic": 0.07909075699895012
      },
      "tail": {
        "realistic": 0.08983933655709006
      },
      "head": {
        "realistic": 0.0680396355692524
      }
    },
    "adjusted_arithmetic_mean_rank_index": {
      "both": {
        "realistic": 0.9210383182601061
      },
      "tail": {
        "realistic": 0.9102864857348641
      },
      "head": {
        "realistic": 0.9320928272330096
      }
    }
  },