{
  "times": {
    "training": 412.66963267326355,
    "evaluation": 0.673529863357544
  },
  "metrics": {
    "arithmetic_mean_rank": {
      "head": {
        "pessimistic": 26.79050279329609,
        "realistic": 26.79050279329609,
        "optimistic": 26.79050279329609
      },
      "tail": {
        "pessimistic": 20.860335195530727,
        "realistic": 20.860335195530727,
        "optimistic": 20.860335195530727
      },
      "both": {
        "pessimistic": 23.825418994413408,
        "realistic": 23.825418994413408,
        "optimistic": 23.825418994413408
      }
    },
    "geometric_mean_rank": {
      "head": {
        "pessimistic": 16.71664876964075,
        "realistic": 16.71664876964075,
        "optimistic": 16.71664876964075
      },
      "tail": {
        "pessimistic": 12.162053154810904,
        "realistic": 12.162053154810904,
        "optimistic": 12.162053154810904
      },
      "both": {
        "pessimistic": 14.258638466090481,
        "realistic": 14.258638466090481,
        "optimistic": 14.258638466090481
      }
    },
    "median_rank": {
      "head": {
        "pessimistic": 22.0,
        "realistic": 22.0,
        "optimistic": 22.0
      },
      "tail": {
        "pessimistic": 16.0,
        "realistic": 16.0,
        "optimistic": 16.0
      },
      "both": {
        "pessimistic": 18.5,
        "realistic": 18.5,
        "optimistic": 18.5
      }
    },
    "harmonic_mean_rank": {
      "head": {
        "pessimistic": 7.409585133113911,
        "realistic": 7.409585133113911,
        "optimistic": 7.409585133113911
      },
      "tail": {
        "pessimistic": 5.3871242846519936,
        "realistic": 5.3871242846519936,
        "optimistic": 5.3871242846519936
      },
      "both": {
        "pessimistic": 6.238534408600031,
        "realistic": 6.238534408600031,
        "optimistic": 6.238534408600031
      }
    },
    "inverse_arithmetic_mean_rank": {
      "head": {
        "pessimistic": 0.03732666041080179,
        "realistic": 0.03732666041080179,
        "optimistic": 0.03732666041080179
      },
      "tail": {
        "pessimistic": 0.04793786823781467,
        "realistic": 0.04793786823781467,
        "optimistic": 0.04793786823781467
      },
      "both": {
        "pessimistic": 0.04197197960021103,
        "realistic": 0.04197197960021103,
        "optimistic": 0.04197197960021103
      }
    },
    "inverse_geometric_mean_rank": {
      "head": {
        "pessimistic": 0.05982060242936423,
        "realistic": 0.05982060242936423,
        "optimistic": 0.05982060242936423
      },
      "tail": {
        "pessimistic": 0.08222295917235267,
        "realistic": 0.08222295917235267,
        "optimistic": 0.08222295917235267
      },
      "both": {
        "pessimistic": 0.07013292344694577,
        "realistic": 0.07013292344694577,
        "optimistic": 0.07013292344694577
      }
    },
    "inverse_harmonic_mean_rank": {
      "head": {
        "pessimistic": 0.1349603226138716,
        "realistic": 0.1349603226138716,
        "optimistic": 0.1349603226138716
      },
      "tail": {
        "pessimistic": 0.18562779456360726,
        "realistic": 0.18562779456360726,
        "optimistic": 0.18562779456360726
      },
      "both": {
        "pessimistic": 0.1602940585887394,
        "realistic": 0.1602940585887394,
        "optimistic": 0.1602940585887394
      }
    },
    "inverse_median_rank": {
      "head": {
        "pessimistic": 0.045454545454545456,
        "realistic": 0.045454545454545456,
        "optimistic": 0.045454545454545456
      },
      "tail": {
        "pessimistic": 0.0625,
        "realistic": 0.0625,
        "optimistic": 0.0625
      },
      "both": {
        "pessimistic": 0.05405405405405406,
        "realistic": 0.05405405405405406,
        "optimistic": 0.05405405405405406
      }
    },
    "rank_std": {
      "head": {
        "pessimistic": 22.041941211538,
        "realistic": 22.041941211538,
        "optimistic": 22.041941211538
      },
      "tail": {
        "pessimistic": 19.091494159333756,
        "realistic": 19.091494159333756,
        "optimistic": 19.091494159333756
      },
      "both": {
        "pessimistic": 20.831655784857396,
        "realistic": 20.831655784857396,
        "optimistic": 20.831655784857396
      }
    },
    "rank_var": {
      "head": {
        "pessimistic": 485.8471723728972,
        "realistic": 485.8471723728972,
        "optimistic": 485.8471723728972
      },
      "tail": {
        "pessimistic": 364.4851492358749,
        "realistic": 364.4851492358749,
        "optimistic": 364.4851492358749
      },
      "both": {
        "pessimistic": 433.9578827387826,
        "realistic": 433.9578827387826,
        "optimistic": 433.9578827387826
      }
    },
    "hits_at_k": {
      "head": {
        "pessimistic": {
          "1": 0.054003724394785846,
          "3": 0.11638733705772812,
          "5": 0.17225325884543763,
          "10": 0.2737430167597765
        },
        "realistic": {
          "1": 0.054003724394785846,
          "3": 0.11638733705772812,
          "5": 0.17225325884543763,
          "10": 0.2737430167597765
        },
        "optimistic": {
          "1": 0.054003724394785846,
          "3": 0.11638733705772812,
          "5": 0.17225325884543763,
          "10": 0.2737430167597765
        }
      },
      "tail": {
        "pessimistic": {
          "1": 0.09031657355679702,
          "3": 0.18063314711359404,
          "5": 0.2346368715083799,
          "10": 0.3770949720670391
        },
        "realistic": {
          "1": 0.09031657355679702,
          "3": 0.18063314711359404,
          "5": 0.2346368715083799,
          "10": 0.3770949720670391
        },
        "optimistic": {
          "1": 0.09031657355679702,
          "3": 0.18063314711359404,
          "5": 0.2346368715083799,
          "10": 0.3770949720670391
        }
      },
      "both": {
        "pessimistic": {
          "1": 0.07216014897579143,
          "3": 0.14851024208566108,
          "5": 0.20344506517690875,
          "10": 0.3254189944134078
        },
        "realistic": {
          "1": 0.07216014897579143,
          "3": 0.14851024208566108,
          "5": 0.20344506517690875,
          "10": 0.3254189944134078
        },
        "optimistic": {
          "1": 0.07216014897579143,
          "3": 0.14851024208566108,
          "5": 0.20344506517690875,
          "10": 0.3254189944134078
        }
      }
    },
    "adjusted_arithmetic_mean_rank": {
      "head": {
        "realistic": 0.5676771463238993
      },
      "tail": {
        "realistic": 0.43238444465888254
      },
      "both": {
        "realistic": 0.4992853693396617
      }
    },
    "adjusted_arithmetic_mean_rank_index": {
      "head": {
        "realistic": 0.44168186811525556
      },
      "tail": {
        "realistic": 0.5796298851027768
      },
      "both": {
        "realistic": 0.5114322014897487
      }
    }
  },