{
  "times": {
    "training": 73.82451677322388,
    "evaluation": 1.0929126739501953
  },
  "metrics": {
    "mean_rank": {
      "worst": 47.430633147113596,
      "best": 47.430633147113596,
      "avg": 47.430633147113596
    },
    "mean_reciprocal_rank": {
      "worst": 0.057518996661197634,
      "best": 0.057518996661197634,
      "avg": 0.057518996661197634
    },
    "hits_at_k": {
      "worst": {
        "1": 0.013966480446927373,
        "3": 0.03910614525139665,
        "5": 0.059124767225325885,
        "10": 0.10521415270018622
      },
      "best": {
        "1": 0.013966480446927373,
        "3": 0.03910614525139665,
        "5": 0.059124767225325885,
        "10": 0.10521415270018622
      },
      "avg": {
        "1": 0.013966480446927373,
        "3": 0.03910614525139665,
        "5": 0.059124767225325885,
        "10": 0.10521415270018622
      }
    },
    "adjusted_mean_rank": 0.984311697680288
  },
  "losses": [
    0.07370111915502656,
    0.07370160782381836,
    0.0737015533536561,
    0.07370107249820723,
    0.07370182827170868,
    0.07370125566528977,
    0.07370135366693419,
    0.07370137264219563,
    0.07370153605268243,
    0.07370154766107766,
    0.07370140836033481,
    0.07370142443349745,
    0.07370159454113535,
    0.0737016602848353,
    0.07370181588197915,
    0.07370123144392664,
    0.07370211770025532,
    0.07370193966765529,
    0.07370150245530775,
    0.07370150825950537,
    0.07370136516371023,
    0.07370134339796916,
    0.07370145010590999,
    0.07370160693086489,
    0.07370193910955937,
    0.07370144430171238,
    0.07370178005222078,
    0.0737015548047055,
    0.0737012517586183,
    0.07370149720920606,
    0.0737013757675328,
    0.07370139318012567,
    0.07370181565874079,
    0.07370111033711094,
    0.07370140445366334,
    0.07370137029819274,
    0.07370142275920968,
    0.0737017271447271,
    0.0737018994847487,
    0.07370180896158969,
    0.07370143057255263,
    0.0737016328265158,
    0.07370168796639318,
    0.073701717433858,
    0.07370162791527166,
    0.07370146372345056,
    0.0737013884921199,
    0.07370155804166187,
    0.0737010921431838,
    0.07370131705584151,
    0.07370143403274736,
    0.0737021044175723,
    0.0737013690703817,
    0.0737014568030611,
    0.07370156808738851,
    0.07370132174384728,
    0.07370124405689454,
    0.07370162657584144,
    0.07370187336585941,
    0.07370122843020864,
    0.07370131538155374,
    0.0737011982930287,
    0.073701331231478,
    0.07370137599077117,
    0.07370165057396622,
    0.07370128156094069,
    0.0737014954232991,
    0.0737013839157333,
    0.07370158728588833,
    0.07370174489217751,
    0.07370182603932499,
    0.07370130243372829,
    0.07370152221190349,
    0.07370095842340019,
    0.07370147265298536,
    0.07370201545708188,
    0.07370119081454331,
    0.07370138983155011,
    0.07370143548379676,
    0.07370098867219932,
    0.07370170470927093,
    0.07370127062226056,
    0.07370180349224963,
    0.07370149118177007,
    0.07370158360245523,
    0.07370170816946565,
    0.07370132542728039,
    0.07370165682464057,
    0.07370103164558553,
    0.07370166274045738,
    0.07370130321506257,
    0.0737018511536416,
    0.0737011165877853,
    0.0737016543690185,
    0.07370163885395178,
    0.07370132319489668,
    0.07370144820838385,
    0.07370111915502656,
    0.07370141762472716,
    0.07370160280095504,
    0.07370162099488219,
    0.07370195038309704,
    0.07370158918341448,
    0.07370122240277266,
    0.07370137911610836,
    0.07370195864291673,
    0.07370148727509859,
    0.07370124997271134,
    0.07370129350419348,
    0.07370190216360914,
    0.07370167122351542,
    0.07370160425200445,
    0.07370167948333511,
    0.07370148359166549,
    0.0737012941739086,
    0.07370186700356587,
    0.07370175270552046,
    0.0737014998880665,
    0.07370147522022662,
    0.07370123590869404,
    0.07370184043819984,
    0.07370165302958828,
    0.07370116737451446,
    0.07370166274045738,
    0.07370102494843443,
    0.07370136594504453,
    0.0737015474378393,
    0.07370162222269322,
    0.07370168528753274,
    0.07370189848017604,
    0.07370131136326308,
    0.0737018511536416,
    0.07370155045155728,
    0.07370129975486783,
    0.07370155737194675,
    0.07370124751708927,
    0.07370122541649064,
    0.07370110531424762,
    0.073701582263025,
    0.07370115543126167,
    0.07370143280493632,
    0.07370163863071341,
    0.07370149977644731,
    0.07370139251041055,
    0.07370113846514556,
    0.07370141840606147,
    0.07370155078641484,
    0.07370140423042497,
    0.07370129506686207,
    0.07370139652870121
  ]
}