{
  "times": {
    "training": 481.87869119644165,
    "evaluation": 0.13677382469177246
  },
  "metrics": {
    "mean_rank": {
      "worst": 5.277001862197393,
      "avg": 5.277001862197393,
      "best": 5.277001862197393
    },
    "mean_reciprocal_rank": {
      "worst": 0.40056672828549916,
      "avg": 0.40056672828549916,
      "best": 0.40056672828549916
    },
    "hits_at_k": {
      "worst": {
        "1": 0.1904096834264432,
        "3": 0.49860335195530725,
        "5": 0.680633147113594,
        "10": 0.8905959031657356
      },
      "avg": {
        "1": 0.1904096834264432,
        "3": 0.49860335195530725,
        "5": 0.680633147113594,
        "10": 0.8905959031657356
      },
      "best": {
        "1": 0.1904096834264432,
        "3": 0.49860335195530725,
        "5": 0.680633147113594,
        "10": 0.8905959031657356
      }
    },
    "adjusted_mean_rank": 0.11052620519226629
  },
  "losses": [
    14470757.897934662,
    0.09880847788035646,
    0.04251693828163969,
    0.01793693539020274,
    0.008322822564884964,
    0.005178728304831276,
    0.00422204275395763,
    0.0038853910531890527,
    0.003645567914073387,
    0.003462723634216223,
    0.0033179444752717284,
    0.0031975766971763155,
    0.0030953935190532983,
    0.0030092516048961363,
    0.0029307993666063087,
    0.0028624006787712655,
    0.002801238489424468,
    0.0027485796937558537,
    0.0026979350069823785,
    0.0026549926090441395,
    0.0026169101766935,
    0.002581204953934816,
    0.0025532202976529072,
    0.002522501756161563,
    0.002497374198716901,
    0.002474667399786831,
    0.0024570000779985937,
    0.0024370522018563883,
    0.002419152415674947,
    0.00240305048319396,
    0.0023872749879956245,
    0.002371269142192401,
    0.002360106801635094,
    0.0023458429894755396,
    0.0023363717842135538,
    0.002323182216018773,
    0.0023107622760567773,
    0.002301710835668478,
    0.002293083628409364,
    0.0022816211647922625,
    0.0022723009279660518,
    0.0022581751922264083,
    0.0022505200485444248,
    0.0022346367675825005,
    0.0022230998888500175,
    0.002203963686492336,
    0.0021802727446964616,
    0.002145924068261845,
    0.00209021410985051,
    0.002017232510941417,
    0.0019252486352561119,
    0.0018247463321836477,
    0.001732415258047286,
    0.0016470278738840913,
    0.0015713375407072265,
    0.0015075172433692417,
    0.0014574046958279743,
    0.0014145285438760167,
    0.0013799363126357396,
    0.0013532001500746954,
    0.001330874514964859,
    0.0013123244633165638,
    0.0012928299319822244,
    0.0012763556745252135,
    0.0012606722302734852,
    0.001246506826121932,
    0.0012345757223805238,
    0.0012249188926698787,
    0.001216093526476443,
    0.0012072880494265296,
    0.0012003341428098383,
    0.0011931285907406262,
    0.0011847211965377187,
    0.0011806146203355396,
    0.0011756847235845046,
    0.0011718642343296094,
    0.0011677640308852722,
    0.00116119875087776,
    0.0011561216772551393,
    0.0011578133950630824,
    0.0011486246491248689,
    0.0011471437381001448,
    0.0011443218062823632,
    0.0011368876982354717,
    0.0011360586432509878,
    0.0011328458820891738,
    0.0011280437980251813,
    0.0011273978787303418,
    0.0011243924397403159,
    0.001120840637048197,
    0.0011194974797941772,
    0.0011152296365423595,
    0.0011150624815807137,
    0.0011111286587399266,
    0.00110947626053394,
    0.0011048426377248675,
    0.0011048006131017252,
    0.0011018636821305261,
    0.0010994193440631089,
    0.0010994101372243984,
    0.0010964810038996992,
    0.0010937036534820156,
    0.0010905282114970773,
    0.0010895584727382839,
    0.0010875558902680427,
    0.001088155491089218,
    0.0010845251782528693,
    0.0010833678704299284,
    0.0010823280784242161,
    0.0010779796304244004,
    0.0010797446140189296,
    0.0010751066363175934,
    0.001075068684050653,
    0.0010736871472375,
    0.0010706588856122467,
    0.0010705331483444249,
    0.0010689003898828441,
    0.0010683070571765247,
    0.0010671787947583735,
    0.0010660799596919103,
    0.001064559319213535,
    0.0010597001175197322,
    0.0010576796288905518,
    0.0010589998728187566,
    0.0010575743161895302,
    0.0010568404287685839,
    0.0010556175690911683,
    0.0010519971624574859,
    0.001050686381743307,
    0.0010513854893238357,
    0.001050394902194149,
    0.0010481848597721883,
    0.0010458305181607547,
    0.0010481679477216152,
    0.0010461077575435798,
    0.001046592126380694,
    0.0010411886616927407,
    0.001042865143481935,
    0.0010397468836566483,
    0.0010390700685202182,
    0.0010366736063629053,
    0.0010352764419918315,
    0.0010337067701703825,
    0.0010323518484286712,
    0.0010336658390664429,
    0.001031082071196497,
    0.0010324792800408401,
    0.0010325771456493643,
    0.0010313018720443552,
    0.0010302112872053063,
    0.0010282324839815888,
    0.0010276541684157729,
    0.0010271519344048888,
    0.0010243946074225594,
    0.0010242587616422984,
    0.0010252421850875746,
    0.0010243685705036147,
    0.0010213312310993336,
    0.0010201869705126862,
    0.0010196879717141167,
    0.0010189627879735237,
    0.0010188785102567199,
    0.0010184190691228997,
    0.0010168185311087061,
    0.0010170146800256735,
    0.0010168851904347818,
    0.0010179157468249624,
    0.0010141071328049183,
    0.001015139561432522,
    0.001013407813322343,
    0.0010114238555595447,
    0.001013148668455832,
    0.0010137003602299574,
    0.001013932056369239,
    0.0010108431131484804,
    0.001007961831317189,
    0.0010081764052479007,
    0.0010075615849764494,
    0.0010110817052605336,
    0.0010066714577293128,
    0.0010065955732520041,
    0.001006970757597618,
    0.0010067597668171487,
    0.0010044513652205803,
    0.0010048919322478414,
    0.0010037901532253745,
    0.0010063068336050275,
    0.00100342912445968,
    0.0010055822131925084,
    0.0010023242828858256,
    0.0010031322993979918,
    0.0009996114326606082,
    0.0010026931511552147,
    0.0009980374434439654,
    0.0010025251764901792,
    0.001002017425177863,
    0.0009988426851729553,
    0.0009985443776689665,
    0.0009973964667861605,
    0.0009976269115697354,
    0.0009978848495538091,
    0.0009977124650589425,
    0.000994747941476408,
    0.0009951800742790046,
    0.0009977856959645333,
    0.0009947959202854487,
    0.0009946564817626712,
    0.000995212301702591,
    0.0009943730213543337,
    0.0009945468595146797,
    0.0009944079921682006,
    0.0009939504755932963,
    0.0009931012367208798,
    0.000990045525496372,
    0.0009905097767194447,
    0.000990062366040905,
    0.0009920155953908904,
    0.0009936515384873425,
    0.000989969682004233,
    0.000991888613743561,
    0.0009870897744841567,
    0.000991706805275788,
    0.0009880630240151275,
    0.0009903954490251866,
    0.0009889716190052279,
    0.0009898017073391974,
    0.0009872889205506455,
    0.000990633207481452,
    0.0009853081107976732,
    0.000986929169301404,
    0.0009902871252222454,
    0.0009867361204328943,
    0.000988253563196025,
    0.0009834234644606542,
    0.0009863827009563254,
    0.0009837251301324657,
    0.0009840763765230273,
    0.0009857273079831614,
    0.0009845295852950115,
    0.000983584470774853,
    0.0009839800291098237,
    0.0009828848914288626,
    0.000984026099928421,
    0.0009830763549561357,
    0.000984297954557596,
    0.0009794897105098329,
    0.0009820870008696331,
    0.0009817692934280813,
    0.0009836802269551862,
    0.0009827721107067463,
    0.000980473550783003,
    0.0009828754142624386,
    0.0009810945092376029,
    0.000980679571893666,
    0.0009795952089521546,
    0.0009794049156822738,
    0.00098025753539516,
    0.0009774826004864013,
    0.0009809304613006137,
    0.000981618023271697,
    0.0009789687968539387,
    0.000979083040833808,
    0.0009806512685820517,
    0.0009782542204240176,
