{
  "times": {
    "training": 1420.671719789505,
    "evaluation": 0.32975101470947266
  },
  "metrics": {
    "mean_rank": {
      "avg": 8.106378026070763,
      "worst": 13.608472998137803,
      "best": 2.6042830540037243
    },
    "mean_reciprocal_rank": {
      "avg": 0.45260399151852687,
      "worst": 0.3894429614367765,
      "best": 0.6809173063492154
    },
    "hits_at_k": {
      "avg": {
        "1": 0.2015828677839851,
        "3": 0.5810055865921788,
        "5": 0.7486033519553073,
        "10": 0.8770949720670391
      },
      "worst": {
        "1": 0.2015828677839851,
        "3": 0.4776536312849162,
        "5": 0.6485102420856611,
        "10": 0.8216945996275605
      },
      "best": {
        "1": 0.5279329608938548,
        "3": 0.7909683426443203,
        "5": 0.8915270018621974,
        "10": 0.9725325884543762
      }
    },
    "adjusted_mean_rank": 0.1670876915594372
  },
  "losses": [
    0.012762989396271244,
    0.012147765582225073,
    0.011809480802089756,
    0.011551002709348494,
    0.011355230176632994,
    0.01118140658259057,
    0.011018113426738576,
    0.010859095152251226,
    0.010684331395917953,
    0.010528598942581131,
    0.010397226131985083,
    0.01026383739344999,
    0.010102520932701559,
    0.00993213520912028,
    0.009784187061174978,
    0.009624306274724475,
    0.009418150945915405,
    0.009220010943689875,
    0.009023078244217856,
    0.008793127556917456,
    0.008568984703143382,
    0.00826939706531901,
    0.007984635289339872,
    0.007631958004048841,
    0.007276020723496204,
    0.0069220051468499985,
    0.0064966997006569716,
    0.006093179996514323,
    0.005694132787001071,
    0.005303522272380802,
    0.004923933092112328,
    0.004624799025386279,
    0.004359447096007063,
    0.004112186078862932,
    0.00388612814312138,
    0.003692287681707136,
    0.003538279875472872,
    0.0033844671159161234,
    0.0032197560259134054,
    0.003099854849911145,
    0.00296649956126952,
    0.002826889444596905,
    0.0027609658721844885,
    0.0026685714851175384,
    0.0025828800260957875,
    0.0024938423805460266,
    0.0024365268020684855,
    0.002381144314725301,
    0.002317241430744766,
    0.0022636760371320353,
    0.0022205181549781105,
    0.0021665806245287247,
    0.0021378633184471843,
    0.002127920548071429,
    0.0020871471025246764,
    0.002074345527740007,
    0.002047718148430014,
    0.0020331309215350546,
    0.0020103203660323658,
    0.001979532867102371,
    0.001971552038586207,
    0.0019516208067829354,
    0.001938832427805799,
    0.0019237315417389466,
    0.0019123457421893987,
    0.0018889948338521331,
    0.0018837070978754147,
    0.0018641794138990887,
    0.0018562819301421068,
    0.001848400931797524,
    0.001832056235219439,
    0.001818652487358197,
    0.0018237341652721977,
    0.00181039869265364,
    0.0018024434364851641,
    0.0017911286839093902,
    0.0017717259887855305,
    0.0017612092069407737,
    0.00176337929165657,
    0.0017790828714533517,
    0.0017577858431585664,
    0.0017458550102898871,
    0.0017433814485975948,
    0.0017181057430636346,
    0.0017300120856585015,
    0.001715427170719512,
    0.001724988683096346,
    0.0017174664373690095,
    0.0017287059975827238,
    0.0017326319523064998,
    0.001720585372686571,
    0.00172073546266628,
    0.0017320467566278649,
    0.0017093529691265667,
    0.0017084710367332643,
    0.0016943103575395343,
    0.001717820436415116,
    0.0017076348422630603,
    0.0017049720514982535,
    0.0016797549444013571,
    0.0016797932508739047,
    0.001684079759382322,
    0.001689503916021705,
    0.0016771628161018526,
    0.0016783836282103423,
    0.0016672120099623028,
    0.001672019110185928,
    0.0016670263013087408,
    0.0016807109061480335,
    0.001677444833745022,
    0.0016939185285279772,
    0.001685881978439338,
    0.001682333280700817,
    0.0016585919463855288,
    0.0016716765093225602,
    0.0016698472506814891,
    0.0016779810397742727,
    0.0016724061730909877,
    0.0016499383646248376,
    0.0016431160199661715,
    0.0016379070858260065,
    0.001628225124957762,
    0.0016366321513841752,
    0.0016228218034998957,
    0.001645091027647086,
    0.0016442976237648805,
    0.0016486202681124079,
    0.0016527660145277806,
    0.0016453462878062498,
    0.0016482606138759346,
    0.0016390021847018602,
    0.0016540323418660146,
    0.0016679135483666935,
    0.0016566855453167544,
    0.0016524177198324436,
    0.0016551817690910883,
    0.001657262698691408,
    0.0016639146771022966,
    0.0016650328313350183,
    0.0016586478272660491,
    0.0016457429024903628,
    0.001633214645156609,
    0.0016243904195172181,
    0.001615795597572696,
    0.0016258001652997935,
    0.0016278725973991432,
    0.0016361934810655353,
    0.001641187499495736,
    0.0016415404356525136,
    0.0016563076559499548,
    0.0016601689269745282,
    0.0016542521098494348,
    0.001684045858924497,
    0.0016806926912377844,
    0.0016492538865697517,
    0.0016571576123898465,
    0.0016638256068457413,
    0.0016590166224488528,
    0.0016512737826580245,
    0.0016574367237375868,
    0.0016553732054220855,
    0.001644621663578622,
    0.0016446035656832118,
    0.0016512736446600868,
    0.0016644146096760108,
    0.0016366787366429519,
    0.0016382504775069395,
    0.0016483557564232582,
    0.0016425134106046496,
    0.0016397854496052573,
    0.0016432897534290301,
    0.001656120501533639,
    0.0016504259615345623,
    0.0016398177454282953,
    0.0016333483304407218,
    0.0016385385740355655,
    0.0016342818988609208,
    0.0016107957605019645,
    0.0016408114002325158,
    0.0016355761746511435,
    0.0016490322615548424,
    0.0016453540674127352,
    0.0016440315124005853,
    0.0016523402810252833,
    0.0016515329704717612,
    0.001660494436749714,
    0.0016734653953371277,
    0.0016731579929406227,
    0.0016934692580383688,
    0.0016766352293845475,
    0.0016603545078219435,
    0.0016604247332937764,
    0.0016501370025188262,
    0.00164386730373851,
    0.0016433265640518945,
    0.0016437693871165302,
    0.0016534449285736015,
    0.0016681417241960256,
    0.0016713098759984437,
    0.001688625730119806,
    0.0016940103249523217,
    0.0016863387030521442,
    0.0016867706751841564,
    0.0016589368742472956,
    0.0016657887449054646,
    0.001646946755186428,
    0.0016533828725033763,
    0.0016613150490617924,
    0.001669854873759508,
    0.0016752720539273227,
    0.0016854871402879172,
    0.001675304488620323,
    0.001661852589616123,
    0.0016637842000522284,
    0.001658791025524108,
    0.0016630318714305758,
    0.0016769689721101546,
    0.0016660471043500645,
    0.0016756340544557457,
    0.0016750496029958465,
    0.0016819759996255601,
    0.001675763510037667,
    0.0016522635328073284,
    0.0016503236081044815,
    0.001647338460097944,
    0.001645773110140816,
    0.0016603772408021126,
    0.0016572853031024085,
    0.0016615121810778118,
    0.001651067454540101,
    0.0016562468630622737,
    0.0016565910478498376,
    0.0016406822507313281,
    0.0016213183252342318,
    0.0016235589161593719,
    0.0016378784455312765,
    0.001645325516064543,
    0.0016529315631650912,
    0.0016604296334740995,
    0.0016605851542612726,
    0.0016710645684772712,
    0.0016390555108219825,
    0.001627988324802341,
    0.0016428651268531182,
    0.001650798996284339,
    0.0016320453558752858,
    0.0016220002392091533,
    0.001620250164624042,
    0.0016372671077456954,
    0.0016474037104498155,
    0.0016373472498299917,
    0.001646291266999047,
    0.0016462232805601032,
    0.0016450955156866488,
    0.0016591926679766845,
    0.0016407425283613067,
    0.0016439700017819245,
    0.0016450193431686213,
    0.001648053016689299,
    0.0016448949187887617,
    0.0016382576183551986,
    0.0016570617668814644,
    0.0016690157339707616,
    0.0016518355487721138,
    0.0016535811652935177,
