{
  "times": {
    "training": 5724.134771108627,
    "evaluation": 2.296072006225586
  },
  "metrics": {
    "mean_rank": {
      "worst": 20315.27872777018,
      "avg": 20315.27462380301,
      "best": 20315.27051983584
    },
    "mean_reciprocal_rank": {
      "worst": 0.0003200510361125092,
      "avg": 0.0003200511523641763,
      "best": 0.00032005126869512357
    },
    "hits_at_k": {
      "worst": {
        "1": 0.0,
        "3": 0.0,
        "5": 0.0,
        "10": 0.0006839945280437756
      },
      "avg": {
        "1": 0.0,
        "3": 0.0,
        "5": 0.0,
        "10": 0.0006839945280437756
      },
      "best": {
        "1": 0.0,
        "3": 0.0,
        "5": 0.0,
        "10": 0.0006839945280437756
      }
    },
    "adjusted_mean_rank": 1.0020938209972845
  },
  "losses": [
    1.857686038481142e-06,
    1.8581487421330342e-06,
    1.8593539003344236e-06,
    1.8589156581014184e-06,
    1.8578200667690657e-06,
    1.8577105119981245e-06,
    1.8573818199992744e-06,
    1.856943576254007e-06,
    1.856724467293764e-06,
    1.8560670953941594e-06,
    1.8572722606915475e-06,
    1.8576009512944633e-06,
    1.858258305977547e-06,
    1.8626407008542298e-06,
    1.8585869911130546e-06,
    1.8561766621468685e-06,
    1.8567244632222895e-06,
    1.8569435778825969e-06,
    1.8574913800049686e-06,
    1.8563957809949783e-06,
    1.858258295740697e-06,
    1.8574913859376885e-06,
    1.8578200714221793e-06,
    1.8577105118817968e-06,
    1.8595730294193836e-06,
    1.8574913861703441e-06,
    1.8599016993159434e-06,
    1.8569435861418739e-06,
    1.8569435842806282e-06,
    1.8570531391678973e-06,
    1.8566149004247273e-06,
    1.8576009439658094e-06,
    1.857929615490959e-06,
    1.8584774295950985e-06,
    1.8577104937346531e-06,
    1.8574913840764431e-06,
    1.8561766577264104e-06,
    1.8567244756693687e-06,
    1.8571626983592965e-06,
    1.8554097461784845e-06,
    1.8583678600505212e-06,
    1.859792135936742e-06,
    1.8635171906713212e-06,
    1.8565053449558191e-06,
    1.8566148985634817e-06,
    1.8591347807883468e-06,
    1.85738182023193e-06,
    1.8565053483293265e-06,
    1.8580391825926515e-06,
    1.859244351030891e-06,
    1.8577104992020617e-06,
    1.8590252203173414e-06,
    1.857929631776857e-06,
    1.8566149048451854e-06,
    1.856505341931295e-06,
    1.8582582979509259e-06,
    1.8583678603995047e-06,
    1.8602303856147293e-06,
    1.8567244676427475e-06,
    1.8567244655488465e-06,
    1.8583678606321603e-06,
    1.8585869769210575e-06,
    1.8584774221501164e-06,
    1.858696547861569e-06,
    1.8567244642692402e-06,
    1.8581487407371002e-06,
    1.856943581605088e-06,
    1.8572722660426282e-06,
    1.8569435803254816e-06,
    1.8577105008306515e-06,
    1.8592443506819075e-06,
    1.857053143704683e-06,
    1.8577105024592414e-06,
    1.8574913847744101e-06,
    1.858915662056565e-06,
    1.8584774086560866e-06,
    1.8569435895153812e-06,
    1.8570531499863868e-06,
    1.8565053498415884e-06,
    1.8562862215709235e-06,
    1.8574913843090987e-06,
    1.858039178521177e-06,
    1.8572722562710894e-06,
    1.856834017760575e-06,
    1.8581487388758545e-06,
    1.8562862254097423e-06,
    1.8569435928888888e-06,
    1.8569435870724965e-06,
    1.8583678612137996e-06,
    1.8608877395998458e-06,
    1.8576009405923018e-06,
    1.8588061032141493e-06,
    1.858477426105263e-06,
    1.8579296263094484e-06,
    1.8572722663916117e-06,
    1.8651605891281426e-06,
    1.8559575400415792e-06,
    1.8585869908803987e-06,
    1.8605590695869581e-06,
    1.8568340240422785e-06,
    1.8590252239235046e-06
  ]
}