{
  "times": {
    "training": 4351.715650558472,
    "evaluation": 5.504628896713257
  },
  "metrics": {
    "arithmetic_mean_rank": {
      "head": {
        "realistic": 2651.856786378315,
        "pessimistic": 2651.857128877581,
        "optimistic": 2651.856443879049
      },
      "both": {
        "realistic": 1514.0208435267639,
        "pessimistic": 1514.0210392406302,
        "optimistic": 1514.0206478128976
      },
      "tail": {
        "realistic": 376.1849006752128,
        "pessimistic": 376.1849496036794,
        "optimistic": 376.18485174674623
      }
    },
    "geometric_mean_rank": {
      "head": {
        "realistic": 821.8003083168735,
        "pessimistic": 821.8003986823778,
        "optimistic": 821.8002179204035
      },
      "both": {
        "realistic": 116.31097857176334,
        "pessimistic": 116.31098696741897,
        "optimistic": 116.31097017314626
      },
      "tail": {
        "realistic": 16.46171655012922,
        "pessimistic": 16.461717116498647,
        "optimistic": 16.461715983541914
      }
    },
    "median_rank": {
      "head": {
        "realistic": 1302.5,
        "pessimistic": 1302.5,
        "optimistic": 1302.5
      },
      "both": {
        "realistic": 186.0,
        "pessimistic": 186.0,
        "optimistic": 186.0
      },
      "tail": {
        "realistic": 9.0,
        "pessimistic": 9.0,
        "optimistic": 9.0
      }
    },
    "harmonic_mean_rank": {
      "head": {
        "realistic": 50.90777057010615,
        "pessimistic": 50.907770765355906,
        "optimistic": 50.90777037462578
      },
      "both": {
        "realistic": 5.546587260860254,
        "pessimistic": 5.546587262426183,
        "optimistic": 5.546587259292622
      },
      "tail": {
        "realistic": 2.9330784260605687,
        "pessimistic": 2.9330784262882124,
        "optimistic": 2.933078425832737
      }
    },
    "inverse_arithmetic_mean_rank": {
      "head": {
        "realistic": 0.0003770942703756324,
        "pessimistic": 0.00037709422167221267,
        "optimistic": 0.00037709431907906473
      },
      "both": {
        "realistic": 0.0006604928883743751,
        "pessimistic": 0.0006604928029940445,
        "optimistic": 0.0006604929737547277
      },
      "tail": {
        "realistic": 0.002658267246253382,
        "pessimistic": 0.0026582669005060567,
        "optimistic": 0.002658267592000797
      }
    },
    "inverse_geometric_mean_rank": {
      "head": {
        "realistic": 0.0012168406240295733,
        "pessimistic": 0.0012168404902252858,
        "optimistic": 0.0012168407578797408
      },
      "both": {
        "realistic": 0.008597640672268994,
        "pessimistic": 0.008597640051667002,
        "optimistic": 0.008597641293089986
      },
      "tail": {
        "realistic": 0.060747006361991464,
        "pessimistic": 0.06074700427197577,
        "optimistic": 0.06074700845281133
      }
    },
    "inverse_harmonic_mean_rank": {
      "head": {
        "realistic": 0.019643366598088973,
        "pessimistic": 0.01964336652274954,
        "optimistic": 0.019643366673517394
      },
      "both": {
        "realistic": 0.18029104257613426,
        "pessimistic": 0.18029104252523398,
        "optimistic": 0.18029104262708995
      },
      "tail": {
        "realistic": 0.3409387185541795,
        "pessimistic": 0.3409387185277184,
        "optimistic": 0.34093871858066244
      }
    },
    "inverse_median_rank": {
      "head": {
        "realistic": 0.0007677543186180423,
        "pessimistic": 0.0007677543186180423,
        "optimistic": 0.0007677543186180423
      },
      "both": {
        "realistic": 0.005376344086021506,
        "pessimistic": 0.005376344086021506,
        "optimistic": 0.005376344086021506
      },
      "tail": {
        "realistic": 0.1111111111111111,
        "pessimistic": 0.1111111111111111,
        "optimistic": 0.1111111111111111
      }
    },
    "rank_std": {
      "head": {
        "realistic": 3136.8651549841225,
        "pessimistic": 3136.8653847371024,
        "optimistic": 3136.864925285681
      },
      "both": {
        "realistic": 2646.973570437974,
        "pessimistic": 2646.973780699683,
        "optimistic": 2646.973360213203
      },
      "tail": {
        "realistic": 1258.4410589896497,
        "pessimistic": 1258.4411053762826,
        "optimistic": 1258.4410126224532
      }
    },
    "rank_var": {
      "head": {
        "realistic": 9839923.000553561,
        "pessimistic": 9839924.44196185,
        "optimistic": 9839921.55948754
      },
      "both": {
        "realistic": 7006469.082597156,
        "pessimistic": 7006470.1957115745,
        "optimistic": 7006467.969678375
      },
      "tail": {
        "realistic": 1583673.898950991,
        "pessimistic": 1583674.01570068,
        "optimistic": 1583673.7822502253
      }
    },
    "hits_at_k": {
      "head": {
        "realistic": {
          "1": 0.006164986789314023,
          "3": 0.016537821704667777,
          "5": 0.024806732557001665,
          "10": 0.04266562285937959
        },
        "pessimistic": {
          "1": 0.006164986789314023,
          "3": 0.016537821704667777,
          "5": 0.024806732557001665,
          "10": 0.04266562285937959
        },
        "optimistic": {
          "1": 0.006164986789314023,
          "3": 0.016537821704667777,
          "5": 0.024806732557001665,
          "10": 0.04266562285937959
        }
      },
      "both": {
        "realistic": {
          "1": 0.12988061454154026,
          "3": 0.19559154516097466,
          "5": 0.23015950680105685,
          "10": 0.2805558273803699
        },
        "pessimistic": {
          "1": 0.12988061454154026,
          "3": 0.19559154516097466,
          "5": 0.23015950680105685,
          "10": 0.2805558273803699
        },
        "optimistic": {
          "1": 0.12988061454154026,
          "3": 0.19559154516097466,
          "5": 0.23015950680105685,
          "10": 0.2805558273803699
        }
      },
      "tail": {
        "realistic": {
          "1": 0.25359624229376654,
          "3": 0.37464526861728153,
          "5": 0.435512281045112,
          "10": 0.5184460319013602
        },
        "pessimistic": {
          "1": 0.25359624229376654,
          "3": 0.37464526861728153,
          "5": 0.435512281045112,
          "10": 0.5184460319013602
        },
        "optimistic": {
          "1": 0.25359624229376654,
          "3": 0.37464526861728153,
          "5": 0.435512281045112,
          "10": 0.5184460319013602
        }
      }
    },
    "adjusted_arithmetic_mean_rank": {
      "head": {
        "realistic": 0.37686416079801127
      },
      "both": {
        "realistic": 0.21217644121898369
      },
      "tail": {
        "realistic": 0.051997307598492803
      }
    },
    "adjusted_arithmetic_mean_rank_index": {
      "head": {
        "realistic": 0.6232244076890198
      },
      "both": {
        "realistic": 0.7879339806610366
      },
      "tail": {
        "realistic": 0.948133746045471
      }
    }
  },