{
  "times": {
    "training": 159.24680876731873,
    "evaluation": 0.10691523551940918
  },
  "metrics": {
    "mean_rank": {
      "worst": 21.79562383612663,
      "avg": 21.79562383612663,
      "best": 21.79562383612663
    },
    "mean_reciprocal_rank": {
      "worst": 0.20770904641793245,
      "avg": 0.20770904641793245,
      "best": 0.20770904641793245
    },
    "hits_at_k": {
      "worst": {
        "1": 0.09171322160148976,
        "3": 0.21880819366852886,
        "5": 0.30353817504655495,
        "10": 0.4585661080074488
      },
      "avg": {
        "1": 0.09171322160148976,
        "3": 0.21880819366852886,
        "5": 0.30353817504655495,
        "10": 0.4585661080074488
      },
      "best": {
        "1": 0.09171322160148976,
        "3": 0.21880819366852886,
        "5": 0.30353817504655495,
        "10": 0.4585661080074488
      }
    },
    "adjusted_mean_rank": 0.4511782530317121
  },
  "losses": [
    0.9875971074407913,
    0.7976791689011935,
    0.6466495437122016,
    0.5248966734954034,
    0.4261996817499511,
    0.34589339999223917,
    0.2803723481710484,
    0.2268027060487297,
    0.1829387802309758,
    0.14698205860366537,
    0.11749589990140794,
    0.09331723690479436,
    0.07352111647638042,
    0.05740448436263795,
    0.04432572580678633,
    0.03391114407487576,
    0.025713620812035678,
    0.01936182968513796,
    0.014683801220374161,
    0.011256964549366455,
    0.00884262766786729,
    0.007303019943699408,
    0.006340222000685077,
    0.005820600657762213,
    0.005521485951732607,
    0.005353761850838804,
    0.0053019404048553565,
    0.005285190523005604,
    0.00527392029901792,
    0.005264377186584115,
    0.0052497075514846975,
    0.005240423528107811,
    0.005228910009177883,
    0.005215968922729349,
    0.005204053777043293,
    0.005191528283701407,
    0.005184348295913653,
    0.005172920172636429,
    0.0051616052800461595,
    0.005152296365591024,
    0.005141150394684813,
    0.005127932367085964,
    0.005116672795754247,
    0.005106195123789462,
    0.005094144828199001,
    0.005087214895290382,
    0.005073749296339264,
    0.005061736609437939,
    0.005052035827929161,
    0.005039327021004555,
    0.005025564089473267,
    0.005017571995376648,
    0.005005807305375735,
    0.004992984737573045,
    0.004982704673422857,
    0.004965534908104032,
    0.0049528127626868226,
    0.004935854041341985,
    0.004923698426074303,
    0.004908976546220118,
    0.004890911950823966,
    0.004876090415966199,
    0.004858000322562479,
    0.004841785340775711,
    0.004822126865275344,
    0.004808613981646992,
    0.004787093021449971,
    0.0047615025513404316,
    0.0047400381332367994,
    0.004725096112445052,
    0.004700212519657746,
    0.004672721244590112,
    0.004655990303120809,
    0.004635571610280191,
    0.004612410678231761,
    0.004599061665519347,
    0.004585211915190747,
    0.004564519887894727,
    0.004549100130015098,
    0.004542506387115418,
    0.004525133914380484,
    0.004512749647212386,
    0.004507404190491648,
    0.004496200421776218,
    0.004478245541062694,
    0.004471964569071706,
    0.004460495307148619,
    0.00446054038734695,
    0.004451060709491205,
    0.004443540590142043,
    0.004438092750723889,
    0.004429870246724689,
    0.004419892224089036,
    0.0044206913546676494,
    0.004419244777006603,
    0.004399718716740608,
    0.004408515940947033,
    0.0043986462377541965,
    0.0044037549153026125,
    0.004404063737682635,
    0.0044029007425134105,
    0.004384935537025277,
    0.004384642627355311,
    0.004384872904710109,
    0.004384233717447363,
    0.004386243337158407,
    0.004388819835828931,
    0.004388780803995186,
    0.004381311729494552,
    0.004390055976445309,
    0.004399422298042515,
    0.004382580148983984,
    0.004379716516936316,
    0.004384723586145412,
    0.0043826857198043705,
    0.004387671127915382,
    0.00439427187491892,
    0.004383096883024616,
    0.004381882829054465,
    0.00438274900788225,
    0.004377855232145902,
    0.004385894178395414,
    0.004381447556090266,
    0.004383468735363153,
    0.00437942331426599,
    0.004384737168804983,
    0.004380502064855358,
    0.0043895234971233965,
    0.004379025175609392,
    0.0043972049340996406,
    0.004380462844664238,
    0.004377635788828246,
    0.004382923880264108,
    0.0043880706129784,
    0.004386687728014778,
    0.004386847587616256,
    0.0043602432874258095,
    0.004381855461425549,
    0.004376301674472258,
    0.004381483057967286,
    0.004382087657235088,
    0.004386722706676869,
    0.004375634380103497,
    0.004381358072384913,
    0.004393606785029061,
    0.00437278069611569,
    0.004381142228785972,
    0.004378250287322516,
    0.004374907278780187,
    0.004381315329213267,
    0.004391756648204746,
    0.004387539347515124,
    0.004376332948772648,
    0.004383121543888296,
    0.004370018923550509,
    0.004381554026840331,
    0.00437462403812212,
    0.004382183049781046,
    0.004387574591272779,
    0.004382205492213424,
    0.004387563582830661,
    0.004379447263557366,
    0.004372816393326285,
    0.004381042615639583,
    0.004380690596634975,
    0.004382046720899,
    0.004387719019521934,
    0.004381844229745061,
    0.00438663022320592,
    0.0043845776510372594,
    0.004386642047863328,
    0.004378254884637697,
    0.004381324774986796,
    0.004384428248758173,
    0.004376505372508635,
    0.004386998106087192,
    0.004380478722493301,
    0.004382980464214689,
    0.004392003047555573,
    0.004390647774387834,
    0.004379697060317136,
    0.00437536488255758,
    0.004373531921135352,
    0.004381589968217893,
    0.0043806459768657826,
    0.004378354741951053,
    0.004379649112900991,
    0.0043671974626261646,
    0.004386858742558554,
    0.004378134287084533,
    0.0043794399385483525,
    0.004369439745552085,
    0.004381539516346285,
    0.004372579390915592,
    0.004391606297162588,
    0.0043724426643902,
    0.004376235379652584,
    0.00437537527709418,
    0.004366228036052279,
    0.004376769184452318,
    0.004381607680787308,
    0.0043699663648667855,
    0.004375778675804871,
    0.004373776681079401,
    0.0043790169436945005,
    0.004383795381931776,
    0.004378164068478323,
    0.004370414976323588,
    0.004382088766450739,
    0.004381795005684488,
    0.004390816605381305,
    0.004370373349343793,
    0.0043737352075759834,
    0.004370439818568444,
    0.0043781558993492235,
    0.004368722501598047,
    0.004386451206961821,
    0.004380637996094057,
    0.0043754203224115155,
    0.004372890473584111,
    0.004383014284827736,
    0.004380808933899643,
    0.004362956861431679,
    0.004376449925678499,
    0.004379779707347409,
    0.004364754090762317,
    0.004382336226183823,
    0.0043778522812137,
    0.004378856386473116,
    0.0043719083293993375,
    0.004381340115648531,
    0.004381896941905165,
    0.004378220233856962,
    0.004382353659705276,
    0.004360917132445489,
    0.00438853692305222,
    0.004373628492658951,
    0.004378564906923958,
    0.0043724707575438174,
    0.004364654986878459,
    0.004372201657641246,
    0.004381207253937418,
    0.004380665042817816,
    0.004373944521452604,
    0.004386648277609089,
    0.004375604898686266,
    0.004381252864326877,
    0.004381131122677067,
    0.004374093247040381,
    0.004390927889708723
  ]
}