{
  "times": {
    "training": 120.97263741493225,
    "evaluation": 0.09056591987609863
  },
  "metrics": {
    "mean_rank": {
      "best": 3.9497206703910615,
      "worst": 3.9497206703910615,
      "avg": 3.9497206703910615
    },
    "mean_reciprocal_rank": {
      "best": 0.5326649329484784,
      "worst": 0.5326649329484784,
      "avg": 0.5326649329484784
    },
    "hits_at_k": {
      "best": {
        "1": 0.3258845437616387,
        "3": 0.675512104283054,
        "5": 0.8258845437616388,
        "10": 0.9450651769087524
      },
      "worst": {
        "1": 0.3258845437616387,
        "3": 0.675512104283054,
        "5": 0.8258845437616388,
        "10": 0.9450651769087524
      },
      "avg": {
        "1": 0.3258845437616387,
        "3": 0.675512104283054,
        "5": 0.8258845437616388,
        "10": 0.9450651769087524
      }
    },
    "adjusted_mean_rank": 0.08207766966134643
  },
  "losses": [
    0.0006455512759223412,
    0.00032759907704251314,
    0.0003187662742208787,
    0.0003136791827764069,
    0.00031157869807259644,
    0.00031087704941155984,
    0.0003098613688938515,
    0.00030868196221633574,
    0.00030042472284998786,
    0.00028841867031397,
    0.00027603728170000883,
    0.0002698961075060488,
    0.00026742786287647506,
    0.00026546848749511696,
    0.000263788007471836,
    0.00026208156377970055,
    0.00026164828426438326,
    0.0002607981210455912,
    0.0002600423728328631,
    0.0002594193441911918,
    0.00025828712365209833,
    0.0002561159377868814,
    0.00024949596612278217,
    0.00023840496243302073,
    0.00023240458537660512,
    0.00022997212952023812,
    0.00022790255199434158,
    0.00022678788967625925,
    0.0002276207602056169,
    0.0002270455320438977,
    0.00022521633776916323,
    0.0002256349463378557,
    0.00022397833973978565,
    0.0002232186809314715,
    0.00022402515962775726,
    0.00022290993964976252,
    0.00022216659293890223,
    0.0002213794317738282,
    0.00022201013336244148,
    0.00022118042653935792,
    0.00021987021307736523,
    0.00022091997668760992,
    0.00021966761946050304,
    0.00021964950750369145,
    0.00022067244632051008,
    0.00021968738303244226,
    0.00021870365437845723,
    0.00021893146957099885,
    0.00021860685394832705,
    0.00021871078928604668,
    0.00021874667180192826,
    0.0002181004560186287,
    0.00021782235812730668,
    0.00021760448227437694,
    0.0002175470825445172,
    0.00021733483604821708,
    0.0002173835469221466,
    0.00021654347303124626,
    0.00021660579359751851,
    0.0002164041775205497,
    0.00021507213465967094,
    0.00021612224489980645,
    0.00021683019045252031,
    0.00021606489095125306,
    0.00021534924236673875,
    0.00021456134521266381,
    0.0002149591228509608,
    0.00021510037692954367,
    0.0002147622715179505,
    0.0002150809591154704,
    0.00021525615501855866,
    0.00021431684862013056,
    0.0002141119781462999,
    0.00021367476885084913,
    0.0002142810637710358,
    0.00021452226759761237,
    0.00021427522338438458,
    0.00021408357411581143,
    0.0002139553659654847,
    0.00021446083736874526,
    0.0002139861663203505,
    0.00021334770109420747,
    0.00021366908194057728,
    0.00021294358863115087,
    0.00021307029689867957,
    0.00021418046044039259,
    0.00021363392058927356,
    0.0002118054875922616,
    0.00021297624421895444,
    0.0002141625268126695,
    0.00021326133618584733,
    0.00021316572868575653,
    0.00021258591367315487,
    0.00021335919045804814,
    0.00021257811253855513,
    0.00021299089903311895,
    0.00021228551766957237,
    0.00021227351293902607,
    0.00021269423922014592,
    0.0002129338668617472,
    0.0002120353960805339,
    0.00021195709740233777,
    0.00021091608674185218,
    0.00021161399877626686,
    0.00021110046027081737,
    0.0002118389524191562,
    0.00021185432403777421,
    0.0002113828607329101,
    0.0002117902398011769,
    0.00021129877398955575,
    0.00021133686578047743,
    0.00021201542453066016,
    0.00021106359280283085,
    0.00021214329651539468,
    0.00021178894876833823,
    0.00021169374283570586,
    0.00021112119789455045,
    0.00021088792905839306,
    0.00021102427189283716,
    0.000210507711385157,
    0.0002109510252907984,
    0.00021121027131219594,
    0.0002107991608494565,
    0.00021129155013542832,
    0.00021102493811984746,
    0.00021046297738070457,
    0.00021167240918296552,
    0.0002106276557916838,
    0.00021064003898102915,
    0.00021118241927345818,
    0.0002115216709617595,
    0.00021143292019332058,
    0.00021087660014713078,
    0.00021057285992812352,
    0.00021032360949194275,
    0.00020990179405174452,
    0.00021113676135864261,
    0.00021056882114487975,
    0.00020999414671896103,
    0.0002102137461290712,
    0.00021033939575839243,
    0.00021033789456755705,
    0.00021117311651201062,
    0.0002103037822621871,
    0.00021055248332269182,
    0.00021091234837118048,
    0.00021116265918961848,
    0.00021113817927110172,
    0.00021026218144313785,
    0.00021033310104677738,
    0.00021028883749974912,
    0.0002101455930243717,
    0.00020976873918712027,
    0.00020987146546234018,
    0.00020965520590753034,
    0.00021004325872433653,
    0.00021027664179575355,
    0.00020978599612353447,
    0.00020887190737667378,
    0.00020919669391622259,
    0.00020947982731522915,
    0.00020895851645200104,
    0.00020965042808319858,
    0.00020968786062330901,
    0.0002096392208194074,
    0.00020968601236657033,
    0.00020984898248080459,
    0.00020951060063732361,
    0.00020965549541979134,
    0.00020977913939188258,
    0.00021016174292519743,
    0.00020946799786168425,
    0.0002098760021717919,
    0.00020910425797062977,
    0.00020938713543033332,
    0.00020935200416388806,
    0.0002083939875995789,
    0.00020875714410598694,
    0.00020886985463010015,
    0.0002087739837784948,
    0.0002084736723613259,
    0.00020944259272476706,
    0.00020985704260679443,
    0.0002095838040741307,
    0.00020925261556390632,
    0.0002092342856008741,
    0.00020907984781410363,
    0.00020953603062694997,
    0.00020933738859084326,
    0.00020843449402740052,
    0.00020937149086792706,
    0.00020886155774935467,
    0.000209019643216209,
    0.00021014753458777283,
    0.00020924681441837482,
    0.00020915433181945082,
    0.00020877565239810764,
    0.00020917185559547906,
    0.00020882747945295515,
    0.00020884217438026426,
    0.0002094712962958027,
    0.00020873487651459734,
    0.00020893869663445692,
    0.00020953694581706426,
    0.00020950771859508665,
    0.00020957091816244054,
    0.000209417093845175,
    0.00020991237563768242,
    0.0002094047913181313,
    0.0002085634743557608,
    0.00020881720481977592,
    0.0002085974702458089,
    0.0002079422508055965,
    0.00020851531503756954,
    0.00020918436610045728,
    0.00020927588293182382,
    0.0002091517122567035,
    0.00020835391936426082,
    0.00020863442927640812,
    0.00020754246533000737,
    0.00020887836384890455,
    0.00020794453245870183,
    0.00020860917281973339,
    0.00020871831937815144,
    0.0002091538238649567,
    0.00020779650231076872,
    0.00020804278219418691,
    0.00020807331658146354,
    0.00020798582240088044,
    0.00020864684516668655,
    0.00020796353693298074,
    0.00020948498795848438,
    0.00020915170789657906,
    0.00020858507179602814,
    0.00020739500330628526,
    0.00020818375591677004,
    0.00020816434769497047,
    0.00020880431323992403,
    0.00020837573219467415,
    0.0002090118189729499,
    0.0002091802265983396,
    0.00020837974481717142,
    0.0002086603148990356,
    0.00020781453360527866,
    0.00021026540139501684,
    0.00020787762940167152,
    0.0002080543404479933,
    0.00020854438006291898,
    0.0002075878306804748,
    0.000208983228765149,
    0.00020920506055895866,
    0.00020815554373175576,
    0.00020917586254981462,
    0.00020927306977955255,
