{
  "times": {
    "training": 32.12507152557373,
    "evaluation": 0.12374091148376465
  },
  "metrics": {
    "mean_rank": {
      "best": 47.40735567970205,
      "avg": 47.40735567970205,
      "worst": 47.40735567970205
    },
    "mean_reciprocal_rank": {
      "best": 0.04516904695202587,
      "avg": 0.04516904695202587,
      "worst": 0.04516904695202587
    },
    "hits_at_k": {
      "best": {
        "1": 0.0,
        "3": 0.023743016759776536,
        "5": 0.04702048417132216,
        "10": 0.09590316573556797
      },
      "avg": {
        "1": 0.0,
        "3": 0.023743016759776536,
        "5": 0.04702048417132216,
        "10": 0.09590316573556797
      },
      "worst": {
        "1": 0.0,
        "3": 0.023743016759776536,
        "5": 0.04702048417132216,
        "10": 0.09590316573556797
      }
    },
    "adjusted_mean_rank": 0.9853958074485595
  },
  "losses": [
    2.867253379370983,
    1.2968023075382764,
    0.5817879768500729,
    0.3052762256038718,
    0.17974697443213716,
    0.09992943796933325,
    0.05772481045377251,
    0.03341010248116585,
    0.019975729241457962,
    0.014380711634979199,
    0.012312771527007988,
    0.011365254821582406,
    0.011023503604768298,
    0.01096760963944344,
    0.01087960158244218,
    0.010788049914135563,
    0.010761554459724439,
    0.010822197607400432,
    0.010778028414448165,
    0.01081881542930737,
    0.010797887897765587,
    0.010808726158129906,
    0.010818353669402014,
    0.010848718038270817,
    0.01088302716474798,
    0.010968436147031293,
    0.010975357519860696,
    0.010997613220312313,
    0.010996483187826249,
    0.011011958084179548,
    0.010974437655141582,
    0.011110269996694238,
    0.011137587846715166,
    0.011116907033856325,
    0.011198645542696695,
    0.011176873075813578,
    0.01124550396929302,
    0.011309124493667472,
    0.011318194298879744,
    0.011463654760886443,
    0.01158561557293395,
    0.01169930171448748,
    0.012044504099248583,
    0.011917706991833492,
    0.011882289001942442,
    0.012109536098162232,
    0.011835173805161277,
    0.012176569412021887,
    0.012116525242481701,
    0.012327343158849853,
    0.012446646110122861,
    0.012548282937628894,
    0.012232096040641032,
    0.0121742734053157,
    0.01221292203929393,
    0.012284045552948495,
    0.013093241256328865,
    0.013582798894774376,
    0.01461454657691997,
    0.014324504550140683,
    0.014686841395136572,
    0.014300214943509634,
    0.014020490935723723,
    0.014312663424018853,
    0.014762736935464767,
    0.014922510583878173,
    0.016861688211222345,
    0.015903621236191358,
    0.015520855170475032,
    0.01474991396036212,
    0.01476500598587041,
    0.015350492873994431,
    0.015815747046919914,
    0.015900459886549076,
    0.015413790379648809,
    0.015330922295208825,
    0.014608504558211124,
    0.014338194391134257,
    0.014293025226038663,
    0.014353537247303537,
    0.014759388110082547,
    0.015083135716338692,
    0.016376038017991784,
    0.016982056773991984,
    0.016636959016227904,
    0.018540769368076963,
    0.0178161785268281,
    0.018002778263146866,
    0.01713474517963596,
    0.018344494756590782,
    0.017665086482440043,
    0.017025854365965005,
    0.01832648139912189,
    0.018062091718958194,
    0.018189397950173946,
    0.017846635948237197,
    0.01773942647670184,
    0.018804177656146292,
    0.019494139702698553,
    0.020408865667615444,
    0.020276401340675904,
    0.020046542376917567,
    0.020757728322022106,
    0.02214683720342879,
    0.024788876304760486,
    0.02499979823894373,
    0.02854870272611742,
    0.02797681917515246,
    0.027285428444671387,
    0.030809194430190128,
    0.034559912667873,
    0.03242298042153596,
    0.03117504655953148,
    0.031671955957842196,
    0.03108023866149649,
    0.030350154826756067,
    0.02975303347748105,
    0.028693893625118677,
    0.029576491030288254,
    0.028746347844657787,
    0.028518543651560098,
    0.0318375550607872,
    0.02939288146348854,
    0.028516884239974092,
    0.027538619076470833,
    0.02525950589906442,
    0.024312649242263448,
    0.023901364019753946,
    0.02455232608664801,
    0.02599700926516011,
    0.028670448344647027,
    0.03065373302838628,
    0.032374452684147216,
    0.032174774116313865,
    0.03340551259989024,
    0.03583551252737322,
    0.036457635312368224,
    0.039175151141449045,
    0.03604058509663399,
    0.031116269640707808,
    0.03037705264583406,
    0.030081837293782655,
    0.029959904960990522,
    0.02868514089910263,
    0.030345617944308647,
    0.03343154994948761,
    0.03353260470365648,
    0.03131938734514498,
    0.029745207621776345,
    0.030641801286451886,
    0.03148871951497656,
    0.029064494327629233,
    0.02815835569583353,
    0.02729008320382288,
    0.02807568909831795,
    0.0273045576711464,
    0.028157676457978027,
    0.02727764066283751,
    0.026420071497392974,
    0.026395770316305193,
    0.03005314391095659,
    0.030893633747131288,
    0.030448992463279097,
    0.032306575501014616,
    0.03266765164399977,
    0.0335449774933105,
    0.030998894293366892,
    0.03376831059560956,
    0.03621774586348898,
    0.03721508725463906,
    0.04346729231048262,
    0.042823118357870074,
    0.04669440801590633,
    0.045883557622099946,
    0.04525163827784638,
    0.04649024800118148,
    0.050922017324393415,
    0.058938140040653196,
    0.05111021189901327,
    0.05493117521000304,
    0.05295814519033612,
    0.0474806093857411,
    0.04660388601736229,
    0.04663087825963993,
    0.043173291667205994,
    0.048247215809512925,
    0.043055211800959343,
    0.041484998461157704,
    0.04032972726301049,
    0.03745327556296988,
    0.03897319788827716,
    0.03699041090617733,
    0.036815364305221476,
    0.035001299701838094,
    0.03113563858027353,
    0.030970773236967054,
    0.03169318503444091,
    0.02921914764959871,
    0.028785775622328567,
    0.027486954356717136,
    0.02749814076455627,
    0.026956345927635347,
    0.025068270592825057,
    0.02382991063408256,
    0.02311862067116293,
    0.024459417465585217,
    0.023746213300736025,
    0.024104983690104064,
    0.023553793440227577,
    0.026649954219246704,
    0.02617776907887637,
    0.02426222573069862,
    0.022881353598210575,
    0.02381002891562458,
    0.022677073879235853,
    0.023402514376986032,
    0.02271871100748282,
    0.022512918994358956,
    0.022962383476167164,
    0.025072361554097384,
    0.02352452407588368,
    0.023545947024632627,
    0.02430984274109725,
    0.022978427196150578,
    0.021871083082005985,
    0.02101880725067441,
    0.021574776837407723,
    0.02224266761333864,
    0.02457806706923488,
    0.027388039658679555,
    0.029615103722532427,
    0.030160749807634966,
    0.033177320053310144,
    0.036575115439001646,
    0.036953871869233726,
    0.04091036963181083,
    0.04242639928456504,
    0.05074434027585006,
    0.05366062516413798,
    0.05394852637330856,
    0.04926410128003452,
    0.052801886369381726,
    0.05636030627835181,
    0.05881502437195584,
    0.05875700893054866,
    0.05648199158787004,
    0.05837716937483937,
    0.0639439701310593,
    0.06343891079225543,
    0.05966765246274029
  ]
}