{
  "times": {
    "training": 292.4073293209076,
    "evaluation": 0.4549081325531006
  },
  "metrics": {
    "mean_rank": {
      "worst": 48.92178770949721,
      "best": 48.92178770949721,
      "avg": 48.92178770949721
    },
    "mean_reciprocal_rank": {
      "worst": 0.04395615687186312,
      "best": 0.04395615687186312,
      "avg": 0.04395615687186312
    },
    "hits_at_k": {
      "worst": {
        "1": 0.0,
        "3": 0.02281191806331471,
        "5": 0.04236499068901303,
        "10": 0.10195530726256984
      },
      "best": {
        "1": 0.0,
        "3": 0.02281191806331471,
        "5": 0.04236499068901303,
        "10": 0.10195530726256984
      },
      "avg": {
        "1": 0.0,
        "3": 0.02281191806331471,
        "5": 0.04236499068901303,
        "10": 0.10195530726256984
      }
    },
    "adjusted_mean_rank": 1.0147004804315543
  },
  "losses": [
    0.022959250272615736,
    0.0006554028841628508,
    0.0006616039673927718,
    0.0006707361654059313,
    0.0006807334596824864,
    0.0006916012167725677,
    0.0007154482801807591,
    0.0007337421915242763,
    0.0007605252012785712,
    0.000796997409762138,
    0.0008462717580479963,
    0.0008795819429385089,
    0.0009405605358940162,
    0.0009582269632572322,
    0.0010128948350928808,
    0.0011309194846723179,
    0.0011763883153349858,
    0.0012024767988549775,
    0.0010843478681254533,
    0.0010359394162403218,
    0.0010568736442508637,
    0.0011125809807013825,
    0.0011942734183614536,
    0.0011720141946501186,
    0.001199500523538116,
    0.0012623718768041685,
    0.001187802738992302,
    0.0011195843978388208,
    0.0010792220770887166,
    0.0011050342930976147,
    0.0011929377062923766,
    0.0012134927227283908,
    0.0011267410581979433,
    0.0010913159746318282,
    0.0011065982383316598,
    0.0011857225997735353,
    0.0010879041159644108,
    0.0012315941360506162,
    0.0011565751703617368,
    0.0010696934604880397,
    0.0011068883007313804,
    0.0010797893956032397,
    0.0011533449685387663,
    0.0011494961780433156,
    0.0012351170105707905,
    0.0011438096127662919,
    0.0011277313614290292,
    0.0011577829579065802,
    0.0011476392792110516,
    0.001234628456123243,
    0.0011285014882420402,
    0.001058894843035308,
    0.001175887327229653,
    0.0011189686838508678,
    0.0011458596324091185,
    0.0011449741037306987,
    0.0010834119873132718,
    0.0011505364898303594,
    0.0010944978112842336,
    0.0010792177879253284,
    0.0010972117830969547,
    0.0011466954343591221,
    0.0011602926488432942,
    0.0012162567715510231,
    0.0012571876777043001,
    0.0011330458813775086,
    0.0011451098345671797,
    0.0010470441902930105,
    0.0011493188519469438,
    0.0011550428655695288,
    0.001156531352964439,
    0.0011243224778925052,
    0.0011244885740524387,
    0.001087867608043184,
    0.0010470977150167998,
    0.0012378226743299473,
    0.0012056480638407282,
    0.0011852276393766986,
    0.0011636673090547804,
    0.0010498275825350932,
    0.0011341693352869527,
    0.001154913995443313,
    0.0011163058003789156,
    0.0011324596081486264,
    0.0010801301272267698,
    0.0011016495194685495,
    0.0011886944847721223,
    0.0011148346591939669,
    0.0010839295787723694,
    0.001144708125622706,
    0.0011901578136496525,
    0.0011226072353603012,
    0.001253412766301436,
    0.0011839142721822165,
    0.0011116778252389951,
    0.001121859110716106,
    0.0011291054153966644,
    0.0011499309651806517,
    0.0011074336451453886,
    0.0011935905496282886,
    0.0012388292637702481,
    0.0011587558553575047,
    0.0010091058676844386,
    0.001087109552616121,
    0.0012350657768198726,
    0.001043184300555851,
    0.0011045074568122228,
    0.0011294217648229663,
    0.0011963192946870536,
    0.0011726965590258922,
    0.0011587803521715034,
    0.001146577997841656,
    0.0012045331737061454,
    0.0010858622511167755,
    0.001185402100380817,
    0.0012112703687321283,
    0.0011640450668003242,
    0.0010397252162908856,
    0.001164091020931092,
    0.0011126983314879023,
    0.0011513148687238375,
    0.001093305892957207,
    0.0012011609007717783,
    0.0011805469385602891,
    0.0011171361519008952,
    0.0011659437229256024,
    0.0011154694311222243,
    0.0011173457640645265,
    0.001138906307160516,
    0.001126572720116538,
    0.0010854811457767107,
    0.0011008894376736658,
    0.0011275124866170947,
    0.0011324494881363592,
    0.001167956074091086,
    0.001178391401835609,
    0.0011525030775115153,
    0.001134182524172788,
    0.0011655410774264045,
    0.001090629602593199,
    0.0011385298316730604,
    0.0012893210360754197,
    0.0011824918294448426,
    0.0011379775505191176,
    0.0010214938759482866,
    0.0010659736715220543,
    0.0011252043332206085,
    0.0012312555576200258,
    0.0011599612325165693,
    0.0011468547584828205,
    0.0010984756225481986,
    0.0011768524223469436,
    0.0011157829150202604,
    0.001115330987198327,
    0.0012294732425854565,
    0.0011812790592588232,
    0.0011179717978674478,
    0.0011972979332772974,
    0.0010689452715320095,
    0.0011818303018856326,
    0.0011160738007749747,
    0.001156070947589105,
    0.0012263118497934018,
    0.0012229487339378254,
    0.0010987760293975906,
    0.0010933923206513587,
    0.0011469561388421357,
    0.0011693834502002301,
    0.0011979900316308229,
    0.0010903984925636414,
    0.00105798236017677,
    0.0010935449218447233,
    0.0012185977785939643,
    0.0011362885726678572,
    0.0011290990173501007,
    0.0010710446366648738,
    0.001292625415550496,
    0.001203717228198731,
    0.0010790212820776762,
    0.0011212475322516572,
    0.0010864449670291523,
    0.0011559275750350731,
    0.0011385348613490787,
    0.0011556819557650049,
    0.0011463511616060483,
    0.0011455090266298364,
    0.0012371436988608737,
    0.0011034931206843756,
    0.0011125611316165033,
    0.00117715061272709,
    0.0011965573491412652,
    0.0010270920464065282,
    0.0010761001843532672,
    0.0011919347280161176,
    0.0013287246837899828,
    0.0011554864492033668,
    0.0011176810359402667,
    0.0011314479025383393,
    0.0012790895448557245,
    0.0010896031252629113,
    0.0010953811964709904,
    0.0011612927019665862,
    0.00116064343698478,
    0.0011224303735081762,
    0.0011851356642962562,
    0.0011840673013217922,
    0.001109391985215205,
    0.0010680706135702777,
    0.0012423705201934367,
    0.0011339408256355952,
    0.0012034781574540203,
    0.0010528392769956145,
    0.001060374888684339,
    0.001142890163300967,
    0.0012475469627409776,
    0.0011237212442592385,
    0.001089713372589239,
    0.0012292937264530937,
    0.0011731979985131048,
    0.001174290903973871,
    0.001101266366505057,
    0.0010669680708175183,
    0.0010815826256642613,
    0.0011762420719115356,
    0.00109125927551946,
    0.001144071986413934,
    0.0012063840239013158,
    0.0012470445615193225,
    0.0011035791196692944,
    0.0011503454659671317,
    0.001163354805966731,
    0.0012471600264430305,
    0.00113766044951637,
    0.0011254997363912241,
    0.0010797492993541223,
    0.0011492095095099364,
    0.0011091915811983213,
    0.0011657345853615135,
    0.0011653398157185474,
    0.001111618321040586,
    0.0013038384136137787,
    0.001109156052724542,
    0.001083517904818051,
    0.001103883331326754,
    0.0011290290385523065,
    0.0010823567526189136,
    0.0011346673732231048,
    0.0010770856262636388,
    0.001166893049816458,
    0.0012528489013869588,
    0.001162144328715639
  ]
}