{
  "times": {
    "training": 121.58469486236572,
    "evaluation": 0.3526759147644043
  },
  "metrics": {
    "arithmetic_mean_rank": {
      "tail": {
        "optimistic": 2.036312849162011,
        "realistic": 2.036312849162011,
        "pessimistic": 2.036312849162011
      },
      "head": {
        "optimistic": 2.138733705772812,
        "realistic": 2.138733705772812,
        "pessimistic": 2.138733705772812
      },
      "both": {
        "optimistic": 2.0875232774674117,
        "realistic": 2.0875232774674117,
        "pessimistic": 2.0875232774674117
      }
    },
    "geometric_mean_rank": {
      "tail": {
        "optimistic": 1.3621847840186234,
        "realistic": 1.3621847840186234,
        "pessimistic": 1.3621847840186234
      },
      "head": {
        "optimistic": 1.4308786373588889,
        "realistic": 1.4308786373588889,
        "pessimistic": 1.4308786373588889
      },
      "both": {
        "optimistic": 1.3961092749450452,
        "realistic": 1.3961092749450452,
        "pessimistic": 1.3961092749450452
      }
    },
    "median_rank": {
      "tail": {
        "optimistic": 1.0,
        "realistic": 1.0,
        "pessimistic": 1.0
      },
      "head": {
        "optimistic": 1.0,
        "realistic": 1.0,
        "pessimistic": 1.0
      },
      "both": {
        "optimistic": 1.0,
        "realistic": 1.0,
        "pessimistic": 1.0
      }
    },
    "harmonic_mean_rank": {
      "tail": {
        "optimistic": 1.205791057088665,
        "realistic": 1.205791057088665,
        "pessimistic": 1.205791057088665
      },
      "head": {
        "optimistic": 1.2406844589293617,
        "realistic": 1.2406844589293617,
        "pessimistic": 1.2406844589293617
      },
      "both": {
        "optimistic": 1.2229889205520175,
        "realistic": 1.2229889205520175,
        "pessimistic": 1.2229889205520175
      }
    },
    "inverse_arithmetic_mean_rank": {
      "tail": {
        "optimistic": 0.49108367626886146,
        "realistic": 0.49108367626886146,
        "pessimistic": 0.49108367626886146
      },
      "head": {
        "optimistic": 0.4675663909447105,
        "realistic": 0.4675663909447105,
        "pessimistic": 0.4675663909447105
      },
      "both": {
        "optimistic": 0.4790365744870651,
        "realistic": 0.4790365744870651,
        "pessimistic": 0.4790365744870651
      }
    },
    "inverse_geometric_mean_rank": {
      "tail": {
        "optimistic": 0.7341147924511894,
        "realistic": 0.7341147924511894,
        "pessimistic": 0.7341147924511894
      },
      "head": {
        "optimistic": 0.6988712906118976,
        "realistic": 0.6988712906118976,
        "pessimistic": 0.6988712906118976
      },
      "both": {
        "optimistic": 0.716276310132932,
        "realistic": 0.716276310132932,
        "pessimistic": 0.716276310132932
      }
    },
    "inverse_harmonic_mean_rank": {
      "tail": {
        "optimistic": 0.8293310803071144,
        "realistic": 0.8293310803071144,
        "pessimistic": 0.8293310803071144
      },
      "head": {
        "optimistic": 0.8060067108948408,
        "realistic": 0.8060067108948408,
        "pessimistic": 0.8060067108948408
      },
      "both": {
        "optimistic": 0.8176688956009777,
        "realistic": 0.8176688956009777,
        "pessimistic": 0.8176688956009777
      }
    },
    "inverse_median_rank": {
      "tail": {
        "optimistic": 1.0,
        "realistic": 1.0,
        "pessimistic": 1.0
      },
      "head": {
        "optimistic": 1.0,
        "realistic": 1.0,
        "pessimistic": 1.0
      },
      "both": {
        "optimistic": 1.0,
        "realistic": 1.0,
        "pessimistic": 1.0
      }
    },
    "rank_std": {
      "tail": {
        "optimistic": 5.39928816251753,
        "realistic": 5.39928816251753,
        "pessimistic": 5.39928816251753
      },
      "head": {
        "optimistic": 4.8978702358423805,
        "realistic": 4.8978702358423805,
        "pessimistic": 4.8978702358423805
      },
      "both": {
        "optimistic": 5.154934069655357,
        "realistic": 5.154934069655357,
        "pessimistic": 5.154934069655357
      }
    },
    "rank_var": {
      "tail": {
        "optimistic": 29.152312661901934,
        "realistic": 29.152312661901934,
        "pessimistic": 29.152312661901934
      },
      "head": {
        "optimistic": 23.9891328471507,
        "realistic": 23.9891328471507,
        "pessimistic": 23.9891328471507
      },
      "both": {
        "optimistic": 26.57334526249354,
        "realistic": 26.57334526249354,
        "pessimistic": 26.57334526249354
      }
    },
    "hits_at_k": {
      "tail": {
        "optimistic": {
          "1": 0.729050279329609,
          "3": 0.9217877094972067,
          "5": 0.9646182495344506,
          "10": 0.9851024208566108
        },
        "realistic": {
          "1": 0.729050279329609,
          "3": 0.9217877094972067,
          "5": 0.9646182495344506,
          "10": 0.9851024208566108
        },
        "pessimistic": {
          "1": 0.729050279329609,
          "3": 0.9217877094972067,
          "5": 0.9646182495344506,
          "10": 0.9851024208566108
        }
      },
      "head": {
        "optimistic": {
          "1": 0.6983240223463687,
          "3": 0.904096834264432,
          "5": 0.946927374301676,
          "10": 0.9804469273743017
        },
        "realistic": {
          "1": 0.6983240223463687,
          "3": 0.904096834264432,
          "5": 0.946927374301676,
          "10": 0.9804469273743017
        },
        "pessimistic": {
          "1": 0.6983240223463687,
          "3": 0.904096834264432,
          "5": 0.946927374301676,
          "10": 0.9804469273743017
        }
      },
      "both": {
        "optimistic": {
          "1": 0.7136871508379888,
          "3": 0.9129422718808193,
          "5": 0.9557728119180633,
          "10": 0.9827746741154563
        },
        "realistic": {
          "1": 0.7136871508379888,
          "3": 0.9129422718808193,
          "5": 0.9557728119180633,
          "10": 0.9827746741154563
        },
        "pessimistic": {
          "1": 0.7136871508379888,
          "3": 0.9129422718808193,
          "5": 0.9557728119180633,
          "10": 0.9827746741154563
        }
      }
    },
    "adjusted_arithmetic_mean_rank": {
      "tail": {
        "realistic": 0.04220785486828138
      },
      "head": {
        "realistic": 0.04531868088506575
      },
      "both": {
        "realistic": 0.043746128067667964
      }
    },
    "adjusted_arithmetic_mean_rank_index": {
      "tail": {
        "realistic": 0.9780650755799059
      },
      "head": {
        "realistic": 0.9753484575148907
      },
      "both": {
        "realistic": 0.9767220547569816
      }
    }
  },