{
  "times": {
    "training": 2654.459043741226,
    "evaluation": 7.270114421844482
  },
  "metrics": {
    "arithmetic_mean_rank": {
      "tail": {
        "realistic": 2177.360999598555,
        "optimistic": 2177.36029706945,
        "pessimistic": 2177.3617021276596
      },
      "both": {
        "realistic": 4237.5274488157365,
        "optimistic": 4237.525592131674,
        "pessimistic": 4237.529305499799
      },
      "head": {
        "realistic": 6297.693898032919,
        "optimistic": 6297.690887193898,
        "pessimistic": 6297.696908871939
      }
    },
    "geometric_mean_rank": {
      "tail": {
        "realistic": 11.77231419502486,
        "optimistic": 11.772313608065856,
        "pessimistic": 11.772314781903827
      },
      "both": {
        "realistic": 21.495641222875374,
        "optimistic": 21.495639273204137,
        "pessimistic": 21.495643172294677
      },
      "head": {
        "realistic": 39.24993709205055,
        "optimistic": 39.249931929024704,
        "pessimistic": 39.249942254423296
      }
    },
    "median_rank": {
      "tail": {
        "realistic": 2.0,
        "optimistic": 2.0,
        "pessimistic": 2.0
      },
      "both": {
        "realistic": 4.0,
        "optimistic": 4.0,
        "pessimistic": 4.0
      },
      "head": {
        "realistic": 8.0,
        "optimistic": 8.0,
        "pessimistic": 8.0
      }
    },
    "harmonic_mean_rank": {
      "tail": {
        "realistic": 2.5983473639597783,
        "optimistic": 2.5983473638679353,
        "pessimistic": 2.598347364051589
      },
      "both": {
        "realistic": 2.7717000093599324,
        "optimistic": 2.7717000091799346,
        "pessimistic": 2.771700009539852
      },
      "head": {
        "realistic": 2.96983715382496,
        "optimistic": 2.9698371535316372,
        "pessimistic": 2.9698371541181445
      }
    },
    "inverse_arithmetic_mean_rank": {
      "tail": {
        "realistic": 0.0004592715678219516,
        "optimistic": 0.0004592717160067255,
        "pessimistic": 0.0004592714196372733
      },
      "both": {
        "realistic": 0.00023598667196349853,
        "optimistic": 0.00023598677536173962,
        "pessimistic": 0.00023598656856534803
      },
      "head": {
        "realistic": 0.00015878828285260886,
        "optimistic": 0.0001587883587670935,
        "pessimistic": 0.00015878820693819684
      }
    },
    "inverse_geometric_mean_rank": {
      "tail": {
        "realistic": 0.08494506546746888,
        "optimistic": 0.08494506970276813,
        "pessimistic": 0.08494506123274757
      },
      "both": {
        "realistic": 0.04652105929902725,
        "optimistic": 0.046521063518523594,
        "pessimistic": 0.046521055080076916
      },
      "head": {
        "realistic": 0.025477747840837534,
        "optimistic": 0.025477751192238777,
        "pessimistic": 0.025477744489861114
      }
    },
    "inverse_harmonic_mean_rank": {
      "tail": {
        "realistic": 0.3848600128952888,
        "optimistic": 0.3848600129088924,
        "pessimistic": 0.3848600128816901
      },
      "both": {
        "realistic": 0.36078940600463094,
        "optimistic": 0.36078940602806103,
        "pessimistic": 0.36078940598121095
      },
      "head": {
        "realistic": 0.336718799113973,
        "optimistic": 0.3367187991472298,
        "pessimistic": 0.3367187990807319
      }
    },
    "inverse_median_rank": {
      "tail": {
        "realistic": 0.5,
        "optimistic": 0.5,
        "pessimistic": 0.5
      },
      "both": {
        "realistic": 0.25,
        "optimistic": 0.25,
        "pessimistic": 0.25
      },
      "head": {
        "realistic": 0.125,
        "optimistic": 0.125,
        "pessimistic": 0.125
      }
    },
    "rank_std": {
      "tail": {
        "realistic": 11033.020066870355,
        "optimistic": 11033.016820427165,
        "pessimistic": 11033.023313344383
      },
      "both": {
        "realistic": 14925.33102648228,
        "optimistic": 14925.324604968451,
        "pessimistic": 14925.337448058674
      },
      "head": {
        "realistic": 17757.10869221746,
        "optimistic": 17757.100182224767,
        "pessimistic": 17757.117202295995
      }
    },
    "rank_var": {
      "tail": {
        "realistic": 121727531.79596391,
        "optimistic": 121727460.15982875,
        "pessimistic": 121727603.43280067
      },
      "both": {
        "realistic": 222765506.2500746,
        "optimistic": 222765314.56367666,
        "pessimistic": 222765697.93842262
      },
      "head": {
        "realistic": 315314909.10722494,
        "optimistic": 315314606.8815669,
        "pessimistic": 315315211.3360764
      }
    },
    "hits_at_k": {
      "tail": {
        "realistic": {
          "1": 0.16318747490967483,
          "3": 0.5871136089923725,
          "5": 0.6389000401445203,
          "10": 0.6804496186270574
        },
        "optimistic": {
          "1": 0.16318747490967483,
          "3": 0.5871136089923725,
          "5": 0.6389000401445203,
          "10": 0.6804496186270574
        },
        "pessimistic": {
          "1": 0.16318747490967483,
          "3": 0.5871136089923725,
          "5": 0.6389000401445203,
          "10": 0.6804496186270574
        }
      },
      "both": {
        "realistic": {
          "1": 0.20152549177037335,
          "3": 0.48825772782015253,
          "5": 0.5478723404255319,
          "10": 0.6046768366118025
        },
        "optimistic": {
          "1": 0.20152549177037335,
          "3": 0.48825772782015253,
          "5": 0.5478723404255319,
          "10": 0.6046768366118025
        },
        "pessimistic": {
          "1": 0.20152549177037335,
          "3": 0.48825772782015253,
          "5": 0.5478723404255319,
          "10": 0.6046768366118025
        }
      },
      "head": {
        "realistic": {
          "1": 0.23986350863107186,
          "3": 0.38940184664793254,
          "5": 0.45684464070654357,
          "10": 0.5289040545965475
        },
        "optimistic": {
          "1": 0.23986350863107186,
          "3": 0.38940184664793254,
          "5": 0.45684464070654357,
          "10": 0.5289040545965475
        },
        "pessimistic": {
          "1": 0.23986350863107186,
          "3": 0.38940184664793254,
          "5": 0.45684464070654357,
          "10": 0.5289040545965475
        }
      }
    },
    "adjusted_arithmetic_mean_rank": {
      "tail": {
        "realistic": 0.03536517193298116
      },
      "both": {
        "realistic": 0.06986390659975578
      },
      "head": {
        "realistic": 0.10541817887879282
      }
    },
    "adjusted_arithmetic_mean_rank_index": {
      "tail": {
        "realistic": 0.9646504961306321
      },
      "both": {
        "realistic": 0.930151428761095
      },
      "head": {
        "realistic": 0.8945967959304921
      }
    }
  },