{
  "times": {
    "training": 453.6124520301819,
    "evaluation": 0.20022225379943848
  },
  "metrics": {
    "mean_rank": {
      "avg": 3.6792364990689013,
      "best": 3.6792364990689013,
      "worst": 3.6792364990689013
    },
    "mean_reciprocal_rank": {
      "avg": 0.5620292986969934,
      "best": 0.5620292986969934,
      "worst": 0.5620292986969934
    },
    "hits_at_k": {
      "avg": {
        "1": 0.3691806331471136,
        "3": 0.6922718808193669,
        "5": 0.8365921787709497,
        "10": 0.9515828677839852
      },
      "best": {
        "1": 0.3691806331471136,
        "3": 0.6922718808193669,
        "5": 0.8365921787709497,
        "10": 0.9515828677839852
      },
      "worst": {
        "1": 0.3691806331471136,
        "3": 0.6922718808193669,
        "5": 0.8365921787709497,
        "10": 0.9515828677839852
      }
    },
    "adjusted_mean_rank": 0.07690307045237506
  },
  "losses": [
    0.0005456213391076839,
    0.00035589722449841566,
    0.00035184401363022767,
    0.00034960166350389,
    0.00034859895024144297,
    0.0003477498988271255,
    0.0003468983042067395,
    0.00034598910236907323,
    0.0003446462748767128,
    0.0003386655115129597,
    0.00031635336581053395,
    0.00030294919662501955,
    0.0002971148485281201,
    0.000283644322173152,
    0.0002585804028834839,
    0.00025345452230069213,
    0.00025133140045769726,
    0.0002500309797533838,
    0.0002485212126622728,
    0.0002479716978573907,
    0.000246862759101876,
    0.0002468518669797022,
    0.0002454331915805767,
    0.0002449677075732025,
    0.00024409393526174213,
    0.00024301161514752115,
    0.00024341022477930845,
    0.00024260105731692565,
    0.00024177948817554495,
    0.00024147245185236074,
    0.00024084711587372626,
    0.0002403616632050608,
    0.00024015420460225473,
    0.00023972221319031752,
    0.0002398614962882849,
    0.00023915399185753312,
    0.00023857819678426253,
    0.0002380695675881466,
    0.00023836021209172712,
    0.0002377295180107031,
    0.000237318401498291,
    0.00023729776173210022,
    0.00023707955297004617,
    0.00023712907121638848,
    0.0002367973692470129,
    0.00023687151354416673,
    0.00023600114169373607,
    0.0002360658802215031,
    0.0002354108909822343,
    0.00023556053402194011,
    0.00023507688769831738,
    0.00023494293113271374,
    0.00023487748719131825,
    0.00023448751432559984,
    0.00023442235516845546,
    0.00023499220751477964,
    0.00023390387816808958,
    0.0002343169992613259,
    0.0002345250528031081,
    0.0002335326704058198,
    0.00023344250695707107,
    0.00023360924227036752,
    0.00023305153158974698,
    0.0002331977509371352,
    0.00023332475046097467,
    0.00023271368726785383,
    0.000233002071741821,
    0.00023212739346463457,
    0.00023332076059287668,
    0.00023301054723778817,
    0.00023244807467454076,
    0.0002321730694058395,
    0.00023152507429664311,
    0.00023216954649344073,
    0.00023175195615005256,
    0.0002319391161119016,
    0.0002318938287531596,
    0.00023155713792943067,
    0.00023188178922337033,
    0.00023164191748292886,
    0.00023126826675657586,
    0.00023142661669222665,
    0.0002309447509071603,
    0.0002308135214903739,
    0.00023086800313884328,
    0.0002310176157803067,
    0.00023103990936893814,
    0.00023061522327732793,
    0.00023049049764012217,
    0.0002310162000615352,
    0.00023073776441045045,
    0.0002307066086918196,
    0.00023130978305733847,
    0.00023072060435055057,
    0.00022996855702504956,
    0.00023020645071329874,
    0.0002302159760590976,
    0.00023055893768188422,
    0.00022935525163794932,
    0.00022948183666383638,
    0.00023031000218293995,
    0.0002301617333726968,
    0.00023011712638411867,
    0.00023001580130300583,
    0.00022992209894565188,
    0.00022947073263961609,
    0.00022964900811220265,
    0.00022975526847264011,
    0.0002301984673936255,
    0.00022983971453112225,
    0.00022957139902855862,
    0.00022927428422297774,
    0.00022944037618629167,
    0.00022938304807147543,
    0.0002294963818481227,
    0.00022928038026279882,
    0.00022854677356573777,
    0.00022947996405852796,
    0.00022918251496765847,
    0.00022961939684501656,
    0.0002290468946330804,
    0.00022906907947748388,
    0.00022896118543293042,
    0.00022925973587760123,
    0.00022927788488184492,
    0.00022955783803335544,
    0.000229620614518762,
    0.00022891018609320118,
    0.00022898927076557505,
    0.00022915859717818166,
    0.00022909533328536728,
    0.00022913206102499173,
    0.00022849411209208075,
    0.0002292935921482904,
    0.00022885562198387882,
    0.00022835568588118902,
    0.0002286176025196657,
    0.00022925508047738776,
    0.00022887286109828445,
    0.00022871871377755224,
    0.00022910908564915603,
    0.00022849456682580625,
    0.0002284114821480451,
    0.0002290494979543643,
    0.000228787587147554,
    0.000228553074381527,
    0.0002284598235423068,
    0.00022884649834179228,
    0.00022874311360603368,
    0.00022877215623124398,
    0.00022906746783924692,
    0.00022825253195951655,
    0.00022851039312364818,
    0.00022850911957218332,
    0.00022825751000893658,
    0.00022847973368255323,
    0.00022822246108071577,
    0.00022740094062284922,
    0.00022842997778217965,
    0.00022855561529853022,
    0.00022830164158044901,
    0.00022844866703308888,
    0.00022810249566383945,
    0.00022859391449512006,
    0.0002280074064326621,
    0.00022738560036987622,
    0.00022883816690706082,
    0.00022788690369857878,
    0.00022754359235293808,
    0.00022801456097443676,
    0.0002281491158172368,
    0.00022710437971657345,
    0.0002281058035676031,
    0.0002283485177821525,
    0.000228495770247395,
    0.00022799058702110736,
    0.00022773487546643825,
    0.00022793899697989787,
    0.00022828484932429415,
    0.00022826991969966313,
    0.00022742870077196498,
    0.0002281391436949395,
    0.00022827150254745355,
    0.0002277390262095017,
    0.00022816100670765974,
    0.00022777923076683463,
    0.00022804658873157562,
    0.0002273993480329058,
    0.00022773448846452043,
    0.0002282770090848286,
    0.00022749305876987387,
    0.00022774093875082467,
    0.00022716079355417646,
    0.0002278576858099925,
    0.00022767256520095993,
    0.00022781099237925424,
    0.00022755796206946752,
    0.00022798484705357152,
    0.0002278134118259164,
    0.00022723905077031448,
    0.00022790062441058938,
    0.00022752035731806816,
    0.00022866241675040732,
    0.00022754243191945095,
    0.00022830307475334358,
    0.00022798660284842185,
    0.00022722083179969933,
    0.00022784482187605446,
    0.00022773977014210427,
    0.0002273797027429667,
    0.00022772150033516356,
    0.00022721351146419387,
    0.00022722367432830883,
    0.0002276308465631738,
    0.00022759401765503758,
    0.00022708021626133675,
    0.00022715489953799498,
    0.00022735322692299834,
    0.00022762935571400849,
    0.00022698590874596506,
    0.0002269860718418689,
    0.00022736094333493056,
    0.00022709949620010084,
    0.0002268324113290274,
    0.00022737062632647773,
    0.0002274885201664931,
    0.00022752427659302686,
    0.0002273667109892564,
    0.00022749313549443815,
    0.00022653152102359032,
    0.00022648836497541375,
    0.0002276782847985395,
    0.00022742283312091082,
    0.00022704997123644186,
    0.00022703354205602208,
    0.0002271751591830893,
    0.00022736865090398548,
    0.00022708140135677758,
    0.00022728853658823147,
    0.0002274069318834305,
    0.00022712249056972851,
    0.00022746226288413555,
    0.00022660210030589405,
    0.0002268793927459831,
    0.00022717106339121884,
    0.0002263316291169445,
    0.000228149857283644,
    0.00022736397999807955,
    0.00022702645795750746,
    0.00022721591581392525,
    0.00022707263960501734,
    0.0002275266033189183,
    0.00022734498833166608,
    0.0002273765902409037,
    0.0002270798643039189,
