{
  "times": {
    "training": 69847.92717194557,
    "evaluation": 18.924877882003784
  },
  "metrics": {
    "mean_rank": {
      "avg": 1239.398950484392,
      "best": 1239.3986936099423,
      "worst": 1239.3992073588413
    },
    "mean_reciprocal_rank": {
      "avg": 0.20592543083074138,
      "best": 0.20592543212335643,
      "worst": 0.20592542954740675
    },
    "hits_at_k": {
      "avg": {
        "1": 0.14184362462080438,
        "3": 0.22416576964477933,
        "5": 0.2684704961346511,
        "10": 0.3335698209218123
      },
      "best": {
        "1": 0.14184362462080438,
        "3": 0.22416576964477933,
        "5": 0.2684704961346511,
        "10": 0.3335698209218123
      },
      "worst": {
        "1": 0.14184362462080438,
        "3": 0.22416576964477933,
        "5": 0.2684704961346511,
        "10": 0.3335698209218123
      }
    },
    "adjusted_mean_rank": 0.17463108175165426
  },
  "losses": [
    0.001759749884919285,
    2.8956520100504865e-05,
    1.6849408108357747e-05,
    1.4005729483210887e-05,
    1.2005867486555475e-05,
    1.0386400835244835e-05,
    9.031994279076302e-06,
    7.785919022832737e-06,
    6.6825118488635736e-06,
    5.731778441311702e-06,
    4.877445202844491e-06,
    4.151148245125701e-06,
    3.5637732961022426e-06,
    3.0833507835640785e-06,
    2.712801410902629e-06,
    2.422520670454167e-06,
    2.1881217772645305e-06,
    2.0172570252042662e-06,
    1.8945059217861681e-06,
    1.7868702274805968e-06,
    1.685082590693696e-06,
    1.6243196041359825e-06,
    1.5702033403998994e-06,
    1.5294400038705928e-06,
    1.4914842076614699e-06,
    1.4619377781874018e-06,
    1.4330391368113758e-06,
    1.4098459586405525e-06,
    1.3957752433948128e-06,
    1.3796207435515242e-06,
    1.359856688486507e-06,
    1.3455248229217128e-06,
    1.335687921598783e-06,
    1.3277232439222344e-06,
    1.3265890126294296e-06,
    1.3140013102734442e-06,
    1.3034284483277413e-06,
    1.2960559484849844e-06,
    1.2931380849913623e-06,
    1.2891625198133943e-06,
    1.281398284788851e-06,
    1.2786261485773083e-06,
    1.2759834610664436e-06,
    1.2691060719505314e-06,
    1.2661147551654138e-06,
    1.2650434109754786e-06,
    1.2643387081366778e-06,
    1.2581198447023661e-06,
    1.2598595827697434e-06,
    1.248844966562743e-06,
    1.2492893314843832e-06,
    1.248530024343024e-06,
    1.247385322939727e-06,
    1.2481623370204262e-06,
    1.2390333258720206e-06,
    1.240085657929152e-06,
    1.2383769700870847e-06,
    1.2370241308495398e-06,
    1.2403329540401948e-06,
    1.2338683013533468e-06,
    1.236368154139716e-06,
    1.2323129408756878e-06,
    1.2316972983106897e-06,
    1.2253359457609627e-06,
    1.2268691257694193e-06,
    1.2270580356125285e-06,
    1.2314989932984208e-06,
    1.2231044709843494e-06,
    1.2216772401365594e-06,
    1.2228310249791284e-06,
    1.2226457150128864e-06,
    1.2241832701399279e-06,
    1.2194570083486327e-06,
    1.218058013049396e-06,
    1.2179415793540614e-06,
    1.2178982653228078e-06,
    1.2150226575488324e-06,
    1.2146469869432611e-06,
    1.2192782158373789e-06,
    1.2133920655656082e-06,
    1.21379835898763e-06,
    1.2156771889915009e-06,
    1.214160669367635e-06,
    1.2117820314108175e-06,
    1.2052195064029134e-06,
    1.2064846192565729e-06,
    1.211567779153949e-06,
    1.2144019895560923e-06,
    1.2058296712869734e-06,
    1.2080866775227546e-06,
    1.2048954000924875e-06,
    1.2067672699637854e-06,
    1.2050724759141882e-06,
    1.2019027198886012e-06,
    1.2034696162981663e-06,
    1.2076947385797412e-06,
    1.2082209435699858e-06,
    1.2048398625931597e-06,
    1.1996377390036938e-06,
    1.1984134679541456e-06,
    1.1998158657669403e-06,
    1.2004435096895813e-06,
    1.2029132884951285e-06,
    1.2027420776926955e-06,
    1.1951299598114173e-06,
    1.1990755684130895e-06,
    1.1971843130452175e-06,
    1.2030677450889943e-06,
    1.1961727116336917e-06,
    1.1983549383193848e-06,
    1.1959052160748274e-06,
    1.1980381756398958e-06,
    1.1960061797446122e-06,
    1.1960210822633069e-06,
    1.1944258478716687e-06,
    1.1943302669226531e-06,
    1.1910545934343456e-06,
    1.1948500485066939e-06,
    1.198805426182051e-06,
    1.1963622329184555e-06,
    1.1903433620520477e-06,
    1.1917716206314632e-06,
    1.1898111925558245e-06,
    1.1903473378324095e-06,
    1.1924115191186108e-06,
    1.1913546425530076e-06,
    1.1944059553537778e-06,
    1.1905683227221006e-06,
    1.1863946298750978e-06,
    1.187513679510423e-06,
    1.189306101150087e-06,
    1.1884862030110216e-06,
    1.1863829667503982e-06,
    1.1911752388917422e-06,
    1.1889386131472367e-06,
    1.1885162820348367e-06,
    1.1848474439799779e-06,
    1.1859105322372108e-06,
    1.187648637510998e-06,
    1.189327568789169e-06,
    1.1866903123632005e-06,
    1.1852324309078146e-06,
    1.1841673577223998e-06,
    1.1855677025083772e-06,
    1.1880700713290942e-06,
    1.1860230004751295e-06,
    1.1832632258732182e-06,
    1.1844658102294287e-06,
    1.1838950005844638e-06,
    1.1842865812076238e-06,
    1.1827104140632363e-06,
    1.1866501526937863e-06,
    1.1872759467493235e-06,
    1.1815086876416797e-06,
    1.1795937706046044e-06,
    1.1794867059217e-06,
    1.183822714551455e-06,
    1.1884693747008344e-06,
    1.1820559617651809e-06,
    1.1766657844809462e-06,
    1.1789517189234286e-06,
    1.1801148517801334e-06,
    1.18209467650769e-06,
    1.1811648987598514e-06,
    1.1826306516713566e-06,
    1.1822782092563091e-06,
    1.1789483354456507e-06,
    1.176752414773307e-06,
    1.1783416732545115e-06,
    1.1802670667574655e-06,
    1.1765775249311663e-06,
    1.1757091834656737e-06,
    1.181654779544316e-06,
    1.1776511040480742e-06,
    1.174171046079503e-06,
    1.1753989052855163e-06,
    1.1770260851856476e-06,
    1.1790072962684782e-06,
    1.1754350911674626e-06,
    1.178985448922391e-06,
    1.1753748656895454e-06,
    1.1742375775955533e-06,
    1.1748588044369975e-06,
    1.181360407347353e-06,
    1.1754252535698298e-06,
    1.173535610307124e-06,
    1.1742581557600086e-06,
    1.1747937461007661e-06,
    1.1732014410137269e-06,
    1.1761815073185786e-06,
    1.1736557224102733e-06,
    1.1767011832914063e-06,
    1.1734542524458796e-06,
    1.1730257647502208e-06,
    1.1725113346689987e-06,
    1.1766911043106023e-06,
    1.1722541461557468e-06,
    1.169980674516933e-06,
    1.1717459193571154e-06,
    1.1747063892346094e-06,
    1.174400823312319e-06,
    1.1731354090456422e-06,
    1.1699572287789754e-06,
    1.1704336228255804e-06,
    1.1734166600731423e-06,
    1.1706078295122739e-06,
    1.169556012156391e-06,
    1.1709625729235802e-06,
    1.1734750386064611e-06,
    1.1706685724802753e-06,
    1.1710075886976846e-06,
    1.1703726447629596e-06,
    1.171014005207747e-06,
    1.168030264353274e-06,
    1.171354035054629e-06,
    1.1721542041356164e-06,
    1.1690270082563377e-06,
    1.1663939138247723e-06,
    1.1728658971826723e-06,
    1.1701563941805597e-06,
    1.1714333459224202e-06,
    1.1664312484944835e-06,
    1.1679590437102903e-06,
    1.1684360792863838e-06,
    1.1669794974042582e-06,
    1.169312787685111e-06,
    1.1697803177294814e-06,
    1.1698250674948106e-06,
    1.164857321241075e-06,
    1.1654063383627567e-06,
    1.1661130065532045e-06,
    1.1709179541667069e-06,
    1.1671457930442981e-06,
    1.1664765948884342e-06,
    1.1657371869302234e-06,
    1.1656826270424604e-06,
    1.1669357930878656e-06,
    1.1650749168626602e-06,
    1.1648478370904278e-06,
    1.1635387895892581e-06,
    1.1648928483136865e-06,
    1.1656053564907131e-06,
    1.166877916836665e-06,
    1.1653587179434464e-06,
    1.1644780458614648e-06,
    1.1656887456878283e-06,
    1.165568313099426e-06,
    1.1642985074246886e-06,
    1.164718477699336e-06,
    1.162933759711713e-06,
    1.1629614738816089e-06,
    1.1643064921476491e-06,
    1.1637507033312138e-06,
