{
  "times": {
    "training": 830.7410159111023,
    "evaluation": 1.8067834377288818
  },
  "metrics": {
    "mean_rank": {
      "worst": 3.061918063314711,
      "avg": 3.061918063314711,
      "best": 3.061918063314711
    },
    "mean_reciprocal_rank": {
      "worst": 0.6511566775969053,
      "avg": 0.6511566775969053,
      "best": 0.6511566775969053
    },
    "hits_at_k": {
      "worst": {
        "1": 0.4697392923649907,
        "3": 0.8044692737430168,
        "5": 0.8966480446927374,
        "10": 0.957169459962756
      },
      "avg": {
        "1": 0.4697392923649907,
        "3": 0.8044692737430168,
        "5": 0.8966480446927374,
        "10": 0.957169459962756
      },
      "best": {
        "1": 0.4697392923649907,
        "3": 0.8044692737430168,
        "5": 0.8966480446927374,
        "10": 0.957169459962756
      }
    },
    "adjusted_mean_rank": 0.06355928626428298
  },
  "losses": [
    0.04661194935149875,
    0.04140438536008905,
    0.03651587889613027,
    0.032893600474983506,
    0.029781784321903267,
    0.027031686415045553,
    0.024622703239083502,
    0.02296173673998752,
    0.021032141405778075,
    0.019455496777596736,
    0.0182434083831035,
    0.017138867897614,
    0.016094616303841274,
    0.015462814360998169,
    0.014762217669690976,
    0.014068678811042531,
    0.013518686128957798,
    0.013046760337020322,
    0.012724490239642795,
    0.012401913541389541,
    0.012056271382924578,
    0.011841013180637868,
    0.011651676712814628,
    0.011442260356821768,
    0.011229424463345709,
    0.01106405071693634,
    0.010981377686195786,
    0.010865783236166512,
    0.01074602032083601,
    0.01058843896198795,
    0.010533508111856759,
    0.010433259837510249,
    0.010291627326471839,
    0.010202778985226486,
    0.010054507277919175,
    0.009902705883418688,
    0.009824185487149806,
    0.009676869269383243,
    0.009529483088282808,
    0.00936950168744956,
    0.009276891058854552,
    0.00908333978347167,
    0.009010318438414993,
    0.008907404022987175,
    0.008803348602311297,
    0.008684808960710494,
    0.00861277907553017,
    0.008523102062315966,
    0.008467008588563203,
    0.008420175651629837,
    0.00832237039134127,
    0.008323571011159391,
    0.008212960932278083,
    0.00820332869684435,
    0.00815295860228664,
    0.008107788154999839,
    0.008099262141101526,
    0.008058383205079553,
    0.008061795429833336,
    0.00800318392010184,
    0.007969110062739565,
    0.007966706046229146,
    0.007976354602139826,
    0.007943550589047218,
    0.007914523483249053,
    0.007915479924514352,
    0.007904004716949043,
    0.007863220870671293,
    0.007898096981099402,
    0.007810296765388011,
    0.007848433258046125,
    0.007790748701558232,
    0.007797928181818211,
    0.00778680522482271,
    0.007792390738500865,
    0.007733157571777922,
    0.007780749477609295,
    0.007729669538800218,
    0.007716559674293067,
    0.0077004741828793815,
    0.007718557076139377,
    0.007683337071128608,
    0.007725039262119449,
    0.007689061924779888,
    0.007681751467150792,
    0.007701815942455637,
    0.007685391224651664,
    0.00765207151691013,
    0.007676070563764245,
    0.007680321447529195,
    0.007644551925806691,
    0.0076715409956418104,
    0.007653439173760535,
    0.007631528441054783,
    0.007649093556458813,
    0.007666265741961111,
    0.007643882374903942,
    0.007624223051937887,
    0.007597981672568601,
    0.007562302293387159,
    0.007599863067683982,
    0.007610403326637227,
    0.007596313192461143,
    0.007577277759675658,
    0.007581604275215018,
    0.007606556422924628,
    0.007609047347436013,
    0.007554826317294382,
    0.00758413729947689,
    0.007578469934179064,
    0.007591040851300182,
    0.007585164483762338,
    0.007568241710746479,
    0.007559715137723778,
    0.007536890768198448,
    0.0075505089760267785,
    0.007577796873033858,
    0.007536776034109616,
    0.00756379752654236,
    0.007546723959774502,
    0.00753697582017112,
    0.007526683983381434,
    0.007519646106059556,
    0.007549678098439041,
    0.007546996971280212,
    0.007559826422224671,
    0.007496897902068406,
    0.007505973523108828,
    0.007527534857109992,
    0.007547402826108616,
    0.007520209960396858,
    0.0075380249128689635,
    0.007506030048709638,
    0.007520839720832095,
    0.007520513859389448,
    0.007520882068714706,
    0.007490709236541254,
    0.007520631948224605,
    0.007508056403715064,
    0.007485623078287318,
    0.007486664902368123,
    0.007514337312635266,
    0.007479684416352468,
    0.007478132510922801,
    0.007495814550595216,
    0.007503843691493366,
    0.007478497737148516,
    0.007489026502621746,
    0.007500120086287732,
    0.007499024579648862,
    0.007451198490026648,
    0.007485696099711777,
    0.007472648636574149,
    0.007495175579495512,
    0.00751438165439735,
    0.007472819580860291,
    0.007473942839698794,
    0.0074950206149182,
    0.007441331351770318,
    0.00745826677180487,
    0.007477020910985728,
    0.007505270254910169,
    0.007474023480433695,
    0.007461285979534974,
    0.007472812900040685,
    0.007446385347689659,
    0.007428707494281889,
    0.007475777951004662,
    0.00745983908472328,
    0.007450731573742194,
    0.007435386912216796,
    0.007459088669215313,
    0.007454011503269575,
    0.00741612951366629,
    0.0074521385689082405,
    0.007480081631771695,
    0.00746991722130472,
    0.007458551396996824,
    0.0074723801774658205,
    0.007464563175197746,
    0.007456602152633272,
    0.007443339086941109,
    0.007444553258081665,
    0.007422276102601952,
    0.007441738107594038,
    0.007455869999649681,
    0.007437299817906392,
    0.007429622572473409,
    0.007415277420230488,
    0.007452576798913463,
    0.007461617508315348,
    0.007472829827062826,
    0.007418931584833924,
    0.007428583716052817,
    0.00743260705935101,
    0.0074148580714257385,
    0.007457866587622621,
    0.0074404941760378525,
    0.007411685128750852,
    0.0074253791811958155,
    0.0074336428554754,
    0.007412752276644896,
    0.007437387957745505,
    0.007428409110439325,
    0.007425021059268533,
    0.00740468467967866,
    0.007437819619417685,
    0.007424155777334602,
    0.007440491629650848,
    0.007404987186925732,
    0.007414679389828546,
    0.007410707998780402,
    0.007432436488917271,
    0.0074275090447927525,
    0.007388471281117345,
    0.007411975878946452,
    0.007431616927257228,
    0.007405748939314772,
    0.007407562705743871,
    0.007437876096494879,
    0.0074024119107256705,
    0.00740091495387931,
    0.007439955598092983,
    0.007376158585724497,
    0.007382572026975131,
    0.007417217449518334,
    0.007411184635227287,
    0.007405182116214448,
    0.007413851326610507,
    0.007413388274570341,
    0.0074138611548482634,
    0.007388768130951975,
    0.0073769495427132075,
    0.007402719869159819,
    0.007392105216887168,
    0.007407674329910072,
    0.007434213741325711,
    0.0073968365506140565,
    0.007402984193835546,
    0.007402806671291078,
    0.007365963375995398,
    0.00738329679775231,
    0.007372836395436452,
    0.007385642499905002,
    0.007412812407329775,
    0.007428450191193886,
    0.007400643909785647,
    0.007373826919027586,
    0.007349779081678094,
    0.0073909106801659345,
    0.007401555842764636,
    0.007414391686695437,
    0.007379806258088742,
    0.00737365331145664,
    0.007354880033017899,
    0.007367824992223418,
    0.007380902165047441,
    0.007375111643505068,
    0.0073830689076949604,
    0.007394382289002604,
    0.007401459094395011,
    0.007392186738766814,
    0.007395066044090979,
    0.007370326483854886,
    0.007349291859363366,
    0.007364930521063793,
    0.007367539611606996,
    0.007362053774257536,
    0.007392047947992793,
    0.007372344029618482,
    0.007348317007797226,
    0.007381603159253029,
