{
  "times": {
    "training": 14475.388919115067,
    "evaluation": 9.769313097000122
  },
  "metrics": {
    "mean_rank": {
      "worst": 5774.311503082494,
      "best": 5774.308934337998,
      "avg": 5774.310218710246
    },
    "mean_reciprocal_rank": {
      "worst": 0.15712190261967962,
      "best": 0.15712190285267125,
      "avg": 0.15712190273611323
    },
    "hits_at_k": {
      "worst": {
        "1": 0.11424796946863686,
        "3": 0.17425873373128486,
        "5": 0.20496134651140033,
        "10": 0.2438594774439769
      },
      "best": {
        "1": 0.11424796946863686,
        "3": 0.17425873373128486,
        "5": 0.20496134651140033,
        "10": 0.2438594774439769
      },
      "avg": {
        "1": 0.11424796946863686,
        "3": 0.17425873373128486,
        "5": 0.20496134651140033,
        "10": 0.2438594774439769
      }
    },
    "adjusted_mean_rank": 0.811554797610187
  },
  "losses": [
    0.003912126303525999,
    0.00010811812270887381,
    6.787552741275482e-06,
    5.465856582549223e-06,
    5.098151966121276e-06,
    4.84381004339414e-06,
    4.651026208109211e-06,
    4.484587616977754e-06,
    4.334494566395834e-06,
    4.193453087613819e-06,
    4.064305767574189e-06,
    3.9401201288456116e-06,
    3.8069145699639567e-06,
    3.677225943987679e-06,
    3.565601028744922e-06,
    3.4665309028886395e-06,
    3.3719940648707e-06,
    3.278320004626493e-06,
    3.211432473822154e-06,
    3.1414294043370412e-06,
    3.063139538729311e-06,
    2.976997036254303e-06,
    2.9210743595481456e-06,
    2.921363677905229e-06,
    2.85325665508663e-06,
    2.788667098799739e-06,
    2.760534442082119e-06,
    2.7355098769656643e-06,
    2.7485577433155765e-06,
    2.7207979661006105e-06,
    2.687664200816207e-06,
    2.657447105518534e-06,
    2.631556906854725e-06,
    2.6058382042231028e-06,
    2.5731712865471604e-06,
    2.5563470557496734e-06,
    2.5323410779445613e-06,
    2.5263735602485295e-06,
    2.5247855599790805e-06,
    2.5102418380344324e-06,
    2.4786510688698758e-06,
    2.462572022307279e-06,
    2.464285478999808e-06,
    2.4478600790256723e-06,
    2.436273914315151e-06,
    2.413589596771173e-06,
    2.424350215365637e-06,
    2.395674806434398e-06,
    2.4112622416357802e-06,
    2.3940915901000675e-06,
    2.3735230598128807e-06,
    2.3707992664450907e-06,
    2.359202400531776e-06,
    2.3449818136427286e-06,
    2.356577154107876e-06,
    2.3493255338440983e-06,
    2.332600205949186e-06,
    2.3301009707701353e-06,
    2.3394697111097405e-06,
    2.3210525165698556e-06,
    2.312603163279485e-06,
    2.3016611940207857e-06,
    2.2909526831647536e-06,
    2.2972491609215645e-06,
    2.3033038423642934e-06,
    2.30286156525606e-06,
    2.2960491175921903e-06,
    2.2885187237019155e-06,
    2.2887677146205325e-06,
    2.2804200751219015e-06,
    2.2724101045156367e-06,
    2.2725879641664945e-06,
    2.2755794210107066e-06,
    2.259682743740177e-06,
    2.258641196158528e-06,
    2.27315083770847e-06,
    2.253574255183577e-06,
    2.252146041713408e-06,
    2.259594897375686e-06,
    2.253857898773736e-06,
    2.248941734666573e-06,
    2.2534809584744493e-06,
    2.2506017663865167e-06,
    2.2456934290066684e-06,
    2.24882257952264e-06,
    2.234273967042287e-06,
    2.2321123153504536e-06,
    2.2355459451958926e-06,
    2.2322758649634385e-06,
    2.235235994949746e-06,
    2.2444676612724657e-06,
    2.2292397131736665e-06,
    2.2305520031808576e-06,
    2.2427171025884733e-06,
    2.228958327521089e-06,
    2.21774322760966e-06,
    2.214369926839157e-06,
    2.222963648494187e-06,
    2.220677521603391e-06,
    2.222861266422744e-06,
    2.2214249749969766e-06,
    2.2146678948052793e-06,
    2.2125263008554873e-06,
    2.223435753194758e-06,
    2.211884632024598e-06,
    2.2125187627601723e-06,
    2.2058212623223252e-06,
    2.204180889994861e-06,
    2.2072284355795447e-06,
    2.2108261436771373e-06,
    2.2030903067665533e-06,
    2.2048345616778177e-06,
    2.1994688688172225e-06,
    2.196263518830141e-06,
    2.1983186805875573e-06,
    2.1989669355892216e-06,
    2.2038961800871337e-06,
    2.199197027034164e-06,
    2.200832471422208e-06,
    2.19242204822986e-06,
    2.1912715850828913e-06,
    2.201728051630392e-06,
    2.1958954827968517e-06,
    2.193083972419084e-06,
    2.192211760493396e-06,
    2.18482984345415e-06,
    2.1870220059795102e-06,
    2.1820234087604753e-06,
    2.1865415499645257e-06,
    2.1940762658540414e-06,
    2.1924965717028507e-06,
    2.1970745145894585e-06,
    2.1901086805253e-06,
    2.1862579780648204e-06,
    2.181605044470485e-06,
    2.175039116586477e-06,
    2.1774203383699878e-06,
    2.181082119654364e-06,
    2.1795822288222002e-06,
    2.1801642440269032e-06,
    2.1807688869205494e-06,
    2.1818739534906083e-06,
    2.1784166022092667e-06,
    2.178737700944296e-06,
    2.1763788048147316e-06,
    2.1741371082382136e-06,
    2.1714282517322165e-06,
    2.175674204233754e-06,
    2.1760276730786317e-06,
    2.1823408896211943e-06,
    2.178814624488984e-06,
    2.174746625147591e-06,
    2.1699398123590253e-06,
    2.16733773099077e-06,
    2.171171846150543e-06,
    2.176233356729506e-06,
    2.171766874107612e-06,
    2.164394891806704e-06,
    2.1650289187469705e-06,
    2.1696848767433417e-06,
    2.1723889281187826e-06,
    2.1698133868680347e-06,
    2.1628051045747827e-06,
    2.1636826549456603e-06,
    2.1657650649975833e-06,
    2.164683946467599e-06,
    2.1662360747044048e-06,
    2.1641129747096794e-06,
    2.1653619171621537e-06,
    2.1668799830827156e-06,
    2.1584261815555667e-06,
    2.1636220721488596e-06,
    2.1694983017152467e-06,
    2.1665850934423182e-06,
    2.158150006863851e-06,
    2.165138170634025e-06,
    2.164872589297725e-06,
    2.1624476469354235e-06,
    2.167489728154753e-06,
    2.161662164249946e-06,
    2.157731120168644e-06,
    2.16096888140966e-06,
    2.156592771461492e-06,
    2.1527025285990437e-06,
    2.1605521931177886e-06,
    2.1559630312986355e-06,
    2.1561515111109047e-06,
    2.1599477584381546e-06,
    2.1533133911070596e-06,
    2.1520495551187627e-06,
    2.1620625108588374e-06,
    2.153950491385889e-06,
    2.1542950388214003e-06,
    2.1540853065301004e-06,
    2.1541509316593487e-06,
    2.1538268431207197e-06,
    2.149887891270722e-06,
    2.1516729380499114e-06,
    2.1550961793252726e-06,
    2.1538705047886596e-06,
    2.149198182978777e-06,
    2.1540928396382535e-06,
    2.151162097438937e-06,
    2.151407876313549e-06,
    2.147947879342783e-06,
    2.152203325218825e-06,
    2.1522641854265104e-06,
    2.1588436734039105e-06,
    2.156104371832585e-06,
    2.1554674364417984e-06,
    2.1428330117413165e-06,
    2.1432567353602373e-06,
    2.1460352572200725e-06,
    2.1470600881465013e-06,
    2.1433364638718346e-06,
    2.1447656074477108e-06,
    2.151495959256536e-06,
    2.1566717478467248e-06,
    2.1474957451089194e-06,
    2.1441052813322e-06,
    2.1451916516554346e-06,
    2.149395416818789e-06,
    2.147635699835237e-06,
    2.1438124900402005e-06,
    2.1425501040692457e-06,
    2.1431097880094446e-06,
    2.1432385309722624e-06,
    2.1435771137620594e-06,
    2.1440345072699164e-06,
    2.1522785269458435e-06,
    2.1435147103394426e-06,
    2.145077674432415e-06,
    2.1426501830069525e-06,
    2.140644268227183e-06,
    2.147705804994421e-06,
    2.1442540670755726e-06,
    2.1429763178404765e-06,
    2.146314520523535e-06,
    2.141940235876647e-06,
    2.1400398681459853e-06,
    2.1382040738767917e-06,
    2.1445149601679247e-06,
    2.1365391151525213e-06,
    2.141314719839978e-06,
    2.140392831417318e-06,
    2.140622320350756e-06,
    2.1366113513883542e-06,
    2.13746238190207e-06,
    2.1385637183866744e-06,
    2.140664781982847e-06,
    2.142539815242407e-06,
    2.1457025468134927e-06,
    2.143704573465763e-06,
    2.139180696402054e-06,
    2.1420944570031703e-06,
    2.1427040278362364e-06,
