{
  "times": {
    "training": 82.97604441642761,
    "evaluation": 0.08793187141418457
  },
  "metrics": {
    "mean_rank": {
      "avg": 4.218342644320298,
      "worst": 4.218342644320298,
      "best": 4.218342644320298
    },
    "mean_reciprocal_rank": {
      "avg": 0.55688135597729,
      "worst": 0.55688135597729,
      "best": 0.55688135597729
    },
    "hits_at_k": {
      "avg": {
        "1": 0.3715083798882682,
        "3": 0.6797020484171322,
        "5": 0.8142458100558659,
        "10": 0.9236499068901304
      },
      "worst": {
        "1": 0.3715083798882682,
        "3": 0.6797020484171322,
        "5": 0.8142458100558659,
        "10": 0.9236499068901304
      },
      "best": {
        "1": 0.3715083798882682,
        "3": 0.6797020484171322,
        "5": 0.8142458100558659,
        "10": 0.9236499068901304
      }
    },
    "adjusted_mean_rank": 0.08742419684226009
  },
  "losses": [
    0.02508944786443246,
    0.023952459239781124,
    0.023633961820423825,
    0.023124064399062026,
    0.022793712464164704,
    0.022449651460969045,
    0.021791844555501188,
    0.02140210128009096,
    0.020827358469980933,
    0.020420133509439477,
    0.019600524549627126,
    0.018738383880715245,
    0.017315962285584723,
    0.015854756539680537,
    0.014167546891094594,
    0.012891463014516937,
    0.01139133158471254,
    0.01031864398204432,
    0.009253615464610553,
    0.008359849648305986,
    0.0077734182445744005,
    0.007159421032064416,
    0.006794935699259297,
    0.006479286243406574,
    0.006113154025336776,
    0.005806587608565998,
    0.005708891912346029,
    0.005449820491258571,
    0.005311337358942639,
    0.005156382555595498,
    0.005046346353904138,
    0.004910203847992286,
    0.004803321167324366,
    0.0047445125905762,
    0.004662563961543394,
    0.004576426180784176,
    0.00453121866682049,
    0.004508123820305764,
    0.004374040283737111,
    0.004357501878385687,
    0.004270239757576239,
    0.004149437411112732,
    0.004105541576048854,
    0.004049617490183548,
    0.003950154834360666,
    0.0039316149574987,
    0.003856490599863538,
    0.00381582353110617,
    0.0037157152699174058,
    0.003659880549162068,
    0.003613746009962389,
    0.0035500977509253925,
    0.0034864919490358802,
    0.003388069737493322,
    0.003351617981208844,
    0.003287830798143751,
    0.003199614319350389,
    0.003154980514045065,
    0.0030879453661736478,
    0.0030267459343881645,
    0.002956690580657359,
    0.002918199932530578,
    0.0028057306139879904,
    0.0027469891064175952,
    0.002672473003578543,
    0.0025631754278913417,
    0.0024941082527574973,
    0.002412651020210334,
    0.0023404992419235717,
    0.0022843368630507464,
    0.0022339601251069974,
    0.0020871857453263207,
    0.002026007863019736,
    0.0019346320590053158,
    0.0018508597329426348,
    0.0017770730335725828,
    0.0016941146694877175,
    0.0016159869116567048,
    0.001544511838631237,
    0.0014578397228811565,
    0.0013695632766806678,
    0.0012951612626010559,
    0.001216646639651127,
    0.0011590601220615347,
    0.0010749536604805386,
    0.0010103031274363789,
    0.0009718378936027767,
    0.0009121112909154052,
    0.0008798980883109882,
    0.0008404049464267738,
    0.000809592114628924,
    0.0007435286780365844,
    0.000717059238238281,
    0.0006760604267988759,
    0.0006472522092892436,
    0.0006234231893294089,
    0.0006055905926651723,
    0.0005871250942935434,
    0.0005658414643885714,
    0.000552791700967019,
    0.0005325791984098904,
    0.0005195330050582073,
    0.0005043640537431624,
    0.0004815729474474428,
    0.00047125355148694935,
    0.00045506507576851364,
    0.0004539861420539211,
    0.00043979055886523107,
    0.000431435965768965,
    0.00042626404897606326,
    0.0004104610588331794,
    0.00041585008366110175,
    0.00040346989756945365,
    0.0003876366638595915,
    0.0003995852272831992,
    0.00039550118420398635,
    0.00039400189612688645,
    0.0003793797044132309,
    0.00037082010175516544,
    0.00037189916801754006,
    0.0003718330789957377,
    0.0003669408659279793,
    0.0003671334787840477,
    0.0003625389261778151,
    0.0003699703605964166,
    0.000355247657550743,
    0.00035719346945707717,
    0.0003535166009562962,
    0.0003476148254974058,
    0.0003500709777579325,
    0.00034998267826237035,
    0.00034925066569492166,
    0.0003435987951268864,
    0.00034037735382939097,
    0.0003474931291928898,
    0.0003446071157545856,
    0.0003435055756669366,
    0.00033747482249576056,
    0.0003366618999716048,
    0.00033476162346059016,
    0.00033216088947452855,
    0.0003393112057436272,
    0.00032964557555786677,
    0.00033233921158682094,
    0.0003337962134333139,
    0.0003283858553886637,
    0.00032977431782343415,
    0.000326806464849898,
    0.00033297791051563254,
    0.000327742900978425,
    0.000331638382629174,
    0.0003224756770980046,
    0.00031892299017265494,
    0.0003227373281640283,
    0.0003183225347670946,
    0.000312407220249877,
    0.00031791086577241787,
    0.0003147405129246944,
    0.000315775503561403,
    0.00030539333924986,
    0.00030837264016605494,
    0.0003073983093242297,
    0.000309386280145538,
    0.00030746367456537953,
    0.00031395305352711054,
    0.0003049446650072653,
    0.0003058019962705923,
    0.00030648336686500894,
    0.0003041841145535087,
    0.0003050411702569728,
    0.0003064841761041,
    0.0003080064019237118,
    0.000306900374396017,
    0.0003051755859164263,
    0.0003075518362810103,
    0.0003095243757499961,
    0.00029929015918003484,
    0.00030485636551170315,
    0.00030100296952583817,
    0.00029911853945099014,
    0.00029855432888765016,
    0.0003028222419014584,
    0.00030040003408151174,
    0.000301566616761104,
    0.0002994983551207553,
    0.00030304712491033227,
    0.0003025519333724002,
    0.00029743290488862815,
    0.00029585380386212346,
    0.0003024076132543301,
    0.00029512334524301555,
    0.000296040689258763,
    0.0002979173774967033,
    0.00030329213774159605,
    0.00029535501958167506,
    0.0002936474867304613,
    0.0002933471683370933,
    0.00029605446725190803,
    0.000298442877131455,
    0.0002944273246305712,
    0.0002934089373476273,
    0.0002939343131548456,
    0.0002997816951896591,
    0.00030152770177869316,
    0.00029820717054973827,
    0.00029239689142962965,
    0.0002920139678631829,
    0.00029664605765251185,
    0.0002917224482008804,
    0.0002949066801966353,
    0.00029876020698623264,
    0.0002961036041099927,
    0.00029376807905147584,
    0.00029279532831873786,
    0.0002915666679318032,
    0.00029433497370740446,
    0.00029383455699637587,
    0.00028968687702933055,
    0.0002962042357814446,
    0.0002927546797508604,
    0.00029634158667665294,
    0.0002927907379797559,
    0.0002952313507568747,
    0.00029615082774548496,
    0.00029519325722190325,
    0.0002971831639384509,
    0.0002902855430398318,
    0.0002917523638865028,
    0.0002889138792923997,
    0.0002960908132490147,
    0.0002913694577605537,
    0.0002962492008724909,
    0.0002918210358460075,
    0.00029378261570626877,
    0.0002928781549861369,
    0.0002928917707826538,
    0.00029088324023068845,
    0.0002869752197341526,
    0.0002890779228692644,
    0.00028837486850411703,
    0.00029586668890178874,
    0.000294087759885337,
    0.000292467133033923,
    0.0002908128268374932,
    0.0002940737202847272,
    0.000297606491905808,
    0.00029154597303728935,
    0.0002903703178108185,
    0.0002941390192519859,
    0.0002907318628152435,
    0.000289018429843674,
    0.00029177030143833784,
    0.0002946947031560239,
    0.0002917670278569286,
    0.0002906939175245021,
    0.00029202558846676843,
    0.000295513721134109,
    0.0002946217635067438,
    0.0002897829480106464,
    0.0002917480961967274,
    0.0002916345899499088,
    0.00028724591544225866,
    0.0002866993633827913,
