{
  "times": {
    "training": 523.3323886394501,
    "evaluation": 1.2796010971069336
  },
  "metrics": {
    "arithmetic_mean_rank": {
      "head": {
        "optimistic": 2.67877094972067,
        "realistic": 2.67877094972067,
        "pessimistic": 2.67877094972067
      },
      "tail": {
        "optimistic": 2.4152700186219738,
        "realistic": 2.4152700186219738,
        "pessimistic": 2.4152700186219738
      },
      "both": {
        "optimistic": 2.547020484171322,
        "realistic": 2.547020484171322,
        "pessimistic": 2.547020484171322
      }
    },
    "geometric_mean_rank": {
      "head": {
        "optimistic": 1.6634733403767015,
        "realistic": 1.6634733403767015,
        "pessimistic": 1.6634733403767015
      },
      "tail": {
        "optimistic": 1.569526940289221,
        "realistic": 1.569526940289221,
        "pessimistic": 1.569526940289221
      },
      "both": {
        "optimistic": 1.6158175089329037,
        "realistic": 1.6158175089329037,
        "pessimistic": 1.6158175089329037
      }
    },
    "median_rank": {
      "head": {
        "optimistic": 1.0,
        "realistic": 1.0,
        "pessimistic": 1.0
      },
      "tail": {
        "optimistic": 1.0,
        "realistic": 1.0,
        "pessimistic": 1.0
      },
      "both": {
        "optimistic": 1.0,
        "realistic": 1.0,
        "pessimistic": 1.0
      }
    },
    "harmonic_mean_rank": {
      "head": {
        "optimistic": 1.3595749639384351,
        "realistic": 1.3595749639384351,
        "pessimistic": 1.3595749639384351
      },
      "tail": {
        "optimistic": 1.3091625308206087,
        "realistic": 1.3091625308206087,
        "pessimistic": 1.3091625308206087
      },
      "both": {
        "optimistic": 1.333892602120228,
        "realistic": 1.333892602120228,
        "pessimistic": 1.333892602120228
      }
    },
    "inverse_arithmetic_mean_rank": {
      "head": {
        "optimistic": 0.37330552659019817,
        "realistic": 0.37330552659019817,
        "pessimistic": 0.37330552659019817
      },
      "tail": {
        "optimistic": 0.4140323824209715,
        "realistic": 0.4140323824209715,
        "pessimistic": 0.4140323824209715
      },
      "both": {
        "optimistic": 0.39261560957777375,
        "realistic": 0.39261560957777375,
        "pessimistic": 0.39261560957777375
      }
    },
    "inverse_geometric_mean_rank": {
      "head": {
        "optimistic": 0.6011518043165905,
        "realistic": 0.6011518043165905,
        "pessimistic": 0.6011518043165905
      },
      "tail": {
        "optimistic": 0.637134651422885,
        "realistic": 0.637134651422885,
        "pessimistic": 0.637134651422885
      },
      "both": {
        "optimistic": 0.6188817700461771,
        "realistic": 0.6188817700461771,
        "pessimistic": 0.6188817700461771
      }
    },
    "inverse_harmonic_mean_rank": {
      "head": {
        "optimistic": 0.7355239883964813,
        "realistic": 0.7355239883964813,
        "pessimistic": 0.7355239883964813
      },
      "tail": {
        "optimistic": 0.7638470980170662,
        "realistic": 0.7638470980170662,
        "pessimistic": 0.7638470980170662
      },
      "both": {
        "optimistic": 0.7496855432067737,
        "realistic": 0.7496855432067737,
        "pessimistic": 0.7496855432067737
      }
    },
    "inverse_median_rank": {
      "head": {
        "optimistic": 1.0,
        "realistic": 1.0,
        "pessimistic": 1.0
      },
      "tail": {
        "optimistic": 1.0,
        "realistic": 1.0,
        "pessimistic": 1.0
      },
      "both": {
        "optimistic": 1.0,
        "realistic": 1.0,
        "pessimistic": 1.0
      }
    },
    "rank_std": {
      "head": {
        "optimistic": 5.685108776808652,
        "realistic": 5.685108776808652,
        "pessimistic": 5.685108776808652
      },
      "tail": {
        "optimistic": 4.73022587675824,
        "realistic": 4.73022587675824,
        "pessimistic": 4.73022587675824
      },
      "both": {
        "optimistic": 5.231166935763232,
        "realistic": 5.231166935763232,
        "pessimistic": 5.231166935763232
      }
    },
    "rank_var": {
      "head": {
        "optimistic": 32.32046180414677,
        "realistic": 32.32046180414677,
        "pessimistic": 32.32046180414677
      },
      "tail": {
        "optimistic": 22.37503684515326,
        "realistic": 22.37503684515326,
        "pessimistic": 22.37503684515326
      },
      "both": {
        "optimistic": 27.365107509822483,
        "realistic": 27.365107509822483,
        "pessimistic": 27.365107509822483
      }
    },
    "hits_at_k": {
      "head": {
        "optimistic": {
          "1": 0.6052141527001862,
          "3": 0.8379888268156425,
          "5": 0.9050279329608939,
          "10": 0.9702048417132216
        },
        "realistic": {
          "1": 0.6052141527001862,
          "3": 0.8379888268156425,
          "5": 0.9050279329608939,
          "10": 0.9702048417132216
        },
        "pessimistic": {
          "1": 0.6052141527001862,
          "3": 0.8379888268156425,
          "5": 0.9050279329608939,
          "10": 0.9702048417132216
        }
      },
      "tail": {
        "optimistic": {
          "1": 0.648975791433892,
          "3": 0.8445065176908753,
          "5": 0.931098696461825,
          "10": 0.9739292364990689
        },
        "realistic": {
          "1": 0.648975791433892,
          "3": 0.8445065176908753,
          "5": 0.931098696461825,
          "10": 0.9739292364990689
        },
        "pessimistic": {
          "1": 0.648975791433892,
          "3": 0.8445065176908753,
          "5": 0.931098696461825,
          "10": 0.9739292364990689
        }
      },
      "both": {
        "optimistic": {
          "1": 0.6270949720670391,
          "3": 0.8412476722532588,
          "5": 0.9180633147113594,
          "10": 0.9720670391061452
        },
        "realistic": {
          "1": 0.6270949720670391,
          "3": 0.8412476722532588,
          "5": 0.9180633147113594,
          "10": 0.9720670391061452
        },
        "pessimistic": {
          "1": 0.6270949720670391,
          "3": 0.8412476722532588,
          "5": 0.9180633147113594,
          "10": 0.9720670391061452
        }
      }
    },
    "adjusted_arithmetic_mean_rank": {
      "head": {
        "realistic": 0.05676179577985814
      },
      "tail": {
        "realistic": 0.05006272314966708
      },
      "both": {
        "realistic": 0.053375349388539564
      }
    },
    "adjusted_arithmetic_mean_rank_index": {
      "head": {
        "realistic": 0.9636576197051087
      },
      "tail": {
        "realistic": 0.9700439486805542
      },
      "both": {
        "realistic": 0.9668867242968536
      }
    }
  },