{
  "times": {
    "training": 888.5683407783508,
    "evaluation": 7.505966424942017
  },
  "metrics": {
    "mean_rank": {
      "worst": 16047.591313269493,
      "best": 16047.58413132695,
      "avg": 16047.587722298222
    },
    "mean_reciprocal_rank": {
      "worst": 0.01707588641934351,
      "best": 0.01707588652512813,
      "avg": 0.017075886472229043
    },
    "hits_at_k": {
      "worst": {
        "1": 0.001709986320109439,
        "3": 0.025991792065663474,
        "5": 0.03095075239398085,
        "10": 0.03864569083447333
      },
      "best": {
        "1": 0.001709986320109439,
        "3": 0.025991792065663474,
        "5": 0.03095075239398085,
        "10": 0.03864569083447333
      },
      "avg": {
        "1": 0.001709986320109439,
        "3": 0.025991792065663474,
        "5": 0.03095075239398085,
        "10": 0.03864569083447333
      }
    },
    "adjusted_mean_rank": 0.7916385080272732
  },
  "losses": [
    29.5458469589946,
    0.0013506077780393818,
    0.0013409623784942592,
    0.0013354146440061954,
    0.0013633312438788682,
    0.0014437881005189919,
    0.0016305300007008131,
    0.001952355079043541,
    0.0021671618246734262,
    0.0022615385871000253,
    0.0022950345287052827,
    0.002383298622537045,
    0.002506752445776447,
    0.0025898054520989244,
    0.0026482785174339663,
    0.0027083715832678912,
    0.0026983279085546438,
    0.002758282521519628,
    0.0028073428022694683,
    0.002843822291143517,
    0.002829543303323134,
    0.002771195368273391,
    0.0027423986981156274,
    0.002654799209286555,
    0.002623984292977529,
    0.0025953247234557324,
    0.002620993640994328,
    0.0026630150638261166,
    0.0027566909721397793,
    0.002756599567368521,
    0.0026628018091357404,
    0.0025999203174165157,
    0.002580732451398433,
    0.0024435570554809604,
    0.002419281029197406,
    0.0023652469376698945,
    0.0023200389792101365,
    0.002285996657575962,
    0.002255793997350049,
    0.0022364232792318633,
    0.0022767699924152035,
    0.002258084553363115,
    0.002294736418650202,
    0.0022987798100865386,
    0.002366136073407206,
    0.0024003587293797853,
    0.0023882772615414836,
    0.0024038840721272267,
    0.002425224752069762,
    0.0025286027500650977,
    0.0024724862307418214,
    0.002479729977352546,
    0.0025010879095912963,
    0.002428392250042145,
    0.0024723003817639726,
    0.0024991073557329335,
    0.0024621887947533245,
    0.002425886459381337,
    0.002449035378546338,
    0.002399282951171571,
    0.0023856706032242573,
    0.0023797808220920947,
    0.0024397412668191796,
    0.002379971383292969,
    0.0024280909629259906,
    0.0024725753360306134,
    0.0024796776630968092,
    0.0024165312202028806,
    0.002430117215394713,
    0.0024426622135950687,
    0.0024315804440431413,
    0.002423280422267583,
    0.0024298685136673027,
    0.002416550396513828,
    0.0024582253710802283,
    0.0024410472795081523,
    0.0024236091267652803,
    0.0024304194374049327,
    0.002396386407052749,
    0.0023953790037840794,
    0.0024635498460699474,
    0.0024638923989433958,
    0.0024429340529209826,
    0.0024521999705906542,
    0.002434260041944212,
    0.002422993618802112,
    0.0024611891246098696,
    0.002475865817875856,
    0.0024503223408810894,
    0.002420740616426585,
    0.0024129593791743114,
    0.002420080565428798,
    0.0024358694675693984,
    0.0024529417699061646,
    0.0024055763580586725,
    0.002424010899205992,
    0.002469745634778242,
    0.0024368283723504003,
    0.0024389390110207626,
    0.0024186749631838114,
    0.0024287722556504683,
    0.0024376389811046795,
    0.002436448204062273,
    0.0024505482962652214,
    0.0024213250858381346,
    0.0024521949014330376,
    0.002452488839128663,
    0.002396758322944472,
    0.0024513082203074577,
    0.0024811263638209366,
    0.0024649832624430044,
    0.0024215542193129595,
    0.0024184029316623476,
    0.0024339812259198527,
    0.0024382977691031413,
    0.0024386715338474084,
    0.00242962519410169,
    0.0024261559649041507,
    0.0024449473191482758,
    0.002432242033291736,
    0.002411428675130151,
    0.002429792352062354,
    0.002442550668789465,
    0.002449842473210919,
    0.0024147496539474104,
    0.00243133548875612,
    0.002421560451940063,
    0.002442087987519892,
    0.0024721793171009567,
    0.002417672618090156,
    0.002462689437389566,
    0.0024443521815109056,
    0.0024051867618924317,
    0.0024188297863086765,
    0.0024409032687557693,
    0.002459765907642775,
    0.0024804544509256857,
    0.0024020137376115887,
    0.002419526061362647,
    0.0024074845550975535,
    0.0024461210415813186,
    0.002449162733151916,
    0.002406460276373229,
    0.0024545668539773303,
    0.0024320606267767306,
    0.002402198126589675,
    0.002420275297959508,
    0.002455462982200578,
    0.002434457299787159,
    0.0023847717808312538,
    0.0024387608931088905,
    0.002427376830159825,
    0.002463590546223196,
    0.002456693381728331,
    0.002467414892391816,
    0.0023774425710373992,
    0.002447676274925685,
    0.0024411664139787214,
    0.002416461201991388,
    0.0024416332507906386,
    0.002432183185760143,
    0.0024582750042080504,
    0.0023897672293957304,
    0.002437486739577891,
    0.0024481488734856096,
    0.0024486878001024775,
    0.0024509349820417137,
    0.0024122673893946815,
    0.002400633002038638,
    0.002419651464153779,
    0.002453033371677861,
    0.0024182449331924404,
    0.0024368880943717434,
    0.002441515740372462,
    0.0023910642088938784,
    0.002458950921634857,
    0.002416812963090893,
    0.002403717131072968,
    0.002460116688544978,
    0.0024246718466587346,
    0.0024748027499711745,
    0.00245918094195486,
    0.0023981225073917574,
    0.0024355765567471367,
    0.0024500949797237955,
    0.002392417117983331,
    0.0023947905298409744,
    0.0024282468211611723,
    0.0024312850827276243,
    0.0024546570273242464,
    0.0024606870000086598,
    0.0024166353194901807,
    0.002401667496642829,
    0.0024318697127597407,
    0.002412490634821566,
    0.0024519556975978337,
    0.0024311138474756608,
    0.0024222353356293793,
    0.002436830475518842,
    0.002444529514853088
  ]
}