{
  "times": {
    "training": 434.08137464523315,
    "evaluation": 5.522952079772949
  },
  "metrics": {
    "mean_rank": {
      "worst": 842.6932,
      "avg": 842.6932,
      "best": 842.6932
    },
    "mean_reciprocal_rank": {
      "worst": 0.6956306173522141,
      "avg": 0.6956306173522141,
      "best": 0.6956306173522141
    },
    "hits_at_k": {
      "worst": {
        "1": 0.5835,
        "3": 0.7857,
        "5": 0.8337,
        "10": 0.881
      },
      "avg": {
        "1": 0.5835,
        "3": 0.7857,
        "5": 0.8337,
        "10": 0.881
      },
      "best": {
        "1": 0.5835,
        "3": 0.7857,
        "5": 0.8337,
        "10": 0.881
      }
    },
    "adjusted_mean_rank": 0.041183641449040444
  },
  "losses": [
    4.075045305126988e-05,
    3.4741479811540154e-06,
    1.210256589470223e-06,
    7.156592920935406e-07,
    5.330572877069714e-07,
    4.5211263590223754e-07,
    3.667344831698142e-07,
    3.399865012227961e-07,
    3.1484768113600977e-07,
    2.912387687687518e-07,
    2.598514977258499e-07,
    2.4709024565697015e-07,
    2.2999349406141521e-07,
    2.2215023665460437e-07,
    2.0885329196203423e-07,
    1.8543024311462862e-07,
    1.7601434900871605e-07,
    1.8427180584569723e-07,
    1.657109033023417e-07,
    1.4567698668429898e-07,
    1.68135698148949e-07,
    1.490994907242895e-07,
    1.3735450415907027e-07,
    1.3346133359516717e-07,
    1.3409944642587757e-07,
    1.3443777079018628e-07,
    1.1639450107148435e-07,
    1.374590421007311e-07,
    1.230524440661802e-07,
    1.395103689289322e-07,
    1.1253212325816347e-07,
    1.158111207345335e-07,
    1.3476651452462626e-07,
    1.1891249342367353e-07,
    1.0876745229308409e-07,
    9.530058717388318e-08,
    1.0918756839646937e-07,
    9.339771777247378e-08,
    1.0281744204181787e-07,
    8.611979366101462e-08,
    1.0498573008671588e-07,
    1.0219590328307721e-07,
    1.0230707627543692e-07,
    1.0319898371777691e-07,
    9.948870825462771e-08,
    1.119084928969526e-07,
    8.569743101402188e-08,
    9.53222117507847e-08,
    7.826234170155191e-08,
    7.670239356017046e-08,
    9.44510721822587e-08,
    8.184537617969046e-08,
    8.25219165729709e-08,
    8.561231879172225e-08,
    7.605507068257694e-08,
    9.768012686250818e-08,
    8.710038093278944e-08,
    8.674497590277939e-08,
    7.575481862735427e-08,
    6.367290093347078e-08,
    6.903672158800995e-08,
    5.9039806653806245e-08,
    7.875886580246608e-08,
    7.240584614280392e-08,
    7.756114874326852e-08,
    7.432273516436026e-08,
    6.93767323518214e-08,
    7.292504454425236e-08,
    6.243283252514093e-08,
    6.414734106112681e-08,
    6.781669408531629e-08,
    6.5715127747688e-08,
    6.076021187806955e-08,
    6.884514533389968e-08,
    5.840269649081716e-08,
    6.937790534162285e-08,
    6.413560807663542e-08,
    5.7558587129005246e-08,
    6.34385484509709e-08,
    5.9461726442814086e-08,
    7.272705275224797e-08,
    6.141276689975673e-08,
    6.485401480493377e-08,
    6.351250331670934e-08,
    5.906042257007727e-08,
    6.614931942004305e-08,
    5.2591573813422175e-08,
    5.611865601572482e-08,
    7.362555229181752e-08,
    6.028127216873692e-08,
    6.166813853386614e-08,
    6.517614406518711e-08,
    6.145020102831534e-08,
    5.708263524499421e-08,
    5.6061550593561466e-08,
    5.146261181957458e-08,
    5.818017729044556e-08,
    4.6762553151968795e-08,
    6.618332051185658e-08,
    7.319323292775337e-08,
    6.285935970388924e-08,
    6.591115871381786e-08,
    6.241915339483046e-08,
    6.0052633667946e-08,
    6.249914223919415e-08,
    6.847797250008141e-08,
    5.548567282914137e-08,
    5.8711628297621315e-08,
    5.589487490286805e-08,
    5.790496265816685e-08,
    5.787102984179303e-08,
    5.824226314808632e-08,
    6.119558402493239e-08,
    5.8264784873782264e-08,
    5.818912399655285e-08,
    5.116252616403441e-08,
    4.973230619358184e-08,
    4.761482136452442e-08,
    5.782209452958369e-08,
    5.597971050611128e-08,
    5.683817298189242e-08,
    6.406542966963151e-08,
    6.209274084419505e-08,
    5.4431385438495e-08,
    6.524305317304217e-08,
    5.8010145435570796e-08,
    6.396434032570315e-08,
    4.379031601091436e-08,
    5.702800800009482e-08,
    5.477994474004138e-08,
    5.439976722897307e-08,
    5.006537557386829e-08,
    5.5669308899746626e-08,
    5.611414495621248e-08,
    4.976534219552956e-08,
    6.235753743399772e-08,
    6.787527760194664e-08,
    4.222571537864965e-08,
    5.2864188577657455e-08,
    5.957583819837398e-08,
    6.44713989321527e-08,
    6.491430411442965e-08,
    5.6468425222621666e-08,
    5.655095993454445e-08,
    4.72876047802427e-08,
    4.874719178046432e-08,
    4.7317431566457335e-08,
    5.259241446683015e-08,
    5.2170170109062207e-08,
    4.286795329851369e-08,
    5.523359340805625e-08,
    5.598042062083951e-08,
    4.239661156921196e-08,
    5.8102544448696805e-08,
    6.068947636199647e-08,
    5.815394115062968e-08,
    5.086359633137583e-08,
    4.7391220714110245e-08,
    4.583159529924803e-08,
    5.000283164448389e-08,
    4.965499725346408e-08,
    5.911341876629188e-08,
    4.818773442808611e-08,
    4.531300804914913e-08,
    6.254465949050122e-08,
    4.360856860371218e-08,
    3.278985578644844e-08,
    4.025404596507134e-08,
    5.5525906890529e-08,
    5.421291923232226e-08,
    4.6189017718035765e-08,
    5.0328352582692684e-08,
    5.2280455482124726e-08,
    4.6826735749777674e-08,
    3.786480012985286e-08,
    3.8898619661879086e-08,
    4.006061927164458e-08,
    4.613250104775933e-08,
    4.551773404170573e-08,
    4.339944267445463e-08,
    5.2861446837777136e-08,
    4.7258991300933204e-08,
    4.9168117659628875e-08,
    4.1428089618322005e-08,
    4.844352968274901e-08,
    4.8771552339037806e-08,
    5.199138669700837e-08,
    4.9814806201930687e-08,
    4.7407640160020585e-08,
    3.8455875850899454e-08,
    4.584007845190021e-08,
    3.293595606103315e-08,
    5.334816420771598e-08,
    4.340502813655411e-08,
    4.0298187817998026e-08,
    4.3074477539992506e-08,
    4.5222633563886025e-08,
    3.239791469940217e-08,
    4.041317284073782e-08,
    4.113036044283616e-08,
    4.422871963102541e-08,
    5.8188360093535566e-08,
    5.152804287154359e-08,
    5.2882459363106693e-08,
    4.941138882559843e-08,
    4.893378440330763e-08,
    5.3809580008155586e-08,
    4.877079524556005e-08,
    4.2334961875759467e-08,
    4.384252402704232e-08,
    3.906431524185275e-08,
    3.589004155484521e-08,
    4.440309507832344e-08,
    4.839223008105593e-08,
    3.681391480609027e-08,
    3.686655154892164e-08,
    4.4794181523148485e-08,
    3.836941503956622e-08,
    3.755951683445801e-08,
    4.373887152806949e-08,
    3.436280482414581e-08,
    5.095651720986362e-08,
    5.527039714944144e-08,
    4.837055106963427e-08,
    5.5602663659940535e-08,
    3.376483835708483e-08,
    4.127146457647841e-08,
    4.031213938454578e-08,
    4.4414438978249234e-08,
    4.2032062864431105e-08,
    3.8991286356138986e-08,
    4.211174525379563e-08,
    4.181240253895089e-08,
    3.856802571317823e-08,
    3.84492177802275e-08,
    3.814424473684134e-08,
    3.366492497369188e-08,
    4.4675196953700406e-08,
    3.464691701681833e-08,
    4.4871828155983074e-08,
    4.423890038773425e-08,
    3.512742056680261e-08,
    4.0041471585975e-08,
    5.0815320755198044e-08,
    4.179125927560662e-08,
    3.8594953680347085e-08,
    3.689197521872117e-08,
    4.2403552867537335e-08,
    4.9995675236405875e-08,
    4.346521094330862e-08,
    4.5634870123390905e-08,
    4.804377370235349e-08,
    4.766140320599436e-08,
    5.260301788760617e-08,
    3.4701971643914866e-08,
    4.86049897805808e-08,
    3.993027518783261e-08,
    4.439208375712778e-08,
    4.822134296344949e-08,
    5.240865835990551e-08,
    3.62019768990671e-08,
    3.7823523626988755e-08,
    4.745027830072252e-08,
    4.1646177827534555e-08,
    5.0486761575997565e-08,
    4.240082596685894e-08,
