{
  "times": {
    "training": 506.24649024009705,
    "evaluation": 0.30343055725097656
  },
  "metrics": {
    "mean_rank": {
      "avg": 46.29096834264432,
      "best": 46.29096834264432,
      "worst": 46.29096834264432
    },
    "mean_reciprocal_rank": {
      "avg": 0.05939384793485988,
      "best": 0.05939384793485988,
      "worst": 0.05939384793485988
    },
    "hits_at_k": {
      "avg": {
        "1": 0.009776536312849162,
        "3": 0.0335195530726257,
        "5": 0.06517690875232775,
        "10": 0.1308193668528864
      },
      "best": {
        "1": 0.009776536312849162,
        "3": 0.0335195530726257,
        "5": 0.06517690875232775,
        "10": 0.1308193668528864
      },
      "worst": {
        "1": 0.009776536312849162,
        "3": 0.0335195530726257,
        "5": 0.06517690875232775,
        "10": 0.1308193668528864
      }
    },
    "adjusted_mean_rank": 0.9577419159776103
  },
  "losses": [
    0.0009786634974544414,
    0.000556315431434117,
    0.0005204226657720318,
    0.0005105039931498887,
    0.0005018298988568872,
    0.0004964111589090655,
    0.0004927339834555258,
    0.0004899662671687451,
    0.0004870572906992074,
    0.00048363983739265116,
    0.0004812250400401568,
    0.0004796931338723233,
    0.0004763968170303084,
    0.0004754172514231129,
    0.00047289990568847467,
    0.0004716650303802017,
    0.0004703346796836076,
    0.0004685849713489469,
    0.0004673808183493127,
    0.000466034495644969,
    0.00046535950740066807,
    0.00046434914797879336,
    0.0004637001861891385,
    0.0004625863025892763,
    0.00046137020808089985,
    0.00046051219576613957,
    0.0004598223517059387,
    0.000458414482357406,
    0.00045711772380333936,
    0.0004559536220345381,
    0.00045470378539535437,
    0.0004522637254820111,
    0.0004502589271965433,
    0.00044694833181910075,
    0.0004421060351996721,
    0.00043748224447115084,
    0.0004318018447370565,
    0.00042516586356813765,
    0.0004155727248108677,
    0.0004028941187240211,
    0.0003898831473293711,
    0.00037766357688477425,
    0.0003671074008799336,
    0.00035873248873187805,
    0.00035260537768319974,
    0.0003483401740507017,
    0.0003452442886398526,
    0.0003422806972519177,
    0.0003390834110436703,
    0.00033531076892205836,
    0.00033475377959677117,
    0.00033025866137182666,
    0.00032896910923138986,
    0.0003284626528760244,
    0.00032577687466328733,
    0.0003252372717701094,
    0.00032501941030559024,
    0.00032431740934650105,
    0.00032325870835323456,
    0.00032133717100355733,
    0.00031981729005885483,
    0.00032002767565405545,
    0.0003191844363128313,
    0.00031935045677010485,
    0.0003180011325561152,
    0.00031745025525323016,
    0.0003158620755756727,
    0.00031369935532801605,
    0.00031503221571222226,
    0.0003143489659041836,
    0.00031400480122769373,
    0.00031286009852443073,
    0.00031225843623643287,
    0.0003115883077868027,
    0.0003104904851412282,
    0.00031092473696428964,
    0.00031047115496565564,
    0.0003089240528922179,
    0.0003089761171378335,
    0.000308581923521804,
    0.0003083537599553218,
    0.0003078591936592306,
    0.00030641061470107863,
    0.00030730124859467203,
    0.00030545411066392836,
    0.00030530924901840613,
    0.0003055851175781158,
    0.000304865576710538,
    0.00030604499210830263,
    0.0003045678133500761,
    0.0003036783252971784,
    0.0003025990750375535,
    0.0003031692851320858,
    0.0003037474158286267,
    0.00030141647500491766,
    0.00030156972465778556,
    0.00030115393534553857,
    0.0003002423597743895,
    0.00030083415946096514,
    0.00030081049706577584,
    0.00030035804172329016,
    0.0003016794253880165,
    0.00029972197194949964,
    0.0002995844858904345,
    0.0002982822571242793,
    0.00029848521742760465,
    0.00029714874860443426,
    0.00029747992098219834,
    0.00029729686290276856,
    0.00029840821763047116,
    0.0002966443947010607,
    0.0002969189996967155,
    0.0002961691777650895,
    0.00029746217963596183,
    0.00029569436021651443,
    0.0002956033574438162,
    0.00029562205888944844,
    0.00029510044412554875,
    0.0002945531717735283,
    0.0002948921897591611,
    0.00029382926467736337,
    0.0002933935243078274,
    0.00029440460402225513,
    0.0002928331515259957,
    0.0002933911079268777,
    0.0002940006088465452,
    0.0002939266480561276,
    0.0002932424416367927,
    0.00029282919950922775,
    0.0002925155661679274,
    0.00029101726609501947,
    0.00029254122811617255,
    0.000291764580955108,
    0.00029067655289301487,
    0.0002903106050349577,
    0.0002903605581083325,
    0.0002906087904554628,
    0.0002905580107024993,
    0.000291396737314956,
    0.0002908059936505132,
    0.00028918895169339153,
    0.00028944945866276933,
    0.0002893545169536764,
    0.00028984813971884467,
    0.00028942951632572914,
    0.00028914543852377473,
    0.00028864185985052186,
    0.00028791621132066636,
    0.0002870824369375179,
    0.00028818930945732397,
    0.0002873588243520327,
    0.00028721579919091327,
    0.0002873583412502477,
    0.00028790603217421174,
    0.0002873897419942452,
    0.00028793999405528944,
    0.00028659621853562776,
    0.0002879869351547197,
    0.00028608581016349434,
    0.0002855950825209363,
    0.00028548953698927096,
    0.00028522052603323806,
    0.0002864703713926706,
    0.00028547589241593297,
    0.00028414970651017814,
    0.00028422043906448037,
    0.00028413709354227625,
    0.0002854962864618623,
    0.0002845060071569592,
    0.0002847837078409472,
    0.0002846017075277,
    0.0002829824262106798,
    0.00028480022573627335,
    0.00028522465158295767,
    0.00028370835378849777,
    0.0002831441353769338,
    0.00028232890721898845,
    0.000282085333228781,
    0.0002813742632109128,
    0.00028193470749878483,
    0.00028161627017240625,
    0.0002799289020245776,
    0.00028081825840171805,
    0.0002814328423544262,
    0.00028161632336592404,
    0.0002816836384547114,
    0.0002814809615594729,
    0.00027969870751214386,
    0.00028073438268838525,
    0.0002803550527364797,
    0.0002797133357295494,
    0.0002788309424710966,
    0.00027982927579781535,
    0.0002782477531582117,
    0.00027773036509891796,
    0.0002775603403033835,
    0.0002800537960443381,
    0.0002782107043090496,
    0.0002768360913734646,
    0.0002757363938743925,
    0.00027764134879890227,
    0.00027649722424813645,
    0.0002768471346965778,
    0.0002746867514756065,
    0.0002745673747572783,
    0.0002756470993984393,
    0.00027662425211278464,
    0.00027354351115807166,
    0.0002741715129576484,
    0.0002741722611549977,
    0.0002731226763098539,
    0.0002715858615139562,
    0.0002725565019464783,
    0.00027110013144600033,
    0.0002719975837021508,
    0.0002705417669374733,
    0.00026873095320321423,
    0.0002699398456580853,
    0.0002706117600146751,
    0.0002697890324427394,
    0.0002676378403640307,
    0.0002686990118037895,
    0.00026956857670419447,
    0.0002658684678682674,
    0.0002669449041035961,
    0.00026681932816037746,
    0.0002662293431575825,
    0.0002636403322380301,
    0.00026349914050922637,
    0.00026188856897673356,
    0.00026064338328226115,
    0.0002586948441181067,
    0.0002581888490639041,
    0.0002568628571836857,
    0.0002562973922125521,
    0.00025563668686380325,
    0.0002518085316381651,
    0.00024795528912867945,
    0.0002469254150979695,
    0.00024303025391636494,
    0.00023740107910393663,
    0.00023985254292268208,
    0.0002392408327279745,
    0.00023675143103069914,
    0.00022655101414518746,
    0.00022540385058770576,
    0.00022320362236978632,
    0.00021454887787291732,
    0.0002189566789383299,
    0.0002058403669378619,
    0.00020695430024314238,
    0.00018970356174580726,
    0.00018948191874538467,
    0.00017571549475444166,
    0.00016971506973665753,
    0.0001548492307827044,
    0.00015877367019974227,
