{
  "times": {
    "training": 351.6289052963257,
    "evaluation": 0.3626589775085449
  },
  "metrics": {
    "arithmetic_mean_rank": {
      "both": {
        "realistic": 2.149906890130354,
        "pessimistic": 2.149906890130354,
        "optimistic": 2.149906890130354
      },
      "head": {
        "realistic": 2.2849162011173183,
        "pessimistic": 2.2849162011173183,
        "optimistic": 2.2849162011173183
      },
      "tail": {
        "realistic": 2.014897579143389,
        "pessimistic": 2.014897579143389,
        "optimistic": 2.014897579143389
      }
    },
    "geometric_mean_rank": {
      "both": {
        "realistic": 1.4663488893054846,
        "pessimistic": 1.4663488893054846,
        "optimistic": 1.4663488893054846
      },
      "head": {
        "realistic": 1.533648315581644,
        "pessimistic": 1.533648315581644,
        "optimistic": 1.533648315581644
      },
      "tail": {
        "realistic": 1.4020026907876602,
        "pessimistic": 1.4020026907876602,
        "optimistic": 1.4020026907876602
      }
    },
    "median_rank": {
      "both": {
        "realistic": 1.0,
        "pessimistic": 1.0,
        "optimistic": 1.0
      },
      "head": {
        "realistic": 1.0,
        "pessimistic": 1.0,
        "optimistic": 1.0
      },
      "tail": {
        "realistic": 1.0,
        "pessimistic": 1.0,
        "optimistic": 1.0
      }
    },
    "harmonic_mean_rank": {
      "both": {
        "realistic": 1.2572016174881544,
        "pessimistic": 1.2572016174881544,
        "optimistic": 1.2572016174881544
      },
      "head": {
        "realistic": 1.29356492148231,
        "pessimistic": 1.29356492148231,
        "optimistic": 1.29356492148231
      },
      "tail": {
        "realistic": 1.2228268266363491,
        "pessimistic": 1.2228268266363491,
        "optimistic": 1.2228268266363491
      }
    },
    "inverse_arithmetic_mean_rank": {
      "both": {
        "realistic": 0.4651364226938068,
        "pessimistic": 0.4651364226938068,
        "optimistic": 0.4651364226938068
      },
      "head": {
        "realistic": 0.43765281173594134,
        "pessimistic": 0.43765281173594134,
        "optimistic": 0.43765281173594134
      },
      "tail": {
        "realistic": 0.49630314232902034,
        "pessimistic": 0.49630314232902034,
        "optimistic": 0.49630314232902034
      }
    },
    "inverse_geometric_mean_rank": {
      "both": {
        "realistic": 0.6819659409116721,
        "pessimistic": 0.6819659409116721,
        "optimistic": 0.6819659409116721
      },
      "head": {
        "realistic": 0.6520399689030042,
        "pessimistic": 0.6520399689030042,
        "optimistic": 0.6520399689030042
      },
      "tail": {
        "realistic": 0.7132653928347237,
        "pessimistic": 0.7132653928347237,
        "optimistic": 0.7132653928347237
      }
    },
    "inverse_harmonic_mean_rank": {
      "both": {
        "realistic": 0.795417366705243,
        "pessimistic": 0.795417366705243,
        "optimistic": 0.795417366705243
      },
      "head": {
        "realistic": 0.7730574503010558,
        "pessimistic": 0.7730574503010558,
        "optimistic": 0.7730574503010558
      },
      "tail": {
        "realistic": 0.8177772831094303,
        "pessimistic": 0.8177772831094303,
        "optimistic": 0.8177772831094303
      }
    },
    "inverse_median_rank": {
      "both": {
        "realistic": 1.0,
        "pessimistic": 1.0,
        "optimistic": 1.0
      },
      "head": {
        "realistic": 1.0,
        "pessimistic": 1.0,
        "optimistic": 1.0
      },
      "tail": {
        "realistic": 1.0,
        "pessimistic": 1.0,
        "optimistic": 1.0
      }
    },
    "rank_std": {
      "both": {
        "realistic": 4.058563949491578,
        "pessimistic": 4.058563949491578,
        "optimistic": 4.058563949491578
      },
      "head": {
        "realistic": 4.14504434122762,
        "pessimistic": 4.14504434122762,
        "optimistic": 4.14504434122762
      },
      "tail": {
        "realistic": 3.9656065167103867,
        "pessimistic": 3.9656065167103867,
        "optimistic": 3.9656065167103867
      }
    },
    "rank_var": {
      "both": {
        "realistic": 16.471941332112674,
        "pessimistic": 16.471941332112674,
        "optimistic": 16.471941332112674
      },
      "head": {
        "realistic": 17.181392590743112,
        "pessimistic": 17.181392590743112,
        "optimistic": 17.181392590743112
      },
      "tail": {
        "realistic": 15.726035045375887,
        "pessimistic": 15.726035045375887,
        "optimistic": 15.726035045375887
      }
    },
    "hits_at_k": {
      "both": {
        "realistic": {
          "1": 0.6890130353817505,
          "3": 0.8812849162011173,
          "5": 0.9390130353817505,
          "10": 0.9804469273743017
        },
        "pessimistic": {
          "1": 0.6890130353817505,
          "3": 0.8812849162011173,
          "5": 0.9390130353817505,
          "10": 0.9804469273743017
        },
        "optimistic": {
          "1": 0.6890130353817505,
          "3": 0.8812849162011173,
          "5": 0.9390130353817505,
          "10": 0.9804469273743017
        }
      },
      "head": {
        "realistic": {
          "1": 0.6573556797020484,
          "3": 0.8640595903165735,
          "5": 0.9283054003724395,
          "10": 0.9776536312849162
        },
        "pessimistic": {
          "1": 0.6573556797020484,
          "3": 0.8640595903165735,
          "5": 0.9283054003724395,
          "10": 0.9776536312849162
        },
        "optimistic": {
          "1": 0.6573556797020484,
          "3": 0.8640595903165735,
          "5": 0.9283054003724395,
          "10": 0.9776536312849162
        }
      },
      "tail": {
        "realistic": {
          "1": 0.7206703910614525,
          "3": 0.8985102420856611,
          "5": 0.9497206703910615,
          "10": 0.9832402234636871
        },
        "pessimistic": {
          "1": 0.7206703910614525,
          "3": 0.8985102420856611,
          "5": 0.9497206703910615,
          "10": 0.9832402234636871
        },
        "optimistic": {
          "1": 0.7206703910614525,
          "3": 0.8985102420856611,
          "5": 0.9497206703910615,
          "10": 0.9832402234636871
        }
      }
    },
    "adjusted_arithmetic_mean_rank": {
      "both": {
        "realistic": 0.04505343876371335
      },
      "head": {
        "realistic": 0.04841621371003541
      },
      "tail": {
        "realistic": 0.04176396796294509
      }
    },
    "adjusted_arithmetic_mean_rank_index": {
      "both": {
        "realistic": 0.9753867616651304
      },
      "head": {
        "realistic": 0.9721838686594841
      },
      "tail": {
        "realistic": 0.9785183579353974
      }
    }
  },