{
  "times": {
    "training": 388.52629804611206,
    "evaluation": 0.17685890197753906
  },
  "metrics": {
    "mean_rank": {
      "best": 23.14292364990689,
      "worst": 23.14292364990689,
      "avg": 23.14292364990689
    },
    "mean_reciprocal_rank": {
      "best": 0.16878623726928987,
      "worst": 0.16878623726928987,
      "avg": 0.16878623726928987
    },
    "hits_at_k": {
      "best": {
        "1": 0.07216014897579143,
        "3": 0.16759776536312848,
        "5": 0.2202048417132216,
        "10": 0.35335195530726254
      },
      "worst": {
        "1": 0.07216014897579143,
        "3": 0.16759776536312848,
        "5": 0.2202048417132216,
        "10": 0.35335195530726254
      },
      "avg": {
        "1": 0.07216014897579143,
        "3": 0.16759776536312848,
        "5": 0.2202048417132216,
        "10": 0.35335195530726254
      }
    },
    "adjusted_mean_rank": 0.4842128313555828
  },
  "losses": [
    0.013485379339185324,
    0.013214917637212446,
    0.012556267162777957,
    0.012043650677141625,
    0.011704071621979109,
    0.011321772020728735,
    0.010679191763230254,
    0.009894650281242999,
    0.009538670663446299,
    0.009386185860114821,
    0.009276490364649267,
    0.00920911245954952,
    0.009181040613859725,
    0.009127120126373647,
    0.009098895079864378,
    0.009084378718834524,
    0.009043008762268762,
    0.009043035393908676,
    0.009023808588165693,
    0.009010727256571364,
    0.009001877328925085,
    0.008987868421847064,
    0.008977511205295387,
    0.008953062939537822,
    0.008954238593020242,
    0.008945021215017035,
    0.008943789308081462,
    0.008939606921524089,
    0.008906589381480486,
    0.008926573205976451,
    0.008918782651654623,
    0.008906733972798293,
    0.008904419889959615,
    0.008903248230351156,
    0.008896138809432977,
    0.008891397719149397,
    0.008879858401363318,
    0.008877663262718626,
    0.008882731978854771,
    0.008872243294087744,
    0.008860259848796808,
    0.008858850706291947,
    0.008873347180794352,
    0.008858952489036244,
    0.008851652048451456,
    0.008852973752149315,
    0.008835297048245365,
    0.0088517583081715,
    0.008846903604382042,
    0.008842562926995956,
    0.008824302023974306,
    0.008839025740312893,
    0.008813814947221162,
    0.008806563244107064,
    0.008833919557627667,
    0.008823627316522017,
    0.00882352539250969,
    0.008818898533997631,
    0.008812775219745292,
    0.008827799938144755,
    0.008808122937347783,
    0.008802601637681493,
    0.008808338245523444,
    0.008824814650777741,
    0.008818527041805371,
    0.00880467377808852,
    0.008801556662359879,
    0.00879755492883731,
    0.008780046207446619,
    0.008799693520156464,
    0.00878184999353235,
    0.008800069143130595,
    0.008788292084328747,
    0.008797493234820914,
    0.008795289696832553,
    0.00878875427844512,
    0.008784279596995325,
    0.008777506192553132,
    0.008778505176410413,
    0.008797056955540002,
    0.008783871199838008,
    0.008781966707086687,
    0.008780157934762677,
    0.008786487150658271,
    0.008787442189693618,
    0.008776776789956158,
    0.008777394086778275,
    0.008769854143687458,
    0.008773348817413443,
    0.008773374893573507,
    0.008776671440630091,
    0.00877689706398809,
    0.008788087542172284,
    0.008785147659396857,
    0.008780502119495739,
    0.008769304826437088,
    0.008792751538480043,
    0.008778139024498534,
    0.008754401094513886,
    0.008763196042735366,
    0.008760219956974914,
    0.008754794853861525,
    0.008762539616412717,
    0.008780702475932765,
    0.008762414390151477,
    0.00876376439018475,
    0.00876484100169708,
    0.008762470676741574,
    0.00875179493566103,
    0.008752961502644175,
    0.008749993837155988,
    0.008756293514080709,
    0.008764827446942305,
    0.008749481779784801,
    0.008770513533150658,
    0.008755854343165285,
    0.00875963056494904,
    0.008766686783629131,
    0.008747054577006327,
    0.008758994812592307,
    0.008764702513681425,
    0.00875673544408286,
    0.008745608686500888,
    0.008733739473853497,
    0.008744610402007563,
    0.008738909355340323,
    0.008747602683014135,
    0.008761176323232133,
    0.008743070349383276,
    0.00875239528206348,
    0.008747376674221138,
    0.008744397947097316,
    0.008745731924545396,
    0.008737883628223942,
    0.008741679915300246,
    0.008738814651694023,
    0.00873945576264366,
    0.008723172074888418,
    0.008736039643535174,
    0.008729833343906908,
    0.008738080205305128,
    0.008741914309484514,
    0.008745927299976293,
    0.008731955213276913,
    0.008740588258742616,
    0.008717434877557646,
    0.008717368801616216,
    0.00872228180986135,
    0.00872303820511654,
    0.00871881977428267,
    0.00870956393649404,
    0.008701456224106336,
    0.008713799290714806,
    0.0087152596289285,
    0.008701785572208045,
    0.008696287703850352,
    0.00870776638713027,
    0.008687499015895503,
    0.008677946283283193,
    0.008683207092548578,
    0.008686620713305775,
    0.008680773445506221,
    0.008701704454709417,
    0.008688793271738156,
    0.008672908592920347,
    0.00866802362986746,
    0.008678399942892042,
    0.00865521038488279,
    0.008663907361980737,
    0.00864421434208667,
    0.008629041406489936,
    0.008636817561936903,
    0.008639570031740637,
    0.008617999799521674,
    0.008622877100963941,
    0.008604484607643459,
    0.008624651021941493,
    0.008585998874806454,
    0.008592078920928168,
    0.008600128060276532,
    0.008576021003903131,
    0.008589929751947188,
    0.00858013741044181,
    0.008562149800018369,
    0.008572858295225527,
    0.008568485898806362,
    0.008541490964605455,
    0.008537836397269022,
    0.008559739983672003,
    0.0085519286446371,
    0.008527334680090124,
    0.008534231511806226,
    0.008515060626402888,
    0.008508286678689194,
    0.0085090388795047,
    0.008500735676578814,
    0.008492744874823072,
    0.00849500619056408,
    0.008484088950912549,
    0.00848269887959187,
    0.008473194708301221,
    0.008459679747509599,
    0.008455379143154968,
    0.008433898692001843,
    0.008455314342113916,
    0.008459641353126043,
    0.008452331478104052,
    0.008431539431298048,
    0.00842816754565173,
    0.008423735035325258,
    0.00841634806022327,
    0.008418936939031053,
    0.008419109759538362,
    0.008401895571527969,
    0.008407873679684956,
    0.008392077360532425,
    0.008383489018550303,
    0.008379563766842088,
    0.00838773362059495,
    0.008395286630978634,
    0.008378494198674733,
    0.008389121666201826,
    0.008378850592628178,
    0.008352235683383008,
    0.00835720299436163,
    0.008366602734568414,
    0.008364300108392642,
    0.00836860706108842,
    0.008349697746524817,
    0.008338429169792138,
    0.00833690509091965,
    0.008340498638314923,
    0.0083309705107567,
    0.008319920950049485,
    0.008323730651484559,
    0.008336021698320682,
    0.008323570139608468,
    0.008305031296968014,
    0.00831076973431817,
    0.008326545615823527,
    0.008311099438206031,
    0.008299236178872514,
    0.008299908324315697,
    0.008284211144800043,
    0.008293302589329832,
    0.008294668420102824,
    0.008294800138589315,
    0.008292119675368238,
    0.008285545867829399,
    0.008290002791364486,
    0.008281642520514209,
    0.008283812415782599,
    0.00828291989308311,
    0.00829196371284596,
    0.008290852322365238,
    0.008266055166428343,
    0.008262322590361987,
    0.008267980822351542,
    0.008273310166668523,
    0.008262071593695979,
    0.008268428005431587,
    0.008251913263347377,
    0.008266247776668338,
    0.008263304822621274,
    0.0082643359658842,
    0.00825849691604714,
    0.008247037421674763,
    0.008240097790977426,
    0.008252265230030491,
    0.008254426283838597,
    0.00824959909330621,
    0.008233941873458776,
    0.00823380037259715,
