{
  "times": {
    "training": 89.23884296417236,
    "evaluation": 0.09844827651977539
  },
  "metrics": {
    "mean_rank": {
      "best": 3.952979515828678,
      "worst": 3.952979515828678,
      "avg": 3.952979515828678
    },
    "mean_reciprocal_rank": {
      "best": 0.5416015770146942,
      "worst": 0.5416015770146942,
      "avg": 0.5416015770146942
    },
    "hits_at_k": {
      "best": {
        "1": 0.3431098696461825,
        "3": 0.6717877094972067,
        "5": 0.8305400372439479,
        "10": 0.9399441340782123
      },
      "worst": {
        "1": 0.3431098696461825,
        "3": 0.6717877094972067,
        "5": 0.8305400372439479,
        "10": 0.9399441340782123
      },
      "avg": {
        "1": 0.3431098696461825,
        "3": 0.6717877094972067,
        "5": 0.8305400372439479,
        "10": 0.9399441340782123
      }
    },
    "adjusted_mean_rank": 0.08236005708915173
  },
  "losses": [
    0.00034219338837662217,
    0.00015073896504324698,
    0.00012712695370759632,
    0.00012151938069555978,
    0.00011931304525137506,
    0.00011829576369598229,
    0.00011792508292287476,
    0.00011766933677334352,
    0.00011747767006427273,
    0.00011734633788480406,
    0.0001170177109476723,
    0.00011634765836420689,
    0.00011543868317125777,
    0.00011427777911770098,
    0.00011263206367440215,
    0.00010965353014010392,
    0.00010389252173389947,
    9.747213302075528e-05,
    9.259930593816194e-05,
    9.007226067075457e-05,
    8.855551073139303e-05,
    8.824878993133704e-05,
    8.771989986384183e-05,
    8.698367410817285e-05,
    8.690345915529723e-05,
    8.648575531242046e-05,
    8.627208436347461e-05,
    8.623209286634619e-05,
    8.609983852056417e-05,
    8.555597840190938e-05,
    8.513327306031846e-05,
    8.508458311498612e-05,
    8.508835941874021e-05,
    8.497552768316831e-05,
    8.437668508762836e-05,
    8.423721866005481e-05,
    8.420827484616403e-05,
    8.408819004363111e-05,
    8.421502955090464e-05,
    8.425395020147723e-05,
    8.428855650894317e-05,
    8.42638834369149e-05,
    8.395328779429309e-05,
    8.42148486057415e-05,
    8.364102571212062e-05,
    8.367873468411885e-05,
    8.367689035149215e-05,
    8.384982727412204e-05,
    8.364397010413672e-05,
    8.334205546922117e-05,
    8.333942675021257e-05,
    8.36934248152911e-05,
    8.3516927851078e-05,
    8.30004174848286e-05,
    8.325548345495141e-05,
    8.34222167925665e-05,
    8.308797837531522e-05,
    8.305648824876725e-05,
    8.318481019834119e-05,
    8.282064563116889e-05,
    8.25506549551804e-05,
    8.270677400592449e-05,
    8.279660434116808e-05,
    8.334544023380298e-05,
    8.251909288657961e-05,
    8.235538634733202e-05,
    8.284539587739925e-05,
    8.323828974034121e-05,
    8.283777176385068e-05,
    8.283953238208865e-05,
    8.31313319643785e-05,
    8.34768373791254e-05,
    8.24197426556927e-05,
    8.243357166229339e-05,
    8.291258539460349e-05,
    8.220751665197731e-05,
    8.179835080472605e-05,
    8.24053930502371e-05,
    8.22143502749698e-05,
    8.214238031735916e-05,
    8.24531176640244e-05,
    8.183976283038824e-05,
    8.1970912320644e-05,
    8.18081632647175e-05,
    8.189010962299752e-05,
    8.177804439729742e-05,
    8.143309053828877e-05,
    8.151737610331635e-05,
    8.165117306111568e-05,
    8.158275137275234e-05,
    8.153245036144939e-05,
    8.155850995304098e-05,
    8.213605421284835e-05,
    8.193810543652331e-05,
    8.20165876759572e-05,
    8.203709246904662e-05,
    8.199199395819327e-05,
    8.194383115190245e-05,
    8.137286631983429e-05,
    8.131691502330455e-05,
    8.10822391749991e-05,
    8.143267240235756e-05,
    8.186283748080668e-05,
    8.206783570628264e-05,
    8.15139464294531e-05,
    8.141956456033478e-05,
    8.098553946374284e-05,
    8.169025154819202e-05,
    8.165042922389084e-05,
    8.136302900713369e-05,
    8.153126397159662e-05,
    8.118477142468262e-05,
    8.159411560102237e-05,
    8.134059529500396e-05,
    8.188186375570766e-05,
    8.183451193255767e-05,
    8.186088763316919e-05,
    8.160115196980006e-05,
    8.143171579106135e-05,
    8.13392201117641e-05,
    8.160983428554366e-05,
    8.164491105043375e-05,
    8.131123465321931e-05,
    8.146208187753565e-05,
    8.147215594499187e-05,
    8.120927575989609e-05,
    8.096148901748076e-05,
    8.126440124886202e-05,
    8.148680945111906e-05,
    8.104894700903124e-05,
    8.125442092408067e-05,
    8.113440937163789e-05,
    8.097976491497027e-05,
    8.068909504091584e-05,
    8.098168947388616e-05,
    8.067237352777956e-05,
    8.086810082071618e-05,
    8.071364166933611e-05,
    8.088352912095155e-05,
    8.041191844388228e-05,
    8.047838636049617e-05,
    8.061803111715821e-05,
    8.058714094372947e-05,
    8.141148306973529e-05,
    8.113769559740797e-05,
    8.132919138960178e-05,
    8.084788946399975e-05,
    8.110128027432309e-05,
    8.090827805914459e-05,
    8.093996787939067e-05,
    8.081023063343228e-05,
    8.052920971470379e-05,
    8.105353429592616e-05,
    8.134269643895858e-05,
    8.07249644764242e-05,
    8.10510538211476e-05,
    8.046017237677334e-05,
    8.070846402159567e-05,
    8.06335819368896e-05,
    8.057868535445536e-05,
    8.062414924373452e-05,
    8.069278981034341e-05,
    8.050309213345752e-05,
    8.038225259338871e-05,
    8.05741682655635e-05,
    8.103687077244458e-05,
    8.069478805536188e-05,
    8.059886531827602e-05,
    8.086458917651395e-05,
    8.083168854971838e-05,
    8.082779495861757e-05,
    8.05052626033903e-05,
    8.068565359471666e-05,
    8.075915003188429e-05,
    8.049840674376332e-05,
    8.02302011027095e-05,
    8.053975947173348e-05,
    8.057830166350701e-05,
    8.013003334849514e-05,
    8.03161653156361e-05,
    8.041897399720739e-05,
    8.055239031614548e-05,
    8.06766464497043e-05,
    8.031478926037135e-05,
    8.07993420947357e-05,
    8.059040406084017e-05,
    8.105641808221291e-05,
    8.048116157968505e-05,
    8.032821800755093e-05,
    8.064057557644804e-05,
    8.055961635033514e-05,
    8.050668531198627e-05,
    8.056695836383417e-05,
    8.104365381799388e-05,
    8.053074404248472e-05,
    8.050197550559535e-05,
    8.058311872895849e-05,
    8.034577317647497e-05,
    8.003278513358774e-05,
    8.054005857626821e-05,
    8.086910234129385e-05,
    8.058588740796074e-05,
    8.055828869245137e-05,
    8.056908305246061e-05,
    8.030015275872937e-05,
    8.040670722318388e-05,
    8.042018959989373e-05,
    8.046106271417847e-05,
    7.998488219071193e-05,
    8.049219574653701e-05,
    8.055498110207167e-05,
    8.015734429579326e-05,
    8.023147077093856e-05,
    8.040837061064743e-05,
    8.02311428895827e-05,
    8.032352302558302e-05,
    8.031482414136665e-05,
    8.017168300093783e-05,
    8.014863363924098e-05,
    7.982247366050209e-05,
    7.993665180249272e-05,
    8.022688871619295e-05,
    8.020576696549908e-05,
    8.016012518314387e-05,
    8.024833834824267e-05,
    8.003733274335048e-05,
    8.051369203191794e-05,
    8.03561746892746e-05,
    8.031079538640905e-05,
    8.010785688370578e-05,
    7.994852485728174e-05,
    8.048965728210377e-05,
    8.002912088503106e-05,
    7.990260882310095e-05,
    7.996888489424066e-05,
    7.984757620478503e-05,
    8.028754240690211e-05,
    8.053818110669597e-05,
    8.036554067252615e-05,
    8.046839862350332e-05,
    8.006477187830633e-05,
    8.006375945741764e-05,
    8.000370571982771e-05,
    7.978463780888346e-05,
    8.036731437113736e-05,
    8.063046270388454e-05,
    8.016850839435273e-05,
    8.04055557143264e-05,
    8.015697760933013e-05,
    8.018055367405606e-05,
    8.006921876919515e-05,
    8.003565496747636e-05,
    8.064817527329989e-05,
    8.04654359189647e-05,
    8.074522117843454e-05,
    8.099199549996116e-05,
    8.012837301311867e-05,
    8.030089703196666e-05,
    8.050910605306036e-05,
    8.061172027308284e-05,
    8.032940875752812e-05,
    8.016653674609317e-05,
