{
  "times": {
    "training": 4064.250058889389,
    "evaluation": 5.2371368408203125
  },
  "metrics": {
    "mean_rank": {
      "avg": 3926.0581395348836,
      "best": 3926.0577975376195,
      "worst": 3926.0584815321477
    },
    "mean_reciprocal_rank": {
      "avg": 0.433019174584926,
      "best": 0.4330191745958453,
      "worst": 0.43301917457401
    },
    "hits_at_k": {
      "avg": {
        "1": 0.4009917920656635,
        "3": 0.4478454172366621,
        "5": 0.4640902872777018,
        "10": 0.48614911080711354
      },
      "best": {
        "1": 0.4009917920656635,
        "3": 0.4478454172366621,
        "5": 0.4640902872777018,
        "10": 0.48614911080711354
      },
      "worst": {
        "1": 0.4009917920656635,
        "3": 0.4478454172366621,
        "5": 0.4640902872777018,
        "10": 0.48614911080711354
      }
    },
    "adjusted_mean_rank": 0.19367282309144654
  },
  "losses": [
    0.020828339470519774,
    0.02044495328171357,
    0.01983014858841852,
    0.019206275526376826,
    0.018586230028435517,
    0.017972440445686334,
    0.01737731510968449,
    0.016813309000455433,
    0.01627529282870029,
    0.01576218211045911,
    0.015274090297965788,
    0.01480074387358131,
    0.014338060946188714,
    0.013889526972603428,
    0.013441445914794115,
    0.013007664404075579,
    0.012569774232943788,
    0.012134027440435456,
    0.01170278258492686,
    0.011273256955626013,
    0.010845472367878644,
    0.010417295836017887,
    0.009995321855147928,
    0.0095824644376687,
    0.00917295124140861,
    0.008768836282336486,
    0.008371326752247749,
    0.007988133398957117,
    0.007611314963356342,
    0.0072398548485237985,
    0.006882343664895199,
    0.0065354264872732465,
    0.006199312313931572,
    0.0058831668344211385,
    0.005573962749664523,
    0.005288626335404395,
    0.0050106098395082945,
    0.004743866331319392,
    0.0045004730194343435,
    0.004264603295307098,
    0.004044880135628425,
    0.0038397381296026824,
    0.003644999908030968,
    0.0034679506743091194,
    0.0032946742604844704,
    0.0031363357264154075,
    0.0029926165912290163,
    0.0028475609630463513,
    0.002719358255764816,
    0.002600680753950324,
    0.002487892646636801,
    0.0023871734705294195,
    0.0022930657886237778,
    0.002198147344578179,
    0.0021156328438665223,
    0.0020370445093111865,
    0.0019670659415173125,
    0.0018993596869568356,
    0.0018360356666382493,
    0.001781795119058591,
    0.0017283237374027627,
    0.0016783710159460827,
    0.001630182113533411,
    0.001591269472412291,
    0.0015581029449997432,
    0.001522775158946137,
    0.0014917224518811692,
    0.0014586413772420704,
    0.0014278333192382657,
    0.001404677438959097,
    0.0013784998800776293,
    0.00135995916161767,
    0.0013440003578424863,
    0.001321480285039142,
    0.001299902039560854,
    0.001279854785088664,
    0.0012696011915912784,
    0.001252370344390843,
    0.0012406651318079944,
    0.0012275876530830586,
    0.0012158724328586606,
    0.0012006600337766179,
    0.0011886180698586202,
    0.0011854504832265718,
    0.0011776767039907785,
    0.001166628041072558,
    0.0011567841298271396,
    0.0011454635863372027,
    0.0011375838225045672,
    0.0011356805604446933,
    0.001127330268882505,
    0.001124267421361375,
    0.0011138324916814464,
    0.0011133681016099201,
    0.0011094500784026298,
    0.0011032539695249508,
    0.0010935282808856228,
    0.0010880888300047046,
    0.0010877585126080845,
    0.0010845927864770307,
    0.0010824305445920933,
    0.0010760156126107686,
    0.001069829286826538,
    0.001070835476817342,
    0.0010648727686083615,
    0.001063372681744758,
    0.0010583945236590769,
    0.001047903398026813,
    0.0010524577256996995,
    0.001047272642514739,
    0.0010496117591693287,
    0.0010447200103958251,
    0.00103848903607198,
    0.0010365812092181955,
    0.001030101550258375,
    0.0010355505422633823,
    0.0010347395136898559,
    0.001029724935980797,
    0.0010242524738934772,
    0.0010220348760511856,
    0.001018584319814795,
    0.0010260946568596766,
    0.00102462725896132,
    0.0010239020924342364,
    0.0010274739321991595,
    0.0010233871479124678,
    0.0010214606430432461,
    0.0010066862004827887,
    0.0010025536271745844,
    0.0010015242213401573,
    0.0009992689018141461,
    0.0009942616292926314,
    0.0009963885546771696,
    0.0009970864861871135,
    0.0009963940276844308,
    0.0009881671200812035,
    0.0009982493556969217,
    0.001001435055597855,
    0.0009975755684868575,
    0.000997102808446466,
    0.0009959626097331509,
    0.000991606644008286,
    0.0009905459156308227,
    0.000977915667291599,
    0.0009756453298894115,
    0.0009658011221997011,
    0.0009794999181054875,
    0.0009819686732707264,
    0.0009872697778858528,
    0.000987035861160784,
    0.0009831652037849627,
    0.0009952152769485572,
    0.0009978095487399574,
    0.0009885385277404203,
    0.0009804345000783198,
    0.0009812138699380943,
    0.0009755532452972579,
    0.0009779247507949813,
    0.000967924359027482,
    0.0009691553027498997,
    0.0009853752838259154,
    0.0009749608907788381,
    0.000970657643127651,
    0.000959012066041583,
    0.000960939930617642,
    0.000963817101211606,
    0.0009652726577172388,
    0.0009660105650280932,
    0.000978999113651851,
    0.0009701227423466006,
    0.000969175594569409,
    0.0009768857554515271,
    0.0009640787643347363,
    0.0009654940232673377,
    0.0009738066326191009,
    0.000969629075843878,
    0.0009643003171484666,
    0.0009633688714561844,
    0.000962558770222167,
    0.0009589556327730026,
    0.0009638530284387661,
    0.0009568425854900156,
    0.0009631989627328124,
    0.0009662158791672838,
    0.0009466448555935251,
    0.0009476476191877218,
    0.0009410518435168563,
    0.0009419852549449532,
    0.0009355935904009767,
    0.0009491060183959304,
    0.0009432238072379302,
    0.0009501659385163712,
    0.0009590990394079295,
    0.0009500964526235052,
    0.0009550323473854505,
    0.0009604217089860447,
    0.0009683209615033144,
    0.0009598520193751374,
    0.0009620925697171502,
    0.0009597615031950006
  ]
}