{
  "times": {
    "training": 16481.533167362213,
    "evaluation": 10.92661738395691
  },
  "metrics": {
    "arithmetic_mean_rank": {
      "head": {
        "pessimistic": 507.54618847245325,
        "optimistic": 507.54618847245325,
        "realistic": 507.54618847245325
      },
      "tail": {
        "pessimistic": 298.6275565123789,
        "optimistic": 298.62750758391235,
        "realistic": 298.6275320481456
      },
      "both": {
        "pessimistic": 403.0868724924161,
        "optimistic": 403.08684802818277,
        "realistic": 403.08686026029943
      }
    },
    "geometric_mean_rank": {
      "head": {
        "pessimistic": 31.115438844865754,
        "optimistic": 31.115438844865754,
        "realistic": 31.115438844865754
      },
      "tail": {
        "pessimistic": 8.892919310561705,
        "optimistic": 8.892918779607529,
        "realistic": 8.892919045165602
      },
      "both": {
        "pessimistic": 16.634514930111685,
        "optimistic": 16.634514433527546,
        "realistic": 16.63451468189536
      }
    },
    "median_rank": {
      "head": {
        "pessimistic": 25.0,
        "optimistic": 25.0,
        "realistic": 25.0
      },
      "tail": {
        "pessimistic": 4.0,
        "optimistic": 4.0,
        "realistic": 4.0
      },
      "both": {
        "pessimistic": 10.0,
        "optimistic": 10.0,
        "realistic": 10.0
      }
    },
    "harmonic_mean_rank": {
      "head": {
        "pessimistic": 4.418573035938164,
        "optimistic": 4.418573035938164,
        "realistic": 4.418573035938164
      },
      "tail": {
        "pessimistic": 2.340291270693716,
        "optimistic": 2.3402912702946876,
        "realistic": 2.3402912704943235
      },
      "both": {
        "pessimistic": 3.0599069416979563,
        "optimistic": 3.059906941356881,
        "realistic": 3.059906941527523
      }
    },
    "inverse_arithmetic_mean_rank": {
      "head": {
        "pessimistic": 0.001970264032539916,
        "optimistic": 0.001970264032539916,
        "realistic": 0.001970264032539916
      },
      "tail": {
        "pessimistic": 0.0033486527890420835,
        "optimistic": 0.0033486533377003343,
        "realistic": 0.0033486530633711864
      },
      "both": {
        "pessimistic": 0.002480854793947214,
        "optimistic": 0.002480854944515785,
        "realistic": 0.0024808548692314973
      }
    },
    "inverse_geometric_mean_rank": {
      "head": {
        "pessimistic": 0.03213838650921057,
        "optimistic": 0.03213838650921057,
        "realistic": 0.03213838650921057
      },
      "tail": {
        "pessimistic": 0.11244901309431052,
        "optimistic": 0.11244901980810995,
        "realistic": 0.1124490164501861
      },
      "both": {
        "pessimistic": 0.06011596996975288,
        "optimistic": 0.06011597176437317,
        "realistic": 0.06011597086678928
      }
    },
    "inverse_harmonic_mean_rank": {
      "head": {
        "pessimistic": 0.22631740878029352,
        "optimistic": 0.22631740878029352,
        "realistic": 0.22631740878029352
      },
      "tail": {
        "pessimistic": 0.427297239673751,
        "optimistic": 0.42729723974660677,
        "realistic": 0.42729723971015665
      },
      "both": {
        "pessimistic": 0.32680732422702224,
        "optimistic": 0.3268073242634501,
        "realistic": 0.326807324245225
      }
    },
    "inverse_median_rank": {
      "head": {
        "pessimistic": 0.04,
        "optimistic": 0.04,
        "realistic": 0.04
      },
      "tail": {
        "pessimistic": 0.25,
        "optimistic": 0.25,
        "realistic": 0.25
      },
      "both": {
        "pessimistic": 0.1,
        "optimistic": 0.1,
        "realistic": 0.1
      }
    },
    "rank_std": {
      "head": {
        "pessimistic": 1552.729332804676,
        "optimistic": 1552.729332804676,
        "realistic": 1552.729332804676
      },
      "tail": {
        "pessimistic": 1320.426841846886,
        "optimistic": 1320.4268225459368,
        "realistic": 1320.4268321917798
      },
      "both": {
        "pessimistic": 1445.0465257236235,
        "optimistic": 1445.0465186738656,
        "realistic": 1445.0465221966285
      }
    },
    "rank_var": {
      "head": {
        "pessimistic": 2410968.380952054,
        "optimistic": 2410968.380952054,
        "realistic": 2410968.380952054
      },
      "tail": {
        "pessimistic": 1743527.044669741,
        "optimistic": 1743526.9936987592,
        "realistic": 1743527.0191720189
      },
      "both": {
        "pessimistic": 2088159.4615059148,
        "optimistic": 2088159.4411314586,
        "realistic": 2088159.4513125713
      }
    },
    "hits_at_k": {
      "head": {
        "pessimistic": {
          "1": 0.14698111361189942,
          "3": 0.24689304237205206,
          "5": 0.3049711322047167,
          "10": 0.38883452392602014
        },
        "optimistic": {
          "1": 0.14698111361189942,
          "3": 0.24689304237205206,
          "5": 0.3049711322047167,
          "10": 0.38883452392602014
        },
        "realistic": {
          "1": 0.14698111361189942,
          "3": 0.24689304237205206,
          "5": 0.3049711322047167,
          "10": 0.38883452392602014
        }
      },
      "tail": {
        "pessimistic": {
          "1": 0.32958215089539095,
          "3": 0.4705450631177219,
          "5": 0.5385556316665036,
          "10": 0.6228104511204618
        },
        "optimistic": {
          "1": 0.32958215089539095,
          "3": 0.4705450631177219,
          "5": 0.5385556316665036,
          "10": 0.6228104511204618
        },
        "realistic": {
          "1": 0.32958215089539095,
          "3": 0.4705450631177219,
          "5": 0.5385556316665036,
          "10": 0.6228104511204618
        }
      },
      "both": {
        "pessimistic": {
          "1": 0.23828163225364518,
          "3": 0.35871905274488697,
          "5": 0.42176338193561014,
          "10": 0.505822487523241
        },
        "optimistic": {
          "1": 0.23828163225364518,
          "3": 0.35871905274488697,
          "5": 0.42176338193561014,
          "10": 0.505822487523241
        },
        "realistic": {
          "1": 0.23828163225364518,
          "3": 0.35871905274488697,
          "5": 0.42176338193561014,
          "10": 0.505822487523241
        }
      }
    },
    "adjusted_arithmetic_mean_rank": {
      "head": {
        "realistic": 0.07212907173849653
      },
      "tail": {
        "realistic": 0.041277115624299004
      },
      "both": {
        "realistic": 0.05648900798019446
      }
    },
    "adjusted_arithmetic_mean_rank_index": {
      "head": {
        "realistic": 0.928002809817829
      },
      "tail": {
        "realistic": 0.9588554199988126
      },
      "both": {
        "realistic": 0.94364323515521
      }
    }
  },