{
  "times": {
    "training": 3825.4774572849274,
    "evaluation": 5.880735397338867
  },
  "metrics": {
    "arithmetic_mean_rank": {
      "tail": {
        "realistic": 127.29051277032978,
        "pessimistic": 127.29063509149623,
        "optimistic": 127.29039044916333
      },
      "both": {
        "realistic": 191.9720985419317,
        "pessimistic": 191.97228202368137,
        "optimistic": 191.97191506018203
      },
      "head": {
        "realistic": 256.65368431353363,
        "pessimistic": 256.65392895586655,
        "optimistic": 256.6534396712007
      }
    },
    "geometric_mean_rank": {
      "tail": {
        "realistic": 9.369889133858223,
        "pessimistic": 9.369896449636444,
        "optimistic": 9.36988172135888
      },
      "both": {
        "realistic": 15.665597348374165,
        "pessimistic": 15.665609957760369,
        "optimistic": 15.665584631901206
      },
      "head": {
        "realistic": 26.191445467011103,
        "pessimistic": 26.191467180856943,
        "optimistic": 26.19142366544922
      }
    },
    "median_rank": {
      "tail": {
        "realistic": 6.0,
        "pessimistic": 6.0,
        "optimistic": 6.0
      },
      "both": {
        "realistic": 11.0,
        "pessimistic": 11.0,
        "optimistic": 11.0
      },
      "head": {
        "realistic": 22.0,
        "pessimistic": 22.0,
        "optimistic": 22.0
      }
    },
    "harmonic_mean_rank": {
      "tail": {
        "realistic": 2.6964360744064044,
        "pessimistic": 2.696436222370071,
        "optimistic": 2.696435922109333
      },
      "both": {
        "realistic": 3.445486141975706,
        "pessimistic": 3.4454863023158997,
        "optimistic": 3.445485977656904
      },
      "head": {
        "realistic": 4.770771225875295,
        "pessimistic": 4.770771377513759,
        "optimistic": 4.770771072546153
      }
    },
    "inverse_arithmetic_mean_rank": {
      "tail": {
        "realistic": 0.007856045028307015,
        "pessimistic": 0.007856037478964593,
        "optimistic": 0.007856052577663948
      },
      "both": {
        "realistic": 0.0052090903188286705,
        "pessimistic": 0.005209085340125518,
        "optimistic": 0.005209095297541341
      },
      "head": {
        "realistic": 0.003896300973331747,
        "pessimistic": 0.0038962972593805764,
        "optimistic": 0.0038963046872899977
      }
    },
    "inverse_geometric_mean_rank": {
      "tail": {
        "realistic": 0.10672484868433355,
        "pessimistic": 0.10672476535627033,
        "optimistic": 0.10672493311420089
      },
      "both": {
        "realistic": 0.06383414419264286,
        "pessimistic": 0.06383409281198298,
        "optimistic": 0.06383419600974305
      },
      "head": {
        "realistic": 0.03818040517311385,
        "pessimistic": 0.03818037351992595,
        "optimistic": 0.03818043695422192
      }
    },
    "inverse_harmonic_mean_rank": {
      "tail": {
        "realistic": 0.37085989521192,
        "pessimistic": 0.3708598748614331,
        "optimistic": 0.3708599161584129
      },
      "both": {
        "realistic": 0.2902348054218501,
        "pessimistic": 0.2902347919153953,
        "optimistic": 0.2902348192634492
      },
      "head": {
        "realistic": 0.20960971563178019,
        "pessimistic": 0.20960970896935754,
        "optimistic": 0.2096097223684853
      }
    },
    "inverse_median_rank": {
      "tail": {
        "realistic": 0.16666666666666666,
        "pessimistic": 0.16666666666666666,
        "optimistic": 0.16666666666666666
      },
      "both": {
        "realistic": 0.09090909090909091,
        "pessimistic": 0.09090909090909091,
        "optimistic": 0.09090909090909091
      },
      "head": {
        "realistic": 0.045454545454545456,
        "pessimistic": 0.045454545454545456,
        "optimistic": 0.045454545454545456
      }
    },
    "rank_std": {
      "tail": {
        "realistic": 538.2286328556656,
        "pessimistic": 538.2292005797946,
        "optimistic": 538.2280652445434
      },
      "both": {
        "realistic": 689.5353901786666,
        "pessimistic": 689.5357733845797,
        "optimistic": 689.5350071055391
      },
      "head": {
        "realistic": 807.9979160345371,
        "pessimistic": 807.9981821128415,
        "optimistic": 807.9976501074589
      }
    },
    "rank_var": {
      "tail": {
        "realistic": 289690.0612256789,
        "pessimistic": 289690.67235676467,
        "optimistic": 289689.4502168844
      },
      "both": {
        "realistic": 475459.05430884595,
        "pessimistic": 475459.58277707046,
        "optimistic": 475458.5260240358
      },
      "head": {
        "realistic": 652860.6323161549,
        "pessimistic": 652861.0622976566,
        "optimistic": 652860.2025791756
      }
    },
    "hits_at_k": {
      "tail": {
        "realistic": {
          "1": 0.25824444661904294,
          "3": 0.41853410314120754,
          "5": 0.4971621489382523,
          "10": 0.6024072805558274
        },
        "pessimistic": {
          "1": 0.25824444661904294,
          "3": 0.41853410314120754,
          "5": 0.4971621489382523,
          "10": 0.6024072805558274
        },
        "optimistic": {
          "1": 0.25824444661904294,
          "3": 0.41853410314120754,
          "5": 0.4971621489382523,
          "10": 0.6024072805558274
        }
      },
      "both": {
        "realistic": {
          "1": 0.18996477150406108,
          "3": 0.3239309130051864,
          "5": 0.3972746844113905,
          "10": 0.4975046482043253
        },
        "pessimistic": {
          "1": 0.18996477150406108,
          "3": 0.3239309130051864,
          "5": 0.3972746844113905,
          "10": 0.4975046482043253
        },
        "optimistic": {
          "1": 0.18996477150406108,
          "3": 0.3239309130051864,
          "5": 0.3972746844113905,
          "10": 0.4975046482043253
        }
      },
      "head": {
        "realistic": {
          "1": 0.12168509638907916,
          "3": 0.22932772286916528,
          "5": 0.2973872198845288,
          "10": 0.39260201585282317
        },
        "pessimistic": {
          "1": 0.12168509638907916,
          "3": 0.22932772286916528,
          "5": 0.2973872198845288,
          "10": 0.39260201585282317
        },
        "optimistic": {
          "1": 0.12168509638907916,
          "3": 0.22932772286916528,
          "5": 0.2973872198845288,
          "10": 0.39260201585282317
        }
      }
    },
    "adjusted_arithmetic_mean_rank": {
      "tail": {
        "realistic": 0.017594443410697026
      },
      "both": {
        "realistic": 0.026903167718012384
      },
      "head": {
        "realistic": 0.036473906076441846
      }
    },
    "adjusted_arithmetic_mean_rank_index": {
      "tail": {
        "realistic": 0.9825413661487834
      },
      "both": {
        "realistic": 0.9732332221886676
      },
      "head": {
        "realistic": 0.9636630432739005
      }
    }
  },