{
  "times": {
    "training": 135.16613912582397,
    "evaluation": 1.7536253929138184
  },
  "metrics": {
    "mean_rank": {
      "worst": 3.6745810055865924,
      "avg": 3.6745810055865924,
      "best": 3.6745810055865924
    },
    "mean_reciprocal_rank": {
      "worst": 0.5856751158028072,
      "avg": 0.5856751158028072,
      "best": 0.5856751158028072
    },
    "hits_at_k": {
      "worst": {
        "1": 0.40037243947858475,
        "3": 0.7183426443202979,
        "5": 0.8435754189944135,
        "10": 0.9385474860335196
      },
      "avg": {
        "1": 0.40037243947858475,
        "3": 0.7183426443202979,
        "5": 0.8435754189944135,
        "10": 0.9385474860335196
      },
      "best": {
        "1": 0.40037243947858475,
        "3": 0.7183426443202979,
        "5": 0.8435754189944135,
        "10": 0.9385474860335196
      }
    },
    "adjusted_mean_rank": 0.07627286833279126
  },
  "losses": [
    0.019256288303716285,
    0.019157251851526218,
    0.019088215768654857,
    0.019022286044132645,
    0.018961065968795245,
    0.018897862318636327,
    0.01884195379705525,
    0.018783957807180653,
    0.01873194133833077,
    0.018680291602144305,
    0.018634421222657408,
    0.018584303915183033,
    0.018536439515063577,
    0.018491615975234833,
    0.018444844432805967,
    0.018406159077402118,
    0.018360549843191323,
    0.018317273694993193,
    0.01828030935753867,
    0.018244080461645492,
    0.01820742413445716,
    0.01816517901604101,
    0.0181294393793516,
    0.01809332087027243,
    0.018056267602264423,
    0.018019161822881977,
    0.01798730379311272,
    0.017954965538354652,
    0.017914899924296894,
    0.017883681629874283,
    0.01784245398991767,
    0.017815225430675482,
    0.01777178694892734,
    0.01773847186967704,
    0.01771196915314281,
    0.017676117153404874,
    0.017645441194198908,
    0.01761658026524166,
    0.017575445790626792,
    0.017541418702310185,
    0.01750393715604937,
    0.017482090730367855,
    0.017446497335033066,
    0.017415438268649077,
    0.017380694654158688,
    0.017353661742134163,
    0.017324213306885487,
    0.01728548757983355,
    0.017251434518148943,
    0.017226991602624923,
    0.017191296854691084,
    0.017161468135456562,
    0.017127474643126826,
    0.017094170292006786,
    0.01706437573339757,
    0.017030588334096545,
    0.01700298118478381,
    0.01697199072196965,
    0.016933338962552672,
    0.01690171158758404,
    0.016872566927813297,
    0.016853192489199417,
    0.016818281177093886,
    0.016785252651849252,
    0.01675625987981748,
    0.016725568393054554,
    0.01668616255900788,
    0.016659124141758613,
    0.01663230113407223,
    0.01660408022278085,
    0.01656412683061201,
    0.016533498442194178,
    0.01649979305662581,
    0.016478594694707856,
    0.016434753343436477,
    0.01640906144769464,
    0.016382579622782497,
    0.016338716674090984,
    0.016317881939325055,
    0.01627462936478158,
    0.01625900257261919,
    0.0162273418839829,
    0.016189280595209136,
    0.01615672975408036,
    0.016124437517354727,
    0.01609027322189846,
    0.01605767904476981,
    0.01602686319639162,
    0.015992884666980407,
    0.015959080328526335,
    0.015918528984255026,
    0.01590570590424072,
    0.015858021059143537,
    0.015832989225732,
    0.015809758730087144,
    0.01576656614837737,
    0.01572058467627842,
    0.01568838278170236,
    0.015646031511260462,
    0.015617878921219694,
    0.015588670880784644,
    0.015558320717955567,
    0.015515637157794778,
    0.015481910598285104,
    0.015431996842966481,
    0.015399504583075317,
    0.015366585033048604,
    0.015324803906266261,
    0.01529670622731328,
    0.015251556326469209,
    0.015215382906302253,
    0.015177062448486907,
    0.01515329342893484,
    0.01510525766105042,
    0.015052420207916315,
    0.01501457319942856,
    0.014983926883740423,
    0.014932112696609814,
    0.014897316006106552,
    0.014846174021032593,
    0.014808525624114286,
    0.014761291501647697,
    0.014718403118894677,
    0.014687753980014364,
    0.014632930975824224,
    0.014590644638802329,
    0.014555260583167248,
    0.014500728226611428,
    0.014447577540305607,
    0.01440655204090866,
    0.014370327097484528,
    0.014320697214139009,
    0.01427604278352149,
    0.014212029865325873,
    0.01416144193171608,
    0.014112330668772939,
    0.014049996138324817,
    0.014019457103939294,
    0.013960525225858987,
    0.01391552975362684,
    0.013861157048588466,
    0.013792601614184745,
    0.013750964329043672,
    0.01370184784319501,
    0.013644010516720597,
    0.013588030850696733,
    0.013541938285985735,
    0.013496685762106136,
    0.01343029458682307,
    0.013387913108224908,
    0.013341034143333819,
    0.013275425556921409,
    0.013207243066203883,
    0.013167274005318478,
    0.013110719396208361,
    0.013042117379133768,
    0.01300615118127239,
    0.01293383596069083,
    0.012882112962667443,
    0.012840439117187716,
    0.01276845788024035,
    0.012727902160021171,
    0.012665421247058821,
    0.012612599744960498,
    0.012556059251811252,
    0.012491188788992755,
    0.012449561526183902,
    0.01238945364740348,
    0.012349895360979404,
    0.012289084930826462,
    0.012237884505674498,
    0.012193433203733907,
    0.012157638938275931,
    0.012089095078960123,
    0.012039542974559,
    0.01199805475396472,
    0.011966356093393691,
    0.011889914353970877,
    0.011838906329365578,
    0.011809296972162982,
    0.011762118607741831,
    0.011714941796076376,
    0.011673184807587122,
    0.0116130606954517,
    0.011590095721030815,
    0.011543731141753843,
    0.011501755497030707,
    0.011448683295467325,
    0.011416774165919718,
    0.011362515941324003,
    0.011336499943120583,
    0.01129248115422106,
    0.0112381102842576,
    0.011227449204810206,
    0.01117552039607733,
    0.011154568781155394,
    0.01110207646326457,
    0.011052914665181515,
    0.011032245369476987,
    0.01099682828249347,
    0.010977719082784342,
    0.010925385287134092,
    0.010908224936982737,
    0.010862943757702572,
    0.010858159858563582,
    0.010828511258989766,
    0.010786014594150902,
    0.010762311496136103,
    0.010729940351189206,
    0.010708185114614917,
    0.010682005935903835,
    0.010633463546183775,
    0.010625152068423264,
    0.010572828153945625,
    0.010558544636619663,
    0.010524506537853577,
    0.010522053748492731,
    0.010515785838387434,
    0.010456480451982497,
    0.010436983769147477,
    0.010417904777594612,
    0.01038369418178669,
    0.010383874866085831,
    0.01036991714513676,
    0.010340756252011016,
    0.010320738125581442,
    0.010293574782078473,
    0.010268186097176136,
    0.010247991944714508,
    0.010241747890583082,
    0.010216235126384692,
    0.01019170088059384,
    0.01017041768175106,
    0.010147655130209056,
    0.010143335787342313,
    0.010130784016095936,
    0.010103238694691813,
    0.010080787258927394,
    0.010062184963373124,
    0.010067828806848339,
    0.01004358958463968,
    0.010001606458457282,
    0.010010885444175851,
    0.009985971902516412,
    0.00997772493469708,
    0.009955566122801506,
    0.009925656519111195,
    0.009915316436613997,
    0.00990974783121022,
    0.009905564566206268,
    0.009882893486090706,
    0.009856490569399827,
    0.009860651531185604,
    0.009832870614394555,
    0.009819907080569587,
    0.00981385274495226,
    0.00979973339625122,
    0.00975432743187696,
    0.009775829428113234,
    0.009746145115158415,
    0.009750571315848947,
    0.009736809947915582,
    0.009722906432256253,
    0.009695325538630737,
    0.009690226430085512,
    0.009675648877294619,
    0.009682706998889443,
    0.009643341677650465,
    0.0096441790364493,
    0.009635594556005557,
    0.009612344721494305,
    0.009594074009860882,
    0.009584010317877527,
    0.009572867743004844,
