{
  "times": {
    "training": 28950.45010471344,
    "evaluation": 28.4073965549469
  },
  "metrics": {
    "mean_rank": {
      "avg": 1721.9272556023095,
      "worst": 1721.9282219395245,
      "best": 1721.9262892650945
    },
    "mean_reciprocal_rank": {
      "avg": 0.028727002870756677,
      "worst": 0.028726926434691498,
      "best": 0.02872708558642608
    },
    "hits_at_k": {
      "avg": {
        "1": 0.004452490458949017,
        "3": 0.01626871513846756,
        "5": 0.03432331930717291,
        "10": 0.07882375966337216
      },
      "worst": {
        "1": 0.004452490458949017,
        "3": 0.01626871513846756,
        "5": 0.03432331930717291,
        "10": 0.07882375966337216
      },
      "best": {
        "1": 0.004452490458949017,
        "3": 0.01626871513846756,
        "5": 0.03432331930717291,
        "10": 0.07882375966337216
      }
    },
    "adjusted_mean_rank": 0.2475993727605329
  },
  "losses": [
    4.655556443393971,
    1.719085341499685,
    0.6038781469408153,
    0.2049717762846949,
    0.07397995132636044,
    0.03279844680501832,
    0.019759366888492454,
    0.015371750592779272,
    0.013776385200960273,
    0.013143841130412915,
    0.012874613233000574,
    0.01275811249471612,
    0.012716446924761008,
    0.012727017997194197,
    0.012781424276684892,
    0.012867991961269764,
    0.012985088300427498,
    0.013128186648918483,
    0.013294314956509587,
    0.013473291770405701,
    0.013655794159480117,
    0.013834680747929774,
    0.014006706899861688,
    0.014152620189981783,
    0.014273939594415485,
    0.01436824811931309,
    0.014438621371751342,
    0.014501164396620095,
    0.014541451977142,
    0.014556717808192506,
    0.014573322410556866,
    0.014588389457654243,
    0.014597807083112426,
    0.014597022786028407,
    0.014600705707131905,
    0.014606815027728235,
    0.014604856540365661,
    0.01460479810082447,
    0.014600868561615887,
    0.014604098800953803,
    0.014606104224948345,
    0.014601743794118919,
    0.014600155566800714,
    0.014604010020538414,
    0.014594043381228206,
    0.014598755454734215,
    0.014608317920168073,
    0.014597101381144884,
    0.014595478090420519,
    0.014591191313967553,
    0.014592013566112633,
    0.014593661896609341,
    0.014595140951013892,
    0.014594578110018326,
    0.014593497456135073,
    0.01459334259650748,
    0.014589568465632141,
    0.014589956767261731,
    0.014589787677124247,
    0.014593417852801821,
    0.014592653440523974,
    0.014591807508823176,
    0.014587558194074013,
    0.01458733374678319,
    0.014592124591803795,
    0.014583782622945884,
    0.014591813170286873,
    0.014593211139693633,
    0.014588545131978329,
    0.014584514887363863,
    0.014586650318761092,
    0.01458988288034238,
    0.014587970129865672,
    0.014587133432984546,
    0.014586737120969162,
    0.014578789911584298,
    0.014578353912780069,
    0.014588580814967942,
    0.014585661356857623,
    0.014579484179927658,
    0.014583767134952356,
    0.014585296521353973,
    0.014589158061278756,
    0.014585002576789024,
    0.0145899797444105,
    0.014591039816655296,
    0.014590520565505766,
    0.0145854947585924,
    0.01458258634069466,
    0.014582662838943236,
    0.014581408379557953,
    0.014583918419631218,
    0.014585230325870323,
    0.014586819512826135,
    0.014586639190150357,
    0.014585283801974673,
    0.014580094716106913,
    0.014579931099885693,
    0.014591232814113106,
    0.014589174211462053,
    0.014585518931107185,
    0.014581358829207618,
    0.01458992117824493,
    0.014580313173825578,
    0.014577631922855534,
    0.01458309122435698,
    0.01458610676210136,
    0.0145825355953765,
    0.014579389394808896,
    0.014581304794044679,
    0.01457900265448182,
    0.014577457700050511,
    0.014575828541600088,
    0.014579731455444235,
    0.014577728606543638,
    0.014578905813906905,
    0.014583220503470377,
    0.014585238076636314,
    0.014584614460715918,
    0.014578917501576229,
    0.014587157997716363,
    0.014572513949320048,
    0.01458522813224228,
    0.014574448729651805,
    0.014581880779288146,
    0.014581186750655093,
    0.01457933465445168,
    0.014576550937678302,
    0.014582455907228805,
    0.014575749497723618,
    0.014580288036496716,
    0.01458066596806729,
    0.014582768714048313,
    0.014576669151891345,
    0.01457908124282907,
    0.014581244162070016,
    0.014576486100420328,
    0.01458332794067435,
    0.014577560328315316,
    0.014584755842810684,
    0.014575646794200925,
    0.014580243269999585,
    0.014575505727870735,
    0.014582064670541618,
    0.014581567967690359,
    0.014578881403672762,
    0.014575627564018916,
    0.014584322606249644,
    0.014578149674421979,
    0.01458017959465968,
    0.014579801690962395,
    0.01458175353492503,
    0.014578738193488263,
    0.01458053130940863,
    0.014573152911478374,
    0.014585694319413983,
    0.014574046944914727,
    0.014583887318612541,
    0.014579171426465592,
    0.014578611620871472,
    0.014581198287808643,
    0.014582911072106472,
    0.014575307295519268,
    0.01457275966353411,
    0.014575311477309375,
    0.01457645394977313,
    0.014575772158709624,
    0.014582270437550653,
    0.014578896765838288,
    0.014582833200102814,
    0.014581563876289354,
    0.014580425947172116,
    0.014583324671535445,
    0.014580272291670715,
    0.014576022597048408,
    0.014575424076646937,
    0.01457894698236029,
    0.014575073445770836,
    0.014575491887985115,
    0.014576979139128322,
    0.014581797438942883,
    0.01457398090114142,
    0.014581315764175842,
    0.014580974851521924,
    0.01458434645224873,
    0.014575296456392575,
    0.014574395392515722,
    0.014582127233339003,
    0.014581002764234241,
    0.01457567787252278,
    0.014575365346028945,
    0.014570276639847746,
    0.014582661004880653,
    0.014578756974113899,
    0.014581944913342793,
    0.014579288407086392,
    0.01457274023863725,
    0.014579479784309585,
    0.014572222508573058,
    0.0145823893008132,
    0.014576984754800184
  ]
}