{
  "times": {
    "training": 30.599164247512817,
    "evaluation": 0.2743058204650879
  },
  "metrics": {
    "arithmetic_mean_rank": {
      "both": {
        "realistic": 47.02653631284916,
        "optimistic": 47.02653631284916,
        "pessimistic": 47.02653631284916
      },
      "head": {
        "realistic": 46.66852886405959,
        "optimistic": 46.66852886405959,
        "pessimistic": 46.66852886405959
      },
      "tail": {
        "realistic": 47.38454376163873,
        "optimistic": 47.38454376163873,
        "pessimistic": 47.38454376163873
      }
    },
    "geometric_mean_rank": {
      "both": {
        "realistic": 35.555607026410655,
        "optimistic": 35.555607026410655,
        "pessimistic": 35.555607026410655
      },
      "head": {
        "realistic": 35.15042440301069,
        "optimistic": 35.15042440301069,
        "pessimistic": 35.15042440301069
      },
      "tail": {
        "realistic": 35.965460232345336,
        "optimistic": 35.965460232345336,
        "pessimistic": 35.965460232345336
      }
    },
    "median_rank": {
      "both": {
        "realistic": 47.0,
        "optimistic": 47.0,
        "pessimistic": 47.0
      },
      "head": {
        "realistic": 47.0,
        "optimistic": 47.0,
        "pessimistic": 47.0
      },
      "tail": {
        "realistic": 47.0,
        "optimistic": 47.0,
        "pessimistic": 47.0
      }
    },
    "harmonic_mean_rank": {
      "both": {
        "realistic": 20.832119592176824,
        "optimistic": 20.832119592176824,
        "pessimistic": 20.832119592176824
      },
      "head": {
        "realistic": 20.435439418894482,
        "optimistic": 20.435439418894482,
        "pessimistic": 20.435439418894482
      },
      "tail": {
        "realistic": 21.244504845593784,
        "optimistic": 21.244504845593784,
        "pessimistic": 21.244504845593784
      }
    },
    "inverse_arithmetic_mean_rank": {
      "both": {
        "realistic": 0.02126458970627543,
        "optimistic": 0.02126458970627543,
        "pessimistic": 0.02126458970627543
      },
      "head": {
        "realistic": 0.021427716372052194,
        "optimistic": 0.021427716372052194,
        "pessimistic": 0.021427716372052194
      },
      "tail": {
        "realistic": 0.021103928002986775,
        "optimistic": 0.021103928002986775,
        "pessimistic": 0.021103928002986775
      }
    },
    "inverse_geometric_mean_rank": {
      "both": {
        "realistic": 0.028124959285808323,
        "optimistic": 0.028124959285808323,
        "pessimistic": 0.028124959285808323
      },
      "head": {
        "realistic": 0.028449158637024834,
        "optimistic": 0.028449158637024834,
        "pessimistic": 0.028449158637024834
      },
      "tail": {
        "realistic": 0.027804454427658224,
        "optimistic": 0.027804454427658224,
        "pessimistic": 0.027804454427658224
      }
    },
    "inverse_harmonic_mean_rank": {
      "both": {
        "realistic": 0.04800279662255464,
        "optimistic": 0.04800279662255464,
        "pessimistic": 0.04800279662255464
      },
      "head": {
        "realistic": 0.048934597367914,
        "optimistic": 0.048934597367914,
        "pessimistic": 0.048934597367914
      },
      "tail": {
        "realistic": 0.04707099587719527,
        "optimistic": 0.04707099587719527,
        "pessimistic": 0.04707099587719527
      }
    },
    "inverse_median_rank": {
      "both": {
        "realistic": 0.02127659574468085,
        "optimistic": 0.02127659574468085,
        "pessimistic": 0.02127659574468085
      },
      "head": {
        "realistic": 0.02127659574468085,
        "optimistic": 0.02127659574468085,
        "pessimistic": 0.02127659574468085
      },
      "tail": {
        "realistic": 0.02127659574468085,
        "optimistic": 0.02127659574468085,
        "pessimistic": 0.02127659574468085
      }
    },
    "rank_std": {
      "both": {
        "realistic": 27.50232330993533,
        "optimistic": 27.50232330993533,
        "pessimistic": 27.50232330993533
      },
      "head": {
        "realistic": 27.26618898396198,
        "optimistic": 27.26618898396198,
        "pessimistic": 27.26618898396198
      },
      "tail": {
        "realistic": 27.73182602196467,
        "optimistic": 27.73182602196467,
        "pessimistic": 27.73182602196467
      }
    },
    "rank_var": {
      "both": {
        "realistic": 756.3777874442122,
        "optimistic": 756.3777874442122,
        "pessimistic": 756.3777874442122
      },
      "head": {
        "realistic": 743.4450617091297,
        "optimistic": 743.4450617091297,
        "pessimistic": 743.4450617091297
      },
      "tail": {
        "realistic": 769.054174512517,
        "optimistic": 769.054174512517,
        "pessimistic": 769.054174512517
      }
    },
    "hits_at_k": {
      "both": {
        "realistic": {
          "1": 0.0,
          "3": 0.025139664804469275,
          "5": 0.04795158286778398,
          "10": 0.11173184357541899
        },
        "optimistic": {
          "1": 0.0,
          "3": 0.025139664804469275,
          "5": 0.04795158286778398,
          "10": 0.11173184357541899
        },
        "pessimistic": {
          "1": 0.0,
          "3": 0.025139664804469275,
          "5": 0.04795158286778398,
          "10": 0.11173184357541899
        }
      },
      "head": {
        "realistic": {
          "1": 0.0,
          "3": 0.027001862197392923,
          "5": 0.054003724394785846,
          "10": 0.11452513966480447
        },
        "optimistic": {
          "1": 0.0,
          "3": 0.027001862197392923,
          "5": 0.054003724394785846,
          "10": 0.11452513966480447
        },
        "pessimistic": {
          "1": 0.0,
          "3": 0.027001862197392923,
          "5": 0.054003724394785846,
          "10": 0.11452513966480447
        }
      },
      "tail": {
        "realistic": {
          "1": 0.0,
          "3": 0.023277467411545624,
          "5": 0.04189944134078212,
          "10": 0.10893854748603352
        },
        "optimistic": {
          "1": 0.0,
          "3": 0.023277467411545624,
          "5": 0.04189944134078212,
          "10": 0.10893854748603352
        },
        "pessimistic": {
          "1": 0.0,
          "3": 0.023277467411545624,
          "5": 0.04189944134078212,
          "10": 0.10893854748603352
        }
      }
    },
    "adjusted_arithmetic_mean_rank": {
      "both": {
        "realistic": 0.9854878756688991
      },
      "head": {
        "realistic": 0.9888824219944559
      },
      "tail": {
        "realistic": 0.982167326063881
      }
    },
    "adjusted_arithmetic_mean_rank_index": {
      "both": {
        "realistic": 0.014822749806930657
      },
      "head": {
        "realistic": 0.011358253630710746
      },
      "tail": {
        "realistic": 0.018210125933663224
      }
    }
  },