{
  "times": {
    "training": 53.078370571136475,
    "evaluation": 0.12016654014587402
  },
  "metrics": {
    "mean_rank": {
      "avg": 47.2756052141527,
      "best": 47.2756052141527,
      "worst": 47.2756052141527
    },
    "mean_reciprocal_rank": {
      "avg": 0.05851536664600741,
      "best": 0.05851536664600741,
      "worst": 0.05851536664600741
    },
    "hits_at_k": {
      "avg": {
        "1": 0.0111731843575419,
        "3": 0.03770949720670391,
        "5": 0.06471135940409684,
        "10": 0.12476722532588454
      },
      "best": {
        "1": 0.0111731843575419,
        "3": 0.03770949720670391,
        "5": 0.06471135940409684,
        "10": 0.12476722532588454
      },
      "worst": {
        "1": 0.0111731843575419,
        "3": 0.03770949720670391,
        "5": 0.06471135940409684,
        "10": 0.12476722532588454
      }
    },
    "adjusted_mean_rank": 0.9807883142511008
  },
  "losses": [
    0.004698783996399869,
    0.004719608397073067,
    0.0047008117960856645,
    0.004705412264508701,
    0.004710800206281719,
    0.0046981338146474035,
    0.004699214860406261,
    0.004698150948192296,
    0.004702644080816583,
    0.004698084981253977,
    0.004692708368828234,
    0.0046894069802895025,
    0.004693696672996778,
    0.004694194954990894,
    0.004674698599380501,
    0.004682846981264679,
    0.004678731805153108,
    0.004680484031023604,
    0.004684938613171881,
    0.004670748424329115,
    0.004689977577563082,
    0.00467217428965515,
    0.004682832163817874,
    0.004669255461920513,
    0.004668916753503714,
    0.004673206627592166,
    0.0046716366758507285,
    0.004685775896583157,
    0.0046708048199223225,
    0.004667778614531742,
    0.004663917818542723,
    0.004658462305305602,
    0.004671952767430173,
    0.004667730604329806,
    0.004660238292110101,
    0.004655191165565998,
    0.00464938258689441,
    0.004640588111310416,
    0.004657138111104679,
    0.004658774476261175,
    0.004647468136490954,
    0.004650153233652258,
    0.004644316345564881,
    0.004642886308471809,
    0.004650092666292012,
    0.004632089384709405,
    0.004638357820470681,
    0.004640046688501308,
    0.0046457965415292015,
    0.004646258282192638,
    0.0046341697012217305,
    0.0046366769750689745,
    0.004639369732096847,
    0.004630950869022684,
    0.004620929586976655,
    0.0046335664413841475,
    0.004634647180190247,
    0.004622973822587438,
    0.004631376752022947,
    0.004631173591153898,
    0.004629695585716083,
    0.004621667306074936,
    0.004619468742988529,
    0.004616517978214592,
    0.004630146052841837,
    0.00461663988031698,
    0.004619401338953204,
    0.004607862398753899,
    0.0046203451070669435,
    0.004610669872399126,
    0.004611006181003449,
    0.004607897949464312,
    0.00461711971724078,
    0.004613824970043554,
    0.004604639101787453,
    0.004606202021520236,
    0.004599884515174766,
    0.004593111142125469,
    0.004593810324700138,
    0.004588803088062265,
    0.004597113764241393,
    0.004600606356443984,
    0.004598062304075291,
    0.004584208047122098,
    0.004597656945052665,
    0.00458318664786521,
    0.004592136748497852,
    0.004584370369321845,
    0.004584172803364443,
    0.0045846176616261515,
    0.004584332321132167,
    0.004584907020410795,
    0.004573674000492703,
    0.004577022003993559,
    0.004582040444407124,
    0.004575892989889959,
    0.004568955662210336,
    0.004574663378995903,
    0.0045769015947977705,
    0.004565369477321146,
    0.004572820978776346,
    0.004572294359461645,
    0.00455307907491141,
    0.004560883237181531,
    0.00457213150707077,
    0.004567532657125916,
    0.004552959084287564,
    0.004562620492128844,
    0.0045582177291871905,
    0.004557874960622537,
    0.00455786120355799,
    0.004548396608244614,
    0.004554508456241772,
    0.004544923200589441,
    0.004549168454908699,
    0.004554256029454956,
    0.004551127399509766,
    0.004552153249581655,
    0.004546574285525954,
    0.004540835622321354,
    0.004537831475672204,
    0.004550649906588851,
    0.004539851406205459,
    0.004527716754415955,
    0.004534773793671462,
    0.00453569328461247,
    0.004526275415880404,
    0.004527021338988779,
    0.004525593590088998,
    0.004540671653738629,
    0.004527671144026495,
    0.004534570214230469,
    0.004526177567712376,
    0.00451481660430351,
    0.004515472590253594,
    0.0045198230596070876,
    0.004516351884335614,
    0.004511336443687646,
    0.004521731343050574,
    0.004522019111261832,
    0.00451554697048798,
    0.004510702572288585,
    0.004505111023169779,
    0.004510068393936764,
    0.0045073395560073495,
    0.004499364365241054,
    0.004508683367280031,
    0.004510499174228768,
    0.0044989945011192495,
    0.004505452912733349
  ]
}