{
  "times": {
    "training": 268.4262578487396,
    "evaluation": 0.23312997817993164
  },
  "metrics": {
    "mean_rank": {
      "avg": 3.7942271880819365,
      "best": 3.7942271880819365,
      "worst": 3.7942271880819365
    },
    "mean_reciprocal_rank": {
      "avg": 0.5256723571063453,
      "best": 0.5256723571063453,
      "worst": 0.5256723571063453
    },
    "hits_at_k": {
      "avg": {
        "1": 0.3207635009310987,
        "3": 0.6620111731843575,
        "5": 0.8147113594040968,
        "10": 0.952513966480447
      },
      "best": {
        "1": 0.3207635009310987,
        "3": 0.6620111731843575,
        "5": 0.8147113594040968,
        "10": 0.952513966480447
      },
      "worst": {
        "1": 0.3207635009310987,
        "3": 0.6620111731843575,
        "5": 0.8147113594040968,
        "10": 0.952513966480447
      }
    },
    "adjusted_mean_rank": 0.07879922922364188
  },
  "losses": [
    0.0030717953851216295,
    0.0027912807640399825,
    0.0027402029006501263,
    0.0027169735599937065,
    0.002712170516702343,
    0.0027010236946998466,
    0.0026836181861742605,
    0.0026705679291866243,
    0.0026357950789205145,
    0.002520265340219053,
    0.002301098747450984,
    0.002088103996247946,
    0.001992887482465653,
    0.0019098418531067363,
    0.0017962931247239703,
    0.0016303789114740011,
    0.0015819628116036399,
    0.001564650677758433,
    0.0015357878139375077,
    0.001520824395399192,
    0.0014779354822351022,
    0.0014674636040036375,
    0.0014588152518851703,
    0.0014614806186114804,
    0.001461225019398142,
    0.0014505356267680613,
    0.001441442740781142,
    0.0014313181447151225,
    0.001423664443362295,
    0.0014034533308128292,
    0.001383693353360177,
    0.001425070409080509,
    0.0014066563619210032,
    0.0013913350068172265,
    0.0013778401305027,
    0.001367126132818532,
    0.0014023422978623084,
    0.0013903787530512176,
    0.001353995157719663,
    0.0013670201800512463,
    0.0013762152551460578,
    0.0013730801390797905,
    0.0013722330506207344,
    0.0013726622909167956,
    0.0013578400654153209,
    0.0013635941826448904,
    0.0013460646163714065,
    0.0013523802897205737,
    0.001373325310619583,
    0.0013525244598503639,
    0.001351352161919691,
    0.0013160079469981042,
    0.001342531851726525,
    0.001330478209304564,
    0.001323262560931261,
    0.0013365282656185413,
    0.001325479999868276,
    0.0013350562039023258,
    0.0013254719894477045,
    0.0013291067583312032,
    0.0013337336927094262,
    0.0013020869034032028,
    0.0012913896032514867,
    0.0013114366792002867,
    0.001314883739495657,
    0.0013034717992562034,
    0.0012928858340093483,
    0.001299608756931087,
    0.001292742502767495,
    0.0012868656951250431,
    0.0012915158462937404,
    0.0012940206575427163,
    0.0012904913269318223,
    0.001300255349429136,
    0.001303988660612468,
    0.0012785625166158551,
    0.0012848893588597184,
    0.0012707682012507084,
    0.0012885881901791927,
    0.0012602472890600952,
    0.001267034959829367,
    0.0012794239533723295,
    0.001266415785537677,
    0.0012617978801050882,
    0.0012701911684334947,
    0.001243588516370076,
    0.001281206640816025,
    0.0012790955069443483,
    0.001270206439333239,
    0.0012715338966512724,
    0.00125714966657568,
    0.0012496809426290488,
    0.0012644776753551058,
    0.0012737499281401268,
    0.001276482039650951,
    0.0012606087782549278,
    0.0012456000597680106,
    0.0012321106440732988,
    0.001254758047644565,
    0.0012461483628534423,
    0.0012466039400450075,
    0.0012232256462023164,
    0.0012536239025465559,
    0.0012461637418842717,
    0.0012290914985961681,
    0.0012444728141308725,
    0.0012202464037117887,
    0.0012430905936502115,
    0.001246053519683161,
    0.001240928132393945,
    0.0012273105656665363,
    0.0012283195385688476,
    0.0012388572721194462,
    0.0012262957292689142,
    0.0012257177005992846,
    0.0012366933510935263,
    0.0012186349680026372,
    0.0012281611561775208,
    0.0012134633058410013,
    0.001205922309344125,
    0.0012070916833753667,
    0.0012177972450908203,
    0.0012181819720047244,
    0.0012053541894932365,
    0.0012187409539068683,
    0.0012120617002472002,
    0.0012221459372576033,
    0.001198615695695194,
    0.0011913467735777633,
    0.0011985027981217433,
    0.0012193862226711454,
    0.00119239180645302,
    0.0011918793052211683,
    0.0011976457755552249,
    0.0012004758573175593,
    0.0011883913155659085,
    0.0012025368846394818,
    0.0011946937847143032,
    0.0011807189895056383,
    0.001205239783316739,
    0.0012024970261261482,
    0.0012032282338146302,
    0.001187357118471843,
    0.0011945498203823851,
    0.0012062403743158788,
    0.0012052044663089939,
    0.001187310100634223,
    0.0011943283626872502,
    0.0012040391376011827,
    0.001198649900871214,
    0.001208931097781725,
    0.0011885254905464944,
    0.0011873130916795704,
    0.0011889678635372874,
    0.001176907762899046,
    0.0011875830269819788,
    0.0011850520131293308,
    0.001205334835772992,
    0.001184093158985122,
    0.0012002503499388695,
    0.001205417834229293,
    0.0011808960349735027,
    0.0011835508127016634,
    0.0011698324050168308,
    0.0011620073638549458,
    0.0011796247726829534,
    0.0012017216059040934,
    0.0011819768731904387,
    0.0011582817936364965,
    0.0011535932681408156,
    0.0011676805955445051,
    0.0012026127560364173,
    0.0011604104953214583,
    0.0011585647753031736,
    0.0011730470924816105,
    0.0011713172009124068,
    0.0011632417063560155,
    0.0011721908556095112,
    0.0011738562844833184,
    0.0011762767874946196,
    0.0011863205041248031,
    0.0011487164750890561,
    0.0011608142280176783,
    0.0011742115622449122,
    0.0011504850148010566,
    0.0011791159409318078,
    0.0011607180733219737,
    0.001145496480480841,
    0.0011503144310375725,
    0.0011427120483490857,
    0.0011662150478541629,
    0.0011606151116000357,
    0.0011503920778771688,
    0.0011392122314203433,
    0.0011526731789907377,
    0.0011463884590368035,
    0.001156149889876166,
    0.0011596030848665853,
    0.0011455788571834006,
    0.0011415986931963024,
    0.0011718748826254509,
    0.001167218933363309,
    0.0011494606811804384,
    0.0011464944737178556,
    0.0011484398644361715,
    0.0011550824703781234,
    0.001146582265694936,
    0.0011437711469856988,
    0.0011770833363889085,
    0.001156876857779669,
    0.001135180624069346,
    0.0011495003748810692,
    0.0011564963226893756,
    0.0011552801383624362,
    0.0011346706325251065,
    0.0011449775759702764,
    0.0011593585359525591,
    0.0011409111233769953,
    0.0011460493590808316,
    0.0011579138383771596,
    0.001120191312496191,
    0.0011439723684714082,
    0.0011220110592533475,
    0.0011461300126622232,
    0.0011420451585998695,
    0.0011474332355367446,
    0.0011490034576058946,
    0.0011302115062551664,
    0.0011287203663785694,
    0.0011283019147743558,
    0.0011330645152957141,
    0.0011376392816573604,
    0.0011439032186422679,
    0.001141676420262188,
    0.0011312563873980934,
    0.0011389218296939403,
    0.0011290533639044128,
    0.0011541075892885972,
    0.001133865818960334,
    0.0011333358763588055,
    0.0011490716019903454,
    0.001125882144263956,
    0.001123763702823763,
    0.001134780039382952,
    0.001134971415707737,
    0.0011411251627564541,
    0.0011341660161422434,
    0.001127435379288393,
    0.0011655125341444427,
    0.0011288725033276872,
    0.001134084401589431,
    0.0011164937839818916,
    0.0011210872064438763,
    0.0011294033380106706,
    0.0011343427938984687,
    0.0011100171051905507,
    0.0011487477153804752,
    0.001134220174119602,
    0.0011495498404925347,
    0.0011329686448801211,
    0.0011076877645325013,
    0.001117820381483391,
    0.0011080940278449308,
    0.0011270701316663165,
