{
  "times": {
    "training": 1851.6343500614166,
    "evaluation": 2.25307035446167
  },
  "metrics": {
    "mean_rank": {
      "avg": 4360.571990424077,
      "best": 4360.556429548564,
      "worst": 4360.58755129959
    },
    "mean_reciprocal_rank": {
      "avg": 0.27985455514936813,
      "best": 0.279862702374854,
      "worst": 0.27984844363608896
    },
    "hits_at_k": {
      "avg": {
        "1": 0.17971956224350205,
        "3": 0.3544801641586867,
        "5": 0.4021887824897401,
        "10": 0.44989740082079344
      },
      "best": {
        "1": 0.17971956224350205,
        "3": 0.3546511627906977,
        "5": 0.4021887824897401,
        "10": 0.44989740082079344
      },
      "worst": {
        "1": 0.17971956224350205,
        "3": 0.3544801641586867,
        "5": 0.4021887824897401,
        "10": 0.44989740082079344
      }
    },
    "adjusted_mean_rank": 0.21521766603072412
  },
  "losses": [
    616867.9296734123,
    0.010442875077541597,
    0.008373470087722566,
    0.006904043987064759,
    0.005807474877966523,
    0.004958244817777709,
    0.004264204768056304,
    0.003661829706923005,
    0.003130068920246848,
    0.002639995904499614,
    0.002182846681667526,
    0.00177455263215219,
    0.0014673403910694088,
    0.0012484222097858498,
    0.0010878139459531515,
    0.0009726947111591826,
    0.0008884863416368448,
    0.0008124921276379041,
    0.0007532783787833335,
    0.0007091728964831337,
    0.0006717667078147052,
    0.0006416327217828135,
    0.0006114029246178369,
    0.0005871162827048334,
    0.000560770729070721,
    0.0005404693170568552,
    0.00052213770380679,
    0.0005051527868553275,
    0.0004891726877643312,
    0.00047386838395622354,
    0.0004582281311491403,
    0.0004430194577196731,
    0.0004333802730460888,
    0.0004226891434071849,
    0.0004099257511704587,
    0.00039871810707151837,
    0.00039135812297615716,
    0.00038165076788183015,
    0.00037117759061295897,
    0.0003634630447283508,
    0.0003563337452878489,
    0.0003458563581347361,
    0.0003388000050993045,
    0.0003305674986762039,
    0.0003234658698954785,
    0.0003196549909679485,
    0.00031171250061335845,
    0.0003058137941939077,
    0.00029828585871990434,
    0.00029380338953521266,
    0.0002894947872295883,
    0.0002848296471389713,
    0.0002812593942575134,
    0.0002750417312007416,
    0.0002725048076441106,
    0.0002673734003018794,
    0.0002659193829777496,
    0.00026204018325549667,
    0.00025953258225096796,
    0.00025469571703496557,
    0.00025095072629451135,
    0.00024860704386812845,
    0.00024573112068008285,
    0.0002435455443073988,
    0.00024183133099874444,
    0.00023919606679519487,
    0.00023695685705656423,
    0.00023442879867918926,
    0.00022995514488738413,
    0.0002298837476379673,
    0.00022856140834864793,
    0.00022566066991186882,
    0.00022451210736973347,
    0.0002229000864503924,
    0.00021886713118949043,
    0.00021717006662325217,
    0.0002171932763500538,
    0.00021403597653548787,
    0.00021183053710736928,
    0.00021074200109774135,
    0.00021117121966888946,
    0.00020944073529295285,
    0.00020810366227484739,
    0.00020672273227550605,
    0.00020435310662996766,
    0.00020287910032786377,
    0.00020104600827288964,
    0.00019966543635037374,
    0.00019753445781444648,
    0.0001969092010490958,
    0.0001965683081306411,
    0.00019516681147270707,
    0.00019347394310535778,
    0.0001929894797494832,
    0.00019131487813461452,
    0.0001899224414872034,
    0.00019029879183674964,
    0.00018831053019145245,
    0.00018460778894423927,
    0.00018478536736591213,
    0.00018270800849784253,
    0.00018303547853127438,
    0.00018191137408743617,
    0.00018273616822799178,
    0.00018136672298860193,
    0.00017931576368815155,
    0.00017780309779021557,
    0.00017483214269226326,
    0.00017427759857084867,
    0.00017474137872410634,
    0.00017250126108137108,
    0.00017172965966333987,
    0.00017108615045828538,
    0.00017112199208876294,
    0.0001705389199566883,
    0.00017035702762707768,
    0.00016873330343125892,
    0.0001678187450604892,
    0.0001666115970006684,
    0.00016521311753266504,
    0.00016589770722123858,
    0.00016519082775972807,
    0.0001637182637809203,
    0.00016290832132689014,
    0.00016224961150841934,
    0.0001613140312426621,
    0.00015917734085838154,
    0.0001573739465497513,
    0.0001581394563810553,
    0.0001577540292756003,
    0.00015742209170850445,
    0.00015628768285097112,
    0.00015474554829155948,
    0.0001550221144388339,
    0.00015396738747578185,
    0.0001534897610107034,
    0.00015242900632344571,
    0.0001525296239580687,
    0.0001524252310711527,
    0.0001505706700533753,
    0.00015041905513891071,
    0.00014807260667858236,
    0.00014683610064736294,
    0.00014581634066416043,
    0.00014514120238009274,
    0.00014530625211940686,
    0.00014619168526294973,
    0.0001452693493505682,
    0.0001440032280521242,
    0.00014226015020592377,
    0.0001413241532441007,
    0.00014080080520467305,
    0.00013928570311017051,
    0.00013767072833319337,
    0.00013909456294098377,
    0.00013738941268813827,
    0.00013628942021565334,
    0.00013598089672926122,
    0.0001347953938170834,
    0.00013367043468556243,
    0.00013194964786614164,
    0.00013168703689278905,
    0.00013097007772187858,
    0.000129832432606211,
    0.00012963571685968605,
    0.00012796827455517735,
    0.00012688874942796193,
    0.00012601807922663376,
    0.0001245747131034129,
    0.00012292463799584146,
    0.00012273560321219545,
    0.00012104173447411668,
    0.00011965078947853923,
    0.00011893592955332876,
    0.00011958100522852838,
    0.00011847429052364761,
    0.00011693151826540896,
    0.00011538443815494751,
    0.00011269213066859674,
    0.00011285414283976869,
    0.00011064918160063906,
    0.00010975913863424036,
    0.00010917306794860737,
    0.00010801597106840643,
    0.00010608052847604603,
    0.00010595452536105615,
    0.00010400419053622931,
    0.00010355649249304393,
    0.00010146658712035286,
    0.00010071418204827389,
    9.957975115112885e-05,
    9.864634239678591e-05,
    9.844778847800277e-05,
    9.744250432983062e-05,
    9.501137994104845e-05,
    9.352698092737501e-05,
    9.345717230971413e-05,
    9.246036475614667e-05,
    9.084947369452719e-05,
    8.888794010553451e-05,
    8.790410484225969e-05,
    8.681568535319462e-05,
    8.564312419935187e-05,
    8.48687754051979e-05,
    8.306573682893184e-05,
    8.242804573280086e-05,
    8.189674812193048e-05,
    8.044025015970013e-05,
    7.924698982705247e-05,
    7.770234732251562e-05,
    7.606546229479566e-05,
    7.548651279948736e-05,
    7.380316966857227e-05,
    7.293300499275197e-05,
    7.255023266205961e-05,
    7.13804864931394e-05,
    7.048223402425735e-05,
    6.914544469099253e-05,
    6.735302254789488e-05,
    6.785524278770734e-05,
    6.708339226940975e-05,
    6.432103087894512e-05,
    6.323078665696535e-05,
    6.212719681479242e-05,
    6.241556674538115e-05,
    6.186985045439612e-05,
    6.207914787380215e-05,
    5.9907507484644105e-05,
    5.843145174466005e-05,
    5.751763353774047e-05,
    5.666549679021484e-05,
    5.5555941109234656e-05,
    5.4525135334193366e-05,
    5.5142842533915555e-05,
    5.446396678477376e-05,
    5.4018330874583845e-05,
    5.33531507651556e-05,
    5.292078295744912e-05,
    5.280819905728576e-05,
    5.103671212091878e-05,
    5.108178015113392e-05,
    5.1031944622904135e-05,
    5.0621981903872265e-05,
    5.015060336916328e-05,
    4.937660072507933e-05,
    4.949737533600596e-05,
    5.009991041396811e-05,
    4.89106613625866e-05,
    4.84133539318471e-05,
    4.843441117180862e-05,
    4.8291195722357106e-05,
    4.740357292555984e-05,
    4.761510839936338e-05,
    4.8120675284400257e-05,
    4.7905620881320637e-05,
    4.751515965018105e-05,
    4.758117467906319e-05,
    4.753527392033801e-05,
