{
  "times": {
    "training": 1404.8373560905457,
    "evaluation": 6.188087463378906
  },
  "metrics": {
    "mean_rank": {
      "avg": 1256.2741108071136,
      "best": 1256.2732558139535,
      "worst": 1256.2749658002735
    },
    "mean_reciprocal_rank": {
      "avg": 0.4625119845688084,
      "best": 0.4625119852953074,
      "worst": 0.46251198384367265
    },
    "hits_at_k": {
      "avg": {
        "1": 0.39705882352941174,
        "3": 0.49555403556771543,
        "5": 0.5294117647058824,
        "10": 0.5779753761969905
      },
      "best": {
        "1": 0.39705882352941174,
        "3": 0.49555403556771543,
        "5": 0.5294117647058824,
        "10": 0.5779753761969905
      },
      "worst": {
        "1": 0.39705882352941174,
        "3": 0.49555403556771543,
        "5": 0.5294117647058824,
        "10": 0.5779753761969905
      }
    },
    "adjusted_mean_rank": 0.06199740889097122
  },
  "losses": [
    0.00681672715465317,
    0.004530373971587314,
    0.003349700650931599,
    0.002604728307365417,
    0.0021026144987932654,
    0.0017478298985114497,
    0.0014834963308204645,
    0.0012767656862807822,
    0.001110580928888374,
    0.0009750940242414682,
    0.0008625256952249908,
    0.0007684600970497566,
    0.0006899289046776976,
    0.0006233365452199661,
    0.0005677371163534886,
    0.0005197894348754724,
    0.0004792067283377195,
    0.0004447285112729514,
    0.00041472386347202124,
    0.00038903485587850345,
    0.00036634087271693663,
    0.00034684369438889046,
    0.0003295771808303919,
    0.00031448640757279875,
    0.0003006300889974487,
    0.0002883726340652768,
    0.00027739765709093925,
    0.00026759048005236847,
    0.000258501334732669,
    0.00025044572803735557,
    0.0002425863402350521,
    0.00023608987896445296,
    0.00022927110760214827,
    0.00022396901020194717,
    0.0002182116174183753,
    0.00021337184491086557,
    0.0002088717993158143,
    0.0002040288001968157,
    0.00019980157487574463,
    0.00019591674532542033,
    0.00019211116012372644,
    0.00018883253204624853,
    0.00018564572477046228,
    0.00018218872757552303,
    0.00017919946523478606,
    0.00017664647007073296,
    0.0001742212664246518,
    0.00017149812901357079,
    0.00016903929304469466,
    0.00016716290963532127,
    0.0001646032135498409,
    0.00016268132060462482,
    0.00016065223172857001,
    0.00015879671025589875,
    0.00015696408481809523,
    0.00015520537412059516,
    0.00015366473227950407,
    0.00015189103623873047,
    0.00015052823109481798,
    0.0001487841927042353,
    0.0001481223974996619,
    0.00014639726080132963,
    0.0001452029586651717,
    0.0001440155444013686,
    0.00014265552610364843,
    0.00014154677226579189,
    0.000140580030679085,
    0.00013965628654015265,
    0.00013841389247641056,
    0.00013770596065511355,
    0.00013700958314332592,
    0.0001358210946973099,
    0.00013510011714190997,
    0.0001341804994478596,
    0.00013345679868959274,
    0.00013279898980518844,
    0.00013191228241359878,
    0.00013098999646187116,
    0.00013046652150916374,
    0.00013017882078434714,
    0.00012928168830717758,
    0.0001289999731652524,
    0.0001282465914723896,
    0.00012778249613907682,
    0.0001273867216474097,
    0.00012701741341599503,
    0.00012606571040171968,
    0.00012582958787302144,
    0.00012513949036153753,
    0.00012460942960095377,
    0.00012438978869863733,
    0.00012381375811961043,
    0.00012335735206690286,
    0.00012300611503275111,
    0.00012254811248068448,
    0.00012237718880645022,
    0.0001219935358371177,
    0.00012167178005582414,
    0.00012136299180048917,
    0.00012113452857546754,
    0.00012034132736464503,
    0.00012067253154135604,
    0.00011999361780523849,
    0.00011958695906081155,
    0.00011950580339608307,
    0.00011908858709915484,
    0.00011877284729596404,
    0.00011847828396735924,
    0.00011797719439066376,
    0.0001181632633316,
    0.00011791098650956515,
    0.00011726286662967189,
    0.00011724324411830939,
    0.00011721040650051603,
    0.00011667266030967315,
    0.0001166787164214671,
    0.00011673687661801649,
    0.00011618039461083656,
    0.00011571249515701948,
    0.00011592058226463604,
    0.00011569613706346908,
    0.00011537601430083402,
    0.00011546707340968378,
    0.0001149064998574164,
    0.00011501241266845853,
    0.00011492894659228651,
    0.00011453728079529853,
    0.00011464941409252026,
    0.00011406064907826447,
    0.00011403110545837949,
    0.00011392902745263333,
    0.00011365586324300133,
    0.00011356147739221348,
    0.0001134965002061433,
    0.00011337679561622033,
    0.00011319236476696127,
    0.00011263358690243157,
    0.00011279390717394277,
    0.00011232679132454725,
    0.00011255487097358501,
    0.00011240973558765746,
    0.0001125361410239313,
    0.00011219565146408833,
    0.00011186356853972364,
    0.00011183647385794051,
    0.0001119120693225835,
    0.00011182118214938405,
    0.00011141388232769275,
    0.0001114778058488539,
    0.00011116728251387558,
    0.00011118426831036835,
    0.0001108637749921399,
    0.00011066561126678782,
    0.00011069946606236637,
    0.00011043449454196152,
    0.00011041272635819786,
    0.00011038979467277172,
    0.00011059906919924248,
    0.00011002497512980392,
    0.00011019119570815667,
    0.00010983806983792199,
    0.0001098079225180879,
    0.00010971808623197117,
    0.00010940139986569931,
    0.0001094327239006399,
    0.00010954729425244404,
    0.00010944629154433142,
    0.00010978407954475715,
    0.00010938011987150152,
    0.00010911030619229692,
    0.00010918877826231492,
    0.00010943531877651194,
    0.00010877435326253619,
    0.00010887400423103494,
    0.00010865096469577774,
    0.00010889535551562432,
    0.00010862081009353416,
    0.00010894607481643066,
    0.00010844937872059874,
    0.00010859422994240335,
    0.00010839993595431738,
    0.00010813885842085145,
    0.0001083195926268161,
    0.00010825841320120774,
    0.00010803066343781229,
    0.00010830767148335705,
    0.00010767788851750895,
    0.00010769910350628122,
    0.0001076006658150892,
    0.00010784134661731939,
    0.00010749324495539651,
    0.00010774764244939583,
    0.00010730607095440208,
    0.0001075213753481071,
    0.00010717073324069243,
    0.00010750329200991998,
    0.00010710597752996242,
    0.00010708023821291009,
    0.00010710388287732849,
    0.00010696079819217318,
    0.00010702064402520283,
    0.00010709461076126656,
    0.00010666791549138114,
    0.00010685724932203819,
    0.00010703040955400209,
    0.0001068210573020209,
    0.00010640441747376384,
    0.00010650810089150865,
    0.000106599617419331,
    0.00010680815297965456,
    0.00010663001064650649,
    0.00010650912359277084,
    0.0001063669572312501,
    0.00010620300061350805,
    0.00010616372710465698,
    0.00010605505306992073,
    0.00010641905243554153,
    0.00010624733927947715,
    0.00010607759857313987,
    0.00010573977887975385,
    0.00010565464586112182,
    0.00010589624213408386,
    0.00010579306833485066,
    0.00010582792012339162,
    0.00010577089295821698,
    0.0001057064821591318,
    0.00010567714546049322,
    0.00010549517380262537,
    0.00010566646685268126,
    0.00010574295219773352,
    0.00010571733032160007,
    0.00010527146990569877,
    0.00010536393790874291,
    0.00010522942513436818,
    0.00010558693767496566,
    0.00010561270286119574,
    0.00010507671870241897,
    0.00010514184622359055,
    0.00010493303583006638,
    0.0001050474693176179,
    0.00010521693069689659,
    0.00010493220531362843,
    0.00010498833954171236,
    0.00010468548780148763,
    0.00010510865196078568,
    0.00010503157406999032,
    0.0001048746629635644,
    0.00010503437750806406,
    0.00010458229732457141,
    0.00010467898306538351
  ]
}