{
  "times": {
    "training": 955.4351298809052,
    "evaluation": 1.2899835109710693
  },
  "metrics": {
    "mean_rank": {
      "worst": 4.237430167597766,
      "best": 4.237430167597766,
      "avg": 4.237430167597766
    },
    "mean_reciprocal_rank": {
      "worst": 0.5381700387364773,
      "best": 0.5381700387364773,
      "avg": 0.5381700387364773
    },
    "hits_at_k": {
      "worst": {
        "1": 0.34450651769087526,
        "3": 0.6671322160148976,
        "5": 0.8007448789571695,
        "10": 0.9269087523277467
      },
      "best": {
        "1": 0.34450651769087526,
        "3": 0.6671322160148976,
        "5": 0.8007448789571695,
        "10": 0.9269087523277467
      },
      "avg": {
        "1": 0.34450651769087526,
        "3": 0.6671322160148976,
        "5": 0.8007448789571695,
        "10": 0.9269087523277467
      }
    },
    "adjusted_mean_rank": 0.08816324296932897
  },
  "losses": [
    0.00343661488134986,
    0.002997125495462382,
    0.0028270448833592377,
    0.0027329501894752632,
    0.0026676955629377328,
    0.002625754814636841,
    0.0025563152430209328,
    0.00244327885716149,
    0.0021981779234797765,
    0.0018563134637608956,
    0.0016155678060338291,
    0.0014702649333615428,
    0.0013793805188565666,
    0.0013325021877773245,
    0.0012982667315653647,
    0.0012708522958422867,
    0.0012408432198430267,
    0.001218477093129792,
    0.0012063916061031685,
    0.0011795749539014106,
    0.0011672081969929546,
    0.0011592731751808513,
    0.0011394267713420846,
    0.0011351961286717586,
    0.001123126359021619,
    0.0011089726487237416,
    0.0010969590444522405,
    0.0010843660598725416,
    0.001067768998639414,
    0.0010766220429026232,
    0.0010636400584870956,
    0.001053951419052783,
    0.0010496330227744712,
    0.0010398068458316256,
    0.0010270605488132672,
    0.0010260636865925253,
    0.0010196159450748885,
    0.0010167238396707546,
    0.0010077828464659859,
    0.0009982036914997334,
    0.000997061263909389,
    0.0009887307910213755,
    0.0009813699766658664,
    0.0009759140466008517,
    0.000979898502694422,
    0.0009640891066567505,
    0.0009692192203208302,
    0.0009549055858916334,
    0.0009522591229207284,
    0.0009492314315997483,
    0.0009435925489703145,
    0.0009511689836863944,
    0.0009374970130706102,
    0.0009278096869057707,
    0.000923670195252373,
    0.0009151596788749489,
    0.0009208433957916967,
    0.0009178058418692944,
    0.0009153708397002702,
    0.0009109238459125217,
    0.0009001841112859687,
    0.0009025804408954994,
    0.000905651869496491,
    0.0008945733654113967,
    0.0008947854401187951,
    0.0008927699569124407,
    0.0008884117910673333,
    0.0008960093845951647,
    0.0008840138591435294,
    0.0008780597953286287,
    0.0008725253115181396,
    0.0008684272968562578,
    0.0008639478933917226,
    0.0008619265728508042,
    0.0008599610775988201,
    0.0008638008176750235,
    0.0008562333770235826,
    0.0008564918451987849,
    0.0008515478931506921,
    0.0008465320757879746,
    0.0008496923323316074,
    0.0008430249294900939,
    0.0008388874469820257,
    0.0008446011127213414,
    0.0008329651946348421,
    0.0008412670354578602,
    0.0008377713946562805,
    0.0008291924330458213,
    0.0008308464183370942,
    0.0008286830275023028,
    0.000826687135206961,
    0.0008226772805166602,
    0.000813961009868187,
    0.000814713372008296,
    0.000817887924527854,
    0.0008131850611990534,
    0.0008137732890717099,
    0.0008094322358428985,
    0.0008123368495719487,
    0.0008022049128004674,
    0.0007989640201159408,
    0.0008068127062325174,
    0.000796016122559818,
    0.0008052034994189659,
    0.0008043924779090543,
    0.0007937637764667527,
    0.0007950179400934039,
    0.0007845048848469829,
    0.0007916467337544715,
    0.0007872287121214223,
    0.0007818591962341735,
    0.0007841485318787089,
    0.0007788600148947052,
    0.000780752690836843,
    0.0007826074650894837,
    0.0007711297235964389,
    0.0007729754043736038,
    0.0007717934234786346,
    0.0007658340961215424,
    0.0007724508099006803,
    0.0007693309525258086,
    0.0007633210721422224,
    0.0007545983049083738,
    0.0007574011236847787,
    0.0007533474567203263,
    0.0007530378146369136,
    0.0007519467946574482,
    0.000757488641846046,
    0.0007520790093260982,
    0.0007476959925158864,
    0.0007484314600459199,
    0.000739837878066279,
    0.0007373030185838987,
    0.0007420490122633927,
    0.0007436629245232107,
    0.0007377214719321621,
    0.0007374321445404144,
    0.0007289445903221989,
    0.0007302735126420353,
    0.0007346798055404135,
    0.0007158876518799125,
    0.0007221458919262618,
    0.0007249101305778107,
    0.0007123738311035802,
    0.0007188829143395585,
    0.0007259449014642489,
    0.0007127335727605481,
    0.0007232012862011735,
    0.0007202595608371697,
    0.000711381703977951,
    0.0006960263137430064,
    0.0007113532149250365,
    0.0007031268775044532,
    0.0007055278776792551,
    0.0006993802749178606,
    0.0007079192925565475,
    0.0006853426695009519,
    0.0006983141233439972,
    0.0007005426736220662,
    0.0006932436649021361,
    0.0006972192333181029,
    0.0006968957312712062,
    0.000685075597928258,
    0.0006942138989710629,
    0.0006750780680959814,
    0.000663236439339677,
    0.0006805724980595629,
    0.0006654269693328646,
    0.0006814081786891047,
    0.0006650403100118209,
    0.0006617596111354533,
    0.000672650502555156,
    0.0006644924150340343,
    0.0006748660544303249,
    0.0006697324648750632,
    0.0006659105803803558,
    0.0006668016363339924,
    0.0006798774453947383,
    0.0006577736725995826,
    0.0006540639967786686,
    0.0006464541478131371,
    0.0006590140809057358,
    0.0006449927021278425,
    0.0006609389659589373,
    0.0006363471457211489,
    0.0006402623019972991,
    0.000637822374631738,
    0.000625144654522172,
    0.0006373875812812244,
    0.000645066566123498,
    0.0006490016019508969,
    0.0006417213007807732,
    0.0006443622891794653,
    0.0006401615273137664,
    0.0006297939711630568,
    0.0006222406974278586,
    0.0006498506114807691,
    0.0006250375759707631,
    0.0006340889727578181,
    0.0006323521956801414,
    0.0006240127060548419,
    0.0006008465348809176,
    0.000604872555168492,
    0.0006209315988496783,
    0.0006071167356205566,
    0.0006094561917672443,
    0.0006405209410893783,
    0.0006040412555919604,
    0.0006049506589491269,
    0.0005946018513333932,
    0.000608945588933562,
    0.0005934696831157927,
    0.0005813211896753266,
    0.0006128703400994955,
    0.0005825537567337354,
    0.000594674086386568,
    0.0006198354818847742,
    0.0005850833605221483,
    0.0005924057054999616,
    0.0005832197308568249,
    0.0006024195831827122,
    0.000561594922088561,
    0.0005628755054530802,
    0.000572773182332125,
    0.0005755197633518262,
    0.000582229405334603,
    0.0005555942851687304,
    0.0005604499603939078,
    0.0005502391053705515,
    0.0005483139098764917,
    0.0005454123927077997,
    0.0005421639282312175,
    0.0005427557096052706,
    0.0005566733409668065,
    0.0005490390997212589,
    0.000560189885076847,
    0.0005728381037126097,
    0.0005497264419420716,
    0.0005289111138157518,
    0.0005304642223965809,
    0.0005415321749805957,
    0.0005258154655956709,
    0.0005189617781826619,
    0.0005227271415125787,
    0.0005076083656372538,
    0.0005238524120133579,
    0.0005379666335364518,
    0.0005477158682358064,
    0.0005480428112928899,
    0.0005211222320376487
  ]
}