{
  "times": {
    "training": 258.99819588661194,
    "evaluation": 0.23969745635986328
  },
  "metrics": {
    "mean_rank": {
      "best": 2.5661080074487894,
      "worst": 2.5661080074487894,
      "avg": 2.5661080074487894
    },
    "mean_reciprocal_rank": {
      "best": 0.6703403451049554,
      "worst": 0.6703403451049554,
      "avg": 0.6703403451049554
    },
    "hits_at_k": {
      "best": {
        "1": 0.4818435754189944,
        "3": 0.8361266294227188,
        "5": 0.9315642458100558,
        "10": 0.9804469273743017
      },
      "worst": {
        "1": 0.4818435754189944,
        "3": 0.8361266294227188,
        "5": 0.9315642458100558,
        "10": 0.9804469273743017
      },
      "avg": {
        "1": 0.4818435754189944,
        "3": 0.8361266294227188,
        "5": 0.9315642458100558,
        "10": 0.9804469273743017
      }
    },
    "adjusted_mean_rank": 0.05347543507831751
  },
  "losses": [
    0.0242288457072769,
    0.005474865753971012,
    0.002242758781614291,
    0.0017807632266135698,
    0.0014700145872260971,
    0.0012380344564729973,
    0.0010606761737717908,
    0.0009222858182541775,
    0.0008124539985937112,
    0.000736376742526282,
    0.0006770571162496878,
    0.0006341610448513431,
    0.0006087982542799744,
    0.000588184511655251,
    0.000575713437789186,
    0.000564469880322413,
    0.0005565330489496753,
    0.0005557146592655181,
    0.0005513887824307541,
    0.0005504916901573755,
    0.0005479575971848669,
    0.000546950895634867,
    0.0005484354806639261,
    0.0005429641714045771,
    0.0005483273071217724,
    0.0005484516631021803,
    0.000550397602487652,
    0.0005483261450941148,
    0.0005465607520839032,
    0.0005486551467839398,
    0.000548051735268529,
    0.0005519371817659321,
    0.0005479800051177611,
    0.0005468582285481788,
    0.0005463499863948569,
    0.0005492865452294374,
    0.0005488611904037454,
    0.0005474937282357023,
    0.0005490177320595482,
    0.000544789986637393,
    0.0005440848799071829,
    0.0005446016501368474,
    0.0005450012713447492,
    0.0005433494559783935,
    0.0005445316789147691,
    0.0005443355067256378,
    0.0005387846634013418,
    0.0005413668429324654,
    0.0005431402270151965,
    0.0005400083264861821,
    0.0005388669191104489,
    0.0005390660123104292,
    0.0005391524306303134,
    0.0005385844600046828,
    0.0005349000475621409,
    0.000538574712892056,
    0.0005388340720041805,
    0.0005366472971681436,
    0.0005353249496434143,
    0.000533028918373824,
    0.0005367537492241759,
    0.0005363792232573486,
    0.0005369224752476508,
    0.0005338866613964002,
    0.0005352178013300147,
    0.0005330325531370393,
    0.0005330775111428835,
    0.0005342657051606396,
    0.000531763560672758,
    0.0005330639788972507,
    0.0005366263995823461,
    0.0005373010737341846,
    0.0005300239509312534,
    0.0005325097843027091,
    0.000532181058172747,
    0.0005337922822523597,
    0.000534411743712744,
    0.0005340074814794138,
    0.0005294570534412438,
    0.0005290832517455831,
    0.0005331653179988886,
    0.0005317683834063713,
    0.0005328396318021688,
    0.0005319630005026292,
    0.0005315156925050193,
    0.0005320554345951691,
    0.0005311612403329832,
    0.0005295896871178498,
    0.0005303195036541363,
    0.0005353013299229426,
    0.0005293094835044426,
    0.0005317769702898917,
    0.0005283644553147473,
    0.0005299589401682183,
    0.0005314190921500981,
    0.0005283581153123399,
    0.0005295459845553288,
    0.0005306039914167888,
    0.0005279854639810039,
    0.0005301785207207905,
    0.0005315364548724584,
    0.0005314587642136117,
    0.0005282139206568497,
    0.0005278112023435742,
    0.0005286790802028407,
    0.0005285168059644627,
    0.0005271512136902758,
    0.0005285328058225071,
    0.0005264255195426186,
    0.0005282522825029773,
    0.0005315199793248406,
    0.0005295313784110531,
    0.0005291682773327267,
    0.0005285785923609929,
    0.0005248191316040016,
    0.0005310411431040956,
    0.0005257717539858917,
    0.0005268886866207559,
    0.0005299817441094122,
    0.0005261424338324728,
    0.0005312575524836807,
    0.0005291138671766723,
    0.0005299982172044601,
    0.0005282283122830044,
    0.0005276736606929228,
    0.0005302495832820092,
    0.0005278796600029639,
    0.0005297392754107435,
    0.0005280980665375364,
    0.0005293434463120467,
    0.0005273012463343486,
    0.0005283459103430799,
    0.000529665028650666,
    0.0005306066462965438,
    0.0005279428173316126,
    0.0005288619645858142,
    0.0005281144038147088,
    0.0005264733993223335,
    0.0005262763904253272,
    0.000525918388730508,
    0.0005304248399543314,
    0.0005270781746301591,
    0.00052759047257121,
    0.0005283104883108379,
    0.0005267663294848836,
    0.0005254736903218608,
    0.0005252280567723853,
    0.000527982968845307,
    0.0005272358781501148,
    0.0005287019829008526,
    0.0005258395596976786,
    0.0005256483757633835,
    0.0005285083891257943,
    0.0005267819744288007,
    0.0005237805747125326,
    0.0005277877705989664,
    0.0005264510866036561,
    0.0005291581154087636,
    0.0005252593433356247,
    0.0005260553773538793,
    0.0005243856440017467,
    0.0005274058320391261,
    0.0005254964449936489,
    0.0005245126666342456,
    0.0005270790777209281,
    0.0005248950255645809,
    0.000527698489857405,
    0.0005246045999664966,
    0.0005281195597163287,
    0.0005268747978804507,
    0.000524515838515753,
    0.0005237696948395833,
    0.0005252244382506334,
    0.0005282419980050166,
    0.0005235307173470335,
    0.0005236578499091692,
    0.0005250643066863951,
    0.0005248863634689143,
    0.0005265353758202879,
    0.0005244423087781351,
    0.0005247093637823563,
    0.0005295600922283811,
    0.0005267086916922309,
    0.0005241530421556214,
    0.0005232802945278997,
    0.0005243304642837335,
    0.0005231770768666584,
    0.0005230600892240007,
    0.0005256707346993795,
    0.000524194250127461,
    0.0005239497158198516,
    0.0005233517123847565,
    0.0005261084892828897,
    0.0005217244859945294,
    0.0005248727826078942,
    0.0005228523649397387,
    0.0005243038777711065,
    0.000523558272297794,
    0.0005230098883320546,
    0.0005228234906698323,
    0.0005228872964034827,
    0.0005228499887809366,
    0.0005255936255176248,
    0.0005229526901489458,
    0.0005216614981657173,
    0.0005224757632266814,
    0.0005207310933427892,
    0.0005218565317083582,
    0.0005225958871613309,
    0.0005218461070323977,
    0.000522159675571349,
    0.0005230232206114815,
    0.0005230772699127392,
    0.0005227542377237496,
    0.0005227429587904134,
    0.0005195428367572477,
    0.0005207216083281411,
    0.0005224577939004397,
    0.0005201017854679445,
    0.0005224216443269377,
    0.0005203223071533712,
    0.0005205529391497883,
    0.0005217569255926698,
    0.0005199346398260646,
    0.0005195181224820438,
    0.0005229192133317091,
    0.0005192746770610049,
    0.0005241086229521516,
    0.0005222913478405218,
    0.0005211223669289978,
    0.0005209631416711203,
    0.0005230570684753059,
    0.0005224850154651873,
    0.0005189595543012051,
    0.0005219645470869989,
    0.0005206941123480633,
    0.0005216945842613051,
    0.0005209580710099326,
    0.0005196658652977781,
    0.0005194560962241694,
    0.0005235299251669292,
    0.0005216007347633776,
    0.0005198914382963403,
    0.0005214425402389113,
    0.0005215004719039494,
    0.0005192246360766217,
    0.0005198231503547933,
    0.000518006198273881,
    0.0005201311973411911,
    0.0005207757637984284,
    0.0005185128156268404,
    0.0005185518474605856,
    0.0005170368795040716,
    0.0005179880057637709,
    0.000517410657600559,
    0.0005184743217779463,
    0.0005200237764655142,
    0.000520490319751489,
    0.0005180062769741267,
    0.0005190533932258309,
    0.0005181726735466324,
    0.0005182557323906564,
