{
  "times": {
    "training": 433.2941663265228,
    "evaluation": 52.211952447891235
  },
  "metrics": {
    "arithmetic_mean_rank": {
      "both": {
        "pessimistic": 126.84548255489157,
        "optimistic": 126.84544869733033,
        "realistic": 126.84546562611095
      },
      "tail": {
        "pessimistic": 111.85547899984765,
        "optimistic": 111.85547899984765,
        "realistic": 111.85547899984765
      },
      "head": {
        "pessimistic": 141.8354861099355,
        "optimistic": 141.83541839481302,
        "realistic": 141.83545225237427
      }
    },
    "geometric_mean_rank": {
      "both": {
        "pessimistic": 14.568198474040866,
        "optimistic": 14.568194874245647,
        "realistic": 14.568196678402886
      },
      "tail": {
        "pessimistic": 12.6313507789052,
        "optimistic": 12.6313507789052,
        "realistic": 12.6313507789052
      },
      "head": {
        "pessimistic": 16.802035704168887,
        "optimistic": 16.802027400619135,
        "realistic": 16.802031562219327
      }
    },
    "median_rank": {
      "both": {
        "pessimistic": 12.0,
        "optimistic": 12.0,
        "realistic": 12.0
      },
      "tail": {
        "pessimistic": 10.0,
        "optimistic": 10.0,
        "realistic": 10.0
      },
      "head": {
        "pessimistic": 14.0,
        "optimistic": 14.0,
        "realistic": 14.0
      }
    },
    "harmonic_mean_rank": {
      "both": {
        "pessimistic": 3.5046433801881784,
        "optimistic": 3.5046433514565023,
        "realistic": 3.5046433658970906
      },
      "tail": {
        "pessimistic": 3.239068328030398,
        "optimistic": 3.239068328030398,
        "realistic": 3.239068328030398
      },
      "head": {
        "pessimistic": 3.8176576573819787,
        "optimistic": 3.8176575891956586,
        "realistic": 3.8176576234662165
      }
    },
    "inverse_arithmetic_mean_rank": {
      "both": {
        "pessimistic": 0.007883607518835023,
        "optimistic": 0.00788360962312593,
        "realistic": 0.007883608570980336
      },
      "tail": {
        "pessimistic": 0.008940107439898962,
        "optimistic": 0.008940107439898962,
        "realistic": 0.008940107439898962
      },
      "head": {
        "pessimistic": 0.007050421776852857,
        "optimistic": 0.007050425142868056,
        "realistic": 0.007050423459860054
      }
    },
    "inverse_geometric_mean_rank": {
      "both": {
        "pessimistic": 0.06864266723039944,
        "optimistic": 0.06864268419197549,
        "realistic": 0.06864267569111582
      },
      "tail": {
        "pessimistic": 0.07916809670665113,
        "optimistic": 0.07916809670665113,
        "realistic": 0.07916809670665113
      },
      "head": {
        "pessimistic": 0.059516597727017215,
        "optimistic": 0.059516627140076626,
        "realistic": 0.05951661239873979
      }
    },
    "inverse_harmonic_mean_rank": {
      "both": {
        "pessimistic": 0.2853357364840659,
        "optimistic": 0.28533573882329794,
        "realistic": 0.285335737647596
      },
      "tail": {
        "pessimistic": 0.3087307517862943,
        "optimistic": 0.3087307517862943,
        "realistic": 0.3087307517862943
      },
      "head": {
        "pessimistic": 0.26194072118183753,
        "optimistic": 0.26194072586030165,
        "realistic": 0.2619407235088978
      }
    },
    "inverse_median_rank": {
      "both": {
        "pessimistic": 0.08333333333333333,
        "optimistic": 0.08333333333333333,
        "realistic": 0.08333333333333333
      },
      "tail": {
        "pessimistic": 0.1,
        "optimistic": 0.1,
        "realistic": 0.1
      },
      "head": {
        "pessimistic": 0.07142857142857142,
        "optimistic": 0.07142857142857142,
        "realistic": 0.07142857142857142
      }
    },
    "rank_std": {
      "both": {
        "pessimistic": 520.7497554177398,
        "optimistic": 520.7497481583025,
        "realistic": 520.7497517798944
      },
      "tail": {
        "pessimistic": 498.2463036560422,
        "optimistic": 498.2463036560422,
        "realistic": 498.2463036560422
      },
      "head": {
        "pessimistic": 541.9057445859033,
        "optimistic": 541.9057325069545,
        "realistic": 541.9057385308104
      }
    },
    "rank_var": {
      "both": {
        "pessimistic": 271180.30776763585,
        "optimistic": 271180.30020693544,
        "realistic": 271180.30397882155
      },
      "tail": {
        "pessimistic": 248249.379106909,
        "optimistic": 248249.379106909,
        "realistic": 248249.379106909
      },
      "head": {
        "pessimistic": 293661.83601520234,
        "optimistic": 293661.82292389893,
        "realistic": 293661.82945262303
      }
    },
    "hits_at_k": {
      "both": {
        "pessimistic": {
          "1": 0.18736774390140679,
          "3": 0.31702527466946556,
          "5": 0.38199793468876436,
          "10": 0.48026104179715934
        },
        "optimistic": {
          "1": 0.18736774390140679,
          "3": 0.31702527466946556,
          "5": 0.38199793468876436,
          "10": 0.48026104179715934
        },
        "realistic": {
          "1": 0.18736774390140679,
          "3": 0.31702527466946556,
          "5": 0.38199793468876436,
          "10": 0.48026104179715934
        }
      },
      "tail": {
        "pessimistic": {
          "1": 0.20923972846235886,
          "3": 0.3423338016962638,
          "5": 0.4077635387923008,
          "10": 0.5059504663879061
        },
        "optimistic": {
          "1": 0.20923972846235886,
          "3": 0.3423338016962638,
          "5": 0.4077635387923008,
          "10": 0.5059504663879061
        },
        "realistic": {
          "1": 0.20923972846235886,
          "3": 0.3423338016962638,
          "5": 0.4077635387923008,
          "10": 0.5059504663879061
        }
      },
      "head": {
        "pessimistic": {
          "1": 0.1654957593404547,
          "3": 0.2917167476426673,
          "5": 0.35623233058522796,
          "10": 0.45457161720641265
        },
        "optimistic": {
          "1": 0.1654957593404547,
          "3": 0.2917167476426673,
          "5": 0.35623233058522796,
          "10": 0.45457161720641265
        },
        "realistic": {
          "1": 0.1654957593404547,
          "3": 0.2917167476426673,
          "5": 0.35623233058522796,
          "10": 0.45457161720641265
        }
      }
    },
    "adjusted_arithmetic_mean_rank": {
      "both": {
        "realistic": 0.017171788296248693
      },
      "tail": {
        "realistic": 0.015101410337540085
      },
      "head": {
        "realistic": 0.019253466123349272
      }
    },
    "adjusted_arithmetic_mean_rank_index": {
      "both": {
        "realistic": 0.9829612807333208
      },
      "tail": {
        "realistic": 0.9850315770330672
      },
      "head": {
        "realistic": 0.9808796834768176
      }
    }
  },