{
  "times": {
    "training": 103.15203952789307,
    "evaluation": 0.09979891777038574
  },
  "metrics": {
    "mean_rank": {
      "best": 23.67364990689013,
      "worst": 23.67364990689013,
      "avg": 23.67364990689013
    },
    "mean_reciprocal_rank": {
      "best": 0.09066799897588819,
      "worst": 0.09066799897588819,
      "avg": 0.09066799897588819
    },
    "hits_at_k": {
      "best": {
        "1": 0.01675977653631285,
        "3": 0.06843575418994413,
        "5": 0.10148975791433892,
        "10": 0.212756052141527
      },
      "worst": {
        "1": 0.01675977653631285,
        "3": 0.06843575418994413,
        "5": 0.10148975791433892,
        "10": 0.212756052141527
      },
      "avg": {
        "1": 0.01675977653631285,
        "3": 0.06843575418994413,
        "5": 0.10148975791433892,
        "10": 0.212756052141527
      }
    },
    "adjusted_mean_rank": 0.49040812556068214
  },
  "losses": [
    0.0027582616395271675,
    0.002758271148086487,
    0.002758328513371364,
    0.002758298076214862,
    0.002758307047606854,
    0.0027582645416259766,
    0.0027583112751834848,
    0.002758278354500117,
    0.00275826644612832,
    0.0027582585351185853,
    0.0027582975878809274,
    0.0027582827495055253,
    0.00275815473625276,
    0.0027582940230432076,
    0.0027582006256901817,
    0.0027581839665268243,
    0.0027582191195938918,
    0.0027581908171543023,
    0.002758154275823622,
    0.002758170732677206,
    0.002758184803670712,
    0.002758163247215614,
    0.0027580868996930925,
    0.0027581504877475316,
    0.0027581124814150485,
    0.0027582247214817377,
    0.002758138111970398,
    0.0027580675965502913,
    0.002758124675811007,
    0.0027581031472607054,
    0.002758142723237977,
    0.0027581722744171987,
    0.002758115278870872,
    0.0027580703940061147,
    0.0027580578577764024,
    0.002758130870675773,
    0.002758069940553176,
    0.0027580747471543285,
    0.002758066738477807,
    0.002758007078023439,
    0.0027579651440908844,
    0.0027580508746011425,
    0.0027580411358272537,
    0.002758038645324189,
    0.0027580752843216565,
    0.0027579925396245962,
    0.002758056218369623,
    0.002758147041505196,
    0.002758039112729526,
    0.002758055192868361,
    0.0027579538984579986,
    0.00275798448909088,
    0.0027579248914223037,
    0.002757877188173126,
    0.0027579547983876775,
    0.0027579699716206345,
    0.0027578731838348654,
    0.002757947884974408,
    0.0027579316374067957,
    0.002757905051112175,
    0.002757872360643376,
    0.0027579326838366547,
    0.0027579000631298466,
    0.0027578617219398086,
    0.0027578670866368863,
    0.0027579327745272425,
    0.002757877655578463,
    0.0027578411421525792,
    0.002757893707812502,
    0.0027578241062744726,
    0.0027577686524681384,
    0.0027578449860382616,
    0.0027578253550141047,
    0.0027578266107299355,
    0.0027577863371327574,
    0.0027577951271435743,
    0.002757844134941976,
    0.0027577815863411973,
    0.0027577863720137526,
    0.0027577608670299866,
    0.00275783987248435,
    0.00275780154524671,
    0.0027577496144209016,
    0.002757800770888614,
    0.002757684282316697,
    0.0027577447938673507,
    0.002757788834612021,
    0.0027576994555496546,
    0.0027576806128359914,
    0.0027577202515990545,
    0.0027577141055676823,
    0.002757702043719506,
    0.002757679322239165,
    0.002757700669408291,
    0.0027577430777223815,
    0.0027576622445038643,
    0.002757663723458065,
    0.002757690093490515,
    0.002757604593194826,
    0.002757706201534146,
    0.002757644099410107,
    0.0027575922522986873,
    0.002757671055443278,
    0.002757625459006217,
    0.002757559840877851,
    0.002757554915681314,
    0.002757526473717743,
    0.0027574933367722045,
    0.0027576408136203495,
    0.002757565400908502,
    0.0027575528367739938,
    0.0027574991828270175,
    0.0027575463070516728,
    0.002757495694727487,
    0.002757441538494178,
    0.00275751074936506,
    0.0027575040103567676,
    0.002757537503088458,
    0.0027574676713358597,
    0.0027574575628234207,
    0.0027575029150935146,
    0.002757505119572418,
    0.0027574035251854956,
    0.0027573727392190403,
    0.0027574204703730144,
    0.0027574145406038127,
    0.002757393339934867,
    0.0027573976791306827,
    0.0027574432058057536,
    0.0027573551661736065,
    0.0027573770784148563,
    0.002757405206449469,
    0.002757302454013503,
    0.002757375432031878,
    0.0027573301355713763,
    0.0027572865622320425,
    0.002757293880264857,
    0.002757290280546142,
    0.002757394721222281,
    0.002757301205273871,
    0.002757227180825637,
    0.0027572187186961764,
    0.0027572690868533953,
    0.002757321994347072,
    0.0027572199255786137,
    0.002757192062639565,
    0.0027572079265162294,
    0.002757141296839,
    0.002757209503137217,
    0.0027571281746085665,
    0.0027571650298682045,
    0.002757111578231001,
    0.00275710631120071,
    0.0027571326603045626,
    0.0027572032873438537,
    0.002757208491588353,
    0.00275708120386029,
    0.002757072930088204,
    0.0027571656507499208,
    0.0027570874684870465,
    0.0027569632502865704,
    0.0027569755702541113,
    0.002757116684808713,
    0.0027570652702216354,
    0.002756899557589145,
    0.002756946012098691,
    0.0027569030317362775,
    0.002757034728422147,
    0.0027569458586223115,
    0.0027569048874052276,
    0.0027569566298736616,
    0.0027569026829263243,
    0.002756948509577955,
    0.0027569077476468427,
    0.0027568199661340605,
    0.002756869950600331,
    0.002756751173835122,
    0.0027568237263053542,
    0.0027567881686187414,
    0.0027567753463648677,
    0.002756819059228183,
    0.002756764128636778,
    0.0027567308800720545,
    0.0027567160696014485,
    0.0027566586973403725,
    0.0027567167462927574,
    0.0027566876415902756,
    0.002756671080093705,
    0.0027566582927208267,
    0.0027565547170933713,
    0.0027565433458889023,
    0.002756545341081834,
    0.0027566171889559605,
    0.0027565293795383827,
    0.002756390692701054,
    0.0027564755721150268,
    0.0027565044954363325,
    0.002756448302152898,
    0.002756441298049041,
    0.0027564289432005042,
    0.0027563981223530537,
    0.0027563488843400825,
    0.002756289244814312,
    0.0027562229290660403,
    0.002756238416227955,
    0.0027562657768806713,
    0.0027561948219600244,
    0.0027561888224288318,
    0.002756230128503471,
    0.002756162215205614,
    0.0027561815602056097,
    0.0027561064963037155,
    0.0027560329322846196,
    0.0027561167094591406,
    0.002755975950690691,
    0.0027559730276632845,
    0.002755880572097132,
    0.0027558578017833975,
    0.0027558138866103097,
    0.0027558299318681495,
    0.002755799766783411,
    0.002755699379278926,
    0.0027556540060802346,
    0.002755571917145886,
    0.002755595761794276,
    0.0027556034077084466,
    0.0027555168191257043,
    0.0027554377648379472,
    0.002755423603153854,
    0.0027554338930474683,
    0.0027553003197640516,
    0.0027552563976147647,
    0.002755290853061926,
    0.0027551381091834902,
    0.00275502469013916,
    0.0027550369194161133,
    0.0027550090913580597,
    0.0027548151320955726,
    0.0027548123764969436,
    0.0027546152291114856,
    0.002754593226179648,
    0.002754602134785849,
    0.0027545173530386627,
    0.002754345787375161,
    0.00275425056923418,
    0.0027541184190953715,
    0.0027540852681974346,
    0.0027539235878080016,
    0.002753799774227071,
    0.0027535802332426277,
    0.0027534673932228197,
    0.00275335567637106,
    0.0027531041774187196,
    0.002752942078457343,
    0.002752780746877863,
    0.002752505542801114,
    0.002752229306246904,
    0.0027518528844979817,
    0.0027518225659368635,
    0.002751377142603031,
    0.0027510267211480087,
    0.0027507922162165804,
    0.002750325543380409,
    0.002749915098708667,
    0.002749377443047052,
    0.00274871445996931,
