{
  "times": {
    "training": 122.54249048233032,
    "evaluation": 1.035024881362915
  },
  "metrics": {
    "mean_rank": {
      "best": 3.456703910614525,
      "worst": 3.456703910614525,
      "avg": 3.456703910614525
    },
    "mean_reciprocal_rank": {
      "best": 0.5906455843506422,
      "worst": 0.5906455843506422,
      "avg": 0.5906455843506422
    },
    "hits_at_k": {
      "best": {
        "1": 0.3994413407821229,
        "3": 0.7364990689013036,
        "5": 0.8552141527001862,
        "10": 0.9506517690875232
      },
      "worst": {
        "1": 0.3994413407821229,
        "3": 0.7364990689013036,
        "5": 0.8552141527001862,
        "10": 0.9506517690875232
      },
      "avg": {
        "1": 0.3994413407821229,
        "3": 0.7364990689013036,
        "5": 0.8552141527001862,
        "10": 0.9506517690875232
      }
    },
    "adjusted_mean_rank": 0.0721862713704007
  },
  "losses": [
    0.019262757445319315,
    0.018376969100998137,
    0.016237222027968377,
    0.014216798162331965,
    0.011309283635533704,
    0.005780888318471359,
    0.004270061340849247,
    0.003979180190862202,
    0.00382442223775804,
    0.0036157130456463283,
    0.003550344020780525,
    0.0034131090623703312,
    0.0032735048707797846,
    0.003185756975647118,
    0.0031034224725516742,
    0.003018530727929195,
    0.0029269657128277735,
    0.0028663967288716625,
    0.002807737286036925,
    0.002694180362364312,
    0.002722505843903423,
    0.002711430335659813,
    0.0025892885051290978,
    0.0025676502837461146,
    0.0025793682816107008,
    0.0024853424510956927,
    0.0024954449988845804,
    0.002475528204761278,
    0.0024212296375889708,
    0.0023763439788531916,
    0.0024174390396030014,
    0.0023763395199719608,
    0.002375085941474006,
    0.0023353143945277046,
    0.002375576061969239,
    0.002325837915913247,
    0.0023342558500629045,
    0.002268358134169285,
    0.002264589889669156,
    0.0022916848619105746,
    0.0022384657111186325,
    0.0022386333207322514,
    0.002234025316379183,
    0.0022415145677915508,
    0.0022793416738726394,
    0.0021801767456571986,
    0.002185747559114328,
    0.002144568199283105,
    0.002208959011052306,
    0.002165927006453206,
    0.002173310035424593,
    0.002187253800935848,
    0.002180090344668809,
    0.002170529882536943,
    0.0021516413188954527,
    0.00217631069528225,
    0.0022130691915513315,
    0.002111803912705906,
    0.0021321202126028164,
    0.002138830640280012,
    0.0020845088826959833,
    0.0020692491442163923,
    0.002142076205164857,
    0.0020707955434377747,
    0.0020562217710147286,
    0.002127841825698143,
    0.0021036770820446757,
    0.002067040981008054,
    0.0021219534249208895,
    0.002071646587946714,
    0.002084782454996171,
    0.0020539741461733808,
    0.0020732423872686923,
    0.0020555302145156646,
    0.0020831916668741833,
    0.002036229584672164,
    0.0020644976336714788,
    0.0020496040601841407,
    0.0020276494455011037,
    0.0020218481133562906,
    0.0020505307559037325,
    0.0020005385487772915,
    0.0020721331325949132,
    0.0020180710801533824,
    0.002028792302018687,
    0.0020779492703051922,
    0.0020540963201295262,
    0.0020635034178282494,
    0.002038487257856234,
    0.001973841481925815,
    0.002023823163711923,
    0.0020693071746382486,
    0.0020056457088934083,
    0.002049873064599987,
    0.0020170050118578954,
    0.001999227328671575,
    0.0020316410535067488,
    0.002029424010251024,
    0.00200994624980823,
    0.0020163107752993576,
    0.0019882221011643746,
    0.001979833821637891,
    0.0020269064011648715,
    0.0020344490042585907,
    0.0020573838081556174,
    0.0020236349660268382,
    0.001991951038488902,
    0.001988346398937122,
    0.002011621691925758,
    0.0020197552196290834,
    0.0019811079701127954,
    0.001996908075270358,
    0.002004095510586622,
    0.001997583614743388,
    0.0019454861719035701,
    0.0019605035751042994,
    0.001977490005148784,
    0.001975046317502926,
    0.0020047138495874776,
    0.001980661850467094,
    0.0019788769647576723,
    0.0020445177785237754,
    0.0019302653571266388,
    0.0019788665363211044,
    0.0020132007889191476,
    0.001941050654399289,
    0.0019670132534972597,
    0.0019817018145887174,
    0.001991558295050252,
    0.0019799792071523614,
    0.0019406594719941822,
    0.001988800761834038,
    0.0019936326108323517,
    0.0019766402672601285,
    0.001964855100806935,
    0.0019443915378169788,
    0.0019869190116006573,
    0.0019737748258698328,
    0.00196324659477438,
    0.001913427626836194,
    0.0019856856451134376,
    0.0019763262110957633,
    0.0019230433086357133,
    0.0019771197943970883,
    0.0019360413913935954,
    0.0019459182093284452,
    0.0019733544479626536,
    0.001969995340859964,
    0.0019662971340193088,
    0.0019373567166654497,
    0.001973831388237799
  ]
}