{
  "times": {
    "training": 6506.255336761475,
    "evaluation": 6.246624231338501
  },
  "metrics": {
    "arithmetic_mean_rank": {
      "head": {
        "optimistic": 853.1640571484489,
        "pessimistic": 853.1666992856444,
        "realistic": 853.1653782170466
      },
      "both": {
        "optimistic": 558.1882278109404,
        "pessimistic": 558.1908454839025,
        "realistic": 558.1895366474215
      },
      "tail": {
        "optimistic": 263.21239847343185,
        "pessimistic": 263.2149916821607,
        "realistic": 263.2136950777963
      }
    },
    "geometric_mean_rank": {
      "head": {
        "optimistic": 63.717343331097304,
        "pessimistic": 63.71761372705391,
        "realistic": 63.71747904955487
      },
      "both": {
        "optimistic": 24.21495231515489,
        "pessimistic": 24.215030714304834,
        "realistic": 24.214991634885944
      },
      "tail": {
        "optimistic": 9.202579470055367,
        "pessimistic": 9.20260000643685,
        "realistic": 9.202589754399462
      }
    },
    "median_rank": {
      "head": {
        "optimistic": 59.0,
        "pessimistic": 59.0,
        "realistic": 59.0
      },
      "both": {
        "optimistic": 15.0,
        "pessimistic": 15.0,
        "realistic": 15.0
      },
      "tail": {
        "optimistic": 4.0,
        "pessimistic": 4.0,
        "realistic": 4.0
      }
    },
    "harmonic_mean_rank": {
      "head": {
        "optimistic": 6.238563823309131,
        "pessimistic": 6.238566367524685,
        "realistic": 6.238565109890212
      },
      "both": {
        "optimistic": 3.4162021033539824,
        "pessimistic": 3.416202531799791,
        "realistic": 3.4162023198454956
      },
      "tail": {
        "optimistic": 2.352099104372378,
        "pessimistic": 2.352099148925739,
        "realistic": 2.3520991267425453
      }
    },
    "inverse_arithmetic_mean_rank": {
      "head": {
        "optimistic": 0.0011721075115873076,
        "pessimistic": 0.0011721038817353033,
        "realistic": 0.0011721056966584953
      },
      "both": {
        "optimistic": 0.0017915103726241649,
        "pessimistic": 0.0017915019712175459,
        "realistic": 0.0017915061719110054
      },
      "tail": {
        "optimistic": 0.0037992131290157977,
        "pessimistic": 0.0037991756989568717,
        "realistic": 0.0037991944138941434
      }
    },
    "inverse_geometric_mean_rank": {
      "head": {
        "optimistic": 0.015694314102263414,
        "pessimistic": 0.015694247500913697,
        "realistic": 0.015694280673318416
      },
      "both": {
        "optimistic": 0.041296798233798365,
        "pessimistic": 0.04129666453031827,
        "realistic": 0.04129673117703351
      },
      "tail": {
        "optimistic": 0.10866518493580404,
        "pessimistic": 0.10866494244023864,
        "realistic": 0.1086650634971457
      }
    },
    "inverse_harmonic_mean_rank": {
      "head": {
        "optimistic": 0.16029330280531914,
        "pessimistic": 0.16029323743441656,
        "realistic": 0.16029326974798508
      },
      "both": {
        "optimistic": 0.29272272826546564,
        "pessimistic": 0.2927226915534075,
        "realistic": 0.2927227097150461
      },
      "tail": {
        "optimistic": 0.4251521537256122,
        "pessimistic": 0.4251521456723984,
        "realistic": 0.4251521496821071
      }
    },
    "inverse_median_rank": {
      "head": {
        "optimistic": 0.01694915254237288,
        "pessimistic": 0.01694915254237288,
        "realistic": 0.01694915254237288
      },
      "both": {
        "optimistic": 0.06666666666666667,
        "pessimistic": 0.06666666666666667,
        "realistic": 0.06666666666666667
      },
      "tail": {
        "optimistic": 0.25,
        "pessimistic": 0.25,
        "realistic": 0.25
      }
    },
    "rank_std": {
      "head": {
        "optimistic": 1987.1682202611414,
        "pessimistic": 1987.1721613139664,
        "realistic": 1987.1701906227702
      },
      "both": {
        "optimistic": 1652.076420911791,
        "pessimistic": 1652.0815317999331,
        "realistic": 1652.0789759826002
      },
      "tail": {
        "optimistic": 1155.7914974868495,
        "pessimistic": 1155.799319983999,
        "realistic": 1155.7954079543144
      }
    },
    "rank_var": {
      "head": {
        "optimistic": 3948837.5356158325,
        "pessimistic": 3948853.1987012206,
        "realistic": 3948845.366499737
      },
      "both": {
        "optimistic": 2729356.5005327137,
        "pessimistic": 2729373.3877144135,
        "realistic": 2729364.942883717
      },
      "tail": {
        "optimistic": 1335853.985662894,
        "pessimistic": 1335872.0680754748,
        "realistic": 1335863.02504828
      }
    },
    "hits_at_k": {
      "head": {
        "optimistic": {
          "1": 0.09311087190527449,
          "3": 0.17384284176533907,
          "5": 0.22590273020843527,
          "10": 0.2982190038164204
        },
        "pessimistic": {
          "1": 0.09311087190527449,
          "3": 0.17384284176533907,
          "5": 0.22590273020843527,
          "10": 0.2982190038164204
        },
        "realistic": {
          "1": 0.09311087190527449,
          "3": 0.17384284176533907,
          "5": 0.22590273020843527,
          "10": 0.2982190038164204
        }
      },
      "both": {
        "optimistic": {
          "1": 0.21127311870045992,
          "3": 0.3210930619434387,
          "5": 0.38029650650748603,
          "10": 0.45755455524023875
        },
        "pessimistic": {
          "1": 0.21127311870045992,
          "3": 0.3210930619434387,
          "5": 0.38029650650748603,
          "10": 0.45755455524023875
        },
        "realistic": {
          "1": 0.21127311870045992,
          "3": 0.3210930619434387,
          "5": 0.38029650650748603,
          "10": 0.45755455524023875
        }
      },
      "tail": {
        "optimistic": {
          "1": 0.3294353654956454,
          "3": 0.4683432821215383,
          "5": 0.5346902828065369,
          "10": 0.6168901066640572
        },
        "pessimistic": {
          "1": 0.3294353654956454,
          "3": 0.4683432821215383,
          "5": 0.5346902828065369,
          "10": 0.6168901066640572
        },
        "realistic": {
          "1": 0.3294353654956454,
          "3": 0.4683432821215383,
          "5": 0.5346902828065369,
          "10": 0.6168901066640572
        }
      }
    },
    "adjusted_arithmetic_mean_rank": {
      "head": {
        "realistic": 0.12124616077884076
      },
      "both": {
        "realistic": 0.07822525688328132
      },
      "tail": {
        "realistic": 0.0363821180555902
      }
    },
    "adjusted_arithmetic_mean_rank_index": {
      "head": {
        "realistic": 0.8788787395929822
      },
      "both": {
        "realistic": 0.9219039396848534
      },
      "tail": {
        "realistic": 0.9637510942610306
      }
    }
  },