{
  "times": {
    "training": 99.57671356201172,
    "evaluation": 0.2227039337158203
  },
  "metrics": {
    "mean_rank": {
      "worst": 3.5209497206703912,
      "best": 3.5209497206703912,
      "avg": 3.5209497206703912
    },
    "mean_reciprocal_rank": {
      "worst": 0.5840657585568009,
      "best": 0.5840657585568009,
      "avg": 0.5840657585568009
    },
    "hits_at_k": {
      "worst": {
        "1": 0.37942271880819367,
        "3": 0.7420856610800745,
        "5": 0.8840782122905028,
        "10": 0.957169459962756
      },
      "best": {
        "1": 0.37942271880819367,
        "3": 0.7420856610800745,
        "5": 0.8840782122905028,
        "10": 0.957169459962756
      },
      "avg": {
        "1": 0.37942271880819367,
        "3": 0.7420856610800745,
        "5": 0.8840782122905028,
        "10": 0.957169459962756
      }
    },
    "adjusted_mean_rank": 0.07312369603556156
  },
  "losses": [
    0.03846390220277318,
    0.0383905777603053,
    0.03819666767304533,
    0.03711225214494525,
    0.03122522353372547,
    0.014428449384798384,
    0.008906760751810414,
    0.008056645920807112,
    0.007315712534449297,
    0.006663879207841187,
    0.0062212972563415875,
    0.005782672592128317,
    0.005424675568310397,
    0.005115871387882653,
    0.004845743098519464,
    0.004578006023903855,
    0.004364824237751911,
    0.004181000098851178,
    0.004031887908434767,
    0.003881631612216126,
    0.003853599198619497,
    0.0037721548214631525,
    0.0036347440373298997,
    0.00359861250079066,
    0.003549088485022721,
    0.003459118200685787,
    0.003448674543795598,
    0.0034078216944971166,
    0.003348949962654866,
    0.00335610471622258,
    0.003274911575103074,
    0.0032795628093266753,
    0.0032362876514893738,
    0.0032554916559617395,
    0.003169368984995668,
    0.0032033158247341655,
    0.003175290208135484,
    0.0031488474213417048,
    0.0031469012621514613,
    0.0030891912385877154,
    0.0030919108278212254,
    0.0031089235955242362,
    0.003063437795965873,
    0.003077359826256929,
    0.0030653930242148957,
    0.0030341770282810493,
    0.0030563605965851118,
    0.003013383243529454,
    0.0029938675427010585,
    0.0029746494077194886,
    0.003023422768772039,
    0.002970327110873877,
    0.002999229263775888,
    0.0029629679786543667,
    0.0029936185083090424,
    0.002943534501924176,
    0.002974827054012497,
    0.002937333052716312,
    0.0029577071613227524,
    0.0029327567943200914,
    0.0029291873339961252,
    0.0029485254794401066,
    0.0029313496816711507,
    0.002905066281405351,
    0.0029177816289525883,
    0.00294193073087773,
    0.002893727726855905,
    0.002911328492217003,
    0.0028964033954661716,
    0.002910454470397423,
    0.0028904730045107587,
    0.002886670278402722,
    0.0029170479739262733,
    0.0028581793696012643,
    0.0029071682535656046,
    0.0029006220582586603,
    0.00288477510846942,
    0.002882189151817019,
    0.002885443594024171,
    0.0029024084077708505,
    0.002901817503217817,
    0.0028655230449617245,
    0.002895005758021599,
    0.002905582516865756,
    0.002863032055525144,
    0.002851040930965085,
    0.0028866653684666206,
    0.002898898564300008,
    0.00286235489855496,
    0.0028602521025491985,
    0.002862992006910386,
    0.0028857006798219285,
    0.0028864211664004916,
    0.0028790399902639736,
    0.002865874844652074,
    0.0028718997879574695,
    0.0028853330426336673,
    0.002882289401323566,
    0.0028582772587544603,
    0.0028893896657624716,
    0.002881375400215206,
    0.0028666057257672375,
    0.0028676455068726387,
    0.0028826669896237747,
    0.00287143052847749,
    0.002861760812855155,
    0.0028313467661023476,
    0.0028623677790164948,
    0.002884564285989753,
    0.0028897214254489942,
    0.002873104093343452,
    0.002868433352359239,
    0.0028713078544150743,
    0.002888486276106902,
    0.0028660972042389436,
    0.0028812483926251363,
    0.00284812744351083,
    0.002885557112043326,
    0.002877060325261666,
    0.002847023863320968,
    0.0028779670573886107,
    0.002842388581048544,
    0.002836473511570318,
    0.002882045200565474,
    0.0028715578580627474,
    0.002850695722910823,
    0.0028761100823631726,
    0.002825901695799208,
    0.002847585749501983,
    0.002861102774376503,
    0.0028701801376664936,
    0.002879722974758442,
    0.002852306350688921,
    0.002871763239979172,
    0.0028693229823341863,
    0.0028679081008155666,
    0.0028793708879538997,
    0.002842916641384363,
    0.0028923430505351684,
    0.002876964120642537,
    0.002862285090783046,
    0.002878141843221998,
    0.00285576711550934,
    0.002848121891764415,
    0.002873846739164313,
    0.002880437110597791,
    0.002875161229254336,
    0.002870206153874847,
    0.002865088036221065,
    0.0028700934810658102,
    0.002849247896510145
  ]
}