{
  "times": {
    "training": 103.54250526428223,
    "evaluation": 0.3315157890319824
  },
  "metrics": {
    "mean_rank": {
      "best": 3.329608938547486,
      "avg": 3.329608938547486,
      "worst": 3.329608938547486
    },
    "mean_reciprocal_rank": {
      "best": 0.6439519760782793,
      "avg": 0.6439519760782793,
      "worst": 0.6439519760782793
    },
    "hits_at_k": {
      "best": {
        "1": 0.4757914338919926,
        "3": 0.7779329608938548,
        "5": 0.8738361266294227,
        "10": 0.9534450651769087
      },
      "avg": {
        "1": 0.4757914338919926,
        "3": 0.7779329608938548,
        "5": 0.8738361266294227,
        "10": 0.9534450651769087
      },
      "worst": {
        "1": 0.4757914338919926,
        "3": 0.7779329608938548,
        "5": 0.8738361266294227,
        "10": 0.9534450651769087
      }
    },
    "adjusted_mean_rank": 0.06939666074990283
  },
  "losses": [
    0.0026494354900698327,
    0.0025106610949749493,
    0.002346679230831021,
    0.0022052179883047278,
    0.0020922582525960648,
    0.001993118538843802,
    0.001908885896241192,
    0.001851303001138993,
    0.0017892572667081374,
    0.001741206436652344,
    0.0017136963224396895,
    0.0016731585780144303,
    0.0016356594066530943,
    0.0016134566764742612,
    0.0016003461866741565,
    0.0015801024684421123,
    0.001543121776323547,
    0.0015564994470758365,
    0.001528484032193255,
    0.0015145049939376493,
    0.001502816178800087,
    0.0014922741421180199,
    0.001477866742898897,
    0.0014831462093116688,
    0.0014667274025663107,
    0.001466342149321111,
    0.0014476874802435834,
    0.0014240479084639383,
    0.001435403516345154,
    0.0014287535765066593,
    0.0014224371041875396,
    0.0014234508573567819,
    0.001420104966590996,
    0.0013912465288802814,
    0.001381378422357261,
    0.0013828351779395904,
    0.0013859225641064843,
    0.0013657681491775157,
    0.001360815073555923,
    0.0013703129470983577,
    0.0013798022264468028,
    0.0013549342727241184,
    0.0013499089983739112,
    0.0013474092194055085,
    0.0013392397107158348,
    0.0013497848915076242,
    0.0013246046000944926,
    0.0013144680708558549,
    0.001306585575491984,
    0.0013030654347687518,
    0.0013029529437943279,
    0.0012966534834136759,
    0.0013009529580654937,
    0.0012748338802634363,
    0.0012841072096723717,
    0.0012635313963673042,
    0.0012627025705565357,
    0.0012627042424156513,
    0.0012480478580487488,
    0.0012376279382133287,
    0.0012284353052311708,
    0.0012361972673827547,
    0.0012194709278876927,
    0.001209987961571904,
    0.0012110393238515809,
    0.0012068185622237575,
    0.0011786040020119587,
    0.0011711504697455605,
    0.0011729188219303912,
    0.0011709485585702601,
    0.00114928302396466,
    0.001142401301702887,
    0.0011404938797332466,
    0.0011260458193785555,
    0.0011170111710173693,
    0.001104721162068978,
    0.0011007104404248593,
    0.0010952150527456233,
    0.0010770701804921215,
    0.0010880502983001367,
    0.0010703543240790044,
    0.0010597571684295712,
    0.0010567887097844152,
    0.0010515522981551077,
    0.0010532584822146127,
    0.0010368908116403172,
    0.001030062757600088,
    0.0010267635702628085,
    0.0010205604805395474,
    0.0010096995234974678,
    0.000992338160409103,
    0.0009922404818197127,
    0.0009823859299275563,
    0.0009875003482248742,
    0.0009647681757745974,
    0.0009611270259768036,
    0.0009513656576227478,
    0.0009642501492351028,
    0.0009360273317375996,
    0.0009463329591593706,
    0.0009407738748609208,
    0.0009217569400496282,
    0.0009189223415174732,
    0.0009247277074263533,
    0.0009145280258049621,
    0.0009150029214671408,
    0.000913305696080146,
    0.0008990761816783936,
    0.0008952375176065487,
    0.0008885956657725089,
    0.0008751180071478556,
    0.0008768744462336783,
    0.0008745420985519357,
    0.0008702285779676472,
    0.0008582601361219314,
    0.0008622580331950374,
    0.0008546991054301716,
    0.000852910574038153,
    0.0008411485880454523,
    0.0008404014296851756,
    0.0008372428533089027,
    0.0008391622666770217,
    0.0008375330361090446,
    0.000824061018906097,
    0.0008266142538052258,
    0.0008197343864689359,
    0.0008107199283430321,
    0.0008142978667577672,
    0.0008177027230902562,
    0.0008082097201057268,
    0.0008040873842206913,
    0.0008017340870193647,
    0.0008004109048195814,
    0.0008034218183198647,
    0.000803926611697448,
    0.0007973201600465286,
    0.000789902463572981,
    0.0007797624786809536,
    0.0007889426515706197,
    0.0007907420715516739,
    0.0007808364049932391,
    0.000780676831775265,
    0.0007739586147985352,
    0.0007717615989289953,
    0.0007704597853163843,
    0.0007775584169618825,
    0.000767917914317161,
    0.0007681417008205728,
    0.0007652952707973086,
    0.0007653518239683552,
    0.0007625919887481743,
    0.0007636746680590088,
    0.0007659913470241853,
    0.0007510713989200713,
    0.0007533247644923156,
    0.0007544421872632471,
    0.0007607102947714344,
    0.000753915440258082,
    0.0007514775437873592,
    0.0007491974246094324,
    0.0007510651140090556,
    0.0007496586184156865,
    0.0007489913277208911,
    0.0007378347422056399,
    0.0007473049771378138,
    0.0007391933240371389,
    0.0007521092490270478,
    0.0007415550378801344,
    0.0007369865361731246,
    0.0007398890181405435,
    0.0007407903056999789,
    0.00074151594328538,
    0.0007255688395688631,
    0.0007360225572052829,
    0.0007262194734298314,
    0.0007373649553082058,
    0.0007320154037011171,
    0.0007273565576389176,
    0.000724137317920804,
    0.0007202482758593884,
    0.0007233212924192402,
    0.0007196663348958152,
    0.0007233022584796587,
    0.0007208716559905918,
    0.000717537610225331,
    0.0007205942690884171,
    0.0007133656663874185,
    0.0007199046939232068,
    0.000719318808210256,
    0.0007189203962427826,
    0.0007180223967097016,
    0.0007154199836776763,
    0.00071425502265149,
    0.000709967750586159,
    0.0007114988029920681,
    0.000708168673027437,
    0.0007043080139726559,
    0.0007072631209038855,
    0.0007093150409621166,
    0.0007050036799544199,
    0.0007080703090419778,
    0.0007048566572593118,
    0.0006949546029532076,
    0.0006975853719730361,
    0.0007111015379464154,
    0.0007028559894428372,
    0.0007029194495094253,
    0.0006988225664663343,
    0.0007017109542533694,
    0.0006972969751727871,
    0.000695287598470141,
    0.0006974635771467461,
    0.0006987117010330292,
    0.0006964375315120475,
    0.0006974557582277953,
    0.0006948810505260018,
    0.0006955302898844295,
    0.0006939017221049277,
    0.000691759641860684,
    0.0006876298735914074,
    0.0006958474876560919,
    0.000692836470491721,
    0.0006938096843858383,
    0.0006845423630827486,
    0.0006857955168829012,
    0.0006850975636743525,
    0.0006831869978706924,
    0.0006824698643246086,
    0.0006962240110617407,
    0.0006817683118217403,
    0.0006822683429924464,
    0.0006787975259729572,
    0.000689637741375033,
    0.0006779889620800848,
    0.0006740729585334068,
    0.0006860121194098989,
    0.0006775460633310854,
    0.0006804082442302192,
    0.0006816606514283791,
    0.0006756636867153003,
    0.0006726702618428664,
    0.0006729374772578461,
    0.0006807767278793262,
    0.000677070963924862,
    0.0006824162807436897,
    0.0006721625529128182,
    0.0006736652934433018,
    0.0006803299414513378,
    0.0006747693203879292,
    0.0006725226494204088,
    0.0006705028213926714,
    0.0006824741355055814,
    0.0006679094199680096,
    0.000673157192740199,
    0.0006695601249928655,
    0.0006723972274538608,
    0.0006709999924270869,
    0.0006675081258080569,
    0.0006610527193496889,
    0.000666668990934615,
    0.0006639341980355636,
    0.0006633577206656733,
    0.0006662161169985012,
