{
  "times": {
    "training": 38.070244550704956,
    "evaluation": 0.7510814666748047
  },
  "metrics": {
    "mean_rank": {
      "worst": 50.297486033519554,
      "best": 46.24534450651769,
      "avg": 48.27141527001862
    },
    "mean_reciprocal_rank": {
      "worst": 0.038737116675032976,
      "best": 0.088063019143436,
      "avg": 0.04761498535254204
    },
    "hits_at_k": {
      "worst": {
        "1": 0.0004655493482309125,
        "3": 0.008379888268156424,
        "5": 0.025139664804469275,
        "10": 0.08426443202979515
      },
      "best": {
        "1": 0.0521415270018622,
        "3": 0.05633147113594041,
        "5": 0.07635009310986965,
        "10": 0.1303538175046555
      },
      "avg": {
        "1": 0.0004655493482309125,
        "3": 0.020018621973929236,
        "5": 0.05819366852886406,
        "10": 0.10567970204841713
      }
    },
    "adjusted_mean_rank": 1.0014910111750097
  },
  "losses": [
    0.008480711633316365,
    0.008320786791168211,
    0.008189900293549254,
    0.007980133594846924,
    0.007878495121122183,
    0.007737080983998438,
    0.0076713183792192175,
    0.007520587888781738,
    0.0074818654084008,
    0.007340256091650595,
    0.007245539132309355,
    0.0071386836155975545,
    0.007040923599169196,
    0.007026142335417992,
    0.006873909125954813,
    0.006826429990108652,
    0.00674555483762155,
    0.006682567907163136,
    0.00665085858904165,
    0.006580730733644193,
    0.0065147738226635915,
    0.006452080314508057,
    0.0064385315241229256,
    0.006394006607446394,
    0.006330043747977013,
    0.006303612299400226,
    0.006239566795391186,
    0.006244794857650201,
    0.006171372729585748,
    0.006149474388046897,
    0.00612131759850777,
    0.006087909768572074,
    0.006080271608911371,
    0.00604107078714015,
    0.006037679903954709,
    0.0060131191863259876,
    0.006008905973428802,
    0.005981990391506536,
    0.005966467091393513,
    0.005948785946099556,
    0.005930755946888876,
    0.005909980362410232,
    0.005903609441080483,
    0.005888444867234318,
    0.005882304644817569,
    0.005874266077104301,
    0.00586937320715863,
    0.00586057215699647,
    0.005845757786905787,
    0.005842364998065628,
    0.005837303958502375,
    0.005829514334581532,
    0.005821469547023005,
    0.00581551843878078,
    0.005805466604204556,
    0.005803270998828294,
    0.005800574850302042,
    0.005791968966532629,
    0.0057870355881904974,
    0.0057858816392680045,
    0.005787450121026409,
    0.005778883991331797,
    0.005778257674970452,
    0.00577694903276177,
    0.005778119585583236,
    0.005765967331319394,
    0.005764042752391845,
    0.005761612627970671,
    0.005766393959769277,
    0.005758461663185174,
    0.005755419122212875,
    0.00575537606853222,
    0.00575345960628217,
    0.0057521961527932245,
    0.0057521260008789364,
    0.005749848527340864,
    0.005755170998910675,
    0.005750364999470448,
    0.005750457728099654,
    0.005749415529063638,
    0.005747609237476945,
    0.005747725010412271,
    0.005746986917697021,
    0.005747159851451397,
    0.005747181162141074,
    0.005746217946317367,
    0.005746725106324015,
    0.005745770739443278,
    0.005748308798030257,
    0.005745725321339178,
    0.005745132653899557,
    0.005745672761441124,
    0.005745167784997173,
    0.00574336673837219,
    0.005743066443360861,
    0.005744068994191782,
    0.005745410006063234,
    0.0057439684179705795,
    0.005744847873211472,
    0.005744346805124187,
    0.0057424490862234305,
    0.005743283961495399,
    0.0057438437608023805,
    0.005742429213597268,
    0.005742236292524547,
    0.005744794916302019,
    0.00574349363203794,
    0.005742908768077939,
    0.005742535736166986,
    0.005741664397603595,
    0.0057421271364458785,
    0.005741459380916903,
    0.005741704429586375,
    0.005741778445744952,
    0.005741235898788897,
    0.005740933486383437,
    0.005741700631510653,
    0.00574089267361157,
    0.005741449318883545,
    0.005741318755067969,
    0.005740300164976509,
    0.005740892311890073,
    0.0057400506168445095,
    0.005740543890274651,
    0.0057419766426580485,
    0.005743213289055054,
    0.005740835027556366,
    0.005740911783093599,
    0.005741155067267962,
    0.005740181449745589,
    0.005739704122939993,
    0.005740249462209558,
    0.005739563827933892,
    0.0057402489240385495,
    0.005739665948088314,
    0.005739684603212852,
    0.005739279682464046,
    0.00573896516562214,
    0.005738556918800054,
    0.005739401966386324,
    0.005743444393801929,
    0.005739039530268501,
    0.00573941565445713,
    0.005741021636147835,
    0.0057396536672023575,
    0.005739650107333475,
    0.005739464720654869,
    0.005739484416831521,
    0.0057386401412118605,
    0.005739245186584669,
    0.005738268000370938,
    0.005739243055956825,
    0.005738479408941162,
    0.00573866417804648,
    0.005738109831029385,
    0.005738763386783973,
    0.005739036954105641,
    0.005738949708644987,
    0.005738843327234877,
    0.005737860000578167,
    0.005738354981157327,
    0.005738461794868738,
    0.005737685011186989,
    0.00573808319156448,
    0.005738197429389061,
    0.005737709850866884,
    0.005738236954079498,
    0.005737884381489333,
    0.0057385803336501475,
    0.005737297841258978,
    0.005738280065106244,
    0.005738016815669724,
    0.005737572348174292,
    0.005738178253738467,
    0.005737166452541939,
    0.005737864755892485,
    0.005737937104603184,
    0.005737874663532521,
    0.005736867922025718,
    0.005737286786697121,
    0.005737508252889465,
    0.005737052025034133,
    0.005737212823473398,
    0.005738308764619189,
    0.00573758175734446,
    0.005737244509394314,
    0.005736548707215584,
    0.005736734032136862,
    0.00573731939897797,
    0.005737994177197479,
    0.005736042350054211,
    0.005737380706360525,
    0.005737104796671599,
    0.00573633716189699,
    0.005737331834257249,
    0.005737102211686265,
    0.005738624887151645,
    0.005736244662652148,
    0.005736057462954818,
    0.005736243762759643
  ]
}