{
  "times": {
    "training": 364.2374405860901,
    "evaluation": 0.1717972755432129
  },
  "metrics": {
    "mean_rank": {
      "avg": 5.330074487895717,
      "worst": 5.330074487895717,
      "best": 5.330074487895717
    },
    "mean_reciprocal_rank": {
      "avg": 0.4339367213161048,
      "worst": 0.4339367213161048,
      "best": 0.4339367213161048
    },
    "hits_at_k": {
      "avg": {
        "1": 0.24441340782122906,
        "3": 0.5260707635009311,
        "5": 0.6792364990689013,
        "10": 0.8603351955307262
      },
      "worst": {
        "1": 0.24441340782122906,
        "3": 0.5260707635009311,
        "5": 0.6792364990689013,
        "10": 0.8603351955307262
      },
      "best": {
        "1": 0.24441340782122906,
        "3": 0.5260707635009311,
        "5": 0.6792364990689013,
        "10": 0.8603351955307262
      }
    },
    "adjusted_mean_rank": 0.11065738949165081
  },
  "losses": [
    0.03137446314877785,
    0.0308123305718997,
    0.016575158939937527,
    0.008768792449032769,
    0.008471525800920157,
    0.008395781203378899,
    0.00839580117623681,
    0.008388059660234254,
    0.008293161712838023,
    0.008303534211625767,
    0.00829166356013732,
    0.00822213688369994,
    0.008062270494380247,
    0.007830944463387411,
    0.007665906806061331,
    0.007580762533715155,
    0.007492596576555392,
    0.0074315920527954675,
    0.007344492902972279,
    0.007278870798173022,
    0.007194500737422414,
    0.007148216677348266,
    0.007133897254417898,
    0.007036878640173973,
    0.006967882329270188,
    0.006922355507699291,
    0.006840629858917065,
    0.006804152255815067,
    0.006763115315959694,
    0.006752050115486209,
    0.006671660387895527,
    0.006665806449977646,
    0.006616440388872829,
    0.006550267624776908,
    0.0065264004502403605,
    0.006486681272530377,
    0.006468544919950686,
    0.0064570020591275075,
    0.00643652527547731,
    0.006418882684314742,
    0.006393398022216358,
    0.006366882131396608,
    0.006375370393699028,
    0.006375052467379231,
    0.006352739987636773,
    0.006331112605523081,
    0.006337022743700595,
    0.006337951289747985,
    0.006319748907444182,
    0.006325966779714667,
    0.006304156914185942,
    0.006335346244470903,
    0.006303279140915317,
    0.0063008446846338695,
    0.006282641039638037,
    0.006274599791242836,
    0.006276844766981593,
    0.006295516277743636,
    0.006277564571200685,
    0.006277142050728369,
    0.006311544799681906,
    0.006248961262097966,
    0.00627210930910673,
    0.006279933458187161,
    0.006286550396948718,
    0.006275228549087985,
    0.006249719714459855,
    0.006283017154434201,
    0.006287532513228695,
    0.0062618958188241786,
    0.006274546151248257,
    0.006275464595759406,
    0.0062562049774641405,
    0.00626685745902499,
    0.006226064037350233,
    0.006249320564254393,
    0.00624339355065135,
    0.006251704715164413,
    0.006223021326272675,
    0.0062117896667134,
    0.006225307761562451,
    0.006239955679754193,
    0.006233336536513732,
    0.0062426236712754,
    0.00624173968918761,
    0.0062490002799793125,
    0.006220293653368503,
    0.006200466632898827,
    0.006213658095131653,
    0.006174313037024901,
    0.006170087553253781,
    0.006164237124364028,
    0.0061500612716103315,
    0.006131102383304178,
    0.00609578454539124,
    0.006080061120542694,
    0.006104984519521842,
    0.0060891060695777675,
    0.006066152686427595,
    0.006089473826887456,
    0.006081010427758488,
    0.006042245719651605,
    0.006044418303372708,
    0.005999373934800259,
    0.00603991619238023,
    0.006027800536780768,
    0.0060089316344663,
    0.006009546223651158,
    0.006031457076637486,
    0.0059996819967745845,
    0.005989175554964873,
    0.006000635594352801,
    0.00600362347948194,
    0.006001875564902463,
    0.005954648413405882,
    0.005935152504272229,
    0.005969667856054806,
    0.005946683575318993,
    0.005968369034289867,
    0.005965573113230284,
    0.0059513295146075085,
    0.0059633460732993115,
    0.005940990306241682,
    0.005924447833766205,
    0.005968103903844562,
    0.005944527741451835,
    0.0058900277629104,
    0.005956782453627176,
    0.005931979791725173,
    0.005944579002562534,
    0.005913175747133373,
    0.005920327132504978,
    0.00591985225565871,
    0.005909165283769704,
    0.005901596540313089,
    0.00588130329348398,
    0.0058766912027133095,
    0.005887703956122255,
    0.005911791299501162,
    0.005892348207170597,
    0.005911016871643424,
    0.005878921172647887,
    0.005909033594060033,
    0.005890138991428226,
    0.0058905045372828115,
    0.005847402719243636,
    0.0058556901646798915,
    0.005825014024526439,
    0.005878035495343726,
    0.005846798336238004,
    0.005879760060584947,
    0.0058365168977766,
    0.005839469001980757,
    0.005834299652429109,
    0.005833712765730722,
    0.005780785808458311,
    0.005809416303808769,
    0.0058361727409483345,
    0.005817249633567163,
    0.005785919928204701,
    0.0058064907231134425,
    0.0057473216233740135,
    0.005779964109875736,
    0.005768947066104368,
    0.005774258290616314,
    0.005772517770807842,
    0.00573924065250136,
    0.005719226948944817,
    0.005749943153409476,
    0.005761461471964357,
    0.005716254460287005,
    0.005750411298223649,
    0.005729069682152084,
    0.005691309323471584,
    0.005739345121082295,
    0.005705438449643971,
    0.005681285313731722,
    0.00572703205997801,
    0.005681729237182757,
    0.005680590658710244,
    0.005677905394120163,
    0.005697950399881892,
    0.0056885736697956865,
    0.005680525096391471,
    0.005645817703801148,
    0.005664092338598623,
    0.0056615474769908395,
    0.005667535455597474,
    0.0056465294644627234,
    0.005628678361686428,
    0.005643535112397054,
    0.005621321855133839,
    0.005611089654685406,
    0.005630995973609806,
    0.005614489854107636,
    0.0055693715029441464,
    0.0056096982448065325,
    0.0055849683725655306,
    0.005609435925769448,
    0.005574744850508729,
    0.0055788375283783295,
    0.00558015200473396,
    0.005551293896936745,
    0.005583405145879988,
    0.005564738790529051,
    0.005583800654509541,
    0.005574893304024743,
    0.0055319085675344035,
    0.00555532645392284,
    0.005562312203400144,
    0.005536882660250539,
    0.005569506471467376,
    0.005587541592422496,
    0.005535731399048133,
    0.005530374124646187,
    0.00556451663346996,
    0.005528051134073332,
    0.005527408095948705,
    0.005529407962933461,
    0.005545450207055285,
    0.005526690831066071,
    0.005510440033473326,
    0.0055315058455150225,
    0.005517480804232622,
    0.005507036708713917,
    0.005530732324563162,
    0.005522789391741324,
    0.005511101858502024,
    0.005519113053431671,
    0.00548172691899739,
    0.005504448259814402,
    0.005537032585744554,
    0.005495229247636563,
    0.005462764082162568,
    0.00550709752024113,
    0.0054628102646003505,
    0.00548202201919386,
    0.0055111265402943005,
    0.005514120313335447,
    0.005469859023107572,
    0.005495729545752208,
    0.005472563144363714,
    0.005511608079410671,
    0.005512204209572814,
    0.005464102082261432,
    0.005491399879424313,
    0.005488543886314617,
    0.005478510737753986,
    0.00543930089931363,
    0.0054956938206368175,
    0.005463688623871696,
    0.00544138415978196,
    0.005464952397212553,
    0.005490161820353194,
    0.005466743236344852,
    0.00547653277603428,
    0.005458696197704429,
    0.005446319088116567,
    0.005489504606592074,
    0.005431073072474548,
    0.005458589266525225,
    0.005508419649487131,
    0.005424029553092821,
    0.005434524302792907,
    0.005481477150142416,
    0.005445186676604025,
    0.005468747289049045,
    0.005440388453866212,
    0.00546394945697838,
    0.005428218328104483,
    0.005445760329452793,
    0.00542397429462006,
