{
  "times": {
    "training": 1479.5033688545227,
    "evaluation": 1.8476285934448242
  },
  "metrics": {
    "arithmetic_mean_rank": {
      "both": {
        "optimistic": 5718.38012995896,
        "pessimistic": 5718.3808139534885,
        "realistic": 5718.380471956224
      },
      "head": {
        "optimistic": 7030.181600547196,
        "pessimistic": 7030.182968536252,
        "realistic": 7030.182284541724
      },
      "tail": {
        "optimistic": 4406.578659370725,
        "pessimistic": 4406.578659370725,
        "realistic": 4406.578659370725
      }
    },
    "geometric_mean_rank": {
      "both": {
        "optimistic": 111.18991377381383,
        "pessimistic": 111.18992071288837,
        "realistic": 111.18991724347869
      },
      "head": {
        "optimistic": 158.4721342545449,
        "pessimistic": 158.47215403421632,
        "realistic": 158.47214414474408
      },
      "tail": {
        "optimistic": 78.01495817031052,
        "pessimistic": 78.01495817031052,
        "realistic": 78.01495817031052
      }
    },
    "median_rank": {
      "both": {
        "optimistic": 87.0,
        "pessimistic": 87.0,
        "realistic": 87.0
      },
      "head": {
        "optimistic": 212.5,
        "pessimistic": 212.5,
        "realistic": 212.5
      },
      "tail": {
        "optimistic": 36.0,
        "pessimistic": 36.0,
        "realistic": 36.0
      }
    },
    "harmonic_mean_rank": {
      "both": {
        "optimistic": 3.687123748329408,
        "pessimistic": 3.6871237484542454,
        "realistic": 3.687123748391833
      },
      "head": {
        "optimistic": 3.8072905855387758,
        "pessimistic": 3.8072905858049895,
        "realistic": 3.807290585671895
      },
      "tail": {
        "optimistic": 3.574310304020631,
        "pessimistic": 3.574310304020631,
        "realistic": 3.574310304020631
      }
    },
    "inverse_arithmetic_mean_rank": {
      "both": {
        "optimistic": 0.0001748746983015235,
        "pessimistic": 0.00017487467738417983,
        "realistic": 0.00017487468784285106
      },
      "head": {
        "optimistic": 0.0001422438361936717,
        "pessimistic": 0.00014224380851473188,
        "realistic": 0.00014224382235420046
      },
      "tail": {
        "optimistic": 0.00022693342779062147,
        "pessimistic": 0.00022693342779062147,
        "realistic": 0.00022693342779062147
      }
    },
    "inverse_geometric_mean_rank": {
      "both": {
        "optimistic": 0.008993621508100392,
        "pessimistic": 0.008993620946831801,
        "realistic": 0.008993621227455768
      },
      "head": {
        "optimistic": 0.006310257665828846,
        "pessimistic": 0.00631025687821525,
        "realistic": 0.00631025727200755
      },
      "tail": {
        "optimistic": 0.01281805468403829,
        "pessimistic": 0.01281805468403829,
        "realistic": 0.01281805468403829
      }
    },
    "inverse_harmonic_mean_rank": {
      "both": {
        "optimistic": 0.27121411383414734,
        "pessimistic": 0.27121411382496463,
        "realistic": 0.2712141138295555
      },
      "head": {
        "optimistic": 0.2626539733526771,
        "pessimistic": 0.2626539733343118,
        "realistic": 0.2626539733434936
      },
      "tail": {
        "optimistic": 0.2797742543156175,
        "pessimistic": 0.2797742543156175,
        "realistic": 0.2797742543156175
      }
    },
    "inverse_median_rank": {
      "both": {
        "optimistic": 0.011494252873563218,
        "pessimistic": 0.011494252873563218,
        "realistic": 0.011494252873563218
      },
      "head": {
        "optimistic": 0.004705882352941176,
        "pessimistic": 0.004705882352941176,
        "realistic": 0.004705882352941176
      },
      "tail": {
        "optimistic": 0.027777777777777776,
        "pessimistic": 0.027777777777777776,
        "realistic": 0.027777777777777776
      }
    },
    "rank_std": {
      "both": {
        "optimistic": 10135.752880328597,
        "pessimistic": 10135.753713030517,
        "realistic": 10135.753296671135
      },
      "head": {
        "optimistic": 11065.787445308024,
        "pessimistic": 11065.788808572148,
        "realistic": 11065.788126924677
      },
      "tail": {
        "optimistic": 8920.407777728959,
        "pessimistic": 8920.407777728959,
        "realistic": 8920.407777728959
      }
    },
    "rank_var": {
      "both": {
        "optimistic": 102733486.45108944,
        "pessimistic": 102733503.33121191,
        "realistic": 102733494.8909798
      },
      "head": {
        "optimistic": 122451651.7847367,
        "pessimistic": 122451681.95592059,
        "realistic": 122451666.86998715
      },
      "tail": {
        "optimistic": 79573674.9209673,
        "pessimistic": 79573674.9209673,
        "realistic": 79573674.9209673
      }
    },
    "hits_at_k": {
      "both": {
        "optimistic": {
          "1": 0.17612859097127223,
          "3": 0.3447332421340629,
          "5": 0.38696990424076605,
          "10": 0.420827633378933
        },
        "pessimistic": {
          "1": 0.17612859097127223,
          "3": 0.3447332421340629,
          "5": 0.38696990424076605,
          "10": 0.420827633378933
        },
        "realistic": {
          "1": 0.17612859097127223,
          "3": 0.3447332421340629,
          "5": 0.38696990424076605,
          "10": 0.420827633378933
        }
      },
      "head": {
        "optimistic": {
          "1": 0.1713406292749658,
          "3": 0.33584131326949385,
          "5": 0.3751709986320109,
          "10": 0.40355677154582764
        },
        "pessimistic": {
          "1": 0.1713406292749658,
          "3": 0.33584131326949385,
          "5": 0.3751709986320109,
          "10": 0.40355677154582764
        },
        "realistic": {
          "1": 0.1713406292749658,
          "3": 0.33584131326949385,
          "5": 0.3751709986320109,
          "10": 0.40355677154582764
        }
      },
      "tail": {
        "optimistic": {
          "1": 0.18091655266757867,
          "3": 0.353625170998632,
          "5": 0.3987688098495212,
          "10": 0.4380984952120383
        },
        "pessimistic": {
          "1": 0.18091655266757867,
          "3": 0.353625170998632,
          "5": 0.3987688098495212,
          "10": 0.4380984952120383
        },
        "realistic": {
          "1": 0.18091655266757867,
          "3": 0.353625170998632,
          "5": 0.3987688098495212,
          "10": 0.4380984952120383
        }
      }
    },
    "adjusted_arithmetic_mean_rank": {
      "both": {
        "realistic": 0.2820750742233316
      },
      "head": {
        "realistic": 0.34686031119564353
      },
      "tail": {
        "realistic": 0.217318576441142
      }
    },
    "adjusted_arithmetic_mean_rank_index": {
      "both": {
        "realistic": 0.7179603411740032
      },
      "head": {
        "realistic": 0.6531719154813753
      },
      "tail": {
        "realistic": 0.7827200248445039
      }
    }
  },