{
  "times": {
    "training": 61.33820176124573,
    "evaluation": 0.44651079177856445
  },
  "metrics": {
    "mean_rank": {
      "avg": 5.4636871508379885,
      "worst": 5.4636871508379885,
      "best": 5.4636871508379885
    },
    "mean_reciprocal_rank": {
      "avg": 0.4260612424884104,
      "worst": 0.4260612424884104,
      "best": 0.4260612424884104
    },
    "hits_at_k": {
      "avg": {
        "1": 0.24022346368715083,
        "3": 0.505586592178771,
        "5": 0.6559590316573557,
        "10": 0.8570763500931099
      },
      "worst": {
        "1": 0.24022346368715083,
        "3": 0.505586592178771,
        "5": 0.6559590316573557,
        "10": 0.8570763500931099
      },
      "best": {
        "1": 0.24022346368715083,
        "3": 0.505586592178771,
        "5": 0.6559590316573557,
        "10": 0.8570763500931099
      }
    },
    "adjusted_mean_rank": 0.11350710963955223
  },
  "losses": [
    0.0027593458873613943,
    0.0027553982028130737,
    0.002750915583320771,
    0.002736681200256955,
    0.002683198777086726,
    0.0025651110092017536,
    0.002441060014264414,
    0.0023521748877196724,
    0.002289398255921928,
    0.0022458067366134806,
    0.0022229408977853223,
    0.002182687154869908,
    0.0021616649998819335,
    0.0021422120780868925,
    0.002127406811725334,
    0.0021192785491992473,
    0.0021049233802248922,
    0.0021066816195789793,
    0.0020769255249743603,
    0.00206721815095747,
    0.002055692894572622,
    0.0020219063637464236,
    0.00203006114629324,
    0.002043529696176561,
    0.0020253171844317225,
    0.0020121207795618626,
    0.0020033465733242392,
    0.0019843125792589973,
    0.0019700104747427984,
    0.0019710798423444287,
    0.0019461927614575914,
    0.0019241901784298125,
    0.0019283956091167328,
    0.0019165296316816566,
    0.0019118957995866122,
    0.0018866890866993072,
    0.001880716218539838,
    0.0018857023626398504,
    0.0018675560201431036,
    0.0018671439046716869,
    0.0018387978150045381,
    0.0018770941655231771,
    0.0018733742224812955,
    0.0018638818095741646,
    0.0018754934871129776,
    0.0018727417602744441,
    0.0018515952301215142,
    0.0018616095045755866,
    0.0018470143438892419,
    0.001833420218934727,
    0.0018195695372835528,
    0.0018267668469735745,
    0.0018661420108673724,
    0.001876886086433791,
    0.001842957248122951,
    0.0018493889408946484,
    0.001840766773939356,
    0.001804605544952864,
    0.0017953641042950449,
    0.001763593095044295,
    0.0017651167631930627,
    0.0017496725572238253,
    0.0017362938119510139,
    0.0017058711240856388,
    0.0016997999856980998,
    0.001713974317640401,
    0.0016795260803808881,
    0.0017009413860431324,
    0.0016690560194492787,
    0.0016769047247504028,
    0.001684343759737881,
    0.0016804499349344088,
    0.001723907333327813,
    0.0016860865502991479,
    0.0016970142987225386,
    0.0017296512496103062,
    0.0017292698049980603,
    0.001745649201844292,
    0.0017311445782693584,
    0.0017222246601619523,
    0.0017151240510552117,
    0.001701573666868808,
    0.001674332617597187,
    0.001677654195256001,
    0.0016727886661496501,
    0.0016468074068092227,
    0.0016333763400434554,
    0.0016234300137682354,
    0.0015941813050975068,
    0.001603449419252435,
    0.001605371069093322,
    0.00159780400690068,
    0.0015921093774645516,
    0.0015799171964494922,
    0.0015709196785918336,
    0.0015885629045885154,
    0.0015219503678800014,
    0.0015709336588947513,
    0.0015397340491804738,
    0.0015538017499201306,
    0.0015269319146648328,
    0.0015401801317651174,
    0.001532210023159838,
    0.0015133505596426988,
    0.0015336304330982073,
    0.0015336137495181533,
    0.0014991214784901687,
    0.0015370140187023732,
    0.0014838388203625822,
    0.0014926781215136417,
    0.00152016007289123,
    0.001496620270448008,
    0.0015032049582413074,
    0.0014927950635384977,
    0.0014998951354779108,
    0.0014902710433254082,
    0.0014999886200334248,
    0.001501517855189043,
    0.0014948888266745131,
    0.001481247085673309,
    0.0014738675402233216,
    0.001492603974981924,
    0.0014643644502435283,
    0.0014724863748927688,
    0.0014730292487512813,
    0.0014919254559088737,
    0.0014809704410114538,
    0.00144491796748022,
    0.0014537451928307054,
    0.001460185529113039,
    0.0014344143894002232,
    0.0014445967867635608,
    0.0014319182077094856,
    0.001441434385038717,
    0.0014384056403116787,
    0.0014542673648185052,
    0.001422598741753271,
    0.0014542369974239935,
    0.0014364124565256222,
    0.0014106570865107832,
    0.0014056263924035687,
    0.0014062591371464819,
    0.001396131579683961,
    0.0013987247898393355,
    0.0014047284648938572,
    0.0013802785963545577,
    0.0014119160462742887,
    0.0013855642007754537,
    0.0014014157260792532,
    0.0013957859020442998,
    0.0013552697214964178,
    0.0013842442585678583,
    0.0013905437837602494,
    0.0013727907523903508,
    0.0013762894138861239,
    0.0013803382533208262,
    0.0013685124727447382,
    0.0013807846777392238,
    0.0013674612467487652,
    0.0013633746695652436,
    0.001372854183480311,
    0.0013675667338547636,
    0.0013657498142022764,
    0.0013565126743711783,
    0.0013444460614511135,
    0.001350613290004516,
    0.0013594043472509706,
    0.0013757507257470478,
    0.0013327025581667486,
    0.0013395389960555548,
    0.0013670082193579566,
    0.0013220871655682052,
    0.0013469345518823867,
    0.0013376691898379879,
    0.0013182129613245918,
    0.001351603146377351,
    0.0013341161070133415,
    0.0013272646319274599,
    0.0013222010764345695,
    0.0013194722175765574,
    0.0013195632360457035,
    0.0013230666797259328,
    0.0013366590431901845,
    0.0013247128952755018,
    0.001323198979853021,
    0.0013085051408309614,
    0.0012964711555939043,
    0.0013006020351295615,
    0.0013001013289062717,
    0.001296090938792693,
    0.0012920775105444233,
    0.0013135253845919831,
    0.0013106227660558644,
    0.0012783004766267337,
    0.0013168481691332346,
    0.0013075778749161,
    0.0012959192824386033,
    0.001297480733681484,
    0.0012893246849545379,
    0.0012827373113246,
    0.0013065494645791555,
    0.001286737502235152,
    0.0012878386778164,
    0.0012905654856718882,
    0.001297397737841258,
    0.0012789095441500347,
    0.0012932259428981093,
    0.001269756429148524,
    0.0012658393073282884,
    0.001272190118048075,
    0.0013037652147006005,
    0.0012810023445705796,
    0.00125835667458478,
    0.0012664820140834605,
    0.0012498109911878903,
    0.0012718895973449344,
    0.0012601817145329736,
    0.001254821555472715,
    0.0012687859700971774,
    0.0012804945261123476,
    0.0012698326127303673,
    0.0012642400590388962,
    0.0012564168308167422,
    0.001269690967984637,
    0.0012442955593770363,
    0.001255573450207487,
    0.0012704439719350598,
    0.0012652129492956154,
    0.0012442118275478092,
    0.0012567964511529337,
    0.001237054651930984,
    0.0012381862925735306,
    0.001221959355325623,
    0.0012216705598690537,
    0.0012486864069706938,
    0.0012347653668638918,
    0.0012493392327026034,
    0.0012316131329491791,
    0.001224641471905878,
    0.0012364605657951661,
    0.0012566665926955166,
    0.0012372933356056498,
    0.0012405366263586036,
    0.0012500049051050836,
    0.0012229525864347536,
    0.0012381255612726068,
    0.001207894990953167,
    0.0012263987380801962,
    0.0012365600219770765,
    0.0012207495376523514,
    0.001222457056551167,
    0.0012263195198517613,
    0.0012350413173939404,
    0.0012238977044430118,
    0.001203372066470791,
    0.001222551500334052,
    0.001207598474588287,
    0.0012241127981005536,
    0.0012228667373291116,
    0.0012190314777167548,
    0.0012290353506580274,
    0.0012347917927059342,
    0.0012369905615902126,
    0.001222912117504002,
