{
  "times": {
    "training": 34.207061767578125,
    "evaluation": 0.14117789268493652
  },
  "metrics": {
    "mean_rank": {
      "best": 49.13733705772812,
      "worst": 49.13733705772812,
      "avg": 49.13733705772812
    },
    "mean_reciprocal_rank": {
      "best": 0.054740997296412304,
      "worst": 0.054740997296412304,
      "avg": 0.054740997296412304
    },
    "hits_at_k": {
      "best": {
        "1": 0.011638733705772812,
        "3": 0.033054003724394786,
        "5": 0.051210428305400374,
        "10": 0.09869646182495345
      },
      "worst": {
        "1": 0.011638733705772812,
        "3": 0.033054003724394786,
        "5": 0.051210428305400374,
        "10": 0.09869646182495345
      },
      "avg": {
        "1": 0.011638733705772812,
        "3": 0.033054003724394786,
        "5": 0.051210428305400374,
        "10": 0.09869646182495345
      }
    },
    "adjusted_mean_rank": 1.019700286220551
  },
  "losses": [
    0.00554276182795439,
    0.005542791849201535,
    0.0055430357313811,
    0.005543063182641964,
    0.0055429907851765915,
    0.005542839384429259,
    0.005542903043941277,
    0.005542796494213776,
    0.005542823507625126,
    0.005542877001413634,
    0.0055429929934611,
    0.005542884406781509,
    0.005542898075301134,
    0.0055429667986379725,
    0.005542988653039826,
    0.005542899693440645,
    0.005542853091022756,
    0.005542998209581403,
    0.005542936967760182,
    0.005542871594923977,
    0.005542906718069812,
    0.005542808335187602,
    0.005542843800998275,
    0.005542888423574881,
    0.005542896647530979,
    0.005542815378853704,
    0.005542906794217553,
    0.005542851815548084,
    0.00554285767892419,
    0.0055428466946124575,
    0.0055426717261390845,
    0.005542936663169215,
    0.0055429437068353175,
    0.005542919396668796,
    0.0055429618680717,
    0.0055428634090417496,
    0.005542939937522106,
    0.005542744313973811,
    0.0055428142556745155,
    0.005542899998031611,
    0.00554267244954263,
    0.005542972395496983,
    0.005542789241141383,
    0.0055430439553371975,
    0.005542850140297767,
    0.005542900150327094,
    0.00554259207560132,
    0.005542799863751343,
    0.005543072548814187,
    0.005542846732686328,
    0.0055428602489104705,
    0.005543066533142597,
    0.005542789717064769,
    0.005542772069825641,
    0.005542685204289357,
    0.005542803023882622,
    0.005542850578147281,
    0.005542775382252403,
    0.005542757259089891,
    0.005542911401155923,
    0.005542812466202586,
    0.005542868929753019,
    0.0055427121605899,
    0.005542846218689072,
    0.005542723906379049,
    0.005542817282547245,
    0.005542777019428849,
    0.005542702432715904,
    0.0055429837034366184,
    0.005542824783099798,
    0.005543051950850071,
    0.005542799387827958,
    0.005542798588276671,
    0.005542839860352644,
    0.0055427307977496685,
    0.005542802681217785,
    0.005542849988002284,
    0.005542886158179567,
    0.00554267593330181,
    0.0055427097619360375,
    0.005542725600666301,
    0.005542770070947423,
    0.005542897523230008,
    0.005542849169414061,
    0.0055429026060917624,
    0.005542743095609945,
    0.0055429378053853395,
    0.005542801063078274,
    0.005542904205194338,
    0.005542812999236778,
    0.005542643551474675,
    0.005542819890607397,
    0.005542860858092404,
    0.005542837480735718,
    0.005542725162816786,
    0.005542845133583754,
    0.005542735861574488,
    0.005542823850289963,
    0.005542997924027371,
    0.005543018007994231,
    0.005542843629665856,
    0.005542851815548084,
    0.005542984997948227,
    0.005542967046118133,
    0.005542900911804511,
    0.005542794171707655,
    0.005542662912037989,
    0.005542816692402248,
    0.005542797465097482,
    0.005542732625295468,
    0.0055426959982317345,
    0.005542710180748617,
    0.0055428420686371525,
    0.0055428169969932144,
    0.005542839270207647,
    0.005542860077578052,
    0.005542941079738231,
    0.005542779874969161,
    0.005543056138975861,
    0.005542923223092814,
    0.005542776867133365,
    0.0055427517383786215,
    0.005542876182825411,
    0.0055427380698589955,
    0.005542867026059477,
    0.005542781378887058,
    0.005542656667923173,
    0.0055428101246595305,
    0.005542922423541527,
    0.005542787584928002,
    0.005542795789847166,
    0.0055426477396004654,
    0.00554289643812469,
    0.0055427770955765905,
    0.005542916293648324,
    0.0055428692914547915,
    0.005542859163805152,
    0.005542832778612671,
    0.005542596416022594,
    0.005542997771731888,
    0.005542794476298622,
    0.005542628759775859,
    0.005542922252209108,
    0.005542730264715477,
    0.005542728151615646,
    0.005542716919823753,
    0.005542627065488607,
    0.00554266414943879,
    0.005542744390121553,
    0.005542758439379887
  ]
}