{
  "times": {
    "training": 349.81255078315735,
    "evaluation": 0.8573102951049805
  },
  "metrics": {
    "arithmetic_mean_rank": {
      "head": {
        "realistic": 9.180167597765363,
        "pessimistic": 15.783054003724395,
        "optimistic": 2.5772811918063314
      },
      "tail": {
        "realistic": 9.16294227188082,
        "pessimistic": 15.820297951582868,
        "optimistic": 2.505586592178771
      },
      "both": {
        "realistic": 9.17155493482309,
        "pessimistic": 15.80167597765363,
        "optimistic": 2.5414338919925514
      }
    },
    "geometric_mean_rank": {
      "head": {
        "realistic": 3.21188516807184,
        "pessimistic": 4.075415693413619,
        "optimistic": 1.7805867350208677
      },
      "tail": {
        "realistic": 3.0922938041028085,
        "pessimistic": 3.884879435039472,
        "optimistic": 1.7212734211279588
      },
      "both": {
        "realistic": 3.1515222678442654,
        "pessimistic": 3.979007240076312,
        "optimistic": 1.7506789028843728
      }
    },
    "median_rank": {
      "head": {
        "realistic": 2.0,
        "pessimistic": 3.0,
        "optimistic": 1.0
      },
      "tail": {
        "realistic": 2.0,
        "pessimistic": 3.0,
        "optimistic": 1.0
      },
      "both": {
        "realistic": 2.0,
        "pessimistic": 3.0,
        "optimistic": 1.0
      }
    },
    "harmonic_mean_rank": {
      "head": {
        "realistic": 1.9391711910759992,
        "pessimistic": 2.138145046686006,
        "optimistic": 1.4348359117538614
      },
      "tail": {
        "realistic": 1.8581033585451767,
        "pessimistic": 2.0261049204764032,
        "optimistic": 1.3933530995607144
      },
      "both": {
        "realistic": 1.8977719181731678,
        "pessimistic": 2.080617750588462,
        "optimistic": 1.413790278517488
      }
    },
    "inverse_arithmetic_mean_rank": {
      "head": {
        "realistic": 0.10893047314772554,
        "pessimistic": 0.0633590938587694,
        "optimistic": 0.3880057803468208
      },
      "tail": {
        "realistic": 0.10913525048267453,
        "pessimistic": 0.06320993467129657,
        "optimistic": 0.399108138238573
      },
      "both": {
        "realistic": 0.10903276566584605,
        "pessimistic": 0.0632844263744034,
        "optimistic": 0.39347865909507235
      }
    },
    "inverse_geometric_mean_rank": {
      "head": {
        "realistic": 0.3113436339320687,
        "pessimistic": 0.24537374227029768,
        "optimistic": 0.5616126304503107
      },
      "tail": {
        "realistic": 0.32338453696515357,
        "pessimistic": 0.2574082456666611,
        "optimistic": 0.5809652247721894
      },
      "both": {
        "realistic": 0.3173069758076086,
        "pessimistic": 0.2513189696987888,
        "optimistic": 0.5712069748212686
      }
    },
    "inverse_harmonic_mean_rank": {
      "head": {
        "realistic": 0.515684228706556,
        "pessimistic": 0.467695118041659,
        "optimistic": 0.6969438050777926
      },
      "tail": {
        "realistic": 0.538183193847172,
        "pessimistic": 0.49355785571305333,
        "optimistic": 0.7176931678806128
      },
      "both": {
        "realistic": 0.5269337112768638,
        "pessimistic": 0.48062648687735626,
        "optimistic": 0.7073184864792026
      }
    },
    "inverse_median_rank": {
      "head": {
        "realistic": 0.5,
        "pessimistic": 0.3333333333333333,
        "optimistic": 1.0
      },
      "tail": {
        "realistic": 0.5,
        "pessimistic": 0.3333333333333333,
        "optimistic": 1.0
      },
      "both": {
        "realistic": 0.5,
        "pessimistic": 0.3333333333333333,
        "optimistic": 1.0
      }
    },
    "rank_std": {
      "head": {
        "realistic": 16.465524266095684,
        "pessimistic": 31.13469343918482,
        "optimistic": 3.0868987379747836
      },
      "tail": {
        "realistic": 16.668193182487848,
        "pessimistic": 31.683700958519914,
        "optimistic": 2.929727312109637
      },
      "both": {
        "realistic": 16.567170876194375,
        "pessimistic": 31.41040222232724,
        "optimistic": 3.0095527906683537
      }
    },
    "rank_var": {
      "head": {
        "realistic": 271.11348935738584,
        "pessimistic": 969.3691355520183,
        "optimistic": 9.528943818510312
      },
      "tail": {
        "realistic": 277.8286639687344,
        "pessimistic": 1003.8569064289156,
        "optimistic": 8.58330212332116
      },
      "both": {
        "realistic": 274.47115084102313,
        "pessimistic": 986.61336776838,
        "optimistic": 9.057407999819675
      }
    },
    "hits_at_k": {
      "head": {
        "realistic": {
          "1": 0.3054003724394786,
          "3": 0.6312849162011173,
          "5": 0.7560521415270018,
          "10": 0.8426443202979516
        },
        "pessimistic": {
          "1": 0.3054003724394786,
          "3": 0.5698324022346368,
          "5": 0.6843575418994413,
          "10": 0.8100558659217877
        },
        "optimistic": {
          "1": 0.553072625698324,
          "3": 0.8007448789571695,
          "5": 0.8919925512104283,
          "10": 0.9692737430167597
        }
      },
      "tail": {
        "realistic": {
          "1": 0.3426443202979516,
          "3": 0.633147113594041,
          "5": 0.7597765363128491,
          "10": 0.8528864059590316
        },
        "pessimistic": {
          "1": 0.3426443202979516,
          "3": 0.5791433891992551,
          "5": 0.6908752327746741,
          "10": 0.819366852886406
        },
        "optimistic": {
          "1": 0.5875232774674115,
          "3": 0.8212290502793296,
          "5": 0.8873370577281192,
          "10": 0.9683426443202979
        }
      },
      "both": {
        "realistic": {
          "1": 0.3240223463687151,
          "3": 0.6322160148975792,
          "5": 0.7579143389199255,
          "10": 0.8477653631284916
        },
        "pessimistic": {
          "1": 0.3240223463687151,
          "3": 0.574487895716946,
          "5": 0.6876163873370578,
          "10": 0.8147113594040968
        },
        "optimistic": {
          "1": 0.5702979515828678,
          "3": 0.8109869646182495,
          "5": 0.8896648044692738,
          "10": 0.9688081936685289
        }
      }
    },
    "adjusted_arithmetic_mean_rank": {
      "head": {
        "realistic": 0.19452308845725108
      },
      "tail": {
        "realistic": 0.18992569719193284
      },
      "both": {
        "realistic": 0.1921990624435978
      }
    },
    "adjusted_arithmetic_mean_rank_index": {
      "head": {
        "realistic": 0.8229140421071728
      },
      "tail": {
        "realistic": 0.8272205908436965
      },
      "both": {
        "realistic": 0.8250915522782193
      }
    }
  },