{
  "times": {
    "training": 50.89299416542053,
    "evaluation": 0.12402462959289551
  },
  "metrics": {
    "mean_rank": {
      "best": 3.8105214152700184,
      "avg": 3.8105214152700184,
      "worst": 3.8105214152700184
    },
    "mean_reciprocal_rank": {
      "best": 0.5713669702290549,
      "avg": 0.5713669702290549,
      "worst": 0.5713669702290549
    },
    "hits_at_k": {
      "best": {
        "1": 0.38268156424581007,
        "3": 0.7067039106145251,
        "5": 0.8272811918063314,
        "10": 0.9408752327746741
      },
      "avg": {
        "1": 0.38268156424581007,
        "3": 0.7067039106145251,
        "5": 0.8272811918063314,
        "10": 0.9408752327746741
      },
      "worst": {
        "1": 0.38268156424581007,
        "3": 0.7067039106145251,
        "5": 0.8272811918063314,
        "10": 0.9408752327746741
      }
    },
    "adjusted_mean_rank": 0.07939845750115299
  },
  "losses": [
    0.038081354776612106,
    0.03439298158863108,
    0.03227388976824166,
    0.029669460874135332,
    0.026674001447616086,
    0.023077924957445962,
    0.020311614797732885,
    0.018917918852517035,
    0.018062849693578565,
    0.017297666356876535,
    0.016979131253905586,
    0.016488265511480166,
    0.016167494520445063,
    0.016029907963368048,
    0.015732081581403257,
    0.01556278790425508,
    0.015399262646980005,
    0.015359161875568537,
    0.01513284104047816,
    0.01501041172945016,
    0.014981631538198611,
    0.01496443581710567,
    0.014965980435971138,
    0.014773735829490094,
    0.014701156980197142,
    0.014665641559270654,
    0.014527733354132917,
    0.014538859909847117,
    0.014436435181658247,
    0.014409245374064902,
    0.014294229464498962,
    0.014229913558947777,
    0.014230103014528999,
    0.014160779062378944,
    0.014217734831813348,
    0.014185535568887912,
    0.01403567060728265,
    0.014021370860952342,
    0.014115267993923347,
    0.01409872337409537,
    0.014149856849129457,
    0.014092058695303064,
    0.014040155442748652,
    0.013997884232256976,
    0.013942994351053497,
    0.013931033139943087,
    0.013877036852487852,
    0.013853066457189794,
    0.014062712840552681,
    0.013968147777665807,
    0.01386382285873184,
    0.013806375174886386,
    0.013672792770656219,
    0.013780100168187334,
    0.013792440328534059,
    0.013679353469707303,
    0.013829613219279141,
    0.013758382489604334,
    0.01379887020576499,
    0.013730272817291873,
    0.013669982233659714,
    0.013734864830704248,
    0.013649107700946118,
    0.013545823607418872,
    0.013595557144296623,
    0.013603386045910992,
    0.013599421109151093,
    0.013642936040707116,
    0.013715786547068398,
    0.013666914850330628,
    0.013659187072917167,
    0.013722124932787738,
    0.013579800387077613,
    0.013574936754670778,
    0.013613281635307574,
    0.013575971335962686,
    0.01349453189737764,
    0.013531859824924719,
    0.013572727556390071,
    0.013491695965109294,
    0.01354318505009688,
    0.013405063593208656,
    0.013513750292858123,
    0.013543582389012803,
    0.01354089254618681,
    0.013557713011208908,
    0.01350304810850813,
    0.01350183282862529,
    0.013586788427254828,
    0.013413075858584915,
    0.013382003544162005,
    0.013363231298299843,
    0.013489526782466824,
    0.013414765881563063,
    0.013371617030275016,
    0.013481700964835992,
    0.013434324657448714,
    0.013378224179448506,
    0.01340770542488354,
    0.013468214552534231,
    0.013370775902320766,
    0.013445749217349857,
    0.013450470796144644,
    0.013365289800199827,
    0.013441535696287346,
    0.013463451358998632,
    0.013473235658470795,
    0.013332430184058814,
    0.013242664104146113,
    0.013233710500387595,
    0.013432090558856488,
    0.013404081972671065,
    0.013438514115824862,
    0.013333867206165334,
    0.013315164940077746,
    0.013319610178718091,
    0.013345957259254615,
    0.013332260336521067,
    0.013234064397016907,
    0.013281878706214147,
    0.013294317439812435,
    0.013222995637438617,
    0.013243522708007072,
    0.013326106799444577,
    0.01322111071431572,
    0.013195504741674793,
    0.013309589326286498,
    0.013331381743877926,
    0.013292162496797653,
    0.013266551612627388,
    0.013359093468092532,
    0.013355491184952235,
    0.013195929760294805,
    0.013133826860411408,
    0.013153430068504312,
    0.013187966838655134,
    0.013287454396153135,
    0.013227416508801637,
    0.013247731431761858,
    0.013149516759913252,
    0.013194459004738734,
    0.013261993294590695,
    0.013232225771720932,
    0.013224948865085774,
    0.013317678577029564,
    0.013290222671153026,
    0.013210843181275057,
    0.013158897971314996,
    0.013235966339160063,
    0.013214558658033315,
    0.013309028764686353,
    0.013243680981088088,
    0.013138779852193066,
    0.01327221616698088,
    0.013190392372669864,
    0.013277829055091665,
    0.013205602807916418,
    0.013197710475233255,
    0.013212652185099531,
    0.013218538367455093,
    0.013195808609237842,
    0.01319882253685229,
    0.013165562345516335,
    0.01326508142817938,
    0.013195642074126856,
    0.013139509309484189,
    0.013143519059190046,
    0.01314811933463239,
    0.013148138523863285,
    0.013261904544397803,
    0.01319685248055423,
    0.013149112796143806,
    0.013111415818566828,
    0.013251486809936737,
    0.013274251101154825,
    0.013069405261794814,
    0.013118774850541356,
    0.013096816012060555,
    0.013121016373538392,
    0.0131868987523569,
    0.013246557956989183,
    0.01335853995015849,
    0.013231518321127147,
    0.013218923598880092,
    0.0131739855421804,
    0.013111242506306835,
    0.013243255772098722,
    0.013220486797794523,
    0.013188962051564609,
    0.013070463905773084,
    0.013152805085914732,
    0.013190450435322871,
    0.013158950513256735,
    0.013123766829966738,
    0.0131431385869989,
    0.01309961779206677,
    0.013143124575814437,
    0.013165122021200253,
    0.013148607022843777,
    0.013159880505625488
  ]
}