{
  "times": {
    "training": 64.1648280620575,
    "evaluation": 0.09784817695617676
  },
  "metrics": {
    "mean_rank": {
      "worst": 17.062849162011172,
      "best": 17.062849162011172,
      "avg": 17.062849162011172
    },
    "mean_reciprocal_rank": {
      "worst": 0.26451233229237026,
      "best": 0.26451233229237026,
      "avg": 0.26451233229237026
    },
    "hits_at_k": {
      "worst": {
        "1": 0.12849162011173185,
        "3": 0.2839851024208566,
        "5": 0.40782122905027934,
        "10": 0.5926443202979516
      },
      "best": {
        "1": 0.12849162011173185,
        "3": 0.2839851024208566,
        "5": 0.40782122905027934,
        "10": 0.5926443202979516
      },
      "avg": {
        "1": 0.12849162011173185,
        "3": 0.2839851024208566,
        "5": 0.40782122905027934,
        "10": 0.5926443202979516
      }
    },
    "adjusted_mean_rank": 0.34913352571316825
  },
  "losses": [
    0.0997613807483987,
    0.09466341333745004,
    0.09152630647305839,
    0.089333487940371,
    0.08702768017513078,
    0.08520771780968277,
    0.08344000821426961,
    0.08131123548996667,
    0.07910759566167602,
    0.07656883896985232,
    0.07247230638195735,
    0.06601515488203917,
    0.05597858220038857,
    0.04086766897961541,
    0.026466571910625524,
    0.018685114461335296,
    0.01547581871421186,
    0.014394190976293643,
    0.013934656245388033,
    0.013938187070680555,
    0.014008453571281184,
    0.014137524482835461,
    0.014244825194896926,
    0.01438063139602092,
    0.014095420665187621,
    0.014406178109105203,
    0.01439537107062241,
    0.014255583533314716,
    0.014576019938702129,
    0.014194026721730748,
    0.014067905481359957,
    0.014144208178568197,
    0.014219774022619,
    0.014348741746499314,
    0.014162810968181097,
    0.014233686078434657,
    0.014118082993407444,
    0.014174716722478239,
    0.01441143164626235,
    0.014193664294435401,
    0.014017109196167716,
    0.01441120896697962,
    0.014466277730048514,
    0.014523234008825199,
    0.014276422855767927,
    0.014163414848987135,
    0.014283129489937077,
    0.0147819328477497,
    0.014443570865972146,
    0.014353768581324883,
    0.01454174695034716,
    0.01412087082509955,
    0.014194025027815445,
    0.014056460966084256,
    0.014364165480564585,
    0.01428781909445745,
    0.014093664569075535,
    0.014209606084264616,
    0.014105317788832705,
    0.014239904582676908,
    0.014341083414248279,
    0.014243493212829193,
    0.014124078677207354,
    0.014501510603742673,
    0.01436652679849899,
    0.014153041311662673,
    0.01428979398796303,
    0.014150574194601544,
    0.014314047608451775,
    0.014447394597452727,
    0.014462897027999851,
    0.014077818838360043,
    0.01423345859972523,
    0.014271058296578534,
    0.01404933875802708,
    0.014505697185997429,
    0.014527557304160986,
    0.01434863107736609,
    0.014422449506620742,
    0.014415963575499801,
    0.01422511776076611,
    0.014077638012901293,
    0.014248635163315659,
    0.014347528832561521,
    0.014349251191527128,
    0.014278412147553592,
    0.01420988910928007,
    0.014450078535672827,
    0.0145473749839462,
    0.014011571645877853,
    0.014227690253475138,
    0.014366001825914219,
    0.014242170264976416,
    0.014305416968815985,
    0.014612939669720304,
    0.014227074656421578,
    0.014436442729211404,
    0.01410138112966516,
    0.014213716369750868,
    0.014270769695758537,
    0.014320038281085577,
    0.014208234930405466,
    0.014342807537708994,
    0.014199687151459988,
    0.014290764389693067,
    0.014283357674444547,
    0.014304165094826193,
    0.014425702529803333,
    0.014393543124269494,
    0.014191817009216092,
    0.014207296713066213,
    0.014245118312824401,
    0.01408575744301416,
    0.014502392357238445,
    0.01456419923306923,
    0.014219368188743975,
    0.014437886368529622,
    0.014276178649644868,
    0.01424470880879955,
    0.014094051487562993,
    0.014115663235395036,
    0.014262057465868916,
    0.014232877798515215,
    0.014224918513978424,
    0.014312977689197601,
    0.014174659693996323,
    0.013990105363022582,
    0.01418637707079565,
    0.014281795390475213,
    0.014121831980875217,
    0.013869011522115794,
    0.014043711289066474,
    0.014220410581874452,
    0.014269643594980098,
    0.014203641384998815,
    0.01421152416102769,
    0.014206685915439351,
    0.014344483031684509,
    0.014199938627302894,
    0.014160464330845998,
    0.014432559710695167,
    0.014125719516498934,
    0.014261939244696627,
    0.014413441123872061,
    0.014474844706700778,
    0.014121494679990219,
    0.01418733032163323,
    0.014344496865326163,
    0.014285359458855583,
    0.014488297993788146,
    0.014255440538631097,
    0.014225993444398708,
    0.014195449681166292,
    0.014791787058873738,
    0.014298260106074873,
    0.014240081808565636,
    0.014205065120812209,
    0.014020606072574342,
    0.014372032023238458,
    0.014447534627784562,
    0.014492976023220607,
    0.014371075949208703,
    0.01415479888995065,
    0.014213210171394054,
    0.014111321095251487,
    0.014229038186578655,
    0.014361277143231082,
    0.014167369788324008,
    0.014058897874989124,
    0.014078225166293697,
    0.01414197171630769,
    0.014212415583956658,
    0.014202062232456241,
    0.014175929354096815,
    0.01432549106503041,
    0.014267579135702799,
    0.014479107726883648,
    0.014116947787834244,
    0.014045311615550355,
    0.014157615800522149,
    0.014128566352907478,
    0.014371409579943876,
    0.013991608359956262,
    0.014438121187538703,
    0.014403807404056819,
    0.014301901812240031,
    0.014131916141001835,
    0.01457822647512559,
    0.014224763873627089,
    0.014197533832209007,
    0.014284827145971159,
    0.01426307289751413,
    0.014224361427582672,
    0.013889592593064881,
    0.014068222172942086,
    0.014162072279948748,
    0.014165307234701423,
    0.014177469193688366,
    0.01408672057502435,
    0.014323011667083324,
    0.014089555271706545,
    0.014352603661654051,
    0.0141703536201328,
    0.014393710892464438,
    0.014092807306771874,
    0.01402703956290065,
    0.014269325350642275,
    0.014270280365974964,
    0.013953240613671997,
    0.014258477375872958,
    0.014071214686066811,
    0.014180415900520067,
    0.014365704543778288,
    0.014332818377999034,
    0.014290359402775694,
    0.014370344742435615,
    0.014188473220405104,
    0.014035790611682664,
    0.014072206967536199,
    0.014320931750828872,
    0.014315257346298372,
    0.01417238469516264,
    0.014212016596322655,
    0.014248743856214361,
    0.014445176838840374,
    0.014177029058028425,
    0.014153819030526829,
    0.014287174489104304,
    0.014103747458765675,
    0.014095581163662718,
    0.013980314956041679,
    0.01407425653447478,
    0.014367947146481774,
    0.013960987664737103,
    0.013995696271644533,
    0.01414339199371067,
    0.014108144439417205,
    0.014229187039386033,
    0.014149349423256621,
    0.013974404109166599,
    0.014192422513357629,
    0.014179528924118773,
    0.014332986569672806,
    0.014125204142767554,
    0.014307392709279216,
    0.014270553086338981,
    0.014578586855606613,
    0.014072221224656678,
    0.014203335986185384,
    0.014260756538915098,
    0.014159236524569487,
    0.01441984807619193,
    0.013979351753451684,
    0.014346917964354854,
    0.01419902977116225,
    0.014133497975576975,
    0.014020423976679113,
    0.013991795678757012,
    0.014187841037097523,
    0.014169951032928774,
    0.013987887816149642,
    0.014273361668493566,
    0.014128015759853728,
    0.014516784708622717,
    0.01423321665215591,
    0.014265452989676495,
    0.014009269897298322,
    0.014166909184520805,
    0.014088519160178654,
    0.01415497533946153,
    0.014186415819108239,
    0.014082365377616994,
    0.013866977553313974,
