{
  "times": {
    "training": 54.97564387321472,
    "evaluation": 0.2529566287994385
  },
  "metrics": {
    "arithmetic_mean_rank": {
      "head": {
        "optimistic": 5.8919925512104285,
        "realistic": 5.8919925512104285,
        "pessimistic": 5.8919925512104285
      },
      "both": {
        "optimistic": 4.675512104283054,
        "realistic": 4.675512104283054,
        "pessimistic": 4.675512104283054
      },
      "tail": {
        "optimistic": 3.4590316573556796,
        "realistic": 3.4590316573556796,
        "pessimistic": 3.4590316573556796
      }
    },
    "geometric_mean_rank": {
      "head": {
        "optimistic": 3.673009524910639,
        "realistic": 3.673009524910639,
        "pessimistic": 3.673009524910639
      },
      "both": {
        "optimistic": 2.730128737479581,
        "realistic": 2.730128737479581,
        "pessimistic": 2.730128737479581
      },
      "tail": {
        "optimistic": 2.029290387803497,
        "realistic": 2.029290387803497,
        "pessimistic": 2.029290387803497
      }
    },
    "median_rank": {
      "head": {
        "optimistic": 4.0,
        "realistic": 4.0,
        "pessimistic": 4.0
      },
      "both": {
        "optimistic": 2.0,
        "realistic": 2.0,
        "pessimistic": 2.0
      },
      "tail": {
        "optimistic": 1.0,
        "realistic": 1.0,
        "pessimistic": 1.0
      }
    },
    "harmonic_mean_rank": {
      "head": {
        "optimistic": 2.408797219510753,
        "realistic": 2.408797219510753,
        "pessimistic": 2.408797219510753
      },
      "both": {
        "optimistic": 1.8671082906167584,
        "realistic": 1.8671082906167584,
        "pessimistic": 1.8671082906167584
      },
      "tail": {
        "optimistic": 1.5243200722683607,
        "realistic": 1.5243200722683607,
        "pessimistic": 1.5243200722683607
      }
    },
    "inverse_arithmetic_mean_rank": {
      "head": {
        "optimistic": 0.16972187104930467,
        "realistic": 0.16972187104930467,
        "pessimistic": 0.16972187104930467
      },
      "both": {
        "optimistic": 0.21388031464701784,
        "realistic": 0.21388031464701784,
        "pessimistic": 0.21388031464701784
      },
      "tail": {
        "optimistic": 0.28909825033647374,
        "realistic": 0.28909825033647374,
        "pessimistic": 0.28909825033647374
      }
    },
    "inverse_geometric_mean_rank": {
      "head": {
        "optimistic": 0.27225630459652267,
        "realistic": 0.27225630459652267,
        "pessimistic": 0.27225630459652267
      },
      "both": {
        "optimistic": 0.3662830936401874,
        "realistic": 0.3662830936401874,
        "pessimistic": 0.3662830936401874
      },
      "tail": {
        "optimistic": 0.4927830960074667,
        "realistic": 0.4927830960074667,
        "pessimistic": 0.4927830960074667
      }
    },
    "inverse_harmonic_mean_rank": {
      "head": {
        "optimistic": 0.41514494947943703,
        "realistic": 0.41514494947943703,
        "pessimistic": 0.41514494947943703
      },
      "both": {
        "optimistic": 0.5355875741249437,
        "realistic": 0.5355875741249437,
        "pessimistic": 0.5355875741249437
      },
      "tail": {
        "optimistic": 0.6560301987704504,
        "realistic": 0.6560301987704504,
        "pessimistic": 0.6560301987704504
      }
    },
    "inverse_median_rank": {
      "head": {
        "optimistic": 0.25,
        "realistic": 0.25,
        "pessimistic": 0.25
      },
      "both": {
        "optimistic": 0.5,
        "realistic": 0.5,
        "pessimistic": 0.5
      },
      "tail": {
        "optimistic": 1.0,
        "realistic": 1.0,
        "pessimistic": 1.0
      }
    },
    "rank_std": {
      "head": {
        "optimistic": 7.065368574070838,
        "realistic": 7.065368574070838,
        "pessimistic": 7.065368574070838
      },
      "both": {
        "optimistic": 6.659475821718878,
        "realistic": 6.659475821718878,
        "pessimistic": 6.659475821718878
      },
      "tail": {
        "optimistic": 5.984826981386814,
        "realistic": 5.984826981386814,
        "pessimistic": 5.984826981386814
      }
    },
    "rank_var": {
      "head": {
        "optimistic": 49.919433087467795,
        "realistic": 49.919433087467795,
        "pessimistic": 49.919433087467795
      },
      "both": {
        "optimistic": 44.34861822005833,
        "realistic": 44.34861822005833,
        "pessimistic": 44.34861822005833
      },
      "tail": {
        "optimistic": 35.8181539971356,
        "realistic": 35.8181539971356,
        "pessimistic": 35.8181539971356
      }
    },
    "hits_at_k": {
      "head": {
        "optimistic": {
          "1": 0.24115456238361266,
          "3": 0.4813780260707635,
          "5": 0.6191806331471136,
          "10": 0.8584729981378026
        },
        "realistic": {
          "1": 0.24115456238361266,
          "3": 0.4813780260707635,
          "5": 0.6191806331471136,
          "10": 0.8584729981378026
        },
        "pessimistic": {
          "1": 0.24115456238361266,
          "3": 0.4813780260707635,
          "5": 0.6191806331471136,
          "10": 0.8584729981378026
        }
      },
      "both": {
        "optimistic": {
          "1": 0.37988826815642457,
          "3": 0.6108007448789572,
          "5": 0.7281191806331471,
          "10": 0.898975791433892
        },
        "realistic": {
          "1": 0.37988826815642457,
          "3": 0.6108007448789572,
          "5": 0.7281191806331471,
          "10": 0.898975791433892
        },
        "pessimistic": {
          "1": 0.37988826815642457,
          "3": 0.6108007448789572,
          "5": 0.7281191806331471,
          "10": 0.898975791433892
        }
      },
      "tail": {
        "optimistic": {
          "1": 0.5186219739292365,
          "3": 0.7402234636871509,
          "5": 0.8370577281191807,
          "10": 0.9394785847299814
        },
        "realistic": {
          "1": 0.5186219739292365,
          "3": 0.7402234636871509,
          "5": 0.8370577281191807,
          "10": 0.9394785847299814
        },
        "pessimistic": {
          "1": 0.5186219739292365,
          "3": 0.7402234636871509,
          "5": 0.8370577281191807,
          "10": 0.9394785847299814
        }
      }
    },
    "adjusted_arithmetic_mean_rank": {
      "head": {
        "realistic": 0.1248483294038729
      },
      "both": {
        "realistic": 0.09798000985361045
      },
      "tail": {
        "realistic": 0.07169738492714464
      }
    },
    "adjusted_arithmetic_mean_rank_index": {
      "head": {
        "realistic": 0.8940971347369058
      },
      "both": {
        "realistic": 0.9213273211927954
      },
      "tail": {
        "realistic": 0.9479513608324629
      }
    }
  },