{
  "times": {
    "training": 82.39618444442749,
    "evaluation": 0.15453863143920898
  },
  "metrics": {
    "mean_rank": {
      "avg": 4.045158286778398,
      "worst": 4.045158286778398,
      "best": 4.045158286778398
    },
    "mean_reciprocal_rank": {
      "avg": 0.5581358850451402,
      "worst": 0.5581358850451402,
      "best": 0.5581358850451402
    },
    "hits_at_k": {
      "avg": {
        "1": 0.37988826815642457,
        "3": 0.6620111731843575,
        "5": 0.7914338919925512,
        "10": 0.9259776536312849
      },
      "worst": {
        "1": 0.37988826815642457,
        "3": 0.6620111731843575,
        "5": 0.7914338919925512,
        "10": 0.9259776536312849
      },
      "best": {
        "1": 0.37988826815642457,
        "3": 0.6620111731843575,
        "5": 0.7914338919925512,
        "10": 0.9259776536312849
      }
    },
    "adjusted_mean_rank": 0.08496998561358901
  },
  "losses": [
    0.038225760592396976,
    0.03721155689304075,
    0.03715260620507064,
    0.03709422601598096,
    0.03703249380330391,
    0.036965757617932166,
    0.03688788330238949,
    0.03678660787206532,
    0.036645510371064116,
    0.03644166941537677,
    0.03613478807700933,
    0.03568158123829006,
    0.03516265036998104,
    0.03471839150008741,
    0.03442011561800367,
    0.03421766344482851,
    0.03407158816595574,
    0.03396097412889128,
    0.03384728265699583,
    0.03373618706161319,
    0.033650041426077165,
    0.03357774645556508,
    0.03349202115556296,
    0.03341807225610227,
    0.03336043922865364,
    0.03329707197166791,
    0.033240224179731166,
    0.033207852556392504,
    0.033155642161922155,
    0.03311356291988717,
    0.03307247116176589,
    0.033044196286927924,
    0.03300368644984832,
    0.03299191020160238,
    0.03296411262080906,
    0.032924754594469634,
    0.03290060921166127,
    0.03287730160630652,
    0.03286278647608896,
    0.032829433308360446,
    0.032812634050484395,
    0.03278792212847816,
    0.03276687656793683,
    0.03275739647869255,
    0.03273004816957496,
    0.032698109979181766,
    0.03268700154663008,
    0.03268863354502909,
    0.03266280392647094,
    0.03263807433818865,
    0.03263949175225169,
    0.03260965280280027,
    0.03260449394559906,
    0.03258520389509369,
    0.0325665422157524,
    0.032550176238526324,
    0.03254621670825609,
    0.032522276315168235,
    0.03252827645261917,
    0.03250080843925172,
    0.03248351543941882,
    0.032472294308209484,
    0.03245756124315533,
    0.03244537927974188,
    0.03243252493176967,
    0.03242064055373059,
    0.03240662434351631,
    0.03240052034054576,
    0.03239153582080413,
    0.03236616567771909,
    0.03236505407298651,
    0.03235592289269446,
    0.03235215129505061,
    0.03232377963643301,
    0.032320712938433596,
    0.03230057338372239,
    0.032279874447701036,
    0.0322817868220848,
    0.03228189868311728,
    0.03226952665494068,
    0.032256566233164356,
    0.032243010259900604,
    0.032239514469377,
    0.03222563007090351,
    0.03220933491107718,
    0.032210032576686164,
    0.032198527414400484,
    0.03218433773963073,
    0.03218734062582264,
    0.03216977539781335,
    0.032161852453738045,
    0.03215046044699645,
    0.03213349876598747,
    0.03212811999410838,
    0.03213623208917394,
    0.032119281982621685,
    0.03210437735670559,
    0.03210644895601714,
    0.03210112173615915,
    0.03207731513465338,
    0.032076710673880175,
    0.03206975229324833,
    0.03205707826312835,
    0.03205898979988695,
    0.03204423609879481,
    0.03204451959683696,
    0.032037421561246934,
    0.03202264417820714,
    0.03201252429563753,
    0.03202235656818693,
    0.032016411942439656,
    0.032001596866267745,
    0.03199002522700361,
    0.03198492447052928,
    0.031979046854794656,
    0.03196681996421363,
    0.03196466650607981,
    0.03197057869288915,
    0.03197029245352829,
    0.03196429208763413,
    0.03195474453149075,
    0.03193917856243844,
    0.031938560242776255,
    0.03194005205318289,
    0.03190914703534838,
    0.03191876251527731,
    0.03191598586402584,
    0.0319095977538312,
    0.03190476320986167,
    0.03190433617332651,
    0.03188504810266242,
    0.03188699078384736,
    0.03187853168352311,
    0.03187020774544028,
    0.031869996892343655,
    0.03185566642039959,
    0.03185399101778784,
    0.03185036105494345,
    0.03184888782458578,
    0.03184313295901069,
    0.031831997494010715,
    0.03182459547663603,
    0.031829846777195595,
    0.0318336060389053,
    0.03182157355350871,
    0.03181143029358242,
    0.031808331765826994,
    0.031798190561889726,
    0.03180499641859505,
    0.03178852056017778,
    0.031799707044164655,
    0.03178947880335868,
    0.03178071488362461,
    0.031780298888511985,
    0.03177302533237746,
    0.031766321818236916,
    0.03176400905902756,
    0.03177007217066085,
    0.03175812032572266,
    0.03175772230147706,
    0.03175558689035801,
    0.0317401558551039,
    0.0317572150052222,
    0.031737320722386844,
    0.03173810991758129,
    0.031729921446330855,
    0.03172811925772926,
    0.031711895752927814,
    0.03171215244696491,
    0.03171526551893899,
    0.03170369875313032,
    0.03170366113614594,
    0.03169493864078333,
    0.0317059049816491,
    0.03168818037641654,
    0.03169875029213929,
    0.03168829947148448,
    0.03168959154636477,
    0.03167979818531135,
    0.03167635447984304,
    0.031680922506716794,
    0.031678089886875205,
    0.03168223102950928,
    0.0316645471633185,
    0.03166604811145413,
    0.03165408819485533,
    0.03165634589924747,
    0.03165407890483085,
    0.03164880620675588,
    0.03163619279023825,
    0.03164755555624704,
    0.03164779450786034,
    0.031644404562697626,
    0.03164733792600141,
    0.031634142664589845,
    0.03163659507875738,
    0.031626162762003786,
    0.03164317698495451,
    0.03162006431781838,
    0.03160725238413827,
    0.03161145246512438,
    0.03162130529756403,
    0.0316067529311008,
    0.03159536716847403,
    0.03161443996947248,
    0.03160031441110119,
    0.031607833086816084,
    0.03160257881649459,
    0.03159525675424864,
    0.031587554486328634,
    0.03158451824742588,
    0.03157701822790769,
    0.031589242072579043,
    0.03157699561202842,
    0.0315665913937915,
    0.031572257394952084,
    0.03156933256019536,
    0.03156522096288505,
    0.0315617100951086,
    0.03155298919884856,
    0.03156627781739139,
    0.0315598272660486,
    0.03155218485025353,
    0.03153971679977471,
    0.03155411382484497,
    0.03155441727359544,
    0.0315466869833065,
    0.03155228064411252,
    0.031534537687274225,
    0.0315306189721935,
    0.03154409788394271,
    0.031536644466842415,
    0.03152825146275791,
    0.03153652430570609,
    0.031524061737864664,
    0.031523644448240434,
    0.03152557799169637,
    0.031510722557221385,
    0.031507636669991075,
    0.03151250068313662,
    0.031502525100537436,
    0.03151154731341118,
    0.03150320342462004,
    0.03151279430882842,
    0.031496830010939544,
    0.03149309603028007,
    0.03149534231251096,
    0.03149603419089157,
    0.03149448481279225,
    0.03149054858373095,
    0.03149064125553254,
    0.03148966717362137,
    0.03149094805478364,
    0.03148608998116195,
    0.031481238380098295,
    0.03149104955972326,
    0.031464331449315555,
    0.03149075517255405,
    0.03148076717787297,
    0.03147062231884411,
    0.031467686823403555,
    0.03147315819093649,
    0.031467944431213556,
    0.03146412691648149,
    0.031472020619824,
    0.031456428532096306,
    0.0314527508246179,
    0.03146813038399866,
    0.03144727222304952,
    0.03144651363924721,
    0.0314566537771161,
    0.031441565254403926,
    0.031455787444259364,
    0.031441467861442356,
    0.03144897191679086,
    0.031438487591129716,
    0.03143992541278753,
    0.03143996104993062,
    0.03144307351272276,
    0.03143168592255019,
