{
  "times": {
    "training": 43.13225030899048,
    "evaluation": 0.48185276985168457
  },
  "metrics": {
    "arithmetic_mean_rank": {
      "tail": {
        "realistic": 43.54934823091248,
        "pessimistic": 43.54934823091248,
        "optimistic": 43.54934823091248
      },
      "both": {
        "realistic": 43.26815642458101,
        "pessimistic": 43.26815642458101,
        "optimistic": 43.26815642458101
      },
      "head": {
        "realistic": 42.98696461824954,
        "pessimistic": 42.98696461824954,
        "optimistic": 42.98696461824954
      }
    },
    "geometric_mean_rank": {
      "tail": {
        "realistic": 31.30980812762855,
        "pessimistic": 31.30980812762855,
        "optimistic": 31.30980812762855
      },
      "both": {
        "realistic": 31.2897856484074,
        "pessimistic": 31.2897856484074,
        "optimistic": 31.2897856484074
      },
      "head": {
        "realistic": 31.269775973470196,
        "pessimistic": 31.269775973470196,
        "optimistic": 31.269775973470196
      }
    },
    "median_rank": {
      "tail": {
        "realistic": 42.5,
        "pessimistic": 42.5,
        "optimistic": 42.5
      },
      "both": {
        "realistic": 41.0,
        "pessimistic": 41.0,
        "optimistic": 41.0
      },
      "head": {
        "realistic": 40.0,
        "pessimistic": 40.0,
        "optimistic": 40.0
      }
    },
    "harmonic_mean_rank": {
      "tail": {
        "realistic": 15.350112913435776,
        "pessimistic": 15.350112913435776,
        "optimistic": 15.350112913435776
      },
      "both": {
        "realistic": 15.580039903092013,
        "pessimistic": 15.580039903092013,
        "optimistic": 15.580039903092013
      },
      "head": {
        "realistic": 15.816959719534754,
        "pessimistic": 15.816959719534754,
        "optimistic": 15.816959719534754
      }
    },
    "inverse_arithmetic_mean_rank": {
      "tail": {
        "realistic": 0.022962456170358334,
        "pessimistic": 0.022962456170358334,
        "optimistic": 0.022962456170358334
      },
      "both": {
        "realistic": 0.02311168495803744,
        "pessimistic": 0.02311168495803744,
        "optimistic": 0.02311168495803744
      },
      "head": {
        "realistic": 0.02326286605440998,
        "pessimistic": 0.02326286605440998,
        "optimistic": 0.02326286605440998
      }
    },
    "inverse_geometric_mean_rank": {
      "tail": {
        "realistic": 0.03193887346494389,
        "pessimistic": 0.03193887346494389,
        "optimistic": 0.03193887346494389
      },
      "both": {
        "realistic": 0.03195931129847476,
        "pessimistic": 0.03195931129847476,
        "optimistic": 0.03195931129847476
      },
      "head": {
        "realistic": 0.03197976221027029,
        "pessimistic": 0.03197976221027029,
        "optimistic": 0.03197976221027029
      }
    },
    "inverse_harmonic_mean_rank": {
      "tail": {
        "realistic": 0.0651461005947853,
        "pessimistic": 0.0651461005947853,
        "optimistic": 0.0651461005947853
      },
      "both": {
        "realistic": 0.06418468798668096,
        "pessimistic": 0.06418468798668096,
        "optimistic": 0.06418468798668096
      },
      "head": {
        "realistic": 0.06322327537857664,
        "pessimistic": 0.06322327537857664,
        "optimistic": 0.06322327537857664
      }
    },
    "inverse_median_rank": {
      "tail": {
        "realistic": 0.023529411764705882,
        "pessimistic": 0.023529411764705882,
        "optimistic": 0.023529411764705882
      },
      "both": {
        "realistic": 0.024390243902439025,
        "pessimistic": 0.024390243902439025,
        "optimistic": 0.024390243902439025
      },
      "head": {
        "realistic": 0.025,
        "pessimistic": 0.025,
        "optimistic": 0.025
      }
    },
    "rank_std": {
      "tail": {
        "realistic": 27.16248584680357,
        "pessimistic": 27.16248584680357,
        "optimistic": 27.16248584680357
      },
      "both": {
        "realistic": 26.888083986677078,
        "pessimistic": 26.888083986677078,
        "optimistic": 26.888083986677078
      },
      "head": {
        "realistic": 26.607881274304805,
        "pessimistic": 26.607881274304805,
        "optimistic": 26.607881274304805
      }
    },
    "rank_var": {
      "tail": {
        "realistic": 737.8006373778042,
        "pessimistic": 737.8006373778042,
        "optimistic": 737.8006373778042
      },
      "both": {
        "realistic": 722.9690604746003,
        "pessimistic": 722.9690604746003,
        "optimistic": 722.9690604746003
      },
      "head": {
        "realistic": 707.9793459075004,
        "pessimistic": 707.9793459075004,
        "optimistic": 707.9793459075004
      }
    },
    "hits_at_k": {
      "tail": {
        "realistic": {
          "1": 0.012104283054003724,
          "3": 0.043761638733705775,
          "5": 0.07169459962756052,
          "10": 0.13687150837988826
        },
        "pessimistic": {
          "1": 0.012104283054003724,
          "3": 0.043761638733705775,
          "5": 0.07169459962756052,
          "10": 0.13687150837988826
        },
        "optimistic": {
          "1": 0.012104283054003724,
          "3": 0.043761638733705775,
          "5": 0.07169459962756052,
          "10": 0.13687150837988826
        }
      },
      "both": {
        "realistic": {
          "1": 0.012104283054003724,
          "3": 0.04189944134078212,
          "5": 0.0712290502793296,
          "10": 0.13640595903165736
        },
        "pessimistic": {
          "1": 0.012104283054003724,
          "3": 0.04189944134078212,
          "5": 0.0712290502793296,
          "10": 0.13640595903165736
        },
        "optimistic": {
          "1": 0.012104283054003724,
          "3": 0.04189944134078212,
          "5": 0.0712290502793296,
          "10": 0.13640595903165736
        }
      },
      "head": {
        "realistic": {
          "1": 0.012104283054003724,
          "3": 0.04003724394785847,
          "5": 0.07076350093109869,
          "10": 0.13594040968342644
        },
        "pessimistic": {
          "1": 0.012104283054003724,
          "3": 0.04003724394785847,
          "5": 0.07076350093109869,
          "10": 0.13594040968342644
        },
        "optimistic": {
          "1": 0.012104283054003724,
          "3": 0.04003724394785847,
          "5": 0.07076350093109869,
          "10": 0.13594040968342644
        }
      }
    },
    "adjusted_arithmetic_mean_rank": {
      "tail": {
        "realistic": 0.9026729711473511
      },
      "both": {
        "realistic": 0.90672728425715
      },
      "head": {
        "realistic": 0.9108719456254748
      }
    },
    "adjusted_arithmetic_mean_rank_index": {
      "tail": {
        "realistic": 0.09938708342366132
      },
      "both": {
        "realistic": 0.09526917615405694
      },
      "head": {
        "realistic": 0.09105751690636243
      }
    }
  },