{
  "times": {
    "training": 153.44613814353943,
    "evaluation": 0.12366318702697754
  },
  "metrics": {
    "mean_rank": {
      "avg": 5.370577281191807,
      "best": 5.370577281191807,
      "worst": 5.370577281191807
    },
    "mean_reciprocal_rank": {
      "avg": 0.4433978402380004,
      "best": 0.4433978402380004,
      "worst": 0.4433978402380004
    },
    "hits_at_k": {
      "avg": {
        "1": 0.2635009310986965,
        "3": 0.5148975791433892,
        "5": 0.6783054003724395,
        "10": 0.8528864059590316
      },
      "best": {
        "1": 0.2635009310986965,
        "3": 0.5148975791433892,
        "5": 0.6783054003724395,
        "10": 0.8528864059590316
      },
      "worst": {
        "1": 0.2635009310986965,
        "3": 0.5148975791433892,
        "5": 0.6783054003724395,
        "10": 0.8528864059590316
      }
    },
    "adjusted_mean_rank": 0.11163016524967119
  },
  "losses": [
    0.015587749650304237,
    0.01552721665481503,
    0.014983938692995672,
    0.007069027128067802,
    0.0054892664182275425,
    0.005426300564006473,
    0.005359154815475146,
    0.005250294919540819,
    0.004965372523118494,
    0.004195438582826866,
    0.0034342116958807024,
    0.0030071531886353476,
    0.0028516253951783484,
    0.00278695375913203,
    0.002742391874950923,
    0.002713900265259466,
    0.002689643878113018,
    0.00266887547887778,
    0.0026407743200715563,
    0.002619251036800249,
    0.0026114452490757466,
    0.002586558841392119,
    0.002577063829850838,
    0.002564614098030753,
    0.002550025104304378,
    0.002547591066594874,
    0.0025343144807811087,
    0.002531590400619453,
    0.0025174477510851866,
    0.002513937774194537,
    0.002499755831219061,
    0.0024963746558916704,
    0.002494063301618849,
    0.0024882255694113867,
    0.0024782573413592154,
    0.0024819331529658387,
    0.002477801771143849,
    0.002472438375127226,
    0.0024676093803753566,
    0.0024650857578056135,
    0.002458458494269446,
    0.002454514433856537,
    0.002457514080857293,
    0.00244416825277975,
    0.0024431805450762256,
    0.002436430374865005,
    0.002436484136943067,
    0.002435423650042841,
    0.0024276907287175287,
    0.0024216401910458164,
    0.002416056880818101,
    0.0024141010057446215,
    0.002411449073433653,
    0.002401042181984539,
    0.0024027156012223455,
    0.0023952487346887144,
    0.0023915850023707645,
    0.0023860028187991976,
    0.0023807413938842464,
    0.0023848201716772177,
    0.002375859439317207,
    0.002368630590231231,
    0.002365130006792617,
    0.0023543641026993367,
    0.0023618879229221003,
    0.0023480589512024034,
    0.002347929577590821,
    0.002346592487885934,
    0.002336073607513297,
    0.00233503987084837,
    0.0023364347548743758,
    0.0023331170664465384,
    0.002324183565679561,
    0.0023243818466973662,
    0.0023165250734220283,
    0.002317509704621767,
    0.0023133852501654446,
    0.0023205546829640194,
    0.002304897312256281,
    0.0023016353357541426,
    0.0022975761192233373,
    0.002289580275419723,
    0.0022969465451628973,
    0.002292587592751346,
    0.00229210007852048,
    0.002294195488039474,
    0.002286637519322308,
    0.002281232178908832,
    0.002278695744549514,
    0.0022759782324792742,
    0.0022680150512396618,
    0.002275405793489142,
    0.002267874934281526,
    0.0022667436877942264,
    0.0022635506012578135,
    0.002265472784777929,
    0.0022568907344553356,
    0.0022568947004245016,
    0.0022550717917051207,
    0.002247787258598242,
    0.0022484931557645066,
    0.002246804385400667,
    0.0022412593710176955,
    0.0022434342533963897,
    0.00224754921324579,
    0.0022427776953979823,
    0.002237219977356521,
    0.0022377950359094008,
    0.002230641927416628,
    0.0022246729415119366,
    0.002227888268170955,
    0.0022268274603655723,
    0.0022194940415437747,
    0.0022215345762809564,
    0.002215533360336604,
    0.0022214523129416314,
    0.0022200208561920496,
    0.0022115438883559086,
    0.0022137056345517716,
    0.002205887774514795,
    0.002211087467044257,
    0.0022067804070894192,
    0.002200920106877995,
    0.0022039610215842946,
    0.00219360033698966,
    0.0021929516376794946,
    0.0021922132349137063,
    0.0021951556491773675,
    0.0021824098439810428,
    0.002190200032924445,
    0.0021926882129148597,
    0.0021895864831932474,
    0.0021961119081755254,
    0.0021859869144661595,
    0.002184135431235426,
    0.0021779882749507714,
    0.002172702386249764,
    0.0021792277031009565,
    0.0021769420630978736,
    0.002175847026571799,
    0.0021745692519994264,
    0.0021779835293913603,
    0.002167386965554082,
    0.0021706278460302602,
    0.0021694199258831333,
    0.002166188789412993,
    0.0021697397479850254,
    0.002164242785661185,
    0.002167896395514297,
    0.0021609247484233943,
    0.0021553506677070363,
    0.002160732658782255,
    0.0021553250406397863,
    0.0021542689940902623,
    0.0021520492582397066,
    0.002161886030284876,
    0.002148813009959705,
    0.002149166214918153,
    0.0021470517499114243,
    0.0021453593344835753,
    0.0021508475416775947,
    0.0021448830310046,
    0.0021415247341220298,
    0.0021429802901512677,
    0.0021378218688154487,
    0.00213580760644393,
    0.002139523977671893,
    0.0021359277540322547,
    0.0021337261842040533,
    0.0021300337448269687,
    0.0021320601527610524,
    0.002130031842068675,
    0.002135792426234774,
    0.0021222912486684458,
    0.0021310608401503904,
    0.002127131748916616,
    0.002124354607784904,
    0.0021235729857218845,
    0.0021181031241873454,
    0.0021221661305382902,
    0.0021200462014236477,
    0.0021192376721608504,
    0.0021311094311208985,
    0.0021132854361101037,
    0.0021201465749757344,
    0.0021173301997005046,
    0.0021202805319501,
    0.00211667317952891,
    0.002111729368748848,
    0.0021162172221344954,
    0.0021126319214785365,
    0.002112538581679153,
    0.0021123189534922216,
    0.002109027938561493,
    0.002104969766716497,
    0.002104755213714383,
    0.002109370490863975,
    0.0021108157814162948,
    0.002105799911732084,
    0.0020989643772610566,
    0.0021045163678430887,
    0.0021007904182938153,
    0.0020997615667122803,
    0.0020981895744326185,
    0.0020989078979534604,
    0.0020947799449333093,
    0.002089875595023235,
    0.002090271276313714,
    0.002096526181736912,
    0.0020923338104946337,
    0.0020907000056031937,
    0.002091264735893364,
    0.002091802724668484,
    0.0020902529916959757,
    0.0020888494781117315,
    0.0020926984163063965,
    0.0020819124085514735,
    0.002081788397892919,
    0.002084682039804896,
    0.0020933977227085986,
    0.0020850084579030004,
    0.0020830392914262604,
    0.0020898153642645934,
    0.002082837370576595,
    0.0020819860301242114,
    0.0020766034722328186,
    0.002078656232758854,
    0.0020798733196315472,
    0.002078125263784039,
    0.002082595605165994,
    0.002076062551710043,
    0.0020818865652220526,
    0.0020827816237699004,
    0.0020791339332216913,
    0.0020806796566237894,
    0.002075745574153318,
    0.002074840890194816,
    0.002072922320345814,
    0.0020729109491413452,
    0.0020681935212529556,
    0.002065964470432604,
    0.002078006790483489,
    0.002066289842100849,
    0.002062764395488782,
    0.0020686524539962688,
    0.002070189340298207,
    0.002069993926498216,
    0.0020598438359127284,
    0.00206177681684494,
    0.002062541584411029
  ]
}