{
  "times": {
    "training": 30.678200244903564,
    "evaluation": 0.09812712669372559
  },
  "metrics": {
    "mean_rank": {
      "worst": 49.96415270018622,
      "avg": 49.96415270018622,
      "best": 49.96415270018622
    },
    "mean_reciprocal_rank": {
      "worst": 0.039190604631295686,
      "avg": 0.039190604631295686,
      "best": 0.039190604631295686
    },
    "hits_at_k": {
      "worst": {
        "1": 0.0,
        "3": 0.015363128491620111,
        "5": 0.0335195530726257,
        "10": 0.07728119180633147
      },
      "avg": {
        "1": 0.0,
        "3": 0.015363128491620111,
        "5": 0.0335195530726257,
        "10": 0.07728119180633147
      },
      "best": {
        "1": 0.0,
        "3": 0.015363128491620111,
        "5": 0.0335195530726257,
        "10": 0.07728119180633147
      }
    },
    "adjusted_mean_rank": 1.039376108437166
  },
  "losses": [
    0.027621425451075987,
    0.0008153380636014184,
    0.0002765483353705554,
    0.00027754890892919755,
    0.00027723882472916936,
    0.0002775975356527259,
    0.00027753870100592185,
    0.0002791894039955367,
    0.00027858771205869283,
    0.00027908696636055294,
    0.0002790420570790991,
    0.00027910439552188143,
    0.0002809230470157853,
    0.0002814696330842231,
    0.00028136748757757497,
    0.00028382936032133156,
    0.00028321082696793005,
    0.0002837909362889296,
    0.0002844181183851167,
    0.00028656414807652045,
    0.0002838698850616757,
    0.0002861786354681972,
    0.00028760314566756454,
    0.00028867894794080366,
    0.0002883376984434963,
    0.00028993424519980224,
    0.0002925805634145768,
    0.0002928180715997009,
    0.000293875928472881,
    0.0002931571855080708,
    0.0002976948018656688,
    0.00030064287295474316,
    0.0002992117388543676,
    0.000301582096074795,
    0.0002991738415249948,
    0.0003010621006611023,
    0.0003049727694972066,
    0.0003121370564769493,
    0.00030872941868247166,
    0.00031231851177464487,
    0.0003138783733161648,
    0.00031270412640987933,
    0.00031773444293031977,
    0.00031688205517605225,
    0.00031853475597467314,
    0.0003185386460776744,
    0.00033148579048306753,
    0.00031654490593974286,
    0.00032580438530428356,
    0.0003296383176947689,
    0.00032645568848074823,
    0.0003272130560436834,
    0.0003290653293289607,
    0.00033065862343245454,
    0.00033314299877830656,
    0.00033201076167074036,
    0.000343887410074305,
    0.0003434364668229658,
    0.0003421555241841948,
    0.0003539996495477381,
    0.000349295935122652,
    0.0003525324912274375,
    0.0003523404443155179,
    0.0003569372022726786,
    0.0003644042807083563,
    0.00035383955013941736,
    0.0003374105655982365,
    0.00035221780535210385,
    0.0003489017572030704,
    0.00035413868345096985,
    0.0003651560786483663,
    0.0003482654109973921,
    0.00035305203667629077,
    0.00035544117905673907,
    0.0003562275004618512,
    0.0003583027723102311,
    0.00037735471700768125,
    0.00037141651968551935,
    0.00036646524698853716,
    0.0003743027092728499,
    0.0003789041595959038,
    0.00037726478769761345,
    0.0003695413801637705,
    0.0003601912843335545,
    0.00036072329189000503,
    0.0003628764468967245,
    0.00037136622390636565,
    0.00035472898761487184,
    0.00035199244360156946,
    0.0003622114912986979,
    0.00037485132105508995,
    0.00037172151910845705,
    0.00035860212101192956,
    0.00036067386726370914,
    0.00036658793478534465,
    0.0003630038427558731,
    0.0003704234307164445,
    0.00037017218290727016,
    0.0003704170858633987,
    0.00036653990365481106,
    0.0003840869139140465,
    0.0003720648152481639,
    0.0003844539387228337,
    0.00037053336078921956,
    0.0003601576006284144,
    0.0003566333312499389,
    0.0003681800499111972,
    0.0003599564864017655,
    0.0003652232297964757,
    0.0003580757641767183,
    0.0003655884067845367,
    0.00036547739104078283,
    0.0003715227933579616,
    0.0003756498394722349,
    0.0003650636710435822,
    0.00036382715458448014,
    0.0003740897756209423,
    0.0003694430436618096,
    0.00037376622386862723,
    0.0003523253879338949,
    0.00035452623485346857,
    0.0003577336679432499,
    0.00035800939785100323,
    0.00036899258874440463,
    0.00038750066983510046,
    0.00038931929952838224,
    0.00037417098991433334,
    0.00037507261306549724,
    0.00036470611816906976,
    0.00037195992635123513,
    0.0003715025641247351,
    0.0003560348387723893,
    0.0003547245577284683,
    0.00037290129988464747,
    0.00037564130932483334,
    0.0003748693344730898,
    0.0003804690544650461,
    0.00037546951693486185,
    0.00036964435235000727,
    0.00037120663724867593,
    0.000383815641797493,
    0.00039670747017648335,
    0.0003639934610659152,
    0.0003614203127149897,
    0.00037218440125246394,
    0.00036439237669668394,
    0.0003693294667809755,
    0.0003630183253451233,
    0.0003747004921432961,
    0.00038930821958022395
  ]
}