{
  "times": {
    "training": 2907.9230074882507,
    "evaluation": 6.414285898208618
  },
  "metrics": {
    "mean_rank": {
      "best": 1949.8615813680399,
      "worst": 1949.8638320775026,
      "avg": 1949.8627067227712
    },
    "mean_reciprocal_rank": {
      "best": 0.19112216024407203,
      "worst": 0.19112188692386817,
      "avg": 0.19112201642849588
    },
    "hits_at_k": {
      "best": {
        "1": 0.1350425677659262,
        "3": 0.20865544573833056,
        "5": 0.24963303650063606,
        "10": 0.30416381250611607
      },
      "worst": {
        "1": 0.1350425677659262,
        "3": 0.20865544573833056,
        "5": 0.24963303650063606,
        "10": 0.30416381250611607
      },
      "avg": {
        "1": 0.1350425677659262,
        "3": 0.20865544573833056,
        "5": 0.24963303650063606,
        "10": 0.30416381250611607
      }
    },
    "adjusted_mean_rank": 0.28258432436307934
  },
  "losses": [
    9.696916887939887e-05,
    6.241713912644862e-06,
    6.208825920312816e-06,
    6.185858938532611e-06,
    6.162004303014775e-06,
    6.141913330889772e-06,
    6.123620909531778e-06,
    6.105586019607272e-06,
    6.091289933319975e-06,
    6.0804342612885815e-06,
    6.0703330228073425e-06,
    6.061163747751033e-06,
    6.0526299138071045e-06,
    6.045571099718603e-06,
    6.0382414652801545e-06,
    6.032214344764649e-06,
    6.027586596338254e-06,
    6.023855216091633e-06,
    6.020800985839726e-06,
    6.018048390364778e-06,
    6.0151022256787725e-06,
    6.013007370787553e-06,
    6.012581725241089e-06,
    6.009134582680296e-06,
    6.007539503134434e-06,
    6.006051589595132e-06,
    6.004528926758026e-06,
    6.002968887635548e-06,
    6.002614529205654e-06,
    6.00150998254723e-06,
    5.9994481601233076e-06,
    5.9984559231056205e-06,
    5.9972675746710615e-06,
    5.996148272247164e-06,
    5.995215594411284e-06,
    5.9942806231042935e-06,
    5.992640230204786e-06,
    5.992374816561807e-06,
    5.990532345106134e-06,
    5.9894382521625906e-06,
    5.9887313568637125e-06,
    5.986984546031939e-06,
    5.986472194310888e-06,
    5.984395293202755e-06,
    5.982778631090078e-06,
    5.981617109223143e-06,
    5.980556522527284e-06,
    5.9800566954401216e-06,
    5.978996804453358e-06,
    5.977056085906908e-06,
    5.974484795588343e-06,
    5.972832267676976e-06,
    5.971316711545675e-06,
    5.970062962092459e-06,
    5.970961980948819e-06,
    5.967860206211682e-06,
    5.9664858821435575e-06,
    5.964937135825961e-06,
    5.964805985310704e-06,
    5.963594344336172e-06,
    5.962527730655075e-06,
    5.960998673652929e-06,
    5.960219586067584e-06,
    5.959269345940832e-06,
    5.958635841094084e-06,
    5.958220687289611e-06,
    5.958137771981516e-06,
    5.9557638610657525e-06,
    5.954708742169597e-06,
    5.954753726993947e-06,
    5.953373647117515e-06,
    5.953639694753459e-06,
    5.952560106347106e-06,
    5.9519027722170785e-06,
    5.950832017321362e-06,
    5.950870908457182e-06,
    5.951097104305232e-06,
    5.9494334032808705e-06,
    5.948782111097568e-06,
    5.948336969488178e-06,
    5.947843659374918e-06,
    5.948261710720495e-06,
    5.947000277920871e-06,
    5.947203159410115e-06,
    5.947237070864709e-06,
    5.945548103007631e-06,
    5.945126032632902e-06,
    5.9452498239672806e-06,
    5.946889760541467e-06,
    5.944534264097877e-06,
    5.943758610173546e-06,
    5.9438486296938655e-06,
    5.943012135510497e-06,
    5.942851478451453e-06,
    5.9424047122740535e-06,
    5.941929370905365e-06,
    5.942084665518502e-06,
    5.941513583731322e-06,
    5.941278293793422e-06,
    5.941044364727345e-06,
    5.940587102444187e-06,
    5.940366734718292e-06,
    5.939915900263516e-06,
    5.940382395653663e-06,
    5.940705007680652e-06,
    5.939485230774764e-06,
    5.938747261716452e-06,
    5.9385242576520606e-06,
    5.938205346722648e-06,
    5.937904158296685e-06,
    5.938278699147669e-06,
    5.93780361212424e-06,
    5.9375812626248584e-06,
    5.938212260175926e-06,
    5.9369677980650855e-06,
    5.9370513666913985e-06,
    5.936646061908418e-06,
    5.936547940743481e-06,
    5.9365114029247155e-06,
    5.93635716371973e-06,
    5.9357273686980915e-06,
    5.935727579405685e-06,
    5.935885737896582e-06,
    5.935176589647285e-06,
    5.9350790002384925e-06,
    5.935531544043033e-06,
    5.935485559292709e-06,
    5.934657528323201e-06,
    5.934450906462481e-06,
    5.934416442679699e-06,
    5.934126015302473e-06,
    5.9339536564912654e-06,
    5.933993768858373e-06,
    5.933501651923613e-06,
    5.933229972535017e-06,
    5.933989828377022e-06,
    5.933471193455287e-06,
    5.9332887618236944e-06,
    5.932652434866668e-06,
    5.932469699641591e-06,
    5.933044273688939e-06,
    5.932584148151417e-06,
    5.93208618376925e-06,
    5.931878223478936e-06,
    5.931725275948901e-06,
    5.931790117158627e-06,
    5.931672569751034e-06,
    5.931392475150011e-06,
    5.931269124556072e-06,
    5.93119792409144e-06,
    5.931502217025728e-06,
    5.930886525698137e-06,
    5.930788798518996e-06,
    5.930818891054313e-06,
    5.930765204879119e-06,
    5.930664069598168e-06,
    5.930630473581568e-06,
    5.9303578503725685e-06,
    5.930196264454609e-06,
    5.929968237071326e-06,
    5.93002948690104e-06,
    5.9297750312996965e-06,
    5.9296776837682595e-06,
    5.930104109805572e-06,
    5.929636206165565e-06,
    5.929999846950671e-06,
    5.929492990458715e-06,
    5.929056076419783e-06,
    5.9291464712240405e-06,
    5.9298719917026845e-06,
    5.929668379594213e-06,
    5.929312733853136e-06,
    5.929119046196981e-06,
    5.928642508532816e-06,
    5.92864639602557e-06,
    5.928814664740567e-06,
    5.928604840498469e-06,
    5.928612185964653e-06,
    5.928351531944378e-06,
    5.928362989949e-06,
    5.92878249255871e-06,
    5.928239649329384e-06,
    5.9281993680221665e-06,
    5.928035112725763e-06,
    5.928046224122628e-06,
    5.928165998921436e-06,
    5.927862086258248e-06,
    5.927715473670702e-06,
    5.927930223982035e-06,
    5.927970917976907e-06,
    5.928029971585169e-06,
    5.927794347507418e-06,
    5.927317381570718e-06,
    5.9271809222215455e-06,
    5.9272608078287445e-06,
    5.927377818493032e-06,
    5.927369576584483e-06,
    5.927289927244082e-06,
    5.927300394050263e-06,
    5.927495838434221e-06,
    5.926935632400504e-06,
    5.926792218453966e-06,
    5.926685209543007e-06,
    5.92690340723005e-06,
    5.927135099553985e-06,
    5.926707973443811e-06,
    5.926878077434413e-06,
    5.9266281102788405e-06,
    5.9264599381901065e-06,
    5.9266749141705185e-06,
    5.926344202992493e-06,
    5.926537057792599e-06,
    5.926070422138522e-06,
    5.926075702919651e-06,
    5.9263990773590256e-06,
    5.9263830947517074e-06,
    5.926293469217184e-06,
    5.9260247397348914e-06,
    5.925907431087677e-06,
    5.926142999059856e-06,
    5.926022829028462e-06,
    5.925909475200689e-06,
    5.925895351557995e-06,
    5.9257795340722085e-06,
    5.925620138141748e-06,
    5.925854152612974e-06,
    5.9257246459909805e-06,
    5.9257161160738285e-06,
    5.925411148002489e-06,
    5.9254836825329465e-06,
    5.925445234007752e-06,
    5.92562783270927e-06,
    5.9260004522561055e-06,
    5.925383576477547e-06,
    5.92506972502395e-06,
    5.925458381413491e-06,
    5.925131441153308e-06,
    5.925682361714836e-06,
    5.925467856397835e-06,
    5.925463199011952e-06,
    5.92501012033429e-06,
    5.924899761297279e-06,
    5.925647592468384e-06,
    5.925102645280103e-06,
    5.92527805810462e-06,
    5.924905570717577e-06,
    5.92472630780402e-06,
    5.924651961063582e-06,
    5.925029514160395e-06,
    5.924964735290193e-06
  ]
}