{
  "times": {
    "training": 905.5660045146942,
    "evaluation": 0.1334681510925293
  },
  "metrics": {
    "mean_rank": {
      "best": 34.864990689013034,
      "worst": 34.864990689013034,
      "avg": 34.864990689013034
    },
    "mean_reciprocal_rank": {
      "best": 0.10203769398907928,
      "worst": 0.10203769398907928,
      "avg": 0.10203769398907928
    },
    "hits_at_k": {
      "best": {
        "1": 0.0335195530726257,
        "3": 0.08286778398510242,
        "5": 0.13314711359404097,
        "10": 0.21787709497206703
      },
      "worst": {
        "1": 0.0335195530726257,
        "3": 0.08286778398510242,
        "5": 0.13314711359404097,
        "10": 0.21787709497206703
      },
      "avg": {
        "1": 0.0335195530726257,
        "3": 0.08286778398510242,
        "5": 0.13314711359404097,
        "10": 0.21787709497206703
      }
    },
    "adjusted_mean_rank": 0.7247781382329083
  },
  "losses": [
    3.2593301387315385,
    2.964205625798372,
    2.6384845922948714,
    2.3072026820664995,
    1.9866148345032881,
    1.686882667327195,
    1.4139674174205195,
    1.1708677815140855,
    0.9583627307013179,
    0.7757274671440267,
    0.621216482883982,
    0.4924302369021298,
    0.3866523030991858,
    0.3010216962532158,
    0.23276275340537453,
    0.17951721611540863,
    0.1398509679997012,
    0.11274723424000686,
    0.09565126215027513,
    0.0849910903624381,
    0.07891997103387496,
    0.07603828938266312,
    0.07453871057944352,
    0.07382911516262797,
    0.0734614614913526,
    0.07314393041508921,
    0.0728975118099527,
    0.07277290126804109,
    0.0727485680066691,
    0.07273651464155104,
    0.07272665587703833,
    0.07271752403246776,
    0.07270502553004005,
    0.07269525287972854,
    0.07268688250123785,
    0.07267734257692701,
    0.07266719896025425,
    0.07265861923998215,
    0.07264981739753194,
    0.07264139193497347,
    0.07263375361090742,
    0.07262443156724566,
    0.07261730976095807,
    0.07260838022616026,
    0.07259965707523545,
    0.07259299960475736,
    0.0725837724932124,
    0.07257691382915339,
    0.0725685308935044,
    0.07256215280584628,
    0.07255634821756056,
    0.07254746026090915,
    0.07254112017958352,
    0.07253377329320944,
    0.07252566650342405,
    0.07252007387997059,
    0.0725119939345992,
    0.07250513287072771,
    0.0724978545185332,
    0.0724901838807131,
    0.07248546450995327,
    0.07247794511612882,
    0.07246970985266153,
    0.07246437506952536,
    0.07245834205257759,
    0.07245023771841427,
    0.07244378149732668,
    0.07243696675541696,
    0.0724306284041887,
    0.07242348918530825,
    0.07241601114639182,
    0.0724097401015321,
    0.07240487981155123,
    0.07239651194449222,
    0.07238924380545313,
    0.0723830901281664,
    0.07237649404824004,
    0.07236793028951137,
    0.07236333169070969,
    0.07235499239816201,
    0.07234961380449574,
    0.07234220061632578,
    0.07233655726195275,
    0.07232999729083273,
    0.07232149737827787,
    0.07231524826658799,
    0.07230819337600179,
    0.0723044771826669,
    0.07229675380478191,
    0.07229174824243181,
    0.07228289940830473,
    0.0722763856475273,
    0.07226873565925641,
    0.07226366228825144,
    0.0722564881883757,
    0.07225214480684045,
    0.07224487962570976,
    0.07223849941728713,
    0.07223137442985278,
    0.0722258012281375,
    0.07221881208125125,
    0.07221430389398939,
    0.0722059164377634,
    0.07220160520255342,
    0.0721942512283611,
    0.07218887765755815,
    0.0721816582402933,
    0.07217547810925973,
    0.07216893097434597,
    0.07216392797923712,
    0.07215769058756168,
    0.07214945995629057,
    0.0721445960386862,
    0.07214095055610499,
    0.07213361019945323,
    0.07212703292735953,
    0.07212196692322077,
    0.07211711963687496,
    0.0721101374103782,
    0.07210452000746566,
    0.07210014520512985,
    0.07209232243036064,
    0.07208660825361474,
    0.0720831620670883,
    0.0720755493596252,
    0.07206668936357963,
    0.07206227460157559,
    0.07205820172913512,
    0.07205103750755724,
    0.07204382383868042,
    0.0720395128825184,
    0.07203447416927038,
    0.07203196374218115,
    0.07202450272519044,
    0.07201689738459355,
    0.07201180208041873,
    0.07200563802254781,
    0.07199829660551378,
    0.07199174640107243,
    0.07198800263779886,
    0.0719824389795239,
    0.07197747778579984,
    0.07197016338060858,
    0.07196707141756566,
    0.07195934781644228,
    0.0719542745012469,
    0.07194593359022104,
    0.07194193890701965,
    0.07193684399351198,
    0.0719315961617209,
    0.0719268409612027,
    0.07191967964172363,
    0.07191435429040859,
    0.07190704674979721,
    0.07189921085977376,
    0.07189762491858408,
    0.07189269302489605,
    0.07188822440663527,
    0.07188320416636235,
    0.07187311049927486,
    0.07187140004688435,
    0.07186604014943156,
    0.07186161712760783,
    0.07185574428419049,
    0.07184981669156293,
    0.07184303683064851,
    0.07183930004357399,
    0.0718342980530378,
    0.07182828099763348,
    0.07182592862331019,
    0.07181832211071186,
    0.07181796783141875,
    0.07180806525637594,
    0.07180439298519034,
    0.07180181006144049,
    0.0717941779880488,
    0.07179096497399977,
    0.07178561395027218,
    0.07177752189421921,
    0.07177669619129838,
    0.07177060792285404,
    0.0717683926168899,
    0.07176222141539113,
    0.07175776211733229,
    0.07175146104691181,
    0.07175002746590961,
    0.07174719803118973,
    0.07174068778641661,
    0.07173779885867115,
    0.0717308959934149,
    0.07172463103180074,
    0.0717194899079505,
    0.0717163955450951,
    0.07171547256605455,
    0.07170856763584336,
    0.07170692493629813,
    0.0717030508018165,
    0.07169728327110018,
    0.07169204749418108,
    0.0716913633243868,
    0.07168260172065277,
    0.0716826720407393,
    0.07167329686634549,
    0.07167140843716453,
    0.07166475180383032,
    0.0716611993000302,
    0.0716598949740442,
    0.07165502720557795,
    0.07164854056826245,
    0.07164710017848996,
    0.07164281288559517,
    0.07163735571202268,
    0.07163248079992858,
    0.07163447710905183,
    0.07162450516268555,
    0.07162497747926676,
    0.07162026569861152,
    0.07161144320661209,
    0.07160980430211913,
    0.0716026233934731,
    0.07160063813464919,
    0.07159267935190308,
    0.0715961732556311,
    0.07159271283765857,
    0.07158613467261139,
    0.07157845047306033,
    0.07157650467161829,
    0.07157632909464033,
    0.07157147215323502,
    0.07156559188714189,
    0.07156356426883725,
    0.07156088725011447,
    0.07155669583809957,
    0.07155203590455574,
    0.07154909295312474,
    0.07153944280486875,
    0.07153840943445428,
    0.07153044540560648,
    0.07153345365426067,
    0.07152709850434506,
    0.07152327270097054,
    0.0715224760190378,
    0.07152039130752007,
    0.0715135961547773,
    0.07150865081097749,
    0.07150478716869926,
    0.07150304953703719,
    0.07149944468383931,
    0.07149837269318685,
    0.07149112230159817,
    0.07148610965142982,
    0.0714851375599479,
    0.07147828654180305,
    0.071478722191482,
    0.07147327930516519,
    0.07147611309303327,
    0.07146909085105868,
    0.0714659152852462,
    0.07146108753225777,
    0.07146036262146097,
    0.07145507762048128,
    0.07145630732904212,
    0.07144551520490468,
    0.0714444210020344,
    0.0714427058616381,
    0.07143738424956575,
    0.07143457016248382,
    0.07142887942576676,
    0.07142770842889722,
    0.07142272708791025,
    0.07142179350504714,
    0.07141694778136992,
    0.07141672147347239,
    0.07141321953316307,
    0.07140948760152309,
    0.0714055018478565,
    0.07140199678220999,
    0.07140303389186717,
    0.07139493770590435,
    0.07139145490828525,
    0.07138618904999579,
    0.07138330095939421,
    0.07138013850883598,
    0.07138313414452228,
    0.0713732691851448,
