{
  "times": {
    "training": 71.69647598266602,
    "evaluation": 0.11220312118530273
  },
  "metrics": {
    "mean_rank": {
      "best": 3.727653631284916,
      "avg": 3.727653631284916,
      "worst": 3.727653631284916
    },
    "mean_reciprocal_rank": {
      "best": 0.5757847232762764,
      "avg": 0.5757847232762764,
      "worst": 0.5757847232762764
    },
    "hits_at_k": {
      "best": {
        "1": 0.3845437616387337,
        "3": 0.7113594040968343,
        "5": 0.8356610800744879,
        "10": 0.9390130353817505
      },
      "avg": {
        "1": 0.3845437616387337,
        "3": 0.7113594040968343,
        "5": 0.8356610800744879,
        "10": 0.9390130353817505
      },
      "worst": {
        "1": 0.3845437616387337,
        "3": 0.7113594040968343,
        "5": 0.8356610800744879,
        "10": 0.9390130353817505
      }
    },
    "adjusted_mean_rank": 0.07737510393458649
  },
  "losses": [
    0.009671711228747446,
    0.00939825372321276,
    0.009124193812893892,
    0.008891294117516048,
    0.008635728818393295,
    0.008391598854077125,
    0.008195391557194561,
    0.007975211390212336,
    0.007775458045296683,
    0.007579702266448224,
    0.007390557939120658,
    0.007220742383425093,
    0.0070370094192100385,
    0.006884001573789847,
    0.0067066335708559684,
    0.006564105025345965,
    0.006430144014544321,
    0.006274803801871305,
    0.006159237229911636,
    0.005991849073850473,
    0.00588481108702931,
    0.005764027595215429,
    0.005650262640749293,
    0.005543688812487349,
    0.005434315907464017,
    0.005340349289678758,
    0.005226717593760507,
    0.005138986866834331,
    0.0050477379238746374,
    0.004954592902147895,
    0.0048654785707559645,
    0.004803717460010959,
    0.00471458013200105,
    0.004620517568061314,
    0.004541893387632757,
    0.004461690550298212,
    0.00438781734169272,
    0.004319202781903861,
    0.004237403526202592,
    0.004182024795534664,
    0.004102255448256389,
    0.004027014454878469,
    0.003951830648454528,
    0.0038715117809986466,
    0.0037871176006313485,
    0.003717373922129326,
    0.0036316035426641495,
    0.0035359404483796385,
    0.003426049624491484,
    0.003327397579051785,
    0.003225930732342048,
    0.0031130498341195158,
    0.003008743990194832,
    0.0028861447364444057,
    0.0027643628335158993,
    0.002647266263057157,
    0.0025325391247644855,
    0.0023982007638291025,
    0.0022863124704558947,
    0.0021598890580829437,
    0.002061276219211726,
    0.0019442645534849213,
    0.001837040214103009,
    0.0017356260045196864,
    0.0016473311084941034,
    0.001570635236364247,
    0.0015027014564226626,
    0.0014279759547003005,
    0.0013681126836388685,
    0.001310313844482802,
    0.0012651348753654702,
    0.0012158181521885695,
    0.001181188643606887,
    0.0011505127067346613,
    0.0011274195048649903,
    0.0011003737497619073,
    0.0010740308621104097,
    0.0010654814933976668,
    0.0010424486957240585,
    0.0010254925830186802,
    0.0010134078079197437,
    0.0010052605135606068,
    0.0009937129988528714,
    0.0009892825233559378,
    0.0009753377206863895,
    0.00096534751772081,
    0.00096417570392075,
    0.0009542126714212375,
    0.000943165318876819,
    0.0009429202326110893,
    0.0009393369435731004,
    0.0009219320446338489,
    0.0009278248518429333,
    0.00092252293683134,
    0.0009172757863236936,
    0.0009153595284051082,
    0.0009094475843167008,
    0.0009069730920633239,
    0.000901040245419834,
    0.0009063914660941446,
    0.0008955305993690234,
    0.0008885233889978483,
    0.0008873523795083093,
    0.0008928090790825048,
    0.0008935978411866697,
    0.0008836101891704353,
    0.0008808022126417425,
    0.0008780525272092816,
    0.0008735227074648998,
    0.000871062945040298,
    0.0008665854483128965,
    0.0008676414223609737,
    0.0008612785646611606,
    0.00085809221476345,
    0.0008662546292085382,
    0.0008549521008226217,
    0.0008525476740100292,
    0.000847801290088399,
    0.0008496847045341645,
    0.0008504925416476123,
    0.0008442685107992922,
    0.0008528627924019063,
    0.0008433647894014074,
    0.0008364161176066245,
    0.000839389744028806,
    0.0008348852957600947,
    0.0008337426227489168,
    0.0008378475380948998,
    0.0008352469261444174,
    0.0008244876976174617,
    0.0008272440554957845,
    0.0008257575516348942,
    0.0008319130780711337,
    0.0008283551843049845,
    0.0008186574219819723,
    0.0008151369167569726,
    0.0008117874583966509,
    0.0008148987884911361,
    0.0008108684170249932,
    0.0008164899621821562,
    0.0008090884016939186,
    0.0008050368849517667,
    0.0008084074790696297,
    0.0008046055413099646,
    0.0007998694801665616,
    0.0007979118264319226,
    0.0008010541010649202,
    0.00079458195707814,
    0.0007926275872148595,
    0.0007878639748666813,
    0.0007917377199467209,
    0.0007810477811054314,
    0.0007793432043901612,
    0.0007822927966813849,
    0.0007812481400914103,
    0.0007761994781908385,
    0.0007768097928216838,
    0.0007771658120692938,
    0.0007636534524245675,
    0.0007713438508153457,
    0.0007671676707016473,
    0.0007606771084798559,
    0.0007562946584117332,
    0.0007539333502578491,
    0.0007586726381618045,
    0.0007460809761021169,
    0.0007501444861135784,
    0.0007409801434800481,
    0.0007415683181550091,
    0.0007387966450621471,
    0.0007291466940024225,
    0.0007286874898056449,
    0.0007292203717017014,
    0.0007249133888047863,
    0.0007184642604729193,
    0.0007160293079343935,
    0.0007099556926719985,
    0.000703580608500417,
    0.0007041671840728033,
    0.0006927215264879907,
    0.000690461337775782,
    0.0006888402189853586,
    0.0006789851687427376,
    0.0006780808334036858,
    0.0006684442700687897,
    0.0006642196314359998,
    0.0006576675275612548,
    0.000650186987587226,
    0.0006489153440978648,
    0.0006400528511122293,
    0.000632277286231651,
    0.000620176691439387,
    0.0006186560210386658,
    0.0006126239062954693,
    0.0006076705147381676,
    0.0006041765945934709,
    0.0005964367477629596,
    0.0005849085555446678,
    0.0005717288687258854,
    0.0005756809055824243,
    0.0005664549784628357,
    0.0005571411316366631,
    0.0005482025503998023,
    0.0005475576837311839,
    0.0005404721530281062,
    0.0005308506978810766,
    0.0005223603103534744,
    0.0005178344693285937,
    0.0005088485265760443,
    0.0005068656941147058,
    0.0004973619895520511,
    0.0004905164622529479,
    0.0004861421219193109,
    0.00048006923719931245,
    0.0004774151790526605,
    0.00047009650300159045,
    0.00046438098915161627,
    0.0004610506938464038,
    0.0004524694763407164,
    0.0004510893580137598,
    0.0004419317806311516,
    0.00044014144252184974,
    0.00043799775509512946,
    0.00043061715427278064,
    0.00042977883664612116,
    0.00042278865481367204,
    0.0004176793293387926,
    0.00041349573433875126,
    0.0004075001038822721,
    0.0004059170470645884,
    0.000400388939945662,
    0.0003974887865757036,
    0.0003939064874583561,
    0.0003895815027593919,
    0.0003894425950009234,
    0.00038620449081467803,
    0.0003825689477685997,
    0.000377066530994012,
    0.00037334153338843207,
    0.00037214111659291527,
    0.0003675917340177806,
    0.00036692606235837373,
    0.000361550588628348,
    0.0003565665333273311,
    0.0003556951271273084,
    0.00035321090699993584,
    0.00035088340844334373,
    0.0003462927418941509,
    0.00034396123368303754,
    0.00033951518359331994,
    0.0003382876439240747,
    0.00033557730545749376,
    0.00033390741641816144,
    0.0003327872855181284,
    0.00032603159351723526,
    0.0003265811232133096,
    0.00032215877886741394,
    0.0003198209622918284,
    0.0003172320723343261,
    0.0003162907363316838,
    0.00031089411970526597,
    0.0003093954560018812,
    0.00030619716518643335,
