{
  "times": {
    "training": 38.185046672821045,
    "evaluation": 0.10309457778930664
  },
  "metrics": {
    "mean_rank": {
      "avg": 11.597765363128492,
      "worst": 11.597765363128492,
      "best": 11.597765363128492
    },
    "mean_reciprocal_rank": {
      "avg": 0.32318678864619316,
      "worst": 0.32318678864619316,
      "best": 0.32318678864619316
    },
    "hits_at_k": {
      "avg": {
        "1": 0.14338919925512103,
        "3": 0.4073556797020484,
        "5": 0.5377094972067039,
        "10": 0.6876163873370578
      },
      "worst": {
        "1": 0.14338919925512103,
        "3": 0.4073556797020484,
        "5": 0.5377094972067039,
        "10": 0.6876163873370578
      },
      "best": {
        "1": 0.14338919925512103,
        "3": 0.4073556797020484,
        "5": 0.5377094972067039,
        "10": 0.6876163873370578
      }
    },
    "adjusted_mean_rank": 0.2395456813490868
  },
  "losses": [
    0.00048329920092883625,
    0.00040147024684686783,
    0.0003783418849278032,
    0.0003598739431424534,
    0.00034207924119151486,
    0.0003234519891803631,
    0.0003045934761703461,
    0.0002859436561552326,
    0.0002675051173048743,
    0.0002484588451292854,
    0.00022898652601275552,
    0.00020906204629815028,
    0.00018900095167733756,
    0.00016952246385678815,
    0.0001514573217010342,
    0.0001365521622730998,
    0.00012586121482265351,
    0.00011952834950292602,
    0.00011583539955527261,
    0.00011359100545711174,
    0.00011176153605852681,
    0.00011023719165446272,
    0.00010878165175768543,
    0.0001074848622467355,
    0.00010627077470362633,
    0.00010525960647867302,
    0.00010432690523271815,
    0.00010356322813374497,
    0.00010279392473022924,
    0.00010215993037565928,
    0.00010159867423262154,
    0.00010107244078893116,
    0.00010064457567610991,
    0.00010018007985005777,
    9.979134685384311e-05,
    9.952180919478114e-05,
    9.917221267529753e-05,
    9.892337601492356e-05,
    9.869066309462884e-05,
    9.845006924945763e-05,
    9.820225503825852e-05,
    9.805440670751342e-05,
    9.788709957752558e-05,
    9.769947688384784e-05,
    9.758037659740738e-05,
    9.746581912459282e-05,
    9.73112296054928e-05,
    9.715816351386268e-05,
    9.707384437587712e-05,
    9.695116529931848e-05,
    9.691890212271209e-05,
    9.682362860815132e-05,
    9.67182679457611e-05,
    9.666014923138564e-05,
    9.657149351365892e-05,
    9.652705643367901e-05,
    9.652838583561253e-05,
    9.644502810506003e-05,
    9.645224672703819e-05,
    9.638190396785848e-05,
    9.63196422632658e-05,
    9.624541288918435e-05,
    9.621263826998432e-05,
    9.618040256216174e-05,
    9.619561154813914e-05,
    9.615759126325783e-05,
    9.61208755276009e-05,
    9.608884692568793e-05,
    9.605000998950406e-05,
    9.605908907656924e-05,
    9.60504621344057e-05,
    9.601934043837063e-05,
    9.601178913889976e-05,
    9.599740683251106e-05,
    9.599742994117044e-05,
    9.598100273643205e-05,
    9.601142158041175e-05,
    9.594618714299429e-05,
    9.597424192751726e-05,
    9.598357215774863e-05,
    9.591972685596916e-05,
    9.592420077962933e-05,
    9.58977226160941e-05,
    9.589272852959147e-05,
    9.588348898994789e-05,
    9.587317991178581e-05,
    9.588587223395202e-05,
    9.58845859972502e-05,
    9.58023610270202e-05,
    9.586222597122304e-05,
    9.58218298545491e-05,
    9.591190348473493e-05,
    9.579237023794026e-05,
    9.583562049205495e-05,
    9.588363723417793e-05,
    9.578915944232253e-05,
    9.583217948186821e-05,
    9.582294691842371e-05,
    9.58138063536043e-05,
    9.581877122727338e-05,
    9.584572726044428e-05,
    9.582997718302721e-05,
    9.582589567056422e-05,
    9.57709275820896e-05,
    9.581379370924351e-05,
    9.578857126153922e-05,
    9.577589550784576e-05,
    9.575972816652238e-05,
    9.580377501536733e-05,
    9.579206197714426e-05,
    9.577861360940483e-05,
    9.57359288634265e-05,
    9.578946726710608e-05,
    9.578581391886044e-05,
    9.575657623258423e-05,
    9.579541970895471e-05,
    9.577025568691756e-05,
    9.583929084478581e-05,
    9.578105484306365e-05,
    9.580466186467292e-05,
    9.575739680799876e-05,
    9.576987810014339e-05,
    9.578751916351836e-05,
    9.576803463954157e-05,
    9.575588253679012e-05,
    9.576033814792775e-05,
    9.579273256427898e-05,
    9.575689713774102e-05,
    9.573888546379095e-05,
    9.581942568194777e-05,
    9.579298109137052e-05,
    9.575137068004755e-05,
    9.576897599040234e-05,
    9.573865001707265e-05,
    9.575278248833248e-05,
    9.578290353581477e-05,
    9.574976789831334e-05,
    9.573083885418676e-05,
    9.571047576514076e-05,
    9.572019753454441e-05,
    9.567310819088408e-05,
    9.573112008221141e-05,
    9.580046262885078e-05,
    9.576279376999716e-05,
    9.572851098376267e-05,
    9.573290991328294e-05,
    9.575017905804549e-05,
    9.57510754996248e-05,
    9.571981776770804e-05,
    9.574069404339746e-05,
    9.566975307514828e-05,
    9.572325746985745e-05,
    9.571501552667957e-05,
    9.571221589079399e-05,
    9.570404152954451e-05,
    9.573515537735563e-05,
    9.57504284571619e-05,
    9.573179066934613e-05,
    9.572172837422582e-05,
    9.57213407591655e-05,
    9.57092082769739e-05,
    9.567616027797318e-05,
    9.567790825185034e-05,
    9.569177083140901e-05,
    9.574860069300798e-05,
    9.568731827235847e-05,
    9.569599928006474e-05,
    9.570703519096647e-05,
    9.56841070407283e-05,
    9.570102563148805e-05,
    9.572592324992356e-05,
    9.568081819888358e-05,
    9.570837026106173e-05,
    9.57061644741212e-05,
    9.569382357798266e-05,
    9.56947762651669e-05,
    9.570302474853139e-05,
    9.569724104349756e-05,
    9.569720005832807e-05,
    9.570471429674143e-05,
    9.566505024495643e-05,
    9.572828687336784e-05,
    9.568634988872634e-05,
    9.570433147781798e-05,
    9.570122968531056e-05,
    9.569419854868217e-05,
    9.565611896610885e-05,
    9.573481485163898e-05,
    9.566401035528393e-05,
    9.56731927772977e-05,
    9.56692010833976e-05,
    9.568082212299555e-05,
    9.56791303947233e-05,
    9.56784092301454e-05,
    9.572584651173389e-05,
    9.570513068862287e-05,
    9.571423724447186e-05,
    9.56840996285168e-05,
    9.569752575962173e-05,
    9.566250175223703e-05,
    9.568215632106592e-05,
    9.569194218429845e-05,
    9.569972064625123e-05,
    9.568969628421332e-05,
    9.567752761298909e-05,
    9.569465418168333e-05,
    9.568352234804452e-05,
    9.56758533252145e-05,
    9.567005217968302e-05,
    9.573228685150433e-05,
    9.569586673228258e-05,
    9.564398517587993e-05,
    9.568783538311385e-05,
    9.569073617388581e-05,
    9.565906117806274e-05,
    9.568032768488711e-05,
    9.569773417356868e-05,
    9.56368650927135e-05,
    9.56955575994617e-05,
    9.568510245713178e-05,
    9.566039668417045e-05,
    9.56704511310668e-05,
    9.57126161502151e-05,
    9.563069508065668e-05,
    9.567175698832849e-05,
    9.572592194188623e-05,
    9.568589381971275e-05,
    9.565009283815765e-05,
    9.567966145787681e-05,
    9.567427670422676e-05,
    9.571857600427522e-05,
    9.570474176552523e-05,
    9.565975487385685e-05,
    9.565017437248418e-05,
    9.56646857385555e-05,
    9.568529125051886e-05,
    9.56680282099305e-05,
    9.566352463742432e-05,
    9.566665825883993e-05,
    9.566421353708157e-05,
    9.56629774418105e-05,
    9.566481174615103e-05,
    9.563553481875511e-05,
    9.56675372599216e-05,
    9.564352910686633e-05,
    9.562697545851996e-05,
    9.567648074711753e-05,
    9.568375256261353e-05,
    9.566531403248341e-05,
    9.56555482258232e-05
  ]
}