{
  "times": {
    "training": 645.6694536209106,
    "evaluation": 0.10548663139343262
  },
  "metrics": {
    "mean_rank": {
      "worst": 4.703445065176909,
      "avg": 4.703212290502793,
      "best": 4.702979515828678
    },
    "mean_reciprocal_rank": {
      "worst": 0.49037419621269324,
      "avg": 0.49038124999069677,
      "best": 0.4903897145243009
    },
    "hits_at_k": {
      "worst": {
        "1": 0.29283054003724396,
        "3": 0.6033519553072626,
        "5": 0.7537243947858473,
        "10": 0.9064245810055865
      },
      "avg": {
        "1": 0.29283054003724396,
        "3": 0.6033519553072626,
        "5": 0.7537243947858473,
        "10": 0.9064245810055865
      },
      "best": {
        "1": 0.29283054003724396,
        "3": 0.6033519553072626,
        "5": 0.7541899441340782,
        "10": 0.9064245810055865
      }
    },
    "adjusted_mean_rank": 0.0982601574641172
  },
  "losses": [
    6317672.205733617,
    0.09404203931937057,
    0.06438415059436127,
    0.04985071992159783,
    0.041369849320654566,
    0.034983247713873004,
    0.029777626336067356,
    0.026306982706771807,
    0.02401951044686278,
    0.02206088387675946,
    0.02064900915051221,
    0.01960613729243868,
    0.01878146246801155,
    0.017894429995326068,
    0.016732967748177632,
    0.015343525436487091,
    0.014132188040107378,
    0.013198257092567865,
    0.01229788296008378,
    0.011296535071250651,
    0.010421419285991218,
    0.009671600040201837,
    0.008887530426575004,
    0.008264681833625286,
    0.007713320975502332,
    0.007221417069044452,
    0.006818072633182958,
    0.006441970303487242,
    0.006252209122261304,
    0.005979275714592094,
    0.005878034218699298,
    0.0056869942373997265,
    0.005581710578294729,
    0.00549459850855088,
    0.005417024333043938,
    0.005334380525774724,
    0.005261836182814413,
    0.005253135544083984,
    0.005196720577971765,
    0.005140935562634736,
    0.005126528727930137,
    0.0050831231801362516,
    0.005100635839591312,
    0.00498158952102679,
    0.00503206155384971,
    0.004978662398591471,
    0.004962153858348225,
    0.004944847457194596,
    0.00492023965448476,
    0.004896652504578511,
    0.004884609485163671,
    0.004876508520504508,
    0.004912665288211701,
    0.004831009513039267,
    0.004866043789388982,
    0.004819138442978876,
    0.0048003887883230545,
    0.004837514009424363,
    0.0047883168979084,
    0.004806323552483253,
    0.0047513560883784564,
    0.004739652618012401,
    0.004683289335070924,
    0.004761546557204107,
    0.004709322689177838,
    0.004688688525964928,
    0.004683346309688654,
    0.004697337111786063,
    0.00469627177642749,
    0.00469788374232777,
    0.004679626237587089,
    0.004684488613451465,
    0.004664434507238061,
    0.0046821514681707165,
    0.004596402638413933,
    0.004629212602526508,
    0.004582067156273327,
    0.004606983603470111,
    0.004624981987760977,
    0.0045976714485705126,
    0.004611223426818401,
    0.004632190717488862,
    0.004595134825853819,
    0.00451455559330375,
    0.004560561578595236,
    0.004576721406552229,
    0.00455632811405239,
    0.004513035012123067,
    0.004532149532454067,
    0.004502055570064636,
    0.004523279250002979,
    0.004496514514674631,
    0.004519439201229967,
    0.004538297053245123,
    0.004507556902977188,
    0.004457092973009477,
    0.004549306604578701,
    0.00448457415351707,
    0.004488669464901815,
    0.00446376676779338,
    0.004451503865560342,
    0.004467806510264507,
    0.004465110212815612,
    0.004455183821029208,
    0.004461827673966742,
    0.004488997949698891,
    0.004504912874699755,
    0.004436664625109358,
    0.004446932543696982,
    0.0044669087432073745,
    0.004389416572920392,
    0.004450150301561373,
    0.004413245898088935,
    0.004441078626707698,
    0.004394201080450851,
    0.004450832329662552,
    0.004387570388112845,
    0.00441864828059401,
    0.00440611844108011,
    0.004396718769763293,
    0.004382917737720834,
    0.0043786204828137765,
    0.004402048885822296,
    0.004391692826447639,
    0.0043413269748625236,
    0.004389566749557574,
    0.004352136668557308,
    0.004371202470602168,
    0.004357387991936019,
    0.004356640680564031,
    0.004343820076561376,
    0.004358700099872069,
    0.004355156797678506,
    0.004318552213801204,
    0.004319432760110955,
    0.004327058492137699,
    0.004331455743882094,
    0.004342947218022989,
    0.004388886821292313,
    0.004337754578430777,
    0.004296593570363209,
    0.004324275735165742,
    0.004334178665994705,
    0.00429065108006255,
    0.004332711864332582,
    0.004322321283236871,
    0.004314904031430961,
    0.004317932629657819,
    0.00427052252036467,
    0.004272447058351969,
    0.00432908803238516,
    0.004320924184267664,
    0.004277540520810232,
    0.004296454925383075,
    0.0042582036794794635,
    0.004252718949920676,
    0.004262243980046515,
    0.004309178316051817,
    0.004241350515002615,
    0.004230264274312763,
    0.004311947738019268,
    0.004268524230000901,
    0.0042274478746208355,
    0.0042718991895349286,
    0.004220626166976347,
    0.004259285782132479,
    0.004257369193524011,
    0.004212959739292382,
    0.00427407691471474,
    0.004218064852003078,
    0.0042393778412417975,
    0.004225840492083339,
    0.004247462394392669,
    0.004253419691675834,
    0.004242043049259579,
    0.004202102004002766,
    0.004210185528164276,
    0.0042013190791345715,
    0.004240719782893131,
    0.004203160380602776,
    0.004198228546212452,
    0.004215023222236374,
    0.0041953894075996865,
    0.004230084567424956,
    0.004211448889909389,
    0.004211707333667895,
    0.004212850959420427,
    0.004223720219390892,
    0.004193731224380629,
    0.004176921399540446,
    0.004211425746369004,
    0.004211239949259419,
    0.004204261768958095,
    0.004195252168323663,
    0.004182365715978074,
    0.00413884874782089,
    0.0041618509155310944,
    0.004155777119211713,
    0.004154717790360531,
    0.0041270496267895125,
    0.004161796225618557,
    0.004190357049668996,
    0.004152700015472785,
    0.004168029372276885,
    0.004160138269125969,
    0.004167250493604145,
    0.004137858790293169,
    0.004154908599869142,
    0.004159759398731176,
    0.004132576150756874,
    0.0041525763902492295,
    0.0041849699903851595,
    0.004124396246917239,
    0.004135894864685973,
    0.004131417641283644,
    0.004124717357871907,
    0.004147468940511848,
    0.004110042180182336,
    0.00414105827749222,
    0.004150943241120501,
    0.004122083849702658,
    0.004150250731280234,
    0.004144393797084856,
    0.004101405126018248,
    0.0041342109113875845,
    0.004118087851487742,
    0.004113836329053627,
    0.00412250759100981,
    0.004112706209222476,
    0.00413963126458144,
    0.004125167629664087,
    0.004097269506155328,
    0.00411054069936722,
    0.00412826081702995,
    0.004103489781726389,
    0.004088991073968259,
    0.00405518434355768,
    0.004137336335769307,
    0.004104433926554878,
    0.00405525170922391,
    0.004090255911179473,
    0.004078914352068294,
    0.004092485985757037,
    0.004095570976089003,
    0.004056546383638507,
    0.0041012892094946535,
    0.0041043736975402865,
    0.004094772183856044,
    0.0040730770244803765,
    0.004048103902642423,
    0.004103288277704617,
    0.004056773940275671,
    0.0040815204263347366,
    0.0041003268463223165,
    0.004084016506870587,
    0.004078815101684256,
    0.004057804342317447,
    0.004056011176622762,
    0.0040323231927352895,
    0.004076301507400662,
    0.004063758734013704,
    0.0040914489353975556,
    0.0040348834717429975,
    0.004064344835889697,
    0.004079856742382719,
    0.004079241242803885,
    0.004069231652867482,
    0.004071068977902222,
    0.004080367640832837,
    0.004023723653081651,
    0.004046828695311306,
    0.004086825850137164,
