{
  "times": {
    "training": 34.71856951713562,
    "evaluation": 0.14519810676574707
  },
  "metrics": {
    "mean_rank": {
      "best": 47.65828677839851,
      "worst": 47.65828677839851,
      "avg": 47.65828677839851
    },
    "mean_reciprocal_rank": {
      "best": 0.0565618168318489,
      "worst": 0.0565618168318489,
      "avg": 0.0565618168318489
    },
    "hits_at_k": {
      "best": {
        "1": 0.011638733705772812,
        "3": 0.034916201117318434,
        "5": 0.05540037243947858,
        "10": 0.10567970204841713
      },
      "worst": {
        "1": 0.011638733705772812,
        "3": 0.034916201117318434,
        "5": 0.05540037243947858,
        "10": 0.10567970204841713
      },
      "avg": {
        "1": 0.011638733705772812,
        "3": 0.034916201117318434,
        "5": 0.05540037243947858,
        "10": 0.10567970204841713
      }
    },
    "adjusted_mean_rank": 0.9896346267115054
  },
  "losses": [
    0.005542120226120195,
    0.005542184323481728,
    0.005542150856549273,
    0.005542263555206913,
    0.005542225119634316,
    0.005542220817286912,
    0.005542158204806342,
    0.005542345433066121,
    0.005542115733403438,
    0.00554207335718521,
    0.005542132847608373,
    0.00554220867172212,
    0.005542237246162173,
    0.005542191519443313,
    0.00554206153524832,
    0.005542195422015073,
    0.005542071129863767,
    0.005542297269619528,
    0.005542162183525844,
    0.005542090376205469,
    0.005542108347072498,
    0.005542022490493789,
    0.005542191252926217,
    0.0055422161342008015,
    0.005542119597901326,
    0.005542342215824036,
    0.0055422161342008015,
    0.005542166314540828,
    0.005542271341313496,
    0.0055421572529595715,
    0.005542358682773168,
    0.005542136559810779,
    0.005542189025604775,
    0.00554219622156636,
    0.005542083713278074,
    0.0055420734142960166,
    0.005542088777102894,
    0.005542195707569104,
    0.005542259538413541,
    0.005542010611446092,
    0.00554203315117762,
    0.0055420770503506805,
    0.005542151008844756,
    0.005542131020062574,
    0.005542253713111305,
    0.005542244232717469,
    0.005542217276416926,
    0.005542350839555778,
    0.005542126336976462,
    0.005542037148934057,
    0.005542183409708828,
    0.005542155787115545,
    0.005542301381597577,
    0.0055421579382892465,
    0.0055421684466775934,
    0.005542027782761833,
    0.005542028772682475,
    0.00554221584864677,
    0.005542226185702699,
    0.005542287484634726,
    0.005542153140981523,
    0.005542194946091688,
    0.005542197078228454,
    0.005542074537475206,
    0.005542239435409746,
    0.0055420676080307155,
    0.005542059326963811,
    0.005542208024466316,
    0.005542277909056214,
    0.005542298583168071,
    0.005542013828688176,
    0.00554198074249443,
    0.005542331802620365,
    0.005542150380625888,
    0.0055422066918808365,
    0.005542130049178868,
    0.005542265116235617,
    0.005542018511774288,
    0.0055420740044410145,
    0.005542269190139795,
    0.005542145983093808,
    0.005542020891391214,
    0.005542182553046734,
    0.005541986529722796,
    0.00554226224165837,
    0.005542274996405095,
    0.0055419164357266085,
    0.005542234828471376,
    0.005542141376155438,
    0.005542180478020775,
    0.005542164905807607,
    0.0055422583961974164,
    0.005542015789492524,
    0.005541993706647446,
    0.005542303075884828,
    0.0055421524366149125,
    0.005542115790514244,
    0.005542165914765184,
    0.005542161022272783,
    0.005541960601416764,
    0.005542018511774288,
    0.0055421380827656115,
    0.005541965531983036,
    0.005542176061451759,
    0.005542129325775322,
    0.00554195186346341,
    0.005542113448971188,
    0.005542234447732668,
    0.00554210381628187,
    0.005542120740117451,
    0.005542128164522262,
    0.00554211165949926,
    0.005542219103962726,
    0.005542062563242831,
    0.005542087939477736,
    0.005542013714466564,
    0.005542034597984711,
    0.00554213825409803,
    0.005541987234089406,
    0.005542068902542324,
    0.005542169798300008,
    0.005542090300057727,
    0.005542036787232284,
    0.005542078592342448,
    0.005542210023344534,
    0.005542183219339474,
    0.005541980114275561,
    0.005542209985270663,
    0.00554227887993992,
    0.0055421013224433305,
    0.00554209456433126,
    0.005542103968577353,
    0.005542052035817549,
    0.005542116685250208,
    0.005542167456756952,
    0.005542293367047768,
    0.005542151484768142,
    0.00554218630332301,
    0.005542055062690279,
    0.005542304275211759,
    0.005542107737890565,
    0.005542009031380453,
    0.005542157614661344,
    0.005542028277722154,
    0.005541989804075686,
    0.00554228975003004,
    0.005541919710079499,
    0.0055420066708004615,
    0.005542096962985121,
    0.005542103416506226
  ]
}