{
  "times": {
    "training": 6929.460302591324,
    "evaluation": 10.908766746520996
  },
  "metrics": {
    "mean_rank": {
      "worst": 7100.985248067325,
      "best": 7100.970104706918,
      "avg": 7100.977676387122
    },
    "mean_reciprocal_rank": {
      "worst": 0.0007857132613723261,
      "best": 0.000785717270875628,
      "avg": 0.0007857152598776248
    },
    "hits_at_k": {
      "worst": {
        "1": 0.00014678539974557198,
        "3": 0.00026910656620021526,
        "5": 0.00041589196594578727,
        "10": 0.0008073196986006459
      },
      "best": {
        "1": 0.00014678539974557198,
        "3": 0.00026910656620021526,
        "5": 0.00041589196594578727,
        "10": 0.0008073196986006459
      },
      "avg": {
        "1": 0.00014678539974557198,
        "3": 0.00026910656620021526,
        "5": 0.00041589196594578727,
        "10": 0.0008073196986006459
      }
    },
    "adjusted_mean_rank": 0.9936856847511756
  },
  "losses": [
    6.221822873553296e-05,
    6.221880734275723e-05,
    6.222042501713779e-05,
    6.22189874490168e-05,
    6.221913336072055e-05,
    6.221804209024896e-05,
    6.221811290894109e-05,
    6.221804929188623e-05,
    6.221976123149889e-05,
    6.221778826908807e-05,
    6.221796115504523e-05,
    6.221761307487394e-05,
    6.22190470686186e-05,
    6.221898787209355e-05,
    6.221819232915677e-05,
    6.22183820168603e-05,
    6.221790510981978e-05,
    6.221773114439475e-05,
    6.221880431900285e-05,
    6.221791885359232e-05,
    6.221895800163092e-05,
    6.222009526303352e-05,
    6.221744418636986e-05,
    6.221790538979703e-05,
    6.221870315388674e-05,
    6.221912834912761e-05,
    6.221780970290263e-05,
    6.22192363021368e-05,
    6.221865078880682e-05,
    6.221760820015879e-05,
    6.221767954769684e-05,
    6.221795987959328e-05,
    6.221774200129066e-05,
    6.22177202595011e-05,
    6.221794357247339e-05,
    6.221911054879569e-05,
    6.221809340385874e-05,
    6.221988996504237e-05,
    6.221813113234976e-05,
    6.221815879410291e-05,
    6.22180904734301e-05,
    6.221833326037616e-05,
    6.221866748167314e-05,
    6.221700288621491e-05,
    6.221755555199074e-05,
    6.221732520225669e-05,
    6.221748244370681e-05,
    6.221719091272004e-05,
    6.221723118900412e-05,
    6.221700679034223e-05,
    6.22188434660453e-05,
    6.221717245288612e-05,
    6.221706065174506e-05,
    6.221638505106585e-05,
    6.221698411529514e-05,
    6.221809018100941e-05,
    6.221772967918042e-05,
    6.221765483814835e-05,
    6.221656323481492e-05,
    6.221631171568926e-05,
    6.221861858520036e-05,
    6.221928667315648e-05,
    6.22177182094454e-05,
    6.221753362043883e-05,
    6.221742311963658e-05,
    6.221704314072297e-05,
    6.221736499013599e-05,
    6.221760497730945e-05,
    6.2217501205294e-05,
    6.221785697550731e-05,
    6.221698967751002e-05,
    6.221691651323064e-05,
    6.221672274408084e-05,
    6.221700401545651e-05,
    6.22173482941588e-05,
    6.221647719158165e-05,
    6.221822635883712e-05,
    6.221692726435737e-05,
    6.221644147270517e-05,
    6.221679467957115e-05,
    6.221669886513154e-05,
    6.22167608365423e-05,
    6.221683196632027e-05,
    6.221645376059597e-05,
    6.221730901023857e-05,
    6.221673620476526e-05,
    6.221643952219693e-05,
    6.221661370849292e-05,
    6.221673639452763e-05,
    6.221701084379077e-05,
    6.22157666248537e-05,
    6.221682531841581e-05,
    6.221677290045128e-05,
    6.22161371903097e-05,
    6.221603079584058e-05,
    6.221766595324552e-05,
    6.221704841051715e-05,
    6.221711653520587e-05,
    6.221656861037828e-05,
    6.221651271447404e-05,
    6.221655444663986e-05,
    6.221592061856763e-05,
    6.221584019043381e-05,
    6.221666808007653e-05,
    6.221615883255178e-05,
    6.22170604619827e-05,
    6.22164730790268e-05,
    6.22161599462391e-05,
    6.22164393822083e-05,
    6.221573833470715e-05,
    6.221648482873909e-05,
    6.22152074604946e-05,
    6.221775650722351e-05,
    6.221605937840783e-05,
    6.221602597401003e-05,
    6.221583303545942e-05,
    6.221675612670263e-05,
    6.221589413894068e-05,
    6.22173803080029e-05,
    6.221971565742291e-05,
    6.221641995178656e-05,
    6.221621506131788e-05,
    6.221607276754251e-05,
    6.221624731780892e-05,
    6.221613600196178e-05,
    6.221527180237947e-05,
    6.221586146870547e-05,
    6.221610801979022e-05,
    6.221565086358986e-05,
    6.221588412819825e-05,
    6.221539933202075e-05,
    6.221673346409899e-05,
    6.221582918732755e-05,
    6.22153721648941e-05,
    6.221595091832871e-05,
    6.221556588427016e-05,
    6.221554789106501e-05,
    6.221504730105927e-05,
    6.221543187782163e-05,
    6.221590729787183e-05,
    6.221527523987804e-05,
    6.221553820696272e-05,
    6.221491969053567e-05,
    6.221620208592738e-05,
    6.22161390537139e-05,
    6.221528162335953e-05,
    6.221518466412404e-05,
    6.221640987260525e-05,
    6.221503935592684e-05,
    6.221545047453331e-05
  ]
}