{
  "times": {
    "training": 9156.309253454208,
    "evaluation": 4.259476184844971
  },
  "metrics": {
    "mean_rank": {
      "best": 3551.590800273598,
      "avg": 3551.59182626539,
      "worst": 3551.592852257182
    },
    "mean_reciprocal_rank": {
      "best": 0.43611333284277876,
      "avg": 0.43611333277655767,
      "worst": 0.43611333271038455
    },
    "hits_at_k": {
      "best": {
        "1": 0.3956908344733242,
        "3": 0.46049931600547195,
        "5": 0.48084815321477425,
        "10": 0.4996580027359781
      },
      "avg": {
        "1": 0.3956908344733242,
        "3": 0.46049931600547195,
        "5": 0.48084815321477425,
        "10": 0.4996580027359781
      },
      "worst": {
        "1": 0.3956908344733242,
        "3": 0.46049931600547195,
        "5": 0.48084815321477425,
        "10": 0.4996580027359781
      }
    },
    "adjusted_mean_rank": 0.17523522345993087
  },
  "losses": [
    0.005966000633978434,
    5.788915259579e-05,
    1.1439190490128483e-05,
    7.761716194323725e-06,
    6.408581042537563e-06,
    5.658326034003369e-06,
    5.390151756713702e-06,
    5.359590657467834e-06,
    5.137214062822269e-06,
    4.994732616909802e-06,
    4.6887284085384515e-06,
    4.647663151425979e-06,
    4.511339710443011e-06,
    4.4425061516667405e-06,
    4.323393498156428e-06,
    4.239080385389153e-06,
    4.536017444618699e-06,
    4.1697764253149444e-06,
    4.040295074861504e-06,
    3.950965988491534e-06,
    3.849243210913537e-06,
    3.801138308697376e-06,
    3.6981964831408456e-06,
    3.689190095172442e-06,
    3.6044381662687465e-06,
    3.551315550243518e-06,
    3.456558993437607e-06,
    3.4378002228042113e-06,
    3.3841219009357907e-06,
    3.3711431151090644e-06,
    3.315291943495057e-06,
    3.307558146594076e-06,
    3.2529789555298886e-06,
    3.2145878826339787e-06,
    3.1698147484833156e-06,
    3.137767169450831e-06,
    3.1786872354555383e-06,
    3.107719944817446e-06,
    3.084719616351205e-06,
    3.065339546820671e-06,
    3.0311307757792513e-06,
    2.9976172924474315e-06,
    3.015335557286402e-06,
    2.958815590553071e-06,
    2.954156769893856e-06,
    2.9277515759408363e-06,
    2.898044700286822e-06,
    2.861959139502886e-06,
    2.8394452682815793e-06,
    2.8106723708795967e-06,
    2.762213978360265e-06,
    2.727335744855766e-06,
    2.704236986457385e-06,
    2.6664094670263852e-06,
    2.629602861658018e-06,
    2.613363252045941e-06,
    2.572359480567595e-06,
    2.540582597269821e-06,
    2.513430033130712e-06,
    2.470963677117023e-06,
    2.433440250708312e-06,
    2.4295291912712313e-06,
    2.3671876235034582e-06,
    2.3238593988029735e-06,
    2.3282269061004356e-06,
    2.2675964573051926e-06,
    2.2571877550422664e-06,
    2.245936452898244e-06,
    2.194082729354825e-06,
    2.1684516755328314e-06,
    2.1517332615647282e-06,
    2.1352202052389393e-06,
    2.11201427434752e-06,
    2.0551753569961817e-06,
    2.0540020424658602e-06,
    2.0805474228701714e-06,
    2.018097362928142e-06,
    2.0012571345140215e-06,
    1.9896832985345167e-06,
    1.980042451121998e-06,
    1.9682368564308335e-06,
    1.9471136021868495e-06,
    1.928619121550063e-06,
    1.904412988884837e-06,
    1.9255203075811426e-06,
    1.8997855500169878e-06,
    1.9120712376276985e-06,
    1.8575286452224186e-06,
    1.8403605492539554e-06,
    1.8529716507158101e-06,
    1.8434356512461194e-06,
    1.8166762952257156e-06,
    1.7906301215107174e-06,
    1.8387920119957156e-06,
    1.806077285118873e-06,
    1.8261905226017647e-06,
    1.7914259251142614e-06,
    1.7964061816776917e-06,
    1.7908752638570754e-06,
    1.7954841065558964e-06,
    1.7578822908269037e-06,
    1.7635797531268553e-06,
    1.744929531901015e-06,
    1.739282119292114e-06,
    1.7344887432635173e-06,
    1.767844718651901e-06,
    1.7396915178473433e-06,
    1.7467471958360327e-06,
    1.7304049421993646e-06,
    1.729773329210329e-06,
    1.740892794130438e-06,
    1.7131228159497635e-06,
    1.7240677852661207e-06,
    1.7152474107538885e-06,
    1.7028530541796815e-06,
    1.6763968377876447e-06,
    1.6842359045379999e-06,
    1.684611028635548e-06,
    1.666918566649989e-06,
    1.6859027026313185e-06,
    1.6800260494014173e-06,
    1.669393316027297e-06,
    1.6856785981899601e-06,
    1.6479955288583641e-06,
    1.6500289286096939e-06,
    1.6315981514409903e-06,
    1.6356987385983885e-06,
    1.64663656378566e-06,
    1.6437818546641453e-06,
    1.6357242426928167e-06,
    1.6257308800516503e-06,
    1.6043234836212226e-06,
    1.5927267386906048e-06,
    1.5983186625401918e-06,
    1.605660232809563e-06,
    1.6169522327294123e-06,
    1.6238609578106086e-06,
    1.5931206909585236e-06,
    1.5990301335466948e-06,
    1.5731116132956438e-06,
    1.5826516590839537e-06,
    1.6085518651301275e-06,
    1.58684313491569e-06,
    1.596516544236463e-06,
    1.5842995429388387e-06,
    1.5781848184959433e-06,
    1.5768077399856786e-06,
    1.5812466290577658e-06,
    1.5752833078330415e-06,
    1.5737233912386614e-06,
    1.584606325431782e-06,
    1.5514070873730366e-06,
    1.5672554167095913e-06,
    1.5792351250274933e-06,
    1.548675189917976e-06,
    1.5278588533108072e-06,
    1.5391500374525737e-06,
    1.5440170393216792e-06,
    1.5428149715730204e-06,
    1.5433697282973393e-06,
    1.5308783448211102e-06,
    1.560369711352697e-06,
    1.5418899188365025e-06,
    1.554245172707729e-06,
    1.566247052908988e-06,
    1.5352595185026347e-06,
    1.5193507375119875e-06,
    1.5430416436897818e-06,
    1.5301398149403897e-06,
    1.5076338600323926e-06,
    1.5376768340318427e-06,
    1.5124837370761139e-06,
    1.521639513362656e-06,
    1.5038465963226153e-06,
    1.5222473899315472e-06,
    1.5072151136334144e-06,
    1.5036091814894769e-06,
    1.5074938601564207e-06,
    1.518283690909395e-06,
    1.5053854105663705e-06,
    1.4957180104802442e-06,
    1.499139659471974e-06,
    1.5046703890886806e-06,
    1.4862468252205068e-06,
    1.4839707975346107e-06,
    1.5152548995551195e-06,
    1.5035697614877626e-06,
    1.4973381762601054e-06,
    1.5028303097234252e-06,
    1.4871349626391862e-06,
    1.4967552317434731e-06,
    1.4949850148239633e-06,
    1.4889051204786926e-06,
    1.4765816239341923e-06,
    1.4933443453456405e-06,
    1.4731474878173706e-06,
    1.475961601153495e-06,
    1.4688531686478248e-06,
    1.472599282604481e-06,
    1.475151591870007e-06,
    1.475413249803752e-06,
    1.4897304152262476e-06,
    1.4791929851826593e-06,
    1.4462628425219425e-06,
    1.456138472137637e-06,
    1.4634866956471365e-06,
    1.4364328771830161e-06,
    1.4670539468346888e-06,
    1.4521810696508225e-06,
    1.4422304203544007e-06,
    1.5136003829483477e-06,
    1.450830979069332e-06,
    1.4734467758017644e-06,
    1.4575721619418218e-06,
    1.4469350245409644e-06,
    1.4655864646935697e-06,
    1.4377570040587698e-06,
    1.4331727388885641e-06,
    1.4308486425166249e-06,
    1.4621275261282476e-06,
    1.4806266043322203e-06,
    1.4387939813098065e-06,
    1.4097990819322821e-06,
    1.4182216295142503e-06,
    1.423584107060669e-06,
    1.4379626164154379e-06,
    1.4527773152966304e-06,
    1.4205649080712691e-06,
    1.4334119694248442e-06,
    1.4135207748503542e-06,
    1.4056197233612598e-06,
    1.429411734880721e-06,
    1.4158954453047205e-06,
    1.4088767639906549e-06,
    1.433455629212922e-06,
    1.4272575623992105e-06,
    1.4354373474989203e-06,
    1.4244957746502267e-06,
    1.423277946892605e-06,
    1.410622802342429e-06,
    1.4059079077657658e-06,
    1.3769990892037346e-06,
    1.4052820052814752e-06,
    1.4052570644464643e-06,
    1.420550232717658e-06,
    1.4010534240667454e-06,
    1.375857871997343e-06,
    1.375457694924743e-06,
    1.3846176876593749e-06,
    1.402590605009417e-06,
    1.4283008983482758e-06,
    1.3982627426480947e-06,
    1.3744621856707248e-06,
    1.3999427220529102e-06,
    1.4026459056666085e-06,
