{
  "times": {
    "training": 5005.166147232056,
    "evaluation": 0.918144702911377
  },
  "metrics": {
    "mean_rank": {
      "best": 3942.1933994528044,
      "worst": 3942.1954514363883,
      "avg": 3942.1944254445966
    },
    "mean_reciprocal_rank": {
      "best": 0.13958539326464836,
      "worst": 0.13958539151858068,
      "avg": 0.13958539239072384
    },
    "hits_at_k": {
      "best": {
        "1": 0.028556771545827635,
        "3": 0.20690834473324213,
        "5": 0.26880984952120385,
        "10": 0.3385772913816689
      },
      "worst": {
        "1": 0.028556771545827635,
        "3": 0.20690834473324213,
        "5": 0.26880984952120385,
        "10": 0.3385772913816689
      },
      "avg": {
        "1": 0.028556771545827635,
        "3": 0.20690834473324213,
        "5": 0.26880984952120385,
        "10": 0.3385772913816689
      }
    },
    "adjusted_mean_rank": 0.1945101744226092
  },
  "losses": [
    0.04115307903812778,
    0.040344398454378906,
    0.040016964264967474,
    0.03983166501137336,
    0.039704439167263794,
    0.03961080499032111,
    0.039540494353787946,
    0.039486814795888725,
    0.039445474179930363,
    0.039413876801632476,
    0.03938946079052459,
    0.03936894710304804,
    0.03935253319203666,
    0.03933813580049131,
    0.03932615353917916,
    0.0393154752746784,
    0.039305845095918536,
    0.03929782209174209,
    0.039289443550486164,
    0.03928302906265758,
    0.039276193474260285,
    0.039269839564046276,
    0.03926440011203372,
    0.039258892397755756,
    0.03925477635239687,
    0.03924946763093236,
    0.039244978697040335,
    0.039240496289002585,
    0.03923667346491376,
    0.03923204756431855,
    0.03922821095664966,
    0.039224869246593165,
    0.03922184410145836,
    0.03921833435065424,
    0.039214969586645256,
    0.03921279191822164,
    0.039210106727402126,
    0.03920748888400864,
    0.039205336205947544,
    0.039203797476597406,
    0.039200883149006716,
    0.039199211996655665,
    0.03919783446200508,
    0.039195877391851715,
    0.03919486339912522,
    0.03919314853269892,
    0.039191273615122285,
    0.03918993125604604,
    0.03918884980916226,
    0.03918760914973093,
    0.03918634330172187,
    0.03918504981031608,
    0.03918401524895076,
    0.039183041387178597,
    0.03918264230374442,
    0.03918142131335985,
    0.03918073945307191,
    0.039180197700435716,
    0.039179222725608975,
    0.03917809916561886,
    0.03917779025485335,
    0.03917718763490344,
    0.039176563241776166,
    0.03917588237256423,
    0.039176023593270555,
    0.03917632166318936,
    0.039174117342445004,
    0.039174585328532165,
    0.03917439266335778,
    0.03917337812172766,
    0.03917366907114658,
    0.039173330367111785,
    0.039173327348141815,
    0.039172264777444,
    0.039172440319874574,
    0.039171767806195676,
    0.03917196856769861,
    0.039171672098748736,
    0.03917166276738701,
    0.039171474844130104,
    0.03917112953800441,
    0.039171530878042406,
    0.039170717570582235,
    0.03917051578750865,
    0.03917024511702941,
    0.03917093687283003,
    0.03917026390173144,
    0.03916974505057451,
    0.03916975207959045,
    0.039169516554190896,
    0.03916997751126212,
    0.03916992419137332,
    0.039169417080655154,
    0.03916971566898294,
    0.03916946692415429,
    0.03916944734659146,
    0.039168976006093224,
    0.039169299249342426,
    0.03916841081832146,
    0.03916901760079057,
    0.039168596774673686,
    0.0391682971952699,
    0.039168186713166894,
    0.03916823869129126,
    0.039168300503939005,
    0.03916809378073275,
    0.03916835188741777,
    0.0391680113537042,
    0.03916803928680008,
    0.039168178723569605,
    0.03916750512733077,
    0.03916801260398469,
    0.03916778185099727,
    0.039168041360436015,
    0.03916812618129428,
    0.039168036450797986,
    0.03916752723594923,
    0.03916817657369705,
    0.03916785482468551,
    0.03916753915935588,
    0.03916775811091524,
    0.0391672856421151,
    0.039166869435937106,
    0.03916770334253075,
    0.039167363845635156,
    0.039167053379642686,
    0.03916747545604007,
    0.03916687773048086,
    0.0391666670429706,
    0.0391668730648,
    0.03916650685459437,
    0.03916649654740397,
    0.039166456767138064,
    0.03916654172522224,
    0.039166463033787846,
    0.039166577022775165,
    0.039165844556621934,
    0.03916642700436342,
    0.03916662820803873,
    0.03916632524372921,
    0.03916612632715237,
    0.039166241002269224,
    0.03916668610212445,
    0.03916612411629053,
    0.03916621831425249,
    0.039166040423734165,
    0.039166326966676726,
    0.039166299247043374,
    0.03916596299782759,
    0.03916575718946071,
    0.03916642610477136,
    0.03916624228304436,
    0.03916629168437113,
    0.03916586218252741,
    0.039165658752742936,
    0.039165608146877647,
    0.03916587585937621,
    0.039165841964577015,
    0.039165420437083265,
    0.03916553477675901,
    0.03916557885677002,
    0.039165532657381104,
    0.039165149995313876,
    0.039165602429131495,
    0.03916566288476749,
    0.03916540358879127,
    0.03916540078328382,
    0.039165766170134,
    0.039165337186699276,
    0.03916577685850748,
    0.039165662412100476,
    0.03916565273005032,
    0.039165586800625346,
    0.039165235075376635,
    0.03916586256371049,
    0.039165633030508906,
    0.03916465221595743,
    0.039165487510057474,
    0.039165764996090126,
    0.03916515208419714,
    0.03916561738675543,
    0.03916531292820826,
    0.03916488896114282,
    0.03916534014467995,
    0.039165491855544556,
    0.03916531356859583,
    0.03916541685396235,
    0.03916523509062396,
    0.039165090942431605,
    0.0391654182109741,
    0.03916509885579228,
    0.03916522248108777,
    0.039165069428458744,
    0.039164645507135276,
    0.03916529336589276,
    0.039165462077522584,
    0.03916538857017804,
    0.03916478683457286,
    0.039164708112643824,
    0.039164861592197904
  ]
}