{
  "times": {
    "training": 68.64318704605103,
    "evaluation": 1.1798508167266846
  },
  "metrics": {
    "mean_rank": {
      "avg": 3.8845437616387337,
      "best": 3.8845437616387337,
      "worst": 3.8845437616387337
    },
    "mean_reciprocal_rank": {
      "avg": 0.6105779610281082,
      "best": 0.6105779610281082,
      "worst": 0.6105779610281082
    },
    "hits_at_k": {
      "avg": {
        "1": 0.4297020484171322,
        "3": 0.749534450651769,
        "5": 0.8491620111731844,
        "10": 0.9352886405959032
      },
      "best": {
        "1": 0.4297020484171322,
        "3": 0.749534450651769,
        "5": 0.8491620111731844,
        "10": 0.9352886405959032
      },
      "worst": {
        "1": 0.4297020484171322,
        "3": 0.749534450651769,
        "5": 0.8491620111731844,
        "10": 0.9352886405959032
      }
    },
    "adjusted_mean_rank": 0.0810486423198543
  },
  "losses": [
    0.0025032514153746476,
    0.0023525423238515996,
    0.0021390144361978173,
    0.0019249545356237797,
    0.0017129220222848063,
    0.0015084340136173988,
    0.0013174936219458753,
    0.001145561447928402,
    0.001009364402315333,
    0.0009062524957724617,
    0.0008404041762320935,
    0.0007987005372524544,
    0.0007806297693822848,
    0.0007662422791820365,
    0.000759644955484877,
    0.0007514556072533236,
    0.0007469400789979084,
    0.0007431538783282906,
    0.0007375560528855129,
    0.0007361844843700131,
    0.000728796984473229,
    0.0007209356823498289,
    0.000716557017157528,
    0.0007135169597120946,
    0.0007066931983576222,
    0.000703650600039232,
    0.0006948100472428235,
    0.0006912393796507461,
    0.0006878584835076205,
    0.0006806322319963544,
    0.0006760773113876352,
    0.0006742202332204725,
    0.0006686038982240035,
    0.0006628743091089758,
    0.0006547707506296126,
    0.0006474079713093028,
    0.0006371084810220821,
    0.0006321615160676133,
    0.0006202096114009001,
    0.0006092032290831906,
    0.0005982167326253571,
    0.0005866039815635071,
    0.0005731392164354568,
    0.0005566930897917672,
    0.0005447079420372041,
    0.0005311912478181016,
    0.000516096371528734,
    0.0005035777022105975,
    0.000490646661563058,
    0.0004780633234991838,
    0.0004683022380157502,
    0.0004587115983485893,
    0.00045233499534459,
    0.00044466357495108607,
    0.00043719499209281465,
    0.0004328338968605597,
    0.0004268210048221003,
    0.0004211388365131218,
    0.0004189519477426971,
    0.000414472229915515,
    0.00041138805126988585,
    0.0004083229953399983,
    0.00040574961597217903,
    0.00040417165887504024,
    0.0004019698865883727,
    0.000400511751942835,
    0.0003969379347269884,
    0.00039526512278403804,
    0.0003915035941672791,
    0.0003912806237428551,
    0.0003892348725249458,
    0.0003875892690965733,
    0.0003841974463174864,
    0.0003835399336826173,
    0.00038171118889566427,
    0.00038060181553085714,
    0.0003778734561463938,
    0.00037656443457126333,
    0.00037519802279271903,
    0.000373761622315684,
    0.00037201449866122645,
    0.00037075962502974743,
    0.0003704600402276992,
    0.0003684256611807661,
    0.0003686634224854396,
    0.0003660374876308046,
    0.0003654604668515614,
    0.00036423685125093475,
    0.00036346299663106673,
    0.0003607686302448745,
    0.0003619883992461639,
    0.00035937407035810696,
    0.00035715657200878227,
    0.0003554853613451432,
    0.0003555964230785291,
    0.00035645533077387925,
    0.00035557311850937953,
    0.0003543278437312924,
    0.0003532548013207756,
    0.0003509508647673083,
    0.000351338264079684,
    0.0003508151486260147,
    0.00034779562990364766,
    0.00034931076656367525,
    0.0003476333316435399,
    0.0003468855430276666,
    0.0003469245692482356,
    0.0003443560422419655,
    0.00034471648448031634,
    0.00034447910695332897,
    0.00034413879319293176,
    0.00034017217730967657,
    0.00034179134860131923,
    0.0003411089874640804,
    0.00034199662113980193,
    0.0003391850437547696,
    0.00033870868301024586,
    0.0003391540636318968,
    0.00033820891182686607,
    0.0003373533125598449,
    0.00033542198002726596,
    0.0003375192324461635,
    0.00033587403926290375,
    0.0003359003964085915,
    0.00033339374583454936,
    0.0003345736504800931,
    0.0003362348432227519,
    0.00033416298629970786,
    0.000333181018304232,
    0.00033140703021174286,
    0.00033123369503472954,
    0.00033062073149011994,
    0.0003296324730695811,
    0.00033117222443637657,
    0.00033019618073322845,
    0.00032868223510739927,
    0.00032809641832003865,
    0.000327890351758757,
    0.00032836008682414724,
    0.0003265835931486036,
    0.0003259963559426804,
    0.00032691197009958973,
    0.00032823093019342055,
    0.00032318256411628654,
    0.0003265091799786276,
    0.00032604202107609624,
    0.000324149353042589,
    0.00032529107401397823,
    0.0003239756164429384,
    0.0003228137978722599,
    0.00032380597347194025,
    0.0003241995705733855,
    0.0003237642122839526,
    0.0003219093088570115,
    0.00032188220180090255,
    0.00031915840363629544,
    0.00032158892948010604,
    0.00032147815447717534,
    0.00032039418984193503,
    0.0003192929375658662,
    0.00032026712854915006,
    0.0003194392627340015,
    0.00031939139639293744,
    0.00031729753180464884,
    0.0003186941473282181,
    0.0003206733947254766,
    0.0003178021641720534,
    0.0003184465004396975,
    0.0003178054152542914,
    0.00031710504303322947,
    0.00031712048677666927,
    0.0003185387614776991,
    0.0003154076340284624,
    0.00031661220631562726,
    0.0003194655537111227,
    0.00031600407307637806,
    0.0003159975576781888,
    0.0003147828792452883,
    0.00031521718324889367,
    0.0003159489678941301,
    0.0003139664870595847,
    0.0003144753321590616,
    0.0003157684071096462,
    0.0003141574010191195,
    0.0003135498412407807,
    0.0003131709379723539,
    0.00031279834277394116,
    0.0003137316195268896,
    0.0003131473290277981,
    0.0003132479890625176,
    0.0003125066364425537,
    0.0003136728397835776,
    0.0003129545138247836,
    0.0003110116900178086,
    0.00031221580353624516,
    0.00031245502054938343,
    0.0003105954941452573,
    0.00031095025029812006,
    0.0003123165209170557,
    0.0003116888855956164,
    0.0003113029684591322,
    0.00031088583299293543,
    0.0003104766862783438,
    0.00030935918300232287,
    0.0003087273437712869,
    0.0003103859647623246,
    0.0003114779269716456,
    0.0003093709610071741,
    0.00030823992846490644,
    0.0003083086687831077,
    0.0003094935007812428,
    0.00030836840135377844,
    0.0003102599356991783,
    0.0003088432490437464,
    0.00031018479908620765,
    0.00030628880711968233,
    0.0003067694511760827,
    0.0003099693409997094,
    0.00030872027255713833,
    0.00030796095737696685,
    0.0003083915779970326,
    0.00030707949943412614,
    0.00030702656016962424,
    0.0003066836217227527,
    0.0003063134615275901,
    0.00030690046934914915,
    0.00030655802937214584,
    0.0003074923780558729,
    0.00030679611710841446,
    0.00030659760258619853,
    0.00030653930807904143,
    0.0003067777443030941,
    0.0003051355595839948,
    0.00030590773352227174,
    0.0003057011817248352,
    0.00030612818954116566,
    0.00030551208519526244,
    0.0003055648877113934,
    0.00030593330105639833,
    0.0003039756687242227,
    0.0003041589865323141,
    0.00030414900390123603,
    0.00030538692073471947,
    0.000303107096006914,
    0.00030498795074566785,
    0.0003053512029424795,
    0.00030580398562111185,
    0.0003052760222171311,
    0.0003033984979628952,
    0.0003030255763328873,
    0.0003024867789289385,
    0.00030428705358731106,
    0.00030390954868125803,
    0.0003028944037664988,
    0.00030320045103188306,
    0.00030490618845356365,
    0.0003033069383116994,
    0.00030384710319935747,
    0.0003031056799995892,
