{
  "times": {
    "training": 890.7937910556793,
    "evaluation": 7.583590745925903
  },
  "metrics": {
    "arithmetic_mean_rank": {
      "both": {
        "realistic": 10002.677582079343,
        "pessimistic": 10002.685191518467,
        "optimistic": 10002.669972640218
      },
      "head": {
        "realistic": 13870.161764705883,
        "pessimistic": 13870.170314637482,
        "optimistic": 13870.153214774282
      },
      "tail": {
        "realistic": 6135.193399452804,
        "pessimistic": 6135.200068399453,
        "optimistic": 6135.186730506156
      }
    },
    "geometric_mean_rank": {
      "both": {
        "realistic": 1325.0465014133315,
        "pessimistic": 1325.0501914566983,
        "optimistic": 1325.0428068135916
      },
      "head": {
        "realistic": 2519.3435705384386,
        "pessimistic": 2519.3492650320372,
        "optimistic": 2519.3378718569215
      },
      "tail": {
        "realistic": 696.9070242898484,
        "pessimistic": 696.909330615223,
        "optimistic": 696.9047143304933
      }
    },
    "median_rank": {
      "both": {
        "realistic": 2559.0,
        "pessimistic": 2559.0,
        "optimistic": 2559.0
      },
      "head": {
        "realistic": 6970.5,
        "pessimistic": 6970.5,
        "optimistic": 6970.5
      },
      "tail": {
        "realistic": 1107.0,
        "pessimistic": 1107.0,
        "optimistic": 1107.0
      }
    },
    "harmonic_mean_rank": {
      "both": {
        "realistic": 34.81441645466013,
        "pessimistic": 34.81442478846364,
        "optimistic": 34.81440808566459
      },
      "head": {
        "realistic": 37.75299513559272,
        "pessimistic": 37.75299988008244,
        "optimistic": 37.75299038044069
      },
      "tail": {
        "realistic": 32.3002619900514,
        "pessimistic": 32.300272864298435,
        "optimistic": 32.30025106302504
      }
    },
    "inverse_arithmetic_mean_rank": {
      "both": {
        "realistic": 9.99732313467332e-05,
        "pessimistic": 9.997315529313325e-05,
        "optimistic": 9.997330740044886e-05
      },
      "head": {
        "realistic": 7.20972124885095e-05,
        "pessimistic": 7.209716804592364e-05,
        "optimistic": 7.209725693115018e-05
      },
      "tail": {
        "realistic": 0.00016299404678737423,
        "pessimistic": 0.0001629938696132658,
        "optimistic": 0.00016299422396186781
      }
    },
    "inverse_geometric_mean_rank": {
      "both": {
        "realistic": 0.0007546904949625331,
        "pessimistic": 0.0007546883932756138,
        "optimistic": 0.0007546925992562904
      },
      "head": {
        "realistic": 0.00039692879196555087,
        "pessimistic": 0.0003969278947860703,
        "optimistic": 0.0003969296898089071
      },
      "tail": {
        "realistic": 0.0014349116383480347,
        "pessimistic": 0.0014349068897057417,
        "optimistic": 0.0014349163945040694
      }
    },
    "inverse_harmonic_mean_rank": {
      "both": {
        "realistic": 0.028723732919732556,
        "pessimistic": 0.02872372604390601,
        "optimistic": 0.028723739824597697
      },
      "head": {
        "realistic": 0.026487964634552167,
        "pessimistic": 0.02648796130576038,
        "optimistic": 0.026487967970825598
      },
      "tail": {
        "realistic": 0.030959501204912938,
        "pessimistic": 0.030959490782051634,
        "optimistic": 0.030959511678369793
      }
    },
    "inverse_median_rank": {
      "both": {
        "realistic": 0.00039077764751856197,
        "pessimistic": 0.00039077764751856197,
        "optimistic": 0.00039077764751856197
      },
      "head": {
        "realistic": 0.0001434617315831002,
        "pessimistic": 0.0001434617315831002,
        "optimistic": 0.0001434617315831002
      },
      "tail": {
        "realistic": 0.0009033423667570009,
        "pessimistic": 0.0009033423667570009,
        "optimistic": 0.0009033423667570009
      }
    },
    "rank_std": {
      "both": {
        "realistic": 13067.091783722273,
        "pessimistic": 13067.093873969121,
        "optimistic": 13067.089693774913
      },
      "head": {
        "realistic": 14168.498633115008,
        "pessimistic": 14168.499839678549,
        "optimistic": 14168.497426859996
      },
      "tail": {
        "realistic": 10527.894093603405,
        "pessimistic": 10527.89696758939,
        "optimistic": 10527.891219945386
      }
    },
    "rank_var": {
      "both": {
        "realistic": 170748887.68422213,
        "pessimistic": 170748942.3111213,
        "optimistic": 170748833.06515855
      },
      "head": {
        "realistic": 200746353.51658186,
        "pessimistic": 200746387.70697105,
        "optimistic": 200746319.33493835
      },
      "tail": {
        "realistic": 110836554.04612947,
        "pessimistic": 110836614.56017785,
        "optimistic": 110836493.53900313
      }
    },
    "hits_at_k": {
      "both": {
        "realistic": {
          "1": 0.005129958960328317,
          "3": 0.027017783857729138,
          "5": 0.04616963064295486,
          "10": 0.07660738714090287
        },
        "pessimistic": {
          "1": 0.005129958960328317,
          "3": 0.027017783857729138,
          "5": 0.04616963064295486,
          "10": 0.07660738714090287
        },
        "optimistic": {
          "1": 0.005129958960328317,
          "3": 0.027017783857729138,
          "5": 0.04616963064295486,
          "10": 0.07660738714090287
        }
      },
      "head": {
        "realistic": {
          "1": 0.006497948016415869,
          "3": 0.027701778385772913,
          "5": 0.04240766073871409,
          "10": 0.06668946648426813
        },
        "pessimistic": {
          "1": 0.006497948016415869,
          "3": 0.027701778385772913,
          "5": 0.04240766073871409,
          "10": 0.06668946648426813
        },
        "optimistic": {
          "1": 0.006497948016415869,
          "3": 0.027701778385772913,
          "5": 0.04240766073871409,
          "10": 0.06668946648426813
        }
      },
      "tail": {
        "realistic": {
          "1": 0.003761969904240766,
          "3": 0.026333789329685362,
          "5": 0.04993160054719562,
          "10": 0.08652530779753762
        },
        "pessimistic": {
          "1": 0.003761969904240766,
          "3": 0.026333789329685362,
          "5": 0.04993160054719562,
          "10": 0.08652530779753762
        },
        "optimistic": {
          "1": 0.003761969904240766,
          "3": 0.026333789329685362,
          "5": 0.04993160054719562,
          "10": 0.08652530779753762
        }
      }
    },
    "adjusted_arithmetic_mean_rank": {
      "both": {
        "realistic": 0.49340998473854
      },
      "head": {
        "realistic": 0.6843362563469311
      },
      "tail": {
        "realistic": 0.3025684093769412
      }
    },
    "adjusted_arithmetic_mean_rank_index": {
      "both": {
        "realistic": 0.5066150054603404
      },
      "head": {
        "realistic": 0.31567931887179723
      },
      "tail": {
        "realistic": 0.6974659874481752
      }
    }
  },