{
  "times": {
    "training": 404.0022757053375,
    "evaluation": 0.1191866397857666
  },
  "metrics": {
    "mean_rank": {
      "avg": 3.7085661080074486,
      "worst": 3.7085661080074486,
      "best": 3.7085661080074486
    },
    "mean_reciprocal_rank": {
      "avg": 0.5406727968980506,
      "worst": 0.5406727968980506,
      "best": 0.5406727968980506
    },
    "hits_at_k": {
      "avg": {
        "1": 0.33147113594040967,
        "3": 0.6941340782122905,
        "5": 0.8486964618249534,
        "10": 0.9501862197392924
      },
      "worst": {
        "1": 0.33147113594040967,
        "3": 0.6941340782122905,
        "5": 0.8486964618249534,
        "10": 0.9501862197392924
      },
      "best": {
        "1": 0.33147113594040967,
        "3": 0.6941340782122905,
        "5": 0.8486964618249534,
        "10": 0.9501862197392924
      }
    },
    "adjusted_mean_rank": 0.07727068944208088
  },
  "losses": [
    0.007726271113569147,
    0.005368227076329542,
    0.0052462910975186565,
    0.005192272337188435,
    0.005175173087289717,
    0.005156539558443461,
    0.005126270699255475,
    0.004952471877695916,
    0.004275960908777147,
    0.003582993098482322,
    0.003384741670225332,
    0.0032990822038344676,
    0.0031611189378725453,
    0.0028436407847992713,
    0.0024868154877357267,
    0.0023599648098234604,
    0.002303766402370586,
    0.002270330631345064,
    0.002249438507475433,
    0.002220069769811764,
    0.002205333195466283,
    0.002190373871956816,
    0.002180394171545289,
    0.002168304759534669,
    0.002163171421122573,
    0.002153984057343799,
    0.0021383261695253047,
    0.0021274671078858414,
    0.0021074995527581106,
    0.0021152810502295077,
    0.002104716365877888,
    0.002091561189472452,
    0.0020710126660792123,
    0.002066524677529708,
    0.0020632916618459458,
    0.0020530717133471136,
    0.0020560745223100934,
    0.0020489914443915925,
    0.0020379847812044263,
    0.002035576368818122,
    0.0020189034553726067,
    0.002024234669310937,
    0.0020085384647191016,
    0.0020053769132185183,
    0.002007433808886547,
    0.001992447738629881,
    0.0019813349569907015,
    0.001978133212991254,
    0.00196777813290054,
    0.0019723682346917716,
    0.0019698928394581605,
    0.0019544365899532698,
    0.0019589886470429236,
    0.0019477641546561588,
    0.0019540723809128285,
    0.0019363682945555405,
    0.0019413294359581189,
    0.0019302743971905906,
    0.0019286950912382383,
    0.0019288153879428178,
    0.0019260155575956857,
    0.0019251872019751576,
    0.0019245577901113458,
    0.0019171397290663438,
    0.0019063912645986912,
    0.0019193788195091687,
    0.001901680203363969,
    0.0019097744621517842,
    0.0019031274646925235,
    0.0018955458004432226,
    0.0018946959049360695,
    0.0018938839765202799,
    0.0018834873252593623,
    0.001889147801840964,
    0.0018910540534664742,
    0.0018915746165683654,
    0.0018819568308998137,
    0.001876944113585554,
    0.0018719882941508337,
    0.0018711055634187514,
    0.0018752293385676901,
    0.0018649376093406468,
    0.001863336439980438,
    0.0018576737065984404,
    0.0018635906954034326,
    0.0018561618709553047,
    0.0018609993060360128,
    0.0018493632091844125,
    0.001845039033997204,
    0.0018434631568466902,
    0.00184554400093407,
    0.0018472262904089822,
    0.001847581106869413,
    0.0018444031700212858,
    0.0018412383876685123,
    0.0018341117826279965,
    0.0018360942553324198,
    0.001843528433141302,
    0.0018354064683789172,
    0.0018244683271629756,
    0.001816923228661052,
    0.001822273229503453,
    0.0018170241969341083,
    0.0018247109637264344,
    0.001821134929206878,
    0.001808419930905606,
    0.0018218892586351221,
    0.0018140123686177676,
    0.0018101304888111375,
    0.0018203476817113407,
    0.0018089547899834226,
    0.0018128690742346902,
    0.001807820602156194,
    0.0018066503177309751,
    0.0018047544283771447,
    0.0018131238816494351,
    0.0017888154939151883,
    0.001800984778172905,
    0.001801551232456268,
    0.0017999457640133882,
    0.0017962586963095803,
    0.0018112771901954315,
    0.001800063131586387,
    0.0017991336856093187,
    0.0017889966265636772,
    0.0017927511523683532,
    0.0017910284410520329,
    0.0017893779046191706,
    0.0017904263157188223,
    0.001787965845191077,
    0.0017864330565340622,
    0.001786364172672511,
    0.001786782332148389,
    0.0017865251737545604,
    0.0017808579764771887,
    0.0017748365836211023,
    0.001777044813103332,
    0.0017758448728559058,
    0.0017743374897718207,
    0.0017720986940734061,
    0.001779348190964552,
    0.0017739526390303834,
    0.0017662867729304435,
    0.0017630571267508277,
    0.0017678319574211644,
    0.0017613355795877256,
    0.0017764031196410737,
    0.0017766264452135072,
    0.0017679046616237261,
    0.0017583385111645479,
    0.0017685329407272155,
    0.0017651049690565255,
    0.0017657760593496011,
    0.0017612660042104426,
    0.0017661464632548086,
    0.0017558704418119755,
    0.0017619611667504026,
    0.0017575736066905523,
    0.001755043248600616,
    0.0017536086944186509,
    0.0017535987821118103,
    0.0017601310184804464,
    0.0017616696505761995,
    0.0017554829462190693,
    0.001754894864846593,
    0.0017514847086442544,
    0.0017469397027478012,
    0.001763361929096142,
    0.0017459498516071155,
    0.0017497282177000569,
    0.0017423419201614036,
    0.0017481893623659337,
    0.0017486050496512695,
    0.0017448322209163327,
    0.0017406884798856822,
    0.001739254922428158,
    0.00174257447088507,
    0.0017468540890888775,
    0.0017391318910535466,
    0.0017534636409276545,
    0.0017349709972934552,
    0.0017330774807193306,
    0.0017331445987304945,
    0.001740892299133517,
    0.001735241523828734,
    0.0017436895308464988,
    0.0017394224872414985,
    0.0017413799868973342,
    0.0017366191975716572,
    0.0017367930758451478,
    0.0017273517165067938,
    0.0017368505579813589,
    0.0017239748611906718,
    0.0017354534956371963,
    0.001733400725518887,
    0.0017233746778568748,
    0.0017269932785270255,
    0.0017276378409511477,
    0.0017233719632434154,
    0.0017266749127066872,
    0.0017243833307260543,
    0.0017362299448486125,
    0.001724058749112353,
    0.0017311967951193284,
    0.0017274384890867865,
    0.0017217793074621355,
    0.001724804098428356,
    0.0017126216561871856,
    0.0017178945203245467,
    0.0017151740459857808,
    0.001716322781804126,
    0.0017134718080696542,
    0.0017207157405700242,
    0.0017236526619489496,
    0.0017197357328462132,
    0.0017134789891945625,
    0.0017192136881740464,
    0.0017320592974902093,
    0.0017234899194332098,
    0.001717585449417432,
    0.0017187317549024294,
    0.0017192259750046421,
    0.0017200131073928952,
    0.0017060752773190035,
    0.001716155278032527,
    0.001722303158969859,
    0.0017034557581729211,
    0.001718207515343633,
    0.0017095247653316468,
    0.001721889955211389,
    0.001715373249605912,
    0.0017016068308471181,
    0.0016972270475051712,
    0.0017058541257046025,
    0.0017036418421786934,
    0.0017217589264965794,
    0.001718116621574045,
    0.0017172814214302136,
    0.0017149782109977712,
    0.001721846243220099,
    0.0016967036625307598,
    0.0017207761187008703,
    0.0017044077965706476,
    0.001710708048159766,
    0.0017024573603163608,
    0.0017031520816117303,
    0.0017109345086616524,
    0.0017077743497848064,
    0.0017086595622997048,
    0.0017158505881784225,
    0.0017097604675532392,
    0.0017028158410253484,
    0.0017007114697066361,
    0.0016994396318796645,
    0.0017031640021918752,
    0.0017039020491715117,
    0.00170604076606225,
    0.0017083187584071124,
    0.0016928633556383826,
    0.0017012067318785838,
    0.001693777140920584,
    0.0016953505973300238,
    0.0017024774500256062,
    0.001693509602814578,
