{
  "times": {
    "training": 67.25025224685669,
    "evaluation": 0.23464059829711914
  },
  "metrics": {
    "mean_rank": {
      "worst": 9.358007448789571,
      "avg": 9.358007448789571,
      "best": 9.358007448789571
    },
    "mean_reciprocal_rank": {
      "worst": 0.33694027296085544,
      "avg": 0.33694027296085544,
      "best": 0.33694027296085544
    },
    "hits_at_k": {
      "worst": {
        "1": 0.18994413407821228,
        "3": 0.35661080074487894,
        "5": 0.4920856610800745,
        "10": 0.7085661080074488
      },
      "avg": {
        "1": 0.18994413407821228,
        "3": 0.35661080074487894,
        "5": 0.4920856610800745,
        "10": 0.7085661080074488
      },
      "best": {
        "1": 0.18994413407821228,
        "3": 0.35661080074487894,
        "5": 0.4920856610800745,
        "10": 0.7085661080074488
      }
    },
    "adjusted_mean_rank": 0.1985587434222301
  },
  "losses": [
    0.019621983099120832,
    0.01924954834969727,
    0.0189262126265757,
    0.018615798851583987,
    0.018307091909184392,
    0.01799979304323102,
    0.01773474035419926,
    0.017521373011440713,
    0.017249183175435123,
    0.017055951056484976,
    0.016811335607482693,
    0.01663569956113644,
    0.016417751370128145,
    0.016212993157781835,
    0.01606498270779515,
    0.015927802931954022,
    0.01578618433767902,
    0.015662542031200426,
    0.015508153379743985,
    0.015437322949228558,
    0.015318867389061549,
    0.015242698230860675,
    0.015185466487732835,
    0.015079411392164703,
    0.015041709445947581,
    0.014962282773025193,
    0.014901176789856993,
    0.014866362780056529,
    0.014840476160154522,
    0.014828935836649139,
    0.014760303172734704,
    0.014767562765277105,
    0.014680790010255504,
    0.014660116245821999,
    0.014619961490420936,
    0.014553839227179299,
    0.014541836605975134,
    0.014536801403187898,
    0.014492703917612097,
    0.01444732091538025,
    0.014424621673370466,
    0.014367881149805533,
    0.014376331792971228,
    0.014342324459031153,
    0.014298585343764485,
    0.014283725116741006,
    0.014265482606921322,
    0.014231954289868554,
    0.014206226228601595,
    0.014175269868152282,
    0.014179285062421667,
    0.01418338109703728,
    0.014152067065886209,
    0.014100843788868549,
    0.014131262455836381,
    0.014076933835840423,
    0.014071933389738016,
    0.014058947820170014,
    0.0140237395601964,
    0.014032324861124735,
    0.014021166832597062,
    0.014025010765836248,
    0.013993985053831226,
    0.013996218900184059,
    0.01399939754488216,
    0.013961649505485174,
    0.013942293282592309,
    0.013952238720204267,
    0.013930304920052766,
    0.013921419725521652,
    0.01391700712570707,
    0.013923495313071169,
    0.013886686494197376,
    0.013876300494307643,
    0.013899483817029556,
    0.013865270446337515,
    0.013853667462759222,
    0.01388113884566425,
    0.013847617648425327,
    0.01380465554471444,
    0.013830547290311307,
    0.01379047053399386,
    0.013820775136403937,
    0.013833836687140402,
    0.013808349985659066,
    0.013749282934421245,
    0.013770327757281337,
    0.01379833739525744,
    0.013772545136685037,
    0.013738897358103325,
    0.013754417885990806,
    0.013787225588408952,
    0.013768704158930077,
    0.013764427725555264,
    0.013743846152240726,
    0.01370411891881668,
    0.013727668812007654,
    0.013721214020187502,
    0.013737004082525017,
    0.013716984427192271,
    0.013727143026129273,
    0.013694274824330388,
    0.013716321565860454,
    0.013678099778048035,
    0.013697956163104218,
    0.013689986516667113,
    0.013656247113315262,
    0.01366861672380107,
    0.013672582479149188,
    0.013659708922909151,
    0.013659088490147134,
    0.013656444540613186,
    0.013661088586729276,
    0.013655770257120123,
    0.013654834977242559,
    0.013632515198466345,
    0.013658707732401958,
    0.01363721610790851,
    0.01361673819070729,
    0.013639957412330156,
    0.013603486756058556,
    0.013590847387438725,
    0.013610225402863404,
    0.01361262159620143,
    0.013597570714269801,
    0.013573865665295984,
    0.013602552099640626,
    0.013609870787589781,
    0.013581644276086227,
    0.013597265813953006,
    0.013560034436983105,
    0.013583174103252882,
    0.01357376229949593,
    0.013538235504000531,
    0.01357761438054347,
    0.013552856484338217,
    0.013542949368077244,
    0.013552739911664221,
    0.013537053405496116,
    0.01354790168880693,
    0.013563759851021647,
    0.013540688689163949,
    0.013533265645494098,
    0.013505743300712972,
    0.013546709867187751,
    0.01351876629213676,
    0.013534857085702215,
    0.013500217863524238,
    0.013517561606308478,
    0.013541339709521939,
    0.013552318276859479,
    0.013495877999080632,
    0.013516452842838504,
    0.013554693843677988,
    0.013490157290526907,
    0.013501318279298034,
    0.013490320089639319,
    0.013486968180273562,
    0.013502926400620806,
    0.013508591440416152,
    0.013487827997739153,
    0.013446133796759819,
    0.013483248153687741,
    0.01349168865968533,
    0.013461701169786115,
    0.013468816024508579,
    0.013475000734566804,
    0.013463708476607543,
    0.01347601945333228,
    0.01345074948736061,
    0.013451856399488617,
    0.013456780079148974,
    0.01344867881134043,
    0.01341441205632226,
    0.013456246887902716,
    0.013421367943115563,
    0.013455385404705278,
    0.013426250336422245,
    0.013443294109455963,
    0.013435585159571625,
    0.013426186462744703,
    0.01341618165369043,
    0.013427967315700937,
    0.013421247848608516,
    0.013431700354032112,
    0.013424575338345372,
    0.0133925842490679,
    0.013407913960233279,
    0.013427890097131672,
    0.013420870912528122,
    0.013415698063179389,
    0.013398632664187043,
    0.013404889376694233,
    0.013392543224472087,
    0.013383054830364737,
    0.0133720958329968,
    0.013390517209102384,
    0.01340559615147681,
    0.013401410076915933,
    0.013395477287383249,
    0.013389777962067225,
    0.013373438660346902,
    0.013380611730017856,
    0.01339168029922679,
    0.013369845971822053,
    0.0133622403496639,
    0.013361385653133934,
    0.013384889676829033,
    0.013363922129649014,
    0.013343761577198049,
    0.013365342580103258,
    0.013361720722234124,
    0.013367818690496145,
    0.013358545908719273,
    0.013362370324340426,
    0.01334789892672274,
    0.013328207791784404,
    0.013343238109066555,
    0.013347615557179898,
    0.013326001330063161,
    0.013350763690429769,
    0.013348274282737495,
    0.013340390031233416,
    0.013342202119041425,
    0.013327670521874734,
    0.013343440980928007,
    0.013363432195079246,
    0.01332812410541633,
    0.013293155311053266,
    0.01331686651847569,
    0.01329075299258127,
    0.013318286012323929,
    0.013328202870736598,
    0.01328557845370452,
    0.013297404773849834,
    0.013312831897013716,
    0.013312001153707733,
    0.013309187942021801,
    0.013319917315874797,
    0.013292020633554962,
    0.013293240468024598,
    0.01327441954947782,
    0.013281899675398504,
    0.013340963390413392,
    0.013287022300552386,
    0.013287677128297457,
    0.01328964302502513,
    0.013286502754029586,
    0.013294038977039693,
    0.013283200607212997,
    0.013268429358825634
  ]
}