{
  "times": {
    "training": 17892.18396615982,
    "evaluation": 18.251681804656982
  },
  "metrics": {
    "mean_rank": {
      "avg": 268.25517418534105,
      "worst": 268.25530873862414,
      "best": 268.25503963205796
    },
    "mean_reciprocal_rank": {
      "avg": 0.24839173635760567,
      "worst": 0.24839173484917496,
      "best": 0.2483917378777035
    },
    "hits_at_k": {
      "avg": {
        "1": 0.1625159017516391,
        "3": 0.2755161953224386,
        "5": 0.33838927488012527,
        "10": 0.42296212936686567
      },
      "worst": {
        "1": 0.1625159017516391,
        "3": 0.2755161953224386,
        "5": 0.33838927488012527,
        "10": 0.42296212936686567
      },
      "best": {
        "1": 0.1625159017516391,
        "3": 0.2755161953224386,
        "5": 0.33838927488012527,
        "10": 0.42296212936686567
      }
    },
    "adjusted_mean_rank": 0.039323152458781686
  },
  "losses": [
    4.719913976520901e-06,
    3.995197880851608e-06,
    3.944986185152321e-06,
    3.892638141646685e-06,
    3.8100490276688837e-06,
    3.698578269298175e-06,
    3.5552306791549794e-06,
    3.406374572224342e-06,
    3.248743850027542e-06,
    3.0891523944960444e-06,
    2.930035201046302e-06,
    2.790450055107316e-06,
    2.669305020678236e-06,
    2.568745137352465e-06,
    2.489233102984409e-06,
    2.4224436655162617e-06,
    2.36440723106281e-06,
    2.313550341770017e-06,
    2.2717574570499505e-06,
    2.234762971616774e-06,
    2.2043501844327476e-06,
    2.1767767605144358e-06,
    2.154404893997204e-06,
    2.1357262430295714e-06,
    2.119918756126546e-06,
    2.107091632487759e-06,
    2.0956766074970703e-06,
    2.0845743744606537e-06,
    2.0757334931464615e-06,
    2.066825732021593e-06,
    2.0584973701747173e-06,
    2.0518269520902585e-06,
    2.0461537513183265e-06,
    2.0402774674378566e-06,
    2.042478799715776e-06,
    2.0309819237137954e-06,
    2.026550637510556e-06,
    2.022551590746848e-06,
    2.0188133909205865e-06,
    2.0164817645662115e-06,
    2.0128653365711334e-06,
    2.010154197980519e-06,
    2.006746503093386e-06,
    2.003829934348763e-06,
    2.001435004650154e-06,
    2.001367992919638e-06,
    1.9975883419255666e-06,
    1.994206564499234e-06,
    1.993494734252385e-06,
    1.994002842133592e-06,
    1.991893605409842e-06,
    1.988364492697493e-06,
    1.9871296340903946e-06,
    1.9863451033980176e-06,
    1.984569702759486e-06,
    1.9869945321822377e-06,
    1.982026958824181e-06,
    1.9803742866544073e-06,
    1.9793719039315845e-06,
    1.9818978421590334e-06,
    1.9778104705418216e-06,
    1.9768526318848905e-06,
    1.974955721845248e-06,
    1.9743157368495023e-06,
    1.9727073349171676e-06,
    1.972338495064053e-06,
    1.972311355594873e-06,
    1.971231719490783e-06,
    1.9691463451898944e-06,
    1.9691343090355984e-06,
    1.9682034891076553e-06,
    1.9668093149341787e-06,
    1.9659898786117685e-06,
    1.9663944248979253e-06,
    1.9664269682198393e-06,
    1.965046117998834e-06,
    1.9651644261808e-06,
    1.9656577062525223e-06,
    1.96445050667657e-06,
    1.9634467166548617e-06,
    1.9632101666883137e-06,
    1.96258282081872e-06,
    1.9617855575286163e-06,
    1.960774832771578e-06,
    1.960106132559643e-06,
    1.9604476247104907e-06,
    1.9592422479031487e-06,
    1.9584488716792587e-06,
    1.9587177917803992e-06,
    1.9579146832845225e-06,
    1.958459583823043e-06,
    1.9575153510887345e-06,
    1.957519018742215e-06,
    1.9569174681107103e-06,
    1.9566823480210744e-06,
    1.9564082054205256e-06,
    1.9558389553667635e-06,
    1.9563065404769734e-06,
    1.9556605518161035e-06,
    1.9582772721106607e-06,
    1.954467150015246e-06,
    1.9532923099289173e-06,
    1.954947850310162e-06,
    1.9536526663738825e-06,
    1.953125933345799e-06,
    1.9533195080669436e-06,
    1.954487004048416e-06,
    1.9532141750324465e-06,
    1.952103681302854e-06,
    1.9519471138882542e-06,
    1.951477105370721e-06,
    1.9536482795774267e-06,
    1.950861254706307e-06,
    1.951594773201923e-06,
    1.950309654107839e-06,
    1.952784891200066e-06,
    1.951006086942164e-06,
    1.9509076263286142e-06,
    1.9499895972783857e-06,
    1.9498898152791115e-06,
    1.948781387694194e-06,
    1.9487887879889313e-06,
    1.9481507009084697e-06,
    1.9481765114578157e-06,
    1.9487772445654465e-06,
    1.963945039622525e-06,
    1.947624631854232e-06,
    1.947601474915733e-06,
    1.948022987483509e-06,
    1.9493410210151964e-06,
    1.9480191516978526e-06,
    1.947805165565201e-06,
    1.946015888262149e-06,
    1.94234569488769e-06,
    1.9411525666722492e-06,
    1.9395069224177373e-06,
    1.9393845537392e-06,
    1.9380687439852174e-06,
    1.9381863280176703e-06,
    1.938068962766058e-06,
    1.9388244889324125e-06,
    1.9365265233300203e-06,
    1.935986748514047e-06,
    1.936369650079151e-06,
    1.936031580261432e-06,
    1.937918971074283e-06,
    1.9371693629758386e-06,
    1.937133635107037e-06,
    1.936621524766211e-06,
    1.935736738397757e-06,
    1.9349272098191916e-06,
    1.9340631648076667e-06,
    1.9350634169084125e-06,
    1.934478875478652e-06,
    1.9347140289128016e-06,
    1.9399801690472513e-06,
    1.9347864079434647e-06,
    1.937199609123232e-06,
    1.9335709766472528e-06,
    1.9343348779736043e-06,
    1.933324588104853e-06,
    1.932500096248639e-06,
    1.934122366096205e-06,
    1.934448712935579e-06,
    1.9330829839168945e-06,
    1.93380278508227e-06,
    1.93374363556036e-06,
    1.934126179376745e-06,
    1.9321850854745925e-06,
    1.9328422827528092e-06,
    1.9325716845379753e-06,
    1.931696385753049e-06,
    1.9332572486162365e-06,
    1.932658241500355e-06,
    1.9331522993352915e-06,
    1.9321219041343377e-06,
    1.931702405458537e-06,
    1.9319080498729195e-06,
    1.931299543702219e-06,
    1.937148710958875e-06,
    1.9323807950709405e-06,
    1.9329050603133614e-06,
    1.9316042482995058e-06,
    1.9312107826966424e-06,
    1.932097016440588e-06,
    1.931973973143236e-06,
    1.931129294003143e-06,
    1.930549440393999e-06,
    1.9309152075939147e-06,
    1.930054138361512e-06,
    1.93007025110135e-06,
    1.933041968998372e-06,
    1.9302845928440056e-06,
    1.9306233221637115e-06,
    1.9300833437323326e-06,
    1.9361014488293432e-06,
    1.9316674441733022e-06,
    1.929979391967585e-06,
    1.930874055408764e-06,
    1.9297112032584255e-06,
    1.9295246300588532e-06
  ]
}