model	loss	training_approach	inverse_relations	model_bytes	hits@10
RotatE	NSSAL	sLCWA	False	30191616	0.4805998630002936
RotatE	NSSAL	sLCWA	True	15338496	0.4774195126724729
DistMult	CEL	LCWA	True	3834624	0.4603190136021137
TransE	SPL	LCWA	False	3773952	0.43722477737547705
UM	MRL	sLCWA	True	3713280	0.031656717878461686
UM	MRL	sLCWA	False	3713280	0.03075154124669733
