model	loss	training_approach	inverse_relations	model_bytes	hits@10
RotatE	NSSAL	sLCWA	False	30191616	0.4817741461982582
RotatE	NSSAL	sLCWA	True	15338496	0.4771014776396908
DistMult	CEL	LCWA	True	3834624	0.4596829435365496
TransE	SPL	LCWA	False	3773952	0.4392797729719151
UM	MRL	sLCWA	False	3713280	0.03217046677757119
UM	MRL	sLCWA	True	3713280	0.029577258048732756
