model	loss	training_approach	inverse_relations	training_time	hits@10
RotatE	NSSAL	sLCWA	False	3134.7069098949432	0.4817741461982582
TransE	MRL	sLCWA	False	1072.0691306591034	0.4412858401017712
TransE	NSSAL	sLCWA	False	909.3347318172456	0.4118064389862022
UM	SPL	sLCWA	False	728.047770023346	0.0588120168313925
UM	MRL	sLCWA	False	715.3493902683258	0.03217046677757119
