model	loss	training_approach	inverse_relations	model_bytes	hits@10
TuckER	BCEL	LCWA	True	8393984	0.5285742244838046
DistMult	CEL	LCWA	True	3834624	0.4738721988452882
TransE	SPL	LCWA	False	3773952	0.4531754574811625
UM	MRL	sLCWA	False	3713280	0.0343233193071729
UM	MRL	sLCWA	True	3713280	0.0330511791760446
