searcher	dataset	inverse_relations	model	loss	regularizer	optimizer	training_approach	negative_sampler	model_bytes	replicate	training_time	evaluation_time	hits@10
random	FB15k237	False	RotatE	NSSAL	No Reg.	Adam	sLCWA	Basic	30191616	0	3134.7069098949432	11.954871654510498	0.4817741461982582
random	FB15k237	False	TransE	MRL	No Reg.	Adam	sLCWA	Basic	7547904	0	1072.0691306591034	5.714874982833862	0.4412858401017712
random	FB15k237	False	TransE	NSSAL	No Reg.	Adam	sLCWA	Basic	15095808	1	909.3347318172456	6.817147254943848	0.4118064389862022
random	FB15k237	False	UM	SPL	No Reg.	Adam	sLCWA	Basic	7426560	0	728.047770023346	8.565985918045044	0.0588120168313925
random	FB15k237	False	UM	MRL	No Reg.	Adam	sLCWA	Basic	3713280	0	715.3493902683258	8.434056520462036	0.03217046677757119
