model	loss	training_approach	inverse_relations	hits@10	training_time
RotatE	NSSAL	sLCWA	False	0.4817741461982582	3134.7069098949432
TransE	MRL	sLCWA	False	0.4412858401017712	1072.0691306591034
TransE	NSSAL	sLCWA	False	0.4118064389862022	909.3347318172456
UM	SPL	sLCWA	False	0.0588120168313925	728.047770023346
UM	MRL	sLCWA	False	0.03217046677757119	715.3493902683258
