model	loss	training_approach	inverse_relations	training_time	hits@10
RotatE	NSSAL	sLCWA	False	3907.8825805187225	0.4805998630002936
TransE	MRL	sLCWA	False	617.6211771965028	0.43910852333887856
TransE	NSSAL	sLCWA	False	482.90449118614197	0.4065955572952344
