model	loss	training_approach	inverse_relations	model_bytes	hits@10
TuckER	SPL	LCWA	True	33686528	0.9869646182495344
RotatE	MRL	sLCWA	False	264192	0.98463687150838
SimplE	BCEL	LCWA	True	78848	0.983705772811918
ProjE	BCEL	sLCWA	True	40196	0.9608938547486032
ProjE	SPL	sLCWA	False	33796	0.9525139664804471
HolE	SPL	LCWA	False	33024	0.8798882681564246
UM	SPL	LCWA	False	26624	0.11871508379888268
UM	SPL	sLCWA	True	26624	0.054469273743016765
