model	loss	training_approach	inverse_relations	training_time	hits@10
TuckER	SPL	LCWA	True	83.48640727996826	0.9860335195530726
ComplEx	CEL	LCWA	True	46.75191783905029	0.983705772811918
RotatE	BCEL	LCWA	False	24.498307704925537	0.9818435754189944
RotatE	BCEL	LCWA	True	13.864165306091309	0.9799813780260708
RotatE	SPL	LCWA	False	9.8151593208313	0.9227188081936686
RotatE	BCEL	LCWA	False	6.669992923736572	0.1196461824953445
