model	loss	training_approach	inverse_relations	hits@10	model_bytes
TuckER	SPL	LCWA	True	0.9869646182495344	33686528
RotatE	MRL	sLCWA	False	0.98463687150838	264192
SimplE	BCEL	LCWA	True	0.983705772811918	78848
ProjE	BCEL	sLCWA	True	0.9608938547486032	40196
ProjE	SPL	sLCWA	False	0.9525139664804471	33796
HolE	SPL	LCWA	False	0.8798882681564246	33024
UM	SPL	LCWA	False	0.11871508379888268	26624
UM	SPL	sLCWA	True	0.054469273743016765	26624
