model	loss	training_approach	inverse_relations	training_time	hits@10
RotatE	MRL	sLCWA	False	99.46677017211914	0.9874301675977654
RotatE	BCEL	LCWA	False	19.829961299896237	0.9823091247672252
SE	SPL	LCWA	False	16.354190826416016	0.9427374301675978
RESCAL	SPL	LCWA	False	11.685282707214355	0.8365921787709497
UM	SPL	LCWA	False	8.921819925308226	0.09171322160148976
