model	loss	training_approach	inverse_relations	model_bytes	hits@10
RotatE	MRL	sLCWA	False	264192	0.9874301675977654
RotatE	NSSAL	sLCWA	True	78848	0.984171322160149
ProjE	NSSAL	sLCWA	True	40196	0.9543761638733704
ProjE	SPL	sLCWA	False	33796	0.940875232774674
HolE	SPL	LCWA	False	33024	0.8738361266294227
UM	SPL	LCWA	False	26624	0.10335195530726256
UM	MRL	sLCWA	False	26624	0.06843575418994413
