model	loss	training_approach	inverse_relations	model_bytes	hits@10
RotatE	BCEL	LCWA	True	83109888	0.6008891928864569
RotatE	SPL	LCWA	True	20777472	0.5832763337893296
TuckER	CEL	LCWA	True	12492544	0.560875512995896
MuRE	SPL	LCWA	False	10713208	0.554890560875513
TransH	MRL	sLCWA	False	10388736	0.481703146374829
UM	SPL	LCWA	True	10383104	0.4468194254445964
UM	SPL	sLCWA	True	10383104	0.390218878248974
