model	loss	training_approach	inverse_relations	training_time	hits@10
RotatE	BCEL	LCWA	True	83310.4478225708	0.6008891928864569
RotatE	NSSAL	sLCWA	False	1002.6382598876952	0.5801983584131327
MuRE	BCEL	sLCWA	True	890.1167061328888	0.5783173734610123
MuRE	BCEL	sLCWA	False	468.9013373851776	0.5642954856361149
QuatE	MRL	sLCWA	False	311.12912607192993	0.5109439124487004
TransH	BCEL	sLCWA	False	167.88897562026978	0.2511969904240766
