model	loss	training_approach	inverse_relations	training_time	hits@10
RotatE	SPL	LCWA	True	98520.47499585152	0.6008891928864569
RotatE	BCEL	LCWA	True	24584.70234394073	0.5933652530779754
RotatE	NSSAL	sLCWA	False	2125.798285961151	0.5825923392612861
RotatE	SPL	sLCWA	False	483.8021080493927	0.5128248974008208
DistMult	MRL	sLCWA	False	429.1998765468597	0.5018809849521204
TransE	BCEL	sLCWA	False	242.3115830421448	0.4358755129958961
