searcher	dataset	inverse_relations	model	loss	regularizer	optimizer	training_approach	negative_sampler	model_bytes	replicate	training_time	evaluation_time	hits@10
random	WN18RR	True	RotatE	SPL	No Reg.	Adam	LCWA	None	83109888	0	62017.37427973747	11.544936180114744	0.6017441860465116
random	WN18RR	True	RotatE	BCEL	No Reg.	Adam	LCWA	None	20777472	0	18070.137722492218	5.851069450378418	0.5928522571819426
random	WN18RR	True	RotatE	NSSAL	No Reg.	Adam	sLCWA	Basic	41554944	0	2063.501005172729	6.314969062805176	0.5796853625170999
random	WN18RR	False	RotatE	NSSAL	No Reg.	Adam	sLCWA	Basic	41543680	0	1404.8373560905454	6.188087463378906	0.5779753761969905
random	WN18RR	False	RotatE	SPL	No Reg.	Adam	sLCWA	Basic	20771840	0	432.040504693985	5.981503486633301	0.5073529411764706
random	WN18RR	False	TransE	NSSAL	No Reg.	Adam	sLCWA	Basic	20771840	0	415.4391179084778	4.4108662605285645	0.4981190150478797
random	WN18RR	False	TransE	BCEL	No Reg.	Adam	sLCWA	Basic	10385920	0	302.59446907043457	4.50662088394165	0.4339945280437757
random	WN18RR	False	UM	BCEL	No Reg.	Adam	sLCWA	Basic	10383104	0	284.36790513992315	4.634718656539917	0.4027017783857729
