model	loss	training_approach	inverse_relations	hits@10	training_time
RotatE	SPL	LCWA	True	0.6017441860465116	62017.37427973747
RotatE	BCEL	LCWA	True	0.5928522571819426	18070.137722492218
RotatE	NSSAL	sLCWA	True	0.5796853625170999	2063.501005172729
RotatE	NSSAL	sLCWA	False	0.5779753761969905	1404.8373560905454
RotatE	SPL	sLCWA	False	0.5073529411764706	432.040504693985
TransE	NSSAL	sLCWA	False	0.4981190150478797	415.4391179084778
TransE	BCEL	sLCWA	False	0.4339945280437757	302.59446907043457
UM	BCEL	sLCWA	False	0.4027017783857729	284.36790513992315
