model	loss	training_approach	inverse_relations	training_time	hits@10
RotatE	SPL	LCWA	True	62017.37427973747	0.6017441860465116
RotatE	BCEL	LCWA	True	18070.137722492218	0.5928522571819426
RotatE	NSSAL	sLCWA	True	2063.501005172729	0.5796853625170999
RotatE	NSSAL	sLCWA	False	1404.8373560905454	0.5779753761969905
RotatE	SPL	sLCWA	False	432.040504693985	0.5073529411764706
TransE	NSSAL	sLCWA	False	415.4391179084778	0.4981190150478797
TransE	BCEL	sLCWA	False	302.59446907043457	0.4339945280437757
UM	BCEL	sLCWA	False	284.36790513992315	0.4027017783857729
