model	loss	training_approach	inverse_relations	model_bytes	hits@10
RotatE	SPL	LCWA	True	83109888	0.6008891928864569
RotatE	BCEL	LCWA	True	20777472	0.5933652530779754
ConvE	SPL	LCWA	True	11112100	0.5312927496580028
ConvKB	SPL	sLCWA	True	5196676	0.4136456908344733
ConvKB	NSSAL	sLCWA	False	2599044	0.2033173734610123
