model	loss	training_approach	inverse_relations	model_bytes	hits@10
RotatE	SPL	LCWA	True	83109888	0.6017441860465116
RotatE	BCEL	LCWA	True	20777472	0.5928522571819426
ConvE	SPL	LCWA	True	11112100	0.530608755129959
ConvKB	BCEL	sLCWA	False	5211396	0.4186046511627907
ConvKB	NSSAL	sLCWA	False	2599044	0.2009233926128591
