model	loss	training_approach	inverse_relations	training_time	hits@10
RotatE	NSSAL	sLCWA	True	13324.22988319397	0.6278602970694499
ComplEx	SPL	sLCWA	False	6988.109293937683	0.6199317543155359
ComplEx	SPL	sLCWA	True	5192.0094187259665	0.6099959855479727
ComplEx	BCEL	sLCWA	False	4149.03639793396	0.6019670814933762
ERMLP	BCEL	sLCWA	False	3519.3482892513275	0.5810919309514251
DistMult	MRL	sLCWA	False	1906.5350289344788	0.4871537535126455
TransE	MRL	sLCWA	False	950.0389654636383	0.40847049377759936
TransE	SPL	sLCWA	False	939.8010635375977	0.16218386190285025
