model	loss	training_approach	inverse_relations	model_bytes	hits@10
RotatE	NSSAL	sLCWA	True	252348416	0.6278602970694499
ComplEx	SPL	sLCWA	True	126174208	0.6099959855479727
ERMLP	SPL	sLCWA	True	63284740	0.5875150541951024
ConvKB	SPL	sLCWA	False	31561284	0.5270975511842634
ConvKB	NSSAL	sLCWA	False	31547684	0.5144520272982738
DistMult	SPL	sLCWA	True	31543552	0.4994981934965877
TransE	BCEL	sLCWA	False	31534080	0.14251304696908873
