model	loss	training_approach	inverse_relations	model_bytes	hits@10
RotatE	NSSAL	sLCWA	True	252348416	0.6259534323564834
ComplEx	SPL	sLCWA	True	126174208	0.6113006824568447
ERMLP	SPL	sLCWA	True	63284740	0.5978522681653954
ConvKB	SPL	sLCWA	False	31561284	0.5264953833801687
DistMult	SPL	sLCWA	True	31543552	0.5015054195102369
TransE	BCEL	sLCWA	False	31534080	0.14311521477318345
