model	loss	training_approach	inverse_relations	training_time	hits@10
MuRE	SPL	sLCWA	True	9807.71062707901	0.668506623845845
MuRE	SPL	sLCWA	False	5684.655238628387	0.6494379767161782
ComplEx	SPL	sLCWA	False	3517.1798861026764	0.6230429546366921
HolE	BCEL	sLCWA	False	2026.475354194641	0.6017663588920112
DistMult	MRL	sLCWA	False	789.5838005542755	0.4846447209955841
TransE	MRL	sLCWA	False	408.7444372177124	0.4130871136089923
TransE	SPL	sLCWA	False	357.38145875930786	0.167402649538338
