model	loss	training_approach	inverse_relations	hits@10	model_bytes
RotatE	NSSAL	sLCWA	True	0.6278602970694499	252348416
ComplEx	SPL	sLCWA	True	0.6099959855479727	126174208
ERMLP	SPL	sLCWA	True	0.5875150541951024	63284740
ConvKB	SPL	sLCWA	False	0.5270975511842634	31561284
ConvKB	NSSAL	sLCWA	False	0.5144520272982738	31547684
DistMult	SPL	sLCWA	True	0.4994981934965877	31543552
TransE	BCEL	sLCWA	False	0.14251304696908873	31534080
