{
  "times": {
    "training": 8946.016568660736,
    "evaluation": 8.324207544326782
  },
  "metrics": {
    "mean_rank": {
      "avg": 6935.42484587533,
      "best": 6935.416968392211,
      "worst": 6935.43272335845
    },
    "mean_reciprocal_rank": {
      "avg": 0.000536584735913307,
      "best": 0.000536585886905427,
      "worst": 0.0005365835877589671
    },
    "hits_at_k": {
      "avg": {
        "1": 2.4464233290928664e-05,
        "3": 4.892846658185733e-05,
        "5": 9.785693316371466e-05,
        "10": 0.00022017809961835796
      },
      "best": {
        "1": 2.4464233290928664e-05,
        "3": 4.892846658185733e-05,
        "5": 9.785693316371466e-05,
        "10": 0.00022017809961835796
      },
      "worst": {
        "1": 2.4464233290928664e-05,
        "3": 4.892846658185733e-05,
        "5": 9.785693316371466e-05,
        "10": 0.00022017809961835796
      }
    },
    "adjusted_mean_rank": 0.9710222100635499
  },
  "losses": [
    0.005198224807687245,
    0.004513303930321469,
    0.0037283500052195085,
    0.0029828646678776243,
    0.0023376312957008043,
    0.001809280699313948,
    0.0013908736976620821,
    0.0010659042733758498,
    0.0008162037404684808,
    0.0006254426919221551,
    0.00048020671230861466,
    0.00036991312895291094,
    0.00028640290725100485,
    0.00022343281087067263,
    0.00017624182608201195,
    0.00014118360219950084,
    0.00011541371055092268,
    9.664961203468572e-05,
    8.301947934250017e-05,
    7.29985259746731e-05,
    6.545051736077063e-05,
    5.959059419133002e-05,
    5.491953202479982e-05,
    5.109752977608492e-05,
    4.792303838376481e-05,
    4.524506904894442e-05,
    4.2954793469533576e-05,
    4.097724858692605e-05,
    3.925053772563006e-05,
    3.773310896607512e-05,
    3.6385275958046905e-05,
    3.5184467801333776e-05,
    3.410874953140294e-05,
    3.314803543258783e-05,
    3.2262084984798235e-05,
    3.146430032143247e-05,
    3.073003154003685e-05,
    3.0060606098342827e-05,
    2.9444103459052406e-05,
    2.8885480854398338e-05,
    2.835043390901001e-05,
    2.78633031178064e-05,
    2.741206347464176e-05,
    2.6990992065476613e-05,
    2.659615672481614e-05,
    2.623426391903202e-05,
    2.5884922541967784e-05,
    2.5556278615954625e-05,
    2.5252644299399838e-05,
    2.4963729630115882e-05,
    2.469139778520878e-05,
    2.4434073133549628e-05,
    2.4193177069906443e-05,
    2.396382346849301e-05,
    2.374461903648093e-05,
    2.3536703606397276e-05,
    2.33423188286062e-05,
    2.315284282831699e-05,
    2.2975194375545637e-05,
    2.2804932058828e-05,
    2.2642796858199462e-05,
    2.2489313057518986e-05,
    2.2340472710780434e-05,
    2.2198941571677522e-05,
    2.2062676361510933e-05,
    2.193283391520449e-05,
    2.180720720002663e-05,
    2.1689522078673765e-05,
    2.1572472404594947e-05,
    2.146299714038823e-05,
    2.1356465365760298e-05,
    2.1253981076926843e-05,
    2.115773999320504e-05,
    2.1062036631472892e-05,
    2.0969266595367332e-05,
    2.0881109246036122e-05,
    2.0799123771388224e-05,
    2.071577552921026e-05,
    2.0639316310242274e-05,
    2.0561757326603778e-05,
    2.0493351718028798e-05,
    2.041394561475777e-05,
    2.034595123522475e-05,
    2.027835268442903e-05,
    2.021165055626493e-05,
    2.0152723606554192e-05,
    2.0090040182522388e-05,
    2.0032395272787785e-05,
    1.9974902082729596e-05,
    1.9919001474867883e-05,
    1.9865795001839042e-05,
    1.9813325962466974e-05,
    1.9765840925819858e-05,
    1.972039445725468e-05,
    1.966683644400227e-05,
    1.96194098323873e-05,
    1.957564839917566e-05,
    1.9530584465094294e-05,
    1.9488040413444066e-05,
    1.9456517929444885e-05,
    1.9406468483094508e-05,
    1.9369102716610673e-05,
    1.9334048888004042e-05,
    1.9293358057157437e-05,
    1.9257746425192274e-05,
    1.9227046834019465e-05,
    1.918655796710147e-05,
    1.9153195355901792e-05,
    1.9121936348390356e-05,
    1.9088422475588165e-05,
    1.906038091695845e-05,
    1.9028183603772944e-05,
    1.8996627478950715e-05,
    1.897116805258473e-05,
    1.894357464110937e-05,
    1.892543205875875e-05,
    1.8888366157251417e-05,
    1.8858670820395937e-05,
    1.88354208166785e-05,
    1.88105517915788e-05,
    1.87866820037595e-05,
    1.875982810321663e-05,
    1.8737243031489427e-05,
    1.8713692507182073e-05,
    1.8703825994266112e-05,
    1.8670953849561133e-05,
    1.8649372511860185e-05,
    1.863125730895231e-05,
    1.8609961191861812e-05,
    1.8590867469212957e-05,
    1.8567819046788546e-05,
    1.8550625784106266e-05,
    1.8531538716361304e-05,
    1.8511845032000496e-05,
    1.8493439421903457e-05,
    1.8475586848552123e-05,
    1.8458818333924812e-05,
    1.8441317905081297e-05,
    1.842548759113659e-05,
    1.8414575547478238e-05,
    1.8399824255000043e-05,
    1.8381845166924994e-05,
    1.8364215274263977e-05,
    1.834701898082787e-05,
    1.833228740885897e-05,
    1.832038177957227e-05,
    1.8303790884073226e-05,
    1.8290700074498426e-05,
    1.8280179827127142e-05,
    1.8266351524011547e-05,
    1.825159499673633e-05,
    1.8237294359542097e-05,
    1.822624637759214e-05,
    1.821188002817989e-05,
    1.8201257365127423e-05,
    1.818792400192095e-05,
    1.8177865400496458e-05,
    1.816387751889834e-05,
    1.8154633297436135e-05,
    1.8143261194368792e-05,
    1.813256566023535e-05,
    1.812026443552573e-05,
    1.811205983184175e-05,
    1.809990682242653e-05,
    1.809162467748536e-05,
    1.8081198618352432e-05,
    1.807072323655912e-05,
    1.8060766924826044e-05,
    1.805363833985248e-05,
    1.804404262016329e-05,
    1.8032502373642458e-05,
    1.8054060880753398e-05,
    1.801490145007284e-05,
    1.800549782900247e-05,
    1.7999245909598648e-05,
    1.7989637544269944e-05,
    1.798104772920848e-05,
    1.7973463511577467e-05,
    1.7965412580411284e-05,
    1.7962593954468106e-05,
    1.7953935528646283e-05,
    1.7942196276623205e-05,
    1.794301338169747e-05,
    1.792745613346162e-05,
    1.792390493457796e-05,
    1.7913266237383437e-05,
    1.7906383893964216e-05,
    1.7901846024890498e-05,
    1.789393831142465e-05,
    1.788512501618225e-05,
    1.7883578627900295e-05,
    1.7876434949041637e-05,
    1.78663563315763e-05,
    1.786255298361815e-05,
    1.7854232341026215e-05,
    1.7850629944412257e-05,
    1.78424376993911e-05,
    1.7836517572481547e-05,
    1.7829363504911167e-05,
    1.782519079695465e-05,
    1.7819371747279444e-05,
    1.781727198083507e-05,
    1.780725595772989e-05,
    1.7805757398118557e-05,
    1.779727108987187e-05,
    1.779311723838372e-05,
    1.7790919344576504e-05,
    1.7782061753820943e-05,
    1.777722371024031e-05,
    1.7774091038472486e-05,
    1.776646916623334e-05,
    1.7762368891504474e-05,
    1.7759148890163413e-05,
    1.7753961918702573e-05,
    1.7757585254504615e-05,
    1.774410876147956e-05,
    1.7742217154238358e-05,
    1.773760048245436e-05,
    1.7733534147968665e-05,
    1.7726417982319664e-05,
    1.7723431872424978e-05,
    1.772953855207049e-05,
    1.7714927837729252e-05,
    1.7710018980900495e-05,
    1.7713936089840517e-05,
    1.7712093274080628e-05,
    1.7703021618157164e-05,
    1.7696137020921012e-05,
    1.769092812724083e-05,
    1.7688013100461234e-05,
    1.768473797470882e-05,
    1.7679055240516803e-05,
    1.7676443129688117e-05,
    1.76743447079123e-05,
    1.7676357618411634e-05,
    1.7670964519915893e-05,
    1.766543833423029e-05,
    1.7660267777991665e-05,
    1.7655817992096638e-05,
    1.7659024643188753e-05,
    1.7649142038579855e-05,
    1.7646526868221902e-05,
    1.7662525206629768e-05,
    1.764182983518755e-05,
    1.7638313143501014e-05,
    1.7634937708896284e-05,
    1.7634323119150283e-05,
    1.7631001905252534e-05,
    1.762512497261226e-05,
    1.762388565638807e-05
  ]
}