{
  "times": {
    "training": 500.8281168937683,
    "evaluation": 0.1907215118408203
  },
  "metrics": {
    "mean_rank": {
      "worst": 4.705772811918063,
      "avg": 4.705772811918063,
      "best": 4.705772811918063
    },
    "mean_reciprocal_rank": {
      "worst": 0.48548750819895375,
      "avg": 0.48548750819895375,
      "best": 0.48548750819895375
    },
    "hits_at_k": {
      "worst": {
        "1": 0.28677839851024206,
        "3": 0.601024208566108,
        "5": 0.7537243947858473,
        "10": 0.9157355679702048
      },
      "avg": {
        "1": 0.28677839851024206,
        "3": 0.601024208566108,
        "5": 0.7537243947858473,
        "10": 0.9157355679702048
      },
      "best": {
        "1": 0.28677839851024206,
        "3": 0.601024208566108,
        "5": 0.7537243947858473,
        "10": 0.9157355679702048
      }
    },
    "adjusted_mean_rank": 0.09797897069407992
  },
  "losses": [
    0.012354272258143579,
    0.012328283814190145,
    0.012301655686791806,
    0.012272245617764774,
    0.012234300614791584,
    0.012188315896442934,
    0.01212234911857668,
    0.012046675142842564,
    0.011942818876851197,
    0.011818814234396492,
    0.011655735128388255,
    0.011475446040145634,
    0.011309669666124808,
    0.011123057608300827,
    0.010955356014369245,
    0.010796116099061535,
    0.010671265057919457,
    0.010547564148707559,
    0.010431174024039607,
    0.010335016427980213,
    0.01025107416345246,
    0.010177134327792775,
    0.010070495714681146,
    0.009988297281476358,
    0.009928052967208462,
    0.009821155330005767,
    0.009779290246431914,
    0.00967902421457728,
    0.009627990251536087,
    0.00952946495488007,
    0.009458079253504757,
    0.009351963411462022,
    0.009242908258256171,
    0.00909571101006525,
    0.00891498181391647,
    0.008671252130206381,
    0.00841201215455734,
    0.008105976152153553,
    0.00781965108103492,
    0.007530328339795942,
    0.007283410871896739,
    0.007048521913790357,
    0.006811283064451529,
    0.006585669262101002,
    0.006326923579586258,
    0.006093593391464249,
    0.005855300533062035,
    0.005591246683136577,
    0.005328344831928569,
    0.0050881201177242485,
    0.004826077232172203,
    0.004558370786558572,
    0.00431621369420924,
    0.004104448626714337,
    0.003908736121357673,
    0.0037412927387899648,
    0.003584694829533986,
    0.0034727899622336057,
    0.0033526845720652423,
    0.0032480033468812604,
    0.003170583856489147,
    0.003063335042984891,
    0.003006039323566014,
    0.002905762624667002,
    0.0028866412121783384,
    0.0028217775864467333,
    0.002776804831936739,
    0.002713155973382636,
    0.0026802781138487147,
    0.0026527749964651696,
    0.0026070549865017823,
    0.0025790432078479563,
    0.002550318700148923,
    0.002506231318279396,
    0.002492630533343844,
    0.0024570529960655724,
    0.002450522542878818,
    0.0024258700632821587,
    0.002382669614759633,
    0.0023936952825300813,
    0.0023717744745076932,
    0.0023646154872591744,
    0.0023323677881134236,
    0.0023197093016026744,
    0.002303523836659149,
    0.002284819617006781,
    0.0022877190588652557,
    0.002268080575952362,
    0.0022192537725278724,
    0.0021923951275318806,
    0.002207925095622278,
    0.002197657492598658,
    0.002186626334559549,
    0.002183014116239514,
    0.002161246905589916,
    0.00216368136525046,
    0.0021469579019395405,
    0.002128200875948382,
    0.00214869224835686,
    0.0021189982938093627,
    0.00211688926773083,
    0.002080964007260529,
    0.002095496497153608,
    0.0020996829991779126,
    0.0020868420535053236,
    0.0020672862081394325,
    0.002070991188651369,
    0.0020542318839732424,
    0.002050693991985556,
    0.002056585337209327,
    0.002042658945322316,
    0.0020352268204780134,
    0.002042844491942754,
    0.002032549276796243,
    0.002014778533183938,
    0.0019943709154953406,
    0.0019933341935622307,
    0.001993526817100604,
    0.0019815304843719336,
    0.0019946752276536676,
    0.001965881242789154,
    0.0019520217325400618,
    0.0019750243317935797,
    0.001959742948893381,
    0.0019431808498083728,
    0.001944931295276567,
    0.0019366962087213337,
    0.0019350537493099435,
    0.0019267684958172327,
    0.0019217839437076466,
    0.0019244551806329585,
    0.0019138336557919361,
    0.0019145778948567592,
    0.0018898209313642274,
    0.0019105170792503255,
    0.0019001374656660657,
    0.0018867248294732013,
    0.0018813478116103891,
    0.0018758102454644477,
    0.0018659728085003054,
    0.0018729625319040028,
    0.0018763163505027887,
    0.0018673259154492327,
    0.001856192046395339,
    0.0018493280199283126,
    0.0018592612135633023,
    0.0018464255356840258,
    0.0018606572204848493,
    0.0018212483222539665,
    0.001815909020775364,
    0.0018417369195522586,
    0.0018386707263706558,
    0.0018312935184923694,
    0.0018092513624849043,
    0.0018179362238871374,
    0.0018218704057841697,
    0.0017954828154403814,
    0.0018192525198861907,
    0.0017961750187094007,
    0.0018029992419821715,
    0.0017940488995806304,
    0.0017942469622107041,
    0.0017778284093761844,
    0.001789031751889453,
    0.001771774083628382,
    0.0017872899593606641,
    0.0017791195199340895,
    0.0017616088865743426,
    0.0017800680268490478,
    0.0017596699304186325,
    0.0017605487398183225,
    0.0017648904194335073,
    0.0017533247699840727,
    0.001752574254683662,
    0.0017437100269193395,
    0.0017451446608915814,
    0.0017434627978368366,
    0.0017489486410804023,
    0.001739328127827021,
    0.0017210409736408143,
    0.0017253856730781677,
    0.001713322751330428,
    0.00173183870211868,
    0.0017318779750128035,
    0.0017210199493934027,
    0.0017134994543650211,
    0.001740752132905975,
    0.0017318808330198548,
    0.0017092631520897025,
    0.001710281201135995,
    0.001712661567567028,
    0.0017042153684748511,
    0.0017040448930604585,
    0.0016766525475807098,
    0.0016916355931645693,
    0.0016948867163905168,
    0.0016896075327978348,
    0.0016808029621087838,
    0.0016819289317555127,
    0.0017023548618576416,
    0.0016860970439740773,
    0.0016735776136031946,
    0.0016960914077020115,
    0.0016895275847935763,
    0.0016851091901518838,
    0.001681055420179492,
    0.0016902342964310814,
    0.0016575345371336212,
    0.0016593751767894414,
    0.001679655514216689,
    0.0016690306200895263,
    0.0016594583380418874,
    0.001652628855532548,
    0.0016547208871541558,
    0.0016740280487910367,
    0.001647477897803198,
    0.0016600132663363648,
    0.0016518322210706603,
    0.0016464984283367458,
    0.001632267675839525,
    0.0016321092822208778,
    0.0016459075092862985,
    0.0016332710815169795,
    0.0016553691332838899,
    0.0016536796438810328,
    0.0016319486297852767,
    0.0016143577052249785,
    0.001626372832378934,
    0.0016493488186320694,
    0.0016294548249618614,
    0.0016036040325887145,
    0.001612534433198231,
    0.0016134090089171163,
    0.0016250595523869403,
    0.0016287198127923213,
    0.0016081412075382173,
    0.001613593605357442,
    0.0015983004617846608,
    0.0016115728822625713,
    0.0016199119722824682,
    0.0016066351075842453,
    0.001595954669178167,
    0.0016070837702180088,
    0.0016129936065659108,
    0.001603616971530418,
    0.0016270969382422707,
    0.0016003974140246752,
    0.0015961067881417716,
    0.0015801294026146417,
    0.001584061812284605,
    0.0015760059573636164,
    0.001600884766494925,
    0.0015855346703775443,
    0.0015737593809686853,
    0.0015836424282677855,
    0.0016098007778763555,
    0.0016046688301804431,
    0.0015944561732266697,
    0.0015799527577877095,
    0.0015743529568609436,
    0.0015674222991361427,
    0.0015778591684571534,
    0.0015738216403842127,
    0.0015770994288230328,
    0.0015758255886089245,
    0.0015714941715275737,
