{
  "times": {
    "training": 26.98771643638611,
    "evaluation": 0.3080174922943115
  },
  "metrics": {
    "arithmetic_mean_rank": {
      "both": {
        "optimistic": 3.0512104283054002,
        "pessimistic": 3.0512104283054002,
        "realistic": 3.0512104283054002
      },
      "head": {
        "optimistic": 3.311918063314711,
        "pessimistic": 3.311918063314711,
        "realistic": 3.311918063314711
      },
      "tail": {
        "optimistic": 2.7905027932960893,
        "pessimistic": 2.7905027932960893,
        "realistic": 2.7905027932960893
      }
    },
    "geometric_mean_rank": {
      "both": {
        "optimistic": 1.7752086584214493,
        "pessimistic": 1.7752086584214493,
        "realistic": 1.7752086584214493
      },
      "head": {
        "optimistic": 1.877262479680906,
        "pessimistic": 1.877262479680906,
        "realistic": 1.877262479680906
      },
      "tail": {
        "optimistic": 1.6787027999782669,
        "pessimistic": 1.6787027999782669,
        "realistic": 1.6787027999782669
      }
    },
    "median_rank": {
      "both": {
        "optimistic": 1.0,
        "pessimistic": 1.0,
        "realistic": 1.0
      },
      "head": {
        "optimistic": 1.0,
        "pessimistic": 1.0,
        "realistic": 1.0
      },
      "tail": {
        "optimistic": 1.0,
        "pessimistic": 1.0,
        "realistic": 1.0
      }
    },
    "harmonic_mean_rank": {
      "both": {
        "optimistic": 1.40683475542118,
        "pessimistic": 1.40683475542118,
        "realistic": 1.40683475542118
      },
      "head": {
        "optimistic": 1.4572197314634594,
        "pessimistic": 1.4572197314634594,
        "realistic": 1.4572197314634594
      },
      "tail": {
        "optimistic": 1.359817566436267,
        "pessimistic": 1.359817566436267,
        "realistic": 1.359817566436267
      }
    },
    "inverse_arithmetic_mean_rank": {
      "both": {
        "optimistic": 0.3277387854745194,
        "pessimistic": 0.3277387854745194,
        "realistic": 0.3277387854745194
      },
      "head": {
        "optimistic": 0.30193983694124266,
        "pessimistic": 0.30193983694124266,
        "realistic": 0.30193983694124266
      },
      "tail": {
        "optimistic": 0.3583583583583584,
        "pessimistic": 0.3583583583583584,
        "realistic": 0.3583583583583584
      }
    },
    "inverse_geometric_mean_rank": {
      "both": {
        "optimistic": 0.5633140618462394,
        "pessimistic": 0.5633140618462394,
        "realistic": 0.5633140618462394
      },
      "head": {
        "optimistic": 0.532690559164629,
        "pessimistic": 0.532690559164629,
        "realistic": 0.532690559164629
      },
      "tail": {
        "optimistic": 0.595698059247263,
        "pessimistic": 0.595698059247263,
        "realistic": 0.595698059247263
      }
    },
    "inverse_harmonic_mean_rank": {
      "both": {
        "optimistic": 0.7108155354753222,
        "pessimistic": 0.7108155354753222,
        "realistic": 0.7108155354753222
      },
      "head": {
        "optimistic": 0.6862383060073707,
        "pessimistic": 0.6862383060073707,
        "realistic": 0.6862383060073707
      },
      "tail": {
        "optimistic": 0.7353927649432735,
        "pessimistic": 0.7353927649432735,
        "realistic": 0.7353927649432735
      }
    },
    "inverse_median_rank": {
      "both": {
        "optimistic": 1.0,
        "pessimistic": 1.0,
        "realistic": 1.0
      },
      "head": {
        "optimistic": 1.0,
        "pessimistic": 1.0,
        "realistic": 1.0
      },
      "tail": {
        "optimistic": 1.0,
        "pessimistic": 1.0,
        "realistic": 1.0
      }
    },
    "rank_std": {
      "both": {
        "optimistic": 6.396153946963897,
        "pessimistic": 6.396153946963897,
        "realistic": 6.396153946963897
      },
      "head": {
        "optimistic": 6.948098855014886,
        "pessimistic": 6.948098855014886,
        "realistic": 6.948098855014886
      },
      "tail": {
        "optimistic": 5.7800999978858645,
        "pessimistic": 5.7800999978858645,
        "realistic": 5.7800999978858645
      }
    },
    "rank_var": {
      "both": {
        "optimistic": 40.91078531326183,
        "pessimistic": 40.91078531326183,
        "realistic": 40.91078531326183
      },
      "head": {
        "optimistic": 48.27607769905918,
        "pessimistic": 48.27607769905918,
        "realistic": 48.27607769905918
      },
      "tail": {
        "optimistic": 33.409555985560175,
        "pessimistic": 33.409555985560175,
        "realistic": 33.409555985560175
      }
    },
    "hits_at_k": {
      "both": {
        "optimistic": {
          "1": 0.5749534450651769,
          "3": 0.8123836126629422,
          "5": 0.8854748603351955,
          "10": 0.952048417132216
        },
        "pessimistic": {
          "1": 0.5749534450651769,
          "3": 0.8123836126629422,
          "5": 0.8854748603351955,
          "10": 0.952048417132216
        },
        "realistic": {
          "1": 0.5749534450651769,
          "3": 0.8123836126629422,
          "5": 0.8854748603351955,
          "10": 0.952048417132216
        }
      },
      "head": {
        "optimistic": {
          "1": 0.542830540037244,
          "3": 0.7905027932960894,
          "5": 0.8696461824953445,
          "10": 0.9478584729981379
        },
        "pessimistic": {
          "1": 0.542830540037244,
          "3": 0.7905027932960894,
          "5": 0.8696461824953445,
          "10": 0.9478584729981379
        },
        "realistic": {
          "1": 0.542830540037244,
          "3": 0.7905027932960894,
          "5": 0.8696461824953445,
          "10": 0.9478584729981379
        }
      },
      "tail": {
        "optimistic": {
          "1": 0.6070763500931099,
          "3": 0.8342644320297952,
          "5": 0.9013035381750466,
          "10": 0.9562383612662942
        },
        "pessimistic": {
          "1": 0.6070763500931099,
          "3": 0.8342644320297952,
          "5": 0.9013035381750466,
          "10": 0.9562383612662942
        },
        "realistic": {
          "1": 0.6070763500931099,
          "3": 0.8342644320297952,
          "5": 0.9013035381750466,
          "10": 0.9562383612662942
        }
      }
    },
    "adjusted_arithmetic_mean_rank": {
      "both": {
        "realistic": 0.06394115150657802
      },
      "head": {
        "realistic": 0.07017786151858026
      },
      "tail": {
        "realistic": 0.0578403937083856
      }
    },
    "adjusted_arithmetic_mean_rank_index": {
      "both": {
        "realistic": 0.9560947659500262
      },
      "head": {
        "realistic": 0.949951120203985
      },
      "tail": {
        "realistic": 0.9621016534952012
      }
    }
  },