{
  "times": {
    "training": 43595.795850515366,
    "evaluation": 12.484864950180054
  },
  "metrics": {
    "arithmetic_mean_rank": {
      "both": {
        "pessimistic": 18983.39876880985,
        "realistic": 18983.392441860466,
        "optimistic": 18983.38611491108
      },
      "tail": {
        "pessimistic": 17779.106703146375,
        "realistic": 17779.0988372093,
        "optimistic": 17779.09097127223
      },
      "head": {
        "pessimistic": 20187.690834473324,
        "realistic": 20187.68604651163,
        "optimistic": 20187.681258549932
      }
    },
    "geometric_mean_rank": {
      "both": {
        "pessimistic": 11185.951417505437,
        "realistic": 11185.938434380856,
        "optimistic": 11185.9254380216
      },
      "tail": {
        "pessimistic": 11101.39803538658,
        "realistic": 11101.391264928307,
        "optimistic": 11101.384493798516
      },
      "head": {
        "pessimistic": 11271.14879729064,
        "realistic": 11271.12950725883,
        "optimistic": 11271.110191244738
      }
    },
    "median_rank": {
      "both": {
        "pessimistic": 18509.0,
        "realistic": 18509.0,
        "optimistic": 18509.0
      },
      "tail": {
        "pessimistic": 16973.0,
        "realistic": 16973.0,
        "optimistic": 16973.0
      },
      "head": {
        "pessimistic": 20484.0,
        "realistic": 20484.0,
        "optimistic": 20484.0
      }
    },
    "harmonic_mean_rank": {
      "both": {
        "pessimistic": 1307.7525188326588,
        "realistic": 1307.7498535413213,
        "optimistic": 1307.7471799794862
      },
      "tail": {
        "pessimistic": 1529.501171962834,
        "realistic": 1529.5008872864835,
        "optimistic": 1529.5006024752615
      },
      "head": {
        "pessimistic": 1142.1608622205963,
        "realistic": 1142.1569548725565,
        "optimistic": 1142.1530349927555
      }
    },
    "inverse_arithmetic_mean_rank": {
      "both": {
        "pessimistic": 5.267760595341981e-05,
        "realistic": 5.2677623510268383e-05,
        "optimistic": 5.267764106712866e-05
      },
      "tail": {
        "pessimistic": 5.6245795511370076e-05,
        "realistic": 5.624582039597712e-05,
        "optimistic": 5.624584528060617e-05
      },
      "head": {
        "pessimistic": 4.9535135454539416e-05,
        "realistic": 4.953514720290575e-05,
        "optimistic": 4.953515895127766e-05
      }
    },
    "inverse_geometric_mean_rank": {
      "both": {
        "pessimistic": 8.939784938052311e-05,
        "realistic": 8.939795314145676e-05,
        "optimistic": 8.939805700840296e-05
      },
      "tail": {
        "pessimistic": 9.007874475020365e-05,
        "realistic": 9.0078799686956e-05,
        "optimistic": 9.007885462922419e-05
      },
      "head": {
        "pessimistic": 8.87221008243969e-05,
        "realistic": 8.872225266828673e-05,
        "optimistic": 8.872240471722013e-05
      }
    },
    "inverse_harmonic_mean_rank": {
      "both": {
        "pessimistic": 0.0007646706739992607,
        "realistic": 0.0007646722324548919,
        "optimistic": 0.0007646737957528507
      },
      "tail": {
        "pessimistic": 0.0006538079331555422,
        "realistic": 0.0006538080548446879,
        "optimistic": 0.0006538081765915317
      },
      "head": {
        "pessimistic": 0.000875533414842979,
        "realistic": 0.000875536410065096,
        "optimistic": 0.0008755394149141695
      }
    },
    "inverse_median_rank": {
      "both": {
        "pessimistic": 5.4027770273920795e-05,
        "realistic": 5.4027770273920795e-05,
        "optimistic": 5.4027770273920795e-05
      },
      "tail": {
        "pessimistic": 5.891710363518529e-05,
        "realistic": 5.891710363518529e-05,
        "optimistic": 5.891710363518529e-05
      },
      "head": {
        "pessimistic": 4.881859011911736e-05,
        "realistic": 4.881859011911736e-05,
        "optimistic": 4.881859011911736e-05
      }
    },
    "rank_std": {
      "both": {
        "pessimistic": 13014.928771287794,
        "realistic": 13014.927923472005,
        "optimistic": 13014.92707590272
      },
      "tail": {
        "pessimistic": 12244.339327484755,
        "realistic": 12244.337728477063,
        "optimistic": 12244.336129785317
      },
      "head": {
        "pessimistic": 13636.431260339334,
        "realistic": 13636.43080593043,
        "optimistic": 13636.430351707928
      }
    },
    "rank_var": {
      "both": {
        "pessimistic": 169388370.9216948,
        "realistic": 169388348.85317132,
        "optimistic": 169388326.79106575
      },
      "tail": {
        "pessimistic": 149923845.5665898,
        "realistic": 149923806.40900686,
        "optimistic": 149923767.2591661
      },
      "head": {
        "pessimistic": 185952257.51795977,
        "realistic": 185952245.1249284,
        "optimistic": 185952232.73698118
      }
    },
    "hits_at_k": {
      "both": {
        "pessimistic": {
          "1": 0.0,
          "3": 0.0001709986320109439,
          "5": 0.0003419972640218878,
          "10": 0.0015389876880984952
        },
        "realistic": {
          "1": 0.0,
          "3": 0.0001709986320109439,
          "5": 0.0003419972640218878,
          "10": 0.0015389876880984952
        },
        "optimistic": {
          "1": 0.0,
          "3": 0.0001709986320109439,
          "5": 0.0003419972640218878,
          "10": 0.0015389876880984952
        }
      },
      "tail": {
        "pessimistic": {
          "1": 0.0,
          "3": 0.0,
          "5": 0.0003419972640218878,
          "10": 0.001709986320109439
        },
        "realistic": {
          "1": 0.0,
          "3": 0.0,
          "5": 0.0003419972640218878,
          "10": 0.001709986320109439
        },
        "optimistic": {
          "1": 0.0,
          "3": 0.0,
          "5": 0.0003419972640218878,
          "10": 0.001709986320109439
        }
      },
      "head": {
        "pessimistic": {
          "1": 0.0,
          "3": 0.0003419972640218878,
          "5": 0.0003419972640218878,
          "10": 0.0013679890560875513
        },
        "realistic": {
          "1": 0.0,
          "3": 0.0003419972640218878,
          "5": 0.0003419972640218878,
          "10": 0.0013679890560875513
        },
        "optimistic": {
          "1": 0.0,
          "3": 0.0003419972640218878,
          "5": 0.0003419972640218878,
          "10": 0.0013679890560875513
        }
      }
    },
    "adjusted_arithmetic_mean_rank": {
      "both": {
        "realistic": 0.9364088063585243
      },
      "tail": {
        "realistic": 0.8768091411445365
      },
      "head": {
        "realistic": 0.996034922139922
      }
    },
    "adjusted_arithmetic_mean_rank_index": {
      "both": {
        "realistic": 0.06359433060929631
      },
      "tail": {
        "realistic": 0.12319693454013991
      },
      "head": {
        "realistic": 0.003965273501662425
      }
    }
  },