{
  "times": {
    "training": 162.49955201148987,
    "evaluation": 0.10702013969421387
  },
  "metrics": {
    "mean_rank": {
      "worst": 21.13268156424581,
      "avg": 21.13268156424581,
      "best": 21.13268156424581
    },
    "mean_reciprocal_rank": {
      "worst": 0.22735780927558957,
      "avg": 0.22735780927558957,
      "best": 0.22735780927558957
    },
    "hits_at_k": {
      "worst": {
        "1": 0.11452513966480447,
        "3": 0.24022346368715083,
        "5": 0.3272811918063315,
        "10": 0.46834264432029793
      },
      "avg": {
        "1": 0.11452513966480447,
        "3": 0.24022346368715083,
        "5": 0.3272811918063315,
        "10": 0.46834264432029793
      },
      "best": {
        "1": 0.11452513966480447,
        "3": 0.24022346368715083,
        "5": 0.3272811918063315,
        "10": 0.46834264432029793
      }
    },
    "adjusted_mean_rank": 0.43799685948620265
  },
  "losses": [
    0.4076429690314589,
    0.24862153074714574,
    0.15258572275718946,
    0.09320100394081088,
    0.05607971236500401,
    0.032880064979028165,
    0.01860729797502582,
    0.01031121943662229,
    0.00594531556361177,
    0.003962246324406581,
    0.0032580310988069025,
    0.0030329388527946077,
    0.002926683004540897,
    0.0028471853584051132,
    0.0027845700093534556,
    0.002746030276690083,
    0.002740451759111122,
    0.002736292151587733,
    0.0027323238105139928,
    0.002727993976757321,
    0.002724191341339872,
    0.0027189942195397637,
    0.0027145219527268676,
    0.002710762130243055,
    0.0027058017597104728,
    0.0027021182010347924,
    0.0026982752083057767,
    0.0026930676570880727,
    0.002688701365715109,
    0.002683455508188362,
    0.0026786717331588046,
    0.0026747839113746242,
    0.0026706254619002787,
    0.002664476933048459,
    0.0026609025030546866,
    0.0026558815581856597,
    0.00265201920650425,
    0.002646562025955554,
    0.002641864539532179,
    0.0026381624869527887,
    0.0026336712727832437,
    0.0026287819408856972,
    0.0026252991362903893,
    0.0026197307062952708,
    0.0026140818128201847,
    0.0026091904717773086,
    0.002603159331427085,
    0.0025986980172467145,
    0.0025918390532111407,
    0.0025858523093917397,
    0.0025799837493606275,
    0.0025716910368940803,
    0.002567145282800278,
    0.0025607171967234952,
    0.0025560819100909466,
    0.0025495956564663947,
    0.002544587847780199,
    0.0025417325941476036,
    0.0025358645922124163,
    0.002532638804742906,
    0.0025304987022046295,
    0.0025242211066939858,
    0.0025222478957658404,
    0.002519131829955158,
    0.0025175596667586196,
    0.0025155398827255444,
    0.0025129066675566554,
    0.0025097421939006903,
    0.0025083127497845374,
    0.0025054683511176808,
    0.00250573597904225,
    0.002503629725021816,
    0.002499325577630086,
    0.00249876430753465,
    0.0024976308984256414,
    0.002497081934345349,
    0.0024955101339111615,
    0.0024954234197568357,
    0.0024931924522257924,
    0.002493449357732405,
    0.002492148959346478,
    0.0024918356931276538,
    0.0024927255491750517,
    0.00249045624045397,
    0.0024893283425422197,
    0.00248934044624759,
    0.0024863338928097643,
    0.0024897837697455054,
    0.0024899115527837017,
    0.0024877228540427674,
    0.002489802207839623,
    0.0024853692728370315,
    0.0024864035710859835,
    0.0024860416319263117,
    0.0024890115742714665,
    0.0024862765205486883,
    0.0024848568291588225,
    0.0024845734559529728,
    0.002486375980218698,
    0.002483494949530573,
    0.002485638184382228,
    0.002483996454528655,
    0.002486019838280446,
    0.00248319013846501,
    0.0024829429926608833,
    0.0024854492200782684,
    0.0024837055958612133,
    0.002484756581178319,
    0.0024839326292834477,
    0.002481611180450586,
    0.00248321784095148,
    0.0024863634579413837,
    0.0024835030837786778,
    0.002483820765931508,
    0.00248336164134272,
    0.0024831989563806225,
    0.0024845183439803926,
    0.0024846970253669365,
    0.0024819168984220267,
    0.0024856024522906385,
    0.0024863419991530728,
    0.002485932782292366,
    0.002487180210398824,
    0.0024853365614396355,
    0.002483426150255435,
    0.002486175274971719,
    0.0024823098956199175,
    0.0024862737509976614,
    0.002486301279079155,
    0.002484721497873242,
    0.002484641529703408,
    0.0024848053099287585,
    0.0024858572509851348,
    0.002485549488987369,
    0.0024849627627415603,
    0.002485830853047889,
    0.002485362868686294,
    0.0024846176083168285,
    0.002484360479571846,
    0.0024827269397759704,
    0.0024854639119534904,
    0.0024860026279973626,
    0.002483349453922961,
    0.0024850220185763825,
    0.002484621445226312,
    0.0024832895911588203,
    0.002484834386726444,
    0.002484868870078401,
    0.0024846751689352794,
    0.0024845396702209217,
    0.0024843643234575287,
    0.0024839214882935476,
    0.002485166746802098,
    0.0024851243594166046,
    0.002484044541468781,
    0.0024841071668077496,
    0.0024831543993972215,
    0.002482351878385865,
    0.002482105444154043,
    0.002485896631628833,
    0.0024847278950477806,
    0.002481959746236658,
    0.0024832068185569644,
    0.0024857868960176067,
    0.0024818641723095254,
    0.002482418522015493,
    0.002482132100210654,
    0.002482781361104844,
    0.0024819561046607484,
    0.002482492644130514,
    0.002481755113389608,
    0.0024859529574600497,
    0.0024829605657063175,
    0.0024829500107171384,
    0.0024818896912456897,
    0.0024815296217073663,
    0.0024826419906000072,
    0.0024810604095347366,
    0.002482897145080656,
    0.0024834397468674048,
    0.002482347267118286,
    0.0024827112084470884,
    0.0024802743453769646,
    0.0024822270532560706,
    0.0024821338582128173,
    0.0024833850813715647,
    0.002481310164437312,
    0.002482510586914498,
    0.002482572626252746,
    0.002480007770858454,
    0.00247869777322262,
    0.002480238683047366,
    0.0024820921963520266,
    0.0024814224463611955,
    0.0024808309693238263,
    0.0024807223429282508,
    0.002480611184172416,
    0.0024804029027732572,
    0.0024809414025549585,
    0.0024788730781288184,
    0.0024781688517622287,
    0.0024803147096647306,
    0.002478874166415872,
    0.002479673708590229,
    0.002481029686354073,
    0.0024800014085649105,
    0.002478857876991065,
    0.002479910369167167,
    0.0024803293806113552,
    0.0024822991662257618,
    0.002482667663012551,
    0.002479203094201588,
    0.0024807621491200913,
    0.002479675773545151,
    0.0024782963208714675,
    0.002478279731470101,
    0.002479071118467756,
    0.0024811629178037357,
    0.002479238317030646,
    0.0024815411603406126,
    0.0024797174493583402,
    0.002478605331608865,
    0.002479781693175491,
    0.002479938887868928,
    0.002479695725474465,
    0.0024784662541043894,
    0.0024806675937180216,
    0.002478224563687928,
    0.0024792501068070585,
    0.002480573212720928,
    0.002476790522256594,
    0.0024781094075700316,
    0.002477354296807493,
    0.0024782205733020653,
    0.00247874954359585,
    0.0024787741486499374,
    0.00247802853249432,
    0.002479098967454407,
    0.0024793805896342917,
    0.0024813692388909584,
    0.0024776905286736256,
    0.002479830805616879,
    0.002479694337210852,
    0.0024806596617796893,
    0.0024812132510799592,
    0.002482890657215529,
    0.00248072546826543,
    0.0024815315750431033,
    0.0024794679107179355,
    0.0024806477115506985,
    0.002481197268607911,
    0.0024826032168856274,
    0.0024792287317331363,
    0.0024805789890137504,
    0.002481459496954407,
    0.002481016047884909,
    0.002483306041036206,
    0.0024813623533824856,
    0.0024820682470606506,
    0.002480198276902406,
    0.002479124381747585,
    0.002480839640739259,
    0.0024812485087900124,
    0.0024788361531071896,
    0.0024802958739272665,
    0.002479583311002799,
