{
  "times": {
    "training": 4372.1124131679535,
    "evaluation": 9.366393327713013
  },
  "metrics": {
    "mean_rank": {
      "best": 4816.816640571485,
      "avg": 4816.820530384578,
      "worst": 4816.824420197671
    },
    "mean_reciprocal_rank": {
      "best": 0.02159860567704254,
      "avg": 0.021598605022417665,
      "worst": 0.02159860436935405
    },
    "hits_at_k": {
      "best": {
        "1": 0.004721597025149232,
        "3": 0.01861728153439671,
        "5": 0.03466581857324592,
        "10": 0.06223700949212252
      },
      "avg": {
        "1": 0.004721597025149232,
        "3": 0.01861728153439671,
        "5": 0.03466581857324592,
        "10": 0.06223700949212252
      },
      "worst": {
        "1": 0.004721597025149232,
        "3": 0.01861728153439671,
        "5": 0.03466581857324592,
        "10": 0.06223700949212252
      }
    },
    "adjusted_mean_rank": 0.6776340394438762
  },
  "losses": [
    0.000793982864952932,
    0.0007929131644943519,
    0.0007918674677110434,
    0.0007908527737651873,
    0.0007898580514495144,
    0.0007888876712291788,
    0.0007879418307349277,
    0.0007870167094068333,
    0.0007861218091001269,
    0.0007852392700791651,
    0.0007843861300966792,
    0.0007835495709176955,
    0.000782735468401675,
    0.0007819408628515771,
    0.0007811643526716768,
    0.0007804040262266869,
    0.0007796667895311295,
    0.0007789429776255391,
    0.0007782339369891692,
    0.0007775385212651175,
    0.0007768636548674435,
    0.0007761988572333716,
    0.0007755475855319627,
    0.0007749105398218124,
    0.0007742915678788311,
    0.0007736767215940617,
    0.0007730789966265904,
    0.0007724859624186041,
    0.0007719076049905464,
    0.0007713361407356668,
    0.0007707775565951583,
    0.0007702292247207824,
    0.000769687277349036,
    0.0007691505837297676,
    0.0007686289875060465,
    0.0007681127841813061,
    0.0007676084779099304,
    0.0007671058122366061,
    0.0007666135912305313,
    0.0007661266330398019,
    0.0007656439195292929,
    0.0007651735665105007,
    0.000764704472326736,
    0.0007642430434396003,
    0.000763791361187258,
    0.0007633421101654768,
    0.0007628965451570049,
    0.0007624581867983561,
    0.0007620310329366689,
    0.0007615940920269183,
    0.0007611740483270031,
    0.0007607534637573485,
    0.0007603376194233165,
    0.0007599278549043337,
    0.0007595174505633368,
    0.0007591169954163279,
    0.0007587256192363698,
    0.0007583261426326237,
    0.0007579423623677049,
    0.0007575546034218324,
    0.0007571722300370298,
    0.0007567978419420039,
    0.0007564172781736238,
    0.0007560511109755482,
    0.0007556785595212657,
    0.0007553171312719402,
    0.0007549533899105136,
    0.0007545949799519943,
    0.0007542363514442059,
    0.0007538810139346552,
    0.0007535337819416214,
    0.0007531897820792572,
    0.0007528423551113619,
    0.0007525050081055966,
    0.0007521641421882744,
    0.0007518226046604513,
    0.0007514908640649671,
    0.000751158031024321,
    0.0007508265604803826,
    0.0007504999723030184,
    0.0007501784689692821,
    0.000749856553836372,
    0.0007495365894925267,
    0.0007492147818819142,
    0.0007489023817467623,
    0.0007485844904722419,
    0.0007482721020284627,
    0.0007479657029627203,
    0.0007476556152825432,
    0.0007473511895124427,
    0.0007470434504291893,
    0.0007467419865739307,
    0.0007464460591449979,
    0.0007461416125932769,
    0.0007458484492567771,
    0.0007455543418213868,
    0.0007452627237996191,
    0.0007449693885972008,
    0.0007446798174418449,
    0.0007443906849183219,
    0.0007440969500461868,
    0.0007438248225012191,
    0.0007435338370183152,
    0.0007432510038447998,
    0.000742972541793565,
    0.0007426917467521574,
    0.0007424159487458702,
    0.0007421367155021136,
    0.0007418633677556711,
    0.0007415918728317081,
    0.0007413199004506977,
    0.0007410495361399849,
    0.0007407758259336047,
    0.0007405126707369387,
    0.0007402459461395085,
    0.0007399768697416638,
    0.0007397160538326316,
    0.0007394478458820073,
    0.000739196516139315,
    0.0007389261531976154,
    0.0007386677596205583,
    0.0007384167075137452,
    0.0007381574944453801,
    0.0007379028056371134,
    0.0007376377671163536,
    0.0007373897605984699,
    0.0007371374941769389,
    0.0007368812092909303,
    0.0007366350744057676,
    0.000736387532257165,
    0.0007361326666819126,
    0.0007358934038049836,
    0.0007356469379471871,
    0.0007354027596009448,
    0.0007351582915167464,
    0.0007349084935629357,
    0.0007346719601150254,
    0.0007344291075759367,
    0.0007341871961512897,
    0.0007339472667292088,
    0.0007337172686491838,
    0.0007334721238617554,
    0.0007332355211143963,
    0.0007330026927912198,
    0.0007327700042716724,
    0.0007325352747998502,
    0.0007323017298530184,
    0.000732070439287621,
    0.0007318442129211324,
    0.000731609178159364,
    0.0007313711570595582,
    0.0007311501055630062,
    0.0007309274007091996,
    0.0007306996300410486,
    0.0007304745641596786,
    0.0007302438095355729,
    0.0007300181742542282,
    0.0007298004529096916,
    0.000729567949343829,
    0.0007293505917187223,
    0.0007291274712051247,
    0.000728908175413255,
    0.0007286974864157794,
    0.0007284702534960177,
    0.0007282506289219354,
    0.0007280234090077992,
    0.000727815903212461,
    0.0007276081473257896,
    0.0007273887954317586,
    0.0007271762380871938,
    0.0007269609483017814,
    0.0007267511600602382,
    0.0007265288267018564,
    0.0007263127085813107,
    0.000726105572775483,
    0.0007258958192247344,
    0.0007256932290903717,
    0.0007254867045215623,
    0.0007252708902671888,
    0.0007250599726992677,
    0.0007248585124936486,
    0.0007246472211851209,
    0.0007244388493246454,
    0.0007242445228278255,
    0.0007240254244476608,
    0.0007238286467053067,
    0.0007236311096260851,
    0.0007234181256148631,
    0.0007232160019854421,
    0.0007230191370643268,
    0.0007228198417340583,
    0.0007226060155606696,
    0.0007224145341744845,
    0.0007222259932643946,
    0.000722018730633183,
    0.0007218234684979743,
    0.0007216227176876207,
    0.0007214268819084965,
    0.0007212299321907029,
    0.0007210406126954196,
    0.0007208457505311106,
    0.0007206511354189255,
    0.0007204547925025475,
    0.0007202560703507302,
    0.0007200715217569654,
    0.0007198791942110951,
    0.0007196809919009741,
    0.0007194895413723468,
    0.0007193020397897063,
    0.0007191212711783177,
    0.0007189135108560435,
    0.0007187313616769728,
    0.0007185505873157288,
    0.0007183595981445534,
    0.0007181695359869837,
    0.0007179756178120441,
    0.0007177977331638853,
    0.000717601137993133,
    0.0007174100422579694,
    0.0007172390442117254,
    0.0007170503001126947,
    0.0007168687574064762,
    0.0007166843903712436,
    0.0007165001240132423,
    0.0007163184842713675,
    0.0007161368605743276,
    0.0007159611339290733,
    0.000715775706812151,
    0.0007155948944471002,
    0.0007154175139243663,
    0.0007152287064126437,
    0.0007150433131103476,
    0.000714870787108459,
    0.0007147010352749407,
    0.0007145200026630447,
    0.0007143535597070764,
    0.0007141698386544174,
    0.0007139826544911798,
    0.0007138137788808769,
    0.0007136263902965867,
    0.0007134571526644303,
    0.0007132831133553386,
    0.0007131073993597662,
    0.0007129372514981064,
    0.0007127607842988458,
    0.0007125844391334228,
    0.0007124325913641959,
    0.0007122278859949014,
    0.0007120709418275751,
    0.0007119057562281002
  ]
}