{
  "times": {
    "training": 174.0045783519745,
    "evaluation": 2.2137277126312256
  },
  "metrics": {
    "mean_rank": {
      "avg": 476.5553,
      "best": 476.5553,
      "worst": 476.5553
    },
    "mean_reciprocal_rank": {
      "avg": 0.7768837336570099,
      "best": 0.7768837336570099,
      "worst": 0.7768837336570099
    },
    "hits_at_k": {
      "avg": {
        "1": 0.6777,
        "3": 0.8622,
        "5": 0.8981,
        "10": 0.9287
      },
      "best": {
        "1": 0.6777,
        "3": 0.8622,
        "5": 0.8981,
        "10": 0.9287
      },
      "worst": {
        "1": 0.6777,
        "3": 0.8622,
        "5": 0.8981,
        "10": 0.9287
      }
    },
    "adjusted_mean_rank": 0.02329281519876422
  },
  "losses": [
    2.1153697786020885e-05,
    1.9330936488845502e-05,
    1.644089798405369e-05,
    1.4021793568616903e-05,
    1.2002144192134249e-05,
    1.0190283850481623e-05,
    8.52591995200367e-06,
    6.98379546990062e-06,
    5.667591268253249e-06,
    4.597957868910883e-06,
    3.760670363516194e-06,
    3.116006720290428e-06,
    2.594404553088011e-06,
    2.199729164673481e-06,
    1.8847979342556012e-06,
    1.6284048729215539e-06,
    1.4236108301094512e-06,
    1.2625728426566078e-06,
    1.1258802470358396e-06,
    1.017143263104622e-06,
    9.195382447300116e-07,
    8.360054536995896e-07,
    7.68428947904295e-07,
    7.159089181095535e-07,
    6.611473192849517e-07,
    6.221858875817336e-07,
    5.810123985055848e-07,
    5.466746045799725e-07,
    5.089613276486335e-07,
    4.857719078135571e-07,
    4.617158118669919e-07,
    4.4158381812636974e-07,
    4.225643914647455e-07,
    4.0547257247070717e-07,
    3.8851422096572766e-07,
    3.735498750641835e-07,
    3.5800996625422254e-07,
    3.4377076956679014e-07,
    3.3507474700536236e-07,
    3.210832651874851e-07,
    3.176262333484087e-07,
    3.0543234197863256e-07,
    2.987719389590147e-07,
    2.909797619208041e-07,
    2.8282428598230646e-07,
    2.7323792267418143e-07,
    2.7040424392781334e-07,
    2.6156820890031025e-07,
    2.586241281120552e-07,
    2.5248511086716015e-07,
    2.464198793490729e-07,
    2.4361957076721146e-07,
    2.3638191262680933e-07,
    2.3371766582067122e-07,
    2.3004455097279153e-07,
    2.263136572785137e-07,
    2.2495429715770947e-07,
    2.1984230137672349e-07,
    2.1623169303469656e-07,
    2.1373761563098744e-07,
    2.105851227576959e-07,
    2.0878752572511084e-07,
    2.0714718592198759e-07,
    2.0185309623819345e-07,
    2.0118942635044286e-07,
    1.9753588717325743e-07,
    1.9657914849071065e-07,
    1.9440802685431067e-07,
    1.9361264095022403e-07,
    1.9038060092669472e-07,
    1.8725664520671257e-07,
    1.8796856619262905e-07,
    1.8627614312169845e-07,
    1.8371122983997775e-07,
    1.837526857507382e-07,
    1.807097586898758e-07,
    1.786727432374749e-07,
    1.788179837837827e-07,
    1.7752618705248178e-07,
    1.74439986763297e-07,
    1.7425784676910144e-07,
    1.716477310052698e-07,
    1.6915431204995268e-07,
    1.6634249379019906e-07,
    1.6580563118602218e-07,
    1.6689631144047e-07,
    1.6628522194906274e-07,
    1.6288604138570766e-07,
    1.6312715531013292e-07,
    1.625465223490977e-07,
    1.6231591726100878e-07,
    1.5806872101359433e-07,
    1.5868038006286066e-07,
    1.5776694094657198e-07,
    1.56752097485673e-07,
    1.5698012804054917e-07,
    1.563235792721581e-07,
    1.5672541715682908e-07,
    1.5276629537315744e-07,
    1.534515689526496e-07,
    1.5530715553511831e-07,
    1.538806567240236e-07,
    1.5202102726842802e-07,
    1.5179089955542332e-07,
    1.52243144956744e-07,
    1.4948165519983308e-07,
    1.5254820409675853e-07,
    1.4951650028873782e-07,
    1.49843897290451e-07,
    1.486367342232161e-07,
    1.4692766886917766e-07,
    1.4472412194171353e-07,
    1.4663660834197708e-07,
    1.4387191852588101e-07,
    1.468905027496911e-07,
    1.451426416163959e-07,
    1.4601860185021185e-07,
    1.441045845574369e-07,
    1.413548382275973e-07,
    1.4149189426039253e-07,
    1.42742972543132e-07,
    1.4173479587220207e-07,
    1.390186040724189e-07,
    1.4047114780965925e-07,
    1.4068593038288836e-07,
    1.3853010779487652e-07,
    1.4012172570923357e-07,
    1.374742067844943e-07,
    1.3920235726517492e-07,
    1.3751822735174158e-07,
    1.3875198514952945e-07,
    1.370540014819284e-07,
    1.3584938660997054e-07,
    1.3648780500188783e-07,
    1.3469190676615411e-07,
    1.3548213372708946e-07,
    1.3730913377261936e-07,
    1.3363864613382378e-07,
    1.3484954260344136e-07,
    1.34062775788806e-07,
    1.3414232952352768e-07,
    1.331855348728676e-07,
    1.3150628735426096e-07,
    1.336412371282463e-07,
    1.3477048270501367e-07,
    1.3400428911038642e-07,
    1.3232524241853935e-07,
    1.3194386581764982e-07,
    1.3097337214819415e-07,
    1.3219553796204082e-07,
    1.3066982743948122e-07,
    1.3221113989668932e-07,
    1.2816266995846497e-07,
    1.3046860890312737e-07,
    1.3129129407754644e-07,
    1.3033388377763983e-07,
    1.2834942238364656e-07,
    1.3327037594817706e-07,
    1.2921732650138636e-07,
    1.264052810769375e-07,
    1.280273884440862e-07,
    1.266166133805925e-07,
    1.2831738228489173e-07,
    1.3064324917013805e-07,
    1.2939321782034185e-07,
    1.2817841345951774e-07,
    1.2735145166279262e-07,
    1.2880403819917845e-07,
    1.2623606971691887e-07,
    1.2606336858042262e-07,
    1.298713830426137e-07,
    1.2900883540254285e-07,
    1.2553317276621476e-07,
    1.2778800294668996e-07,
    1.254940247170683e-07,
    1.2509552516574475e-07,
    1.264266872341615e-07,
    1.2548017754738447e-07,
    1.2704147391328985e-07,
    1.267086052054391e-07,
    1.2406186983428628e-07,
    1.2713740655176258e-07,
    1.2365468534867225e-07,
    1.225734999200371e-07,
    1.2588788220722822e-07,
    1.2313846510158463e-07,
    1.2344828153123137e-07,
    1.2431805564240445e-07,
    1.240205061063007e-07,
    1.223574432491695e-07,
    1.23378663782745e-07,
    1.238520750076266e-07,
    1.2118751873074423e-07,
    1.231439664378998e-07,
    1.22108115181054e-07,
    1.2418844336868082e-07,
    1.2322163701022035e-07,
    1.2136510226206718e-07,
    1.2370343028313215e-07,
    1.209388392342949e-07,
    1.211157248103223e-07,
    1.212399575606833e-07,
    1.2128070563942231e-07,
    1.222432715902383e-07,
    1.2268540980874176e-07,
    1.2036289442581073e-07,
    1.21963631850397e-07,
    1.205713888168962e-07,
    1.2179269206334936e-07,
    1.2244143821829522e-07,
    1.2212464882017717e-07,
    1.19903159174031e-07,
    1.2032219902294304e-07,
    1.1895393009539503e-07,
    1.1991975207350947e-07,
    1.2275148510487917e-07,
    1.2008544402687284e-07,
    1.2037845356131372e-07,
    1.1828270451234622e-07,
    1.185309132181953e-07,
    1.202572562580399e-07,
    1.2014774312148212e-07,
    1.1955714783627591e-07,
    1.1881117519176703e-07,
    1.1764496432227268e-07,
    1.2073288645400252e-07,
    1.1973786887418674e-07,
    1.200185061633419e-07,
    1.1688911824412573e-07,
    1.1903662462894656e-07,
    1.1956665583105642e-07,
    1.1900755084019772e-07,
    1.1770967004575472e-07,
    1.1822984756767826e-07,
    1.1924639970215447e-07,
    1.174663634881841e-07,
    1.1620783486188911e-07,
    1.1800888216404828e-07,
    1.1712220568265249e-07,
    1.1790514691213031e-07,
    1.1805326817015313e-07,
    1.18259260457349e-07,
    1.188093743354149e-07,
    1.1694711108625131e-07,
    1.1792492670182605e-07,
    1.1650693175171405e-07,
    1.1772659546167113e-07,
    1.1957139665947882e-07,
    1.1829272280463054e-07,
    1.1684901873705282e-07,
    1.1940666604076776e-07,
    1.1669898468645124e-07,
    1.1775556719091922e-07,
    1.1607613530676282e-07,
    1.1546018975846455e-07,
    1.1700166353552868e-07,
    1.1624659771872627e-07,
    1.1508864708430957e-07,
    1.1727727686345289e-07,
    1.1512244194802907e-07,
    1.1472511772708526e-07,
    1.1481089379911136e-07,
