{
  "times": {
    "training": 10405.962641716003,
    "evaluation": 14.330619812011719
  },
  "metrics": {
    "mean_rank": {
      "worst": 3468.8503613006824,
      "best": 3468.8497591328783,
      "avg": 3468.8500602167805
    },
    "mean_reciprocal_rank": {
      "worst": 0.20785643036185236,
      "best": 0.20785643037671558,
      "avg": 0.2078564303692828
    },
    "hits_at_k": {
      "worst": {
        "1": 0.10377358490566038,
        "3": 0.2457848253713368,
        "5": 0.3183460457647531,
        "10": 0.41639903653151344
      },
      "best": {
        "1": 0.10377358490566038,
        "3": 0.2457848253713368,
        "5": 0.3183460457647531,
        "10": 0.41639903653151344
      },
      "avg": {
        "1": 0.10377358490566038,
        "3": 0.2457848253713368,
        "5": 0.3183460457647531,
        "10": 0.41639903653151344
      }
    },
    "adjusted_mean_rank": 0.06475483153936507
  },
  "losses": [
    0.005431747453737162,
    0.002264737597741633,
    0.0015960542558908896,
    0.0012302849640125051,
    0.0009580104427740063,
    0.000878966067989576,
    0.000576975602594727,
    0.0001957526700964668,
    0.00014547455747229674,
    0.00013313826373369519,
    0.0001269963688465824,
    0.00012284632382820535,
    0.00011803859979916099,
    0.00011239096277974933,
    0.00010606183225692375,
    0.00010010467171950637,
    9.39389926457798e-05,
    8.340272342657034e-05,
    7.185046182157456e-05,
    6.376575181650599e-05,
    5.729837638444349e-05,
    5.2268482764445866e-05,
    4.8280660567972675e-05,
    4.515927768968587e-05,
    4.257818394610728e-05,
    4.023728518006043e-05,
    3.838572720569166e-05,
    3.655783251084854e-05,
    3.5314389236381226e-05,
    3.418046770947227e-05,
    3.319946885576865e-05,
    3.2164182875746724e-05,
    3.135696689074143e-05,
    3.0649356957154005e-05,
    2.9948467269801806e-05,
    2.945557344331838e-05,
    2.8967638960211617e-05,
    2.837514400944797e-05,
    2.796851396361087e-05,
    2.7662218137795896e-05,
    2.71946848251916e-05,
    2.69168420380409e-05,
    2.6353788135956546e-05,
    2.625052508730258e-05,
    2.609069246436408e-05,
    2.593531753626422e-05,
    2.5726612393526203e-05,
    2.5512379758674816e-05,
    2.536405010979503e-05,
    2.506648597705018e-05,
    2.493805504275189e-05,
    2.5056359940232803e-05,
    2.4866770878618465e-05,
    2.4710318660191647e-05,
    2.4636279872145464e-05,
    2.4411241222625527e-05,
    2.4412466231195767e-05,
    2.4422294243183127e-05,
    2.4266498913079406e-05,
    2.435616890369794e-05,
    2.4171398970276663e-05,
    2.407675257286022e-05,
    2.4177832831623133e-05,
    2.419655977170466e-05,
    2.4075106592725005e-05,
    2.4062852048565032e-05,
    2.401526106459744e-05,
    2.3920876479061832e-05,
    2.3831401272392805e-05,
    2.3998113141360013e-05,
    2.4016719409789195e-05,
    2.4087008542036658e-05,
    2.3871657743595343e-05,
    2.3928362321972767e-05,
    2.396567674945102e-05,
    2.3993751490677577e-05,
    2.391894270076773e-05,
    2.3979721552990407e-05,
    2.3819706844177177e-05,
    2.4029168012444235e-05,
    2.39422196110521e-05,
    2.4077107498704674e-05,
    2.4132448916017276e-05,
    2.383650930063355e-05,
    2.3826438539357004e-05,
    2.416144132592214e-05,
    2.4133668437020135e-05,
    2.3919606240309742e-05,
    2.3951891689294252e-05,
    2.4254433341235757e-05,
    2.410595406049915e-05,
    2.407639902025365e-05,
    2.421165592467784e-05,
    2.4213508148614766e-05,
    2.428731736261387e-05,
    2.445073759588002e-05,
    2.444354037021549e-05,
    2.4313636905204858e-05,
    2.4354253457227307e-05,
    2.4451523926984005e-05,
    2.4553630555692706e-05,
    2.4517692737685855e-05,
    2.4579286521166557e-05,
    2.4639187475538683e-05,
    2.4729895911575338e-05,
    2.4837989385505025e-05,
    2.484767448426183e-05,
    2.4981364488449673e-05,
    2.4845222492234248e-05,
    2.4821216834311708e-05,
    2.4852136258627196e-05,
    2.4991975307806957e-05,
    2.494040955733851e-05,
    2.5227284023282196e-05,
    2.5142778696413212e-05,
    2.5174733094483058e-05,
    2.5188665980261952e-05,
    2.5256665684955327e-05,
    2.52478242746671e-05,
    2.5176948859427957e-05,
    2.5109833767143505e-05,
    2.548614820533111e-05,
    2.5475479263290637e-05,
    2.523350721964367e-05,
    2.522203865205478e-05,
    2.5228907063211593e-05,
    2.539327164957856e-05,
    2.5580562703377914e-05,
    2.5653603021696718e-05,
    2.5863492302726833e-05,
    2.5801945324588756e-05,
    2.5816587718313152e-05,
    2.5865724719134307e-05,
    2.5906740965786675e-05,
    2.593952743766e-05,
    2.6133128898406175e-05,
    2.638116332981682e-05,
    2.617009431236443e-05,
    2.6073046156388403e-05,
    2.6015340061884902e-05,
    2.612855521310169e-05,
    2.623883470081568e-05,
    2.6179244843988025e-05,
    2.6159497471258745e-05,
    2.631880732333402e-05,
    2.6357092174828858e-05,
    2.6248801686820732e-05,
    2.6408167135435017e-05,
    2.6394164596451213e-05,
    2.6605779193060897e-05,
    2.6532856196340544e-05,
    2.6679162319975616e-05,
    2.664938994529042e-05,
    2.679181981538135e-05,
    2.6637400515652083e-05,
    2.6532742538751128e-05,
    2.6544614824333313e-05,
    2.672845901633306e-05,
    2.6886465018174937e-05,
    2.6790384941728195e-05,
    2.6811330987499898e-05,
    2.6894328510358527e-05,
    2.6900636034908996e-05,
    2.7081829632259254e-05,
    2.6907428327755763e-05,
    2.6991133807073792e-05,
    2.6993222729464884e-05,
    2.6955174369815013e-05,
    2.712675104407388e-05,
    2.7099532483080276e-05,
    2.70732909360737e-05,
    2.694393061869894e-05,
    2.7185355751690874e-05,
    2.744697943381715e-05,
    2.7192845787607695e-05,
    2.733020534004228e-05,
    2.7379260847175504e-05,
    2.7200494966108248e-05,
    2.7633175162812113e-05,
    2.750472534078785e-05,
    2.7489370074535592e-05,
    2.7588422064587057e-05,
    2.7520959908193006e-05,
    2.7692559026035927e-05,
    2.7517969915535302e-05,
    2.7817714534023527e-05,
    2.7631117299119586e-05,
    2.785930878129117e-05,
    2.798979353353668e-05,
    2.7878587068067377e-05,
    2.7836356883846635e-05,
    2.7913499715381693e-05,
    2.7785626783583127e-05,
    2.790541892355478e-05,
    2.809832113988036e-05,
    2.8259384864748525e-05,
    2.8348030818898642e-05,
    2.780297667385876e-05,
    2.8254430782065544e-05,
    2.8340218969256386e-05,
    2.8233809047481233e-05,
    2.8073900769438816e-05,
    2.7979979971603154e-05,
    2.7968628293379685e-05,
    2.801976737741762e-05,
    2.814143563602107e-05,
    2.8389142969241608e-05,
    2.837358177581432e-05,
    2.8328019752840877e-05,
    2.8581969660642456e-05,
    2.871296451931192e-05,
    2.8573265397161955e-05,
    2.876536958426894e-05,
    2.865564179782598e-05,
    2.845341797139501e-05,
    2.862557896425756e-05,
    2.860916317922382e-05,
    2.8504514840588995e-05,
    2.8672188760183637e-05,
    2.8654712349508767e-05,
    2.8650585331472126e-05,
    2.887812337641118e-05,
    2.8885387906956873e-05,
    2.8896489330385696e-05,
    2.9082320260567147e-05,
    2.8973064177402662e-05,
    2.9022427843812297e-05,
    2.8974556670179964e-05,
    2.901205704203628e-05,
    2.8920658252930114e-05,
    2.9077234547651103e-05,
    2.9102965408590892e-05,
    2.937547397965215e-05,
    2.9346113597835697e-05,
    2.9347403037634187e-05,
    2.927499927025121e-05,
    2.921641015917513e-05,
    2.9264229444403292e-05,
    2.9300918794882428e-05,
    2.932938557797045e-05,
    2.9265267727402966e-05,
    2.9333913483758195e-05,
    2.9440627868826012e-05,
    2.9561828130668868e-05,
    2.9446857911358676e-05,
    2.975850422090631e-05,
    2.957755010178138e-05,
    2.980056202588655e-05,
    2.9751280666895944e-05,
    2.946364758138706e-05,
    2.9649602929287917e-05,
    2.951119632861499e-05,
    2.9958423478039568e-05,
    2.9823990662182908e-05,
    2.96722153240844e-05,
    2.9619302278386108e-05,
