{
  "times": {
    "training": 1641.7656264305115,
    "evaluation": 3.6574695110321045
  },
  "metrics": {
    "mean_rank": {
      "avg": 6379.033430232558,
      "best": 6379.025991792066,
      "worst": 6379.040868673051
    },
    "mean_reciprocal_rank": {
      "avg": 0.30656876225674234,
      "best": 0.306568887984334,
      "worst": 0.30656864112965393
    },
    "hits_at_k": {
      "avg": {
        "1": 0.2231532147742818,
        "3": 0.3544801641586867,
        "5": 0.40937072503419975,
        "10": 0.4646032831737346
      },
      "best": {
        "1": 0.2231532147742818,
        "3": 0.3544801641586867,
        "5": 0.40937072503419975,
        "10": 0.4646032831737346
      },
      "worst": {
        "1": 0.2231532147742818,
        "3": 0.3544801641586867,
        "5": 0.40937072503419975,
        "10": 0.4646032831737346
      }
    },
    "adjusted_mean_rank": 0.314675203909872
  },
  "losses": [
    229956.20358045297,
    0.004834741149180265,
    0.0034723004951610625,
    0.002736871838938588,
    0.0022605255783709343,
    0.001921236853789822,
    0.0016647701739249002,
    0.001462504664932452,
    0.0012983551032580798,
    0.0011619655632601025,
    0.0010464169164714008,
    0.0009471266124773542,
    0.0008608716300276783,
    0.0007853066351683212,
    0.0007184387276004569,
    0.0006590690798407537,
    0.0006058817501872454,
    0.0005580735596057396,
    0.000514945736387758,
    0.0004758163053912824,
    0.00044037061900830527,
    0.0004081352959217707,
    0.00037874107479619266,
    0.00035194315068501396,
    0.00032758615867998884,
    0.0003053890382623816,
    0.00028525603379932614,
    0.00026699615715466995,
    0.00025051018260865537,
    0.00023559873959642363,
    0.00022216447633431852,
    0.00021009498280428275,
    0.0001992350041922288,
    0.00018945185312031824,
    0.00018054714478469113,
    0.00017243152525160758,
    0.00016494462230071883,
    0.00015802530593215123,
    0.00015171784765738677,
    0.0001458954436969107,
    0.00014060942405905473,
    0.0001357749307004963,
    0.00013143472612148034,
    0.00012743343956048424,
    0.00012379005670682837,
    0.00012048349774677441,
    0.00011735588078393356,
    0.00011448709898645294,
    0.00011179357831965737,
    0.00010922501765687273,
    0.00010688030765328446,
    0.00010462861951269398,
    0.00010251234790663445,
    0.0001005034422727258,
    9.860229745243186e-05,
    9.682052541794876e-05,
    9.514768828317269e-05,
    9.353080286042233e-05,
    9.204508429881705e-05,
    9.060428435486015e-05,
    8.928802525942635e-05,
    8.801152739586336e-05,
    8.682388016064838e-05,
    8.565961761909443e-05,
    8.457280752040618e-05,
    8.359930243007095e-05,
    8.263220167592003e-05,
    8.17390866789716e-05,
    8.08819257326863e-05,
    8.007520815534425e-05,
    7.93361017741812e-05,
    7.860126922625334e-05,
    7.790262609010866e-05,
    7.725465021812023e-05,
    7.663933687774794e-05,
    7.609393838611247e-05,
    7.550746882835218e-05,
    7.499570306840983e-05,
    7.449408960533766e-05,
    7.40162023195299e-05,
    7.355874881046234e-05,
    7.314700708833043e-05,
    7.274938571554427e-05,
    7.233026955367785e-05,
    7.195692675412018e-05,
    7.16066595801907e-05,
    7.127878471477304e-05,
    7.095612072705834e-05,
    7.067220342244343e-05,
    7.035253195134125e-05,
    7.006595170807703e-05,
    6.980773889445566e-05,
    6.958142116017716e-05,
    6.932409811032854e-05,
    6.907618588150657e-05,
    6.886932510510345e-05,
    6.865767040647892e-05,
    6.843416482047566e-05,
    6.823806621257299e-05,
    6.806482690640501e-05,
    6.786750655365172e-05,
    6.7703045240264e-05,
    6.752530488217707e-05,
    6.735285063637628e-05,
    6.719570334500101e-05,
    6.704917783933831e-05,
    6.691786515370797e-05,
    6.678358206481257e-05,
    6.662603927572546e-05,
    6.652080489043903e-05,
    6.64076275152947e-05,
    6.625512912068281e-05,
    6.6162509141582e-05,
    6.603326712168009e-05,
    6.591394984949447e-05,
    6.58286769213239e-05,
    6.573041595324248e-05,
    6.562250332042713e-05,
    6.553875021315266e-05,
    6.542589299522566e-05,
    6.533034537087288e-05,
    6.528159289442725e-05,
    6.519853088473e-05,
    6.508156826677063e-05,
    6.505072879627894e-05,
    6.497411953698042e-05,
    6.485731011640966e-05,
    6.478593078745816e-05,
    6.472392675030373e-05,
    6.467030595093768e-05,
    6.45663101155466e-05,
    6.451478174802815e-05,
    6.444979613195227e-05,
    6.44008132849553e-05,
    6.43380270524022e-05,
    6.426346408447886e-05,
    6.421311089635262e-05,
    6.415091832630388e-05,
    6.408123346603323e-05,
    6.406192732723381e-05,
    6.400858300001269e-05,
    6.394521150613696e-05,
    6.38794764621535e-05,
    6.383321305146798e-05,
    6.380974778676743e-05,
    6.374555741999691e-05,
    6.370434488046563e-05,
    6.366696248747241e-05,
    6.362382692126739e-05,
    6.356670778885993e-05,
    6.353519306391955e-05,
    6.349578329544893e-05,
    6.345230607671867e-05,
    6.338378847863309e-05,
    6.334823759956104e-05,
    6.330962709094955e-05,
    6.330167853270288e-05,
    6.324382172720492e-05,
    6.3204509882474e-05,
    6.316619034580491e-05,
    6.310762351878808e-05,
    6.307343363919776e-05,
    6.304186923916187e-05,
    6.300028160057515e-05,
    6.296512287764541e-05,
    6.291160560325376e-05,
    6.288435092229546e-05,
    6.285254821171001e-05,
    6.279252009589523e-05,
    6.274424314858946e-05,
    6.271791768270435e-05,
    6.265899243833703e-05,
    6.262654789771237e-05,
    6.258951647073827e-05,
    6.253993599492463e-05,
    6.25169099505465e-05,
    6.246481720098477e-05,
    6.240685697575342e-05,
    6.234034729026236e-05,
    6.228374297004368e-05,
    6.219829704643918e-05,
    6.216129133647909e-05,
    6.210262951772356e-05,
    6.207949108667614e-05,
    6.198226821453808e-05,
    6.193467103095647e-05,
    6.185444875072195e-05,
    6.178619992341876e-05,
    6.17320128744843e-05,
    6.166467529084428e-05,
    6.157095622226896e-05,
    6.148239918080071e-05,
    6.137835447001167e-05,
    6.128132448184673e-05,
    6.119186827194767e-05,
    6.10768050322706e-05,
    6.098864734355257e-05,
    6.0852793355675574e-05,
    6.0744665227488275e-05,
    6.063374374090245e-05,
    6.051181673777514e-05,
    6.0356635604457646e-05,
    6.023653992823087e-05,
    6.0097072838978885e-05,
    5.995053983506208e-05,
    5.977902720802606e-05,
    5.9608272655418245e-05,
    5.948008431316155e-05,
    5.929555449713728e-05,
    5.910377909256749e-05,
    5.8928038682274874e-05,
    5.877089049668622e-05,
    5.8541020804716606e-05,
    5.839014964721114e-05,
    5.8176715329206635e-05,
    5.79363815139471e-05,
    5.772438927054819e-05,
    5.751016196089251e-05,
    5.729466205285955e-05,
    5.7071869657000875e-05,
    5.685088059929772e-05,
    5.6596429481319024e-05,
    5.633848159282622e-05,
    5.61077222778521e-05,
    5.585792437688065e-05,
    5.560376795583971e-05,
    5.537546459190634e-05,
    5.511438860085797e-05,
    5.489717021645859e-05,
    5.4627771863175775e-05,
    5.4364946609750244e-05,
    5.4119677195754396e-05,
    5.387218451321965e-05,
    5.364152767282084e-05,
    5.3399520962616364e-05,
    5.316428870713778e-05,
    5.294506954105995e-05,
    5.267765012021614e-05,
    5.2484025590949947e-05,
    5.2265992689426864e-05,
    5.205242105067851e-05,
    5.186579306415534e-05,
    5.16697662996623e-05,
    5.1453638110866905e-05,
    5.126245807343764e-05,
    5.108075427336971e-05,
    5.092116911564862e-05,
    5.07596533927802e-05,
    5.0558140374420434e-05,
    5.039318151440185e-05,
    5.025444510608153e-05,
    5.010417185892918e-05,
    4.99472880628795e-05,
    4.981014082860797e-05,
    4.9677202263279095e-05,
    4.9559800205801053e-05,
    4.943149077672844e-05,
    4.931547180325563e-05,
    4.9222321556955614e-05,
    4.912441022697972e-05,
    4.901293121108184e-05,
