{
  "times": {
    "training": 928.5688002109528,
    "evaluation": 0.1491990089416504
  },
  "metrics": {
    "mean_rank": {
      "best": 35.934357541899445,
      "worst": 35.934357541899445,
      "avg": 35.934357541899445
    },
    "mean_reciprocal_rank": {
      "best": 0.09783056749422532,
      "worst": 0.09783056749422532,
      "avg": 0.09783056749422532
    },
    "hits_at_k": {
      "best": {
        "1": 0.033054003724394786,
        "3": 0.08054003724394786,
        "5": 0.1191806331471136,
        "10": 0.20297951582867785
      },
      "worst": {
        "1": 0.033054003724394786,
        "3": 0.08054003724394786,
        "5": 0.1191806331471136,
        "10": 0.20297951582867785
      },
      "avg": {
        "1": 0.033054003724394786,
        "3": 0.08054003724394786,
        "5": 0.1191806331471136,
        "10": 0.20297951582867785
      }
    },
    "adjusted_mean_rank": 0.7471595765967304
  },
  "losses": [
    3.2619475639714732,
    2.968763465738475,
    2.645153274250388,
    2.315831534424971,
    1.9968594540370983,
    1.6982671857326666,
    1.4259135928493314,
    1.1827774065710632,
    0.9696815991669558,
    0.7860518551051393,
    0.6302456132481608,
    0.5000308365857556,
    0.3927707323867283,
    0.30570255794775175,
    0.23622168293606477,
    0.1823683991637569,
    0.1417775841687949,
    0.11332548646891162,
    0.09462701174873538,
    0.08284662128164527,
    0.07675429944241985,
    0.07440273017249303,
    0.07346618181087551,
    0.07295321028554037,
    0.07283351059710041,
    0.07281930973467308,
    0.07280776272998767,
    0.0727945924474952,
    0.07278183292360342,
    0.0727680664272344,
    0.07275691868437363,
    0.07274704155850499,
    0.07273534163553616,
    0.0727241566676772,
    0.07271150720030181,
    0.07270216216308793,
    0.07269159606780005,
    0.0726806398076511,
    0.07267199674349152,
    0.07266357368074552,
    0.0726529582497779,
    0.07264305048444297,
    0.07263374886709206,
    0.07262453442432461,
    0.07261616075306795,
    0.07260688564527347,
    0.07259962319881282,
    0.07259171883041939,
    0.07258326362134812,
    0.07257504900743006,
    0.07256737596979748,
    0.07255841289343459,
    0.0725525099686469,
    0.07254270154438662,
    0.07253569453843077,
    0.07252689933732208,
    0.07251813667320581,
    0.07251141624950738,
    0.0725041607234362,
    0.07249617342198833,
    0.07248954419116402,
    0.07248175149776516,
    0.07247417796863599,
    0.07246611750081237,
    0.07245926413866464,
    0.07245304817787271,
    0.07244381135545866,
    0.07243527566895502,
    0.07243071853668055,
    0.07242316297824017,
    0.07241584355018559,
    0.0724066709088029,
    0.07239973260445541,
    0.07239088600271204,
    0.07238551639439014,
    0.07237561683306533,
    0.07236964303009519,
    0.07236353227038508,
    0.07235366396243206,
    0.0723456729217415,
    0.07233840645699019,
    0.07233047669523218,
    0.07232315363955409,
    0.0723138547568732,
    0.07230628452050998,
    0.07230075775237566,
    0.07229290612404712,
    0.07228228606088331,
    0.07227729339054907,
    0.07226970043968173,
    0.07225991958536013,
    0.07225426305992326,
    0.07224667451801371,
    0.07223701058478837,
    0.07223071063055975,
    0.07222494388117773,
    0.07221544268872407,
    0.07220686006635316,
    0.07220212116223595,
    0.07219173522031262,
    0.07218651652112883,
    0.07218179592255795,
    0.07216998761736051,
    0.07216432835725363,
    0.0721579696913337,
    0.07214904992321457,
    0.07214298107650842,
    0.072136437457599,
    0.07213126162018223,
    0.07212264378195844,
    0.07211616071645686,
    0.0721066670024886,
    0.07210350544488385,
    0.0720960438697972,
    0.07208976763464538,
    0.07208070917968892,
    0.07207279694214296,
    0.07206881040714207,
    0.07206399041168698,
    0.07205690471420574,
    0.07204903913347908,
    0.07204125296980254,
    0.07203898525863105,
    0.07203126556417916,
    0.07202299726143312,
    0.07201582790537274,
    0.07201350734251716,
    0.07200660531440478,
    0.07199742497129834,
    0.0719924478718404,
    0.07198685876439127,
    0.07197975515203082,
    0.07197397551063295,
    0.07197183571504744,
    0.07196614425280567,
    0.07195739771766163,
    0.07195054524846738,
    0.07194641801748383,
    0.07193917220228174,
    0.07193385031116142,
    0.07192630267768317,
    0.07192589459794291,
    0.07191991621858618,
    0.07191344107804673,
    0.07190594021300697,
    0.07190009901362858,
    0.07189568508876844,
    0.07188974583193604,
    0.07188119613722468,
    0.07187684795606449,
    0.07187245027179576,
    0.07186943281455879,
    0.0718629275368394,
    0.07185526192188263,
    0.07185197708088807,
    0.07184549446186322,
    0.071837058283863,
    0.07183657285202755,
    0.07183228427551212,
    0.07182419221945917,
    0.07182320807310526,
    0.07181586269359017,
    0.07181192638722252,
    0.07180425859569164,
    0.07179864582497529,
    0.07179442656397374,
    0.07178766645965505,
    0.07178463158982523,
    0.07177779625417588,
    0.07177582271536638,
    0.07176622971613308,
    0.07176297434260336,
    0.07176035787728842,
    0.07175320917077725,
    0.07174898204062316,
    0.07174576210618465,
    0.07173744323994782,
    0.07173331891106309,
    0.0717325374651491,
    0.07172829788945588,
    0.07172121827522021,
    0.07171563670206606,
    0.07170844022254372,
    0.07170685936002695,
    0.07170490725210096,
    0.07169557348842479,
    0.07169286036089564,
    0.0716854879695378,
    0.07168876505299901,
    0.07168108916907721,
    0.07167246401979682,
    0.07167181634947602,
    0.07166576452469559,
    0.07165944799501797,
    0.07166011464060022,
    0.07165366400047188,
    0.07164995204866602,
    0.07164507339732924,
    0.07163893227720082,
    0.07163713241784314,
    0.07163353108064958,
    0.07163074160559793,
    0.07162163409400968,
    0.0716190565279807,
    0.07161405637916107,
    0.07161047937494985,
    0.0716054882672842,
    0.07160517975185694,
    0.07159766939918646,
    0.07159307275372051,
    0.07159156913167974,
    0.07158406396930138,
    0.07158366794443309,
    0.07157504631115702,
    0.07156960655017738,
    0.07156858406263344,
    0.07156504618094656,
    0.07156403290198537,
    0.071558002842946,
    0.0715561154183377,
    0.07154847045293015,
    0.07154548966259545,
    0.07154389975892471,
    0.07153816755568043,
    0.07153218755784553,
    0.07153033652109153,
    0.07152811462959546,
    0.0715260055850954,
    0.07152122755845387,
    0.07151939387848315,
    0.0715116865179512,
    0.07151126794600754,
    0.07151007992721228,
    0.07150446726811513,
    0.07150075101897065,
    0.07149520047594991,
    0.07149404242690582,
    0.07149377794524704,
    0.07148401930314324,
    0.07148159337177705,
    0.07147933514823628,
    0.07147674390885714,
    0.07146919052699086,
    0.07146817624345701,
    0.07147119258450212,
    0.07146528363227844,
    0.07146034554372566,
    0.07146030418881763,
    0.07145947882075435,
    0.07145122882355465,
    0.07144718865553538,
    0.07144383723369699,
    0.07144312080595824,
    0.0714346140288235,
    0.07143213061357705,
    0.0714332221933965,
    0.07143049650870906,
    0.07142491114050262,
    0.07142053963093276,
    0.07142277463768305,
    0.07141910705450322,
    0.07141371071338654,
    0.0714116223742453,
    0.07140294437328082,
    0.07140777368893785,
    0.07139980876713656,
    0.07140022320917036,
    0.071391765823525,
    0.07138829563887378,
    0.07139243129710579,
    0.07138053073865197,
    0.07137909760412652,
    0.07138336659147498,
    0.07137633558739437,
    0.0713732060644957,
    0.0713728525107273,
    0.0713677837719185,
    0.07136361719517226,
    0.0713658229576961,
    0.07135692272293434,
    0.0713525368702992,
    0.07135624552933911,
    0.07134910257121597,
    0.07134441233306342,
