{
  "times": {
    "training": 607.011839389801,
    "evaluation": 0.5470073223114014
  },
  "metrics": {
    "arithmetic_mean_rank": {
      "tail": {
        "realistic": 8.577281191806332,
        "pessimistic": 8.577281191806332,
        "optimistic": 8.577281191806332
      },
      "head": {
        "realistic": 9.578212290502794,
        "pessimistic": 9.578212290502794,
        "optimistic": 9.578212290502794
      },
      "both": {
        "realistic": 9.077746741154563,
        "pessimistic": 9.077746741154563,
        "optimistic": 9.077746741154563
      }
    },
    "geometric_mean_rank": {
      "tail": {
        "realistic": 4.964636850565881,
        "pessimistic": 4.964636850565881,
        "optimistic": 4.964636850565881
      },
      "head": {
        "realistic": 5.347165180487551,
        "pessimistic": 5.347165180487551,
        "optimistic": 5.347165180487551
      },
      "both": {
        "realistic": 5.152352210506503,
        "pessimistic": 5.152352210506503,
        "optimistic": 5.152352210506503
      }
    },
    "median_rank": {
      "tail": {
        "realistic": 6.0,
        "pessimistic": 6.0,
        "optimistic": 6.0
      },
      "head": {
        "realistic": 6.0,
        "pessimistic": 6.0,
        "optimistic": 6.0
      },
      "both": {
        "realistic": 6.0,
        "pessimistic": 6.0,
        "optimistic": 6.0
      }
    },
    "harmonic_mean_rank": {
      "tail": {
        "realistic": 2.8993288257525043,
        "pessimistic": 2.8993288257525043,
        "optimistic": 2.8993288257525043
      },
      "head": {
        "realistic": 3.0696784748463783,
        "pessimistic": 3.0696784748463783,
        "optimistic": 3.0696784748463783
      },
      "both": {
        "realistic": 2.98207284384495,
        "pessimistic": 2.98207284384495,
        "optimistic": 2.98207284384495
      }
    },
    "inverse_arithmetic_mean_rank": {
      "tail": {
        "realistic": 0.11658706035605731,
        "pessimistic": 0.11658706035605731,
        "optimistic": 0.11658706035605731
      },
      "head": {
        "realistic": 0.10440361621463982,
        "pessimistic": 0.10440361621463982,
        "optimistic": 0.10440361621463982
      },
      "both": {
        "realistic": 0.11015949535873634,
        "pessimistic": 0.11015949535873634,
        "optimistic": 0.11015949535873634
      }
    },
    "inverse_geometric_mean_rank": {
      "tail": {
        "realistic": 0.2014246016576253,
        "pessimistic": 0.2014246016576253,
        "optimistic": 0.2014246016576253
      },
      "head": {
        "realistic": 0.18701498200375788,
        "pessimistic": 0.18701498200375788,
        "optimistic": 0.18701498200375788
      },
      "both": {
        "realistic": 0.19408611041008292,
        "pessimistic": 0.19408611041008292,
        "optimistic": 0.19408611041008292
      }
    },
    "inverse_harmonic_mean_rank": {
      "tail": {
        "realistic": 0.34490741136975234,
        "pessimistic": 0.34490741136975234,
        "optimistic": 0.34490741136975234
      },
      "head": {
        "realistic": 0.3257670170326372,
        "pessimistic": 0.3257670170326372,
        "optimistic": 0.3257670170326372
      },
      "both": {
        "realistic": 0.3353372142011948,
        "pessimistic": 0.3353372142011948,
        "optimistic": 0.3353372142011948
      }
    },
    "inverse_median_rank": {
      "tail": {
        "realistic": 0.16666666666666666,
        "pessimistic": 0.16666666666666666,
        "optimistic": 0.16666666666666666
      },
      "head": {
        "realistic": 0.16666666666666666,
        "pessimistic": 0.16666666666666666,
        "optimistic": 0.16666666666666666
      },
      "both": {
        "realistic": 0.16666666666666666,
        "pessimistic": 0.16666666666666666,
        "optimistic": 0.16666666666666666
      }
    },
    "rank_std": {
      "tail": {
        "realistic": 9.868128902029827,
        "pessimistic": 9.868128902029827,
        "optimistic": 9.868128902029827
      },
      "head": {
        "realistic": 11.297316393637452,
        "pessimistic": 11.297316393637452,
        "optimistic": 11.297316393637452
      },
      "both": {
        "realistic": 10.618621785740247,
        "pessimistic": 10.618621785740247,
        "optimistic": 10.618621785740247
      }
    },
    "rank_var": {
      "tail": {
        "realistic": 97.37996802707642,
        "pessimistic": 97.37996802707642,
        "optimistic": 97.37996802707642
      },
      "head": {
        "realistic": 127.62935769794952,
        "pessimistic": 127.62935769794952,
        "optimistic": 127.62935769794952
      },
      "both": {
        "realistic": 112.7551286285974,
        "pessimistic": 112.7551286285974,
        "optimistic": 112.7551286285974
      }
    },
    "hits_at_k": {
      "tail": {
        "realistic": {
          "1": 0.19366852886405958,
          "3": 0.36405959031657353,
          "5": 0.49906890130353815,
          "10": 0.7486033519553073
        },
        "pessimistic": {
          "1": 0.19366852886405958,
          "3": 0.36405959031657353,
          "5": 0.49906890130353815,
          "10": 0.7486033519553073
        },
        "optimistic": {
          "1": 0.19366852886405958,
          "3": 0.36405959031657353,
          "5": 0.49906890130353815,
          "10": 0.7486033519553073
        }
      },
      "head": {
        "realistic": {
          "1": 0.16945996275605213,
          "3": 0.351024208566108,
          "5": 0.49534450651769085,
          "10": 0.7160148975791434
        },
        "pessimistic": {
          "1": 0.16945996275605213,
          "3": 0.351024208566108,
          "5": 0.49534450651769085,
          "10": 0.7160148975791434
        },
        "optimistic": {
          "1": 0.16945996275605213,
          "3": 0.351024208566108,
          "5": 0.49534450651769085,
          "10": 0.7160148975791434
        }
      },
      "both": {
        "realistic": {
          "1": 0.18156424581005587,
          "3": 0.3575418994413408,
          "5": 0.4972067039106145,
          "10": 0.7323091247672253
        },
        "pessimistic": {
          "1": 0.18156424581005587,
          "3": 0.3575418994413408,
          "5": 0.4972067039106145,
          "10": 0.7323091247672253
        },
        "optimistic": {
          "1": 0.18156424581005587,
          "3": 0.3575418994413408,
          "5": 0.4972067039106145,
          "10": 0.7323091247672253
        }
      }
    },
    "adjusted_arithmetic_mean_rank": {
      "tail": {
        "realistic": 0.17778635530251857
      },
      "head": {
        "realistic": 0.20295745331505066
      },
      "both": {
        "realistic": 0.19023321837454452
      }
    },
    "adjusted_arithmetic_mean_rank_index": {
      "tail": {
        "realistic": 0.8396168778699671
      },
      "head": {
        "realistic": 0.8142970883766869
      },
      "both": {
        "realistic": 0.827099474352906
      }
    }
  },