{
  "times": {
    "training": 675.0423185825348,
    "evaluation": 0.14350628852844238
  },
  "metrics": {
    "mean_rank": {
      "worst": 26.620111731843576,
      "avg": 26.620111731843576,
      "best": 26.620111731843576
    },
    "mean_reciprocal_rank": {
      "worst": 0.09197666355490534,
      "avg": 0.09197666355490534,
      "best": 0.09197666355490534
    },
    "hits_at_k": {
      "worst": {
        "1": 0.0,
        "3": 0.07262569832402235,
        "5": 0.1387337057728119,
        "10": 0.2756052141527002
      },
      "avg": {
        "1": 0.0,
        "3": 0.07262569832402235,
        "5": 0.1387337057728119,
        "10": 0.2756052141527002
      },
      "best": {
        "1": 0.0,
        "3": 0.07262569832402235,
        "5": 0.1387337057728119,
        "10": 0.2756052141527002
      }
    },
    "adjusted_mean_rank": 0.5550959411855905
  },
  "losses": [
    0.005825009162115693,
    0.0056515556066000505,
    0.00560593500398518,
    0.005578727416052354,
    0.005556782533167007,
    0.005543038960588113,
    0.005537902580553226,
    0.005526184386919054,
    0.005520828179875563,
    0.005510049289587732,
    0.005501330708073319,
    0.005501433781414443,
    0.005489566576168331,
    0.005490063107136484,
    0.005484027739209629,
    0.0054786730460013346,
    0.005473194504331114,
    0.005466983789640866,
    0.00546223528627376,
    0.005454669033320209,
    0.005448097300328566,
    0.005441605047172822,
    0.005441769057612741,
    0.005434045812275526,
    0.005426198885905162,
    0.005418625370728389,
    0.0054140144170781645,
    0.0054077705933471745,
    0.005405621826369664,
    0.005401221191168724,
    0.005390104150560018,
    0.005384246194351478,
    0.005380237747109338,
    0.005372434142935142,
    0.005369896404026599,
    0.005361827467097326,
    0.005359601368953226,
    0.005353690198298251,
    0.0053479999847961274,
    0.005340469094195616,
    0.0053380493367655895,
    0.005334758356715856,
    0.005329316440090704,
    0.0053263124817989295,
    0.005321789449185468,
    0.005318289141306717,
    0.005312511467196968,
    0.005309196349498484,
    0.005306836050213053,
    0.0053008232363377615,
    0.0052993019784657695,
    0.005293925847397761,
    0.00529476200066479,
    0.00528420236533724,
    0.005283922926707661,
    0.005279425803697511,
    0.0052763254622395115,
    0.005271589488125919,
    0.005269908503200231,
    0.005266667744807536,
    0.005262807918510187,
    0.0052606500685215,
    0.0052578945047734825,
    0.005253087868739603,
    0.005248212517144975,
    0.005247451602184817,
    0.0052441023150633335,
    0.00524099695771821,
    0.005235955691181318,
    0.005237661748566431,
    0.00523122116811713,
    0.005228554934598087,
    0.005226614909448874,
    0.005227090769939208,
    0.005222073208526725,
    0.005220499824495351,
    0.005214869857448317,
    0.0052140984991181655,
    0.005215153830607285,
    0.0052071699056397665,
    0.005204276694508081,
    0.005200728118308028,
    0.00519809853773885,
    0.005194395466634397,
    0.0051918222467774305,
    0.005187485569369481,
    0.005188483919264672,
    0.00518922960518228,
    0.005185525459743171,
    0.005179962596754903,
    0.005175482942147202,
    0.005177867490700568,
    0.00517010727848453,
    0.005167085489027955,
    0.005164850384610869,
    0.005161172106917878,
    0.0051606526382072145,
    0.0051616517764129,
    0.005154963171158391,
    0.005152273804563261,
    0.005150838877154647,
    0.0051478882100474965,
    0.00515138798773512,
    0.005149986643748783,
    0.005139373235878873,
    0.005142592040173123,
    0.005134488968701845,
    0.005139229693606998,
    0.005131141279129946,
    0.005127882989549012,
    0.0051251916486895486,
    0.005128452498535539,
    0.005121792767768942,
    0.005123389982496308,
    0.005121135414483842,
    0.005117247815938032,
    0.005117040420516154,
    0.0051148431410503745,
    0.005116668303082052,
    0.0051074524301937905,
    0.005102615154693636,
    0.005105416370688306,
    0.005098649171575179,
    0.0050974498862184385,
    0.005093012242281481,
    0.005094182171792573,
    0.005089514083072041,
    0.005089624767446339,
    0.005087709605470578,
    0.005086393510636765,
    0.00507948814092504,
    0.00508046020450217,
    0.00507672323604648,
    0.005075981707943513,
    0.005077968829412585,
    0.005069166233532884,
    0.005069119325570399,
    0.005069133096587346,
    0.005065181233295787,
    0.005063809168416909,
    0.005061669275164604,
    0.0050586796320333015,
    0.0050563798582509215,
    0.005057849603869049,
    0.005049527556485451,
    0.005051144569665752,
    0.005049792086977637,
    0.005048017439603359,
    0.005046350344290001,
    0.0050425823596532875,
    0.005041636331251051,
    0.005040556757470195,
    0.0050389455415113145,
    0.005034023895859718,
    0.0050373392088917755,
    0.005030620089742575,
    0.005032642643326677,
    0.005027944919712535,
    0.005027814255504126,
    0.005018497416086858,
    0.005017882819925801,
    0.005014814841055245,
    0.005014894704582093,
    0.005013968990871523,
    0.005011962329068881,
    0.00500745971579007,
    0.00500448713644167,
    0.005002170480257563,
    0.005002501870641548,
    0.00499730585805709,
    0.0049939646912313135,
    0.004994625469830152,
    0.004989871469218186,
    0.004988579505056924,
    0.004988236583015892,
    0.004987624289000525,
    0.004981982511248481,
    0.004981207427628032,
    0.004980799794364511,
    0.004974599795116021,
    0.004974649849344282,
    0.0049734752736846155,
    0.004966691178217363,
    0.004963217331061649,
    0.004966694289602144,
    0.004961264699920733,
    0.004960299717185649,
    0.004961825551444225,
    0.004955429514025928,
    0.004950902930527144,
    0.0049503597078586785,
    0.004940705199478271,
    0.004942535837826211,
    0.004940866349676575,
    0.004939154216022081,
    0.0049359537312265635,
    0.004934497763601582,
    0.004931137872657526,
    0.004928926452436251,
    0.00492479470785191,
    0.004921093924940749,
    0.004919723178563493,
    0.004917470040671834,
    0.004912327535534173,
    0.004910243737898516,
    0.004910087645444531,
    0.004901941182015094,
    0.004903388150343288,
    0.004897654405359025,
    0.004896913079565831,
    0.004895833149998822,
    0.004891612200757091,
    0.004886015105560032,
    0.004883783754338039,
    0.004879147225942058,
    0.004877430557758174,
    0.0048742163856601,
    0.004874592870194813,
    0.004872611957542905,
    0.004867249785849218,
    0.004863293255480488,
    0.004867425097731615,
    0.004858288069845139,
    0.004860033166040195,
    0.004854308957520049,
    0.004854094830066077,
    0.004847340955493155,
    0.004843078930391355,
    0.004842411036069473,
    0.004842379140887368,
    0.004836416262644953,
    0.004838693001018034,
    0.004834112086880966,
    0.004829748613892423,
    0.00482507428844993,
    0.004827340471833833,
    0.004822105532058616,
    0.004821224612522214,
    0.0048161259946528446,
    0.0048130322666315555,
    0.004811111523696546,
    0.004807798408167192,
    0.004805421589242385,
    0.0048008337268110515,
    0.004801481934299183,
    0.004802375236588917,
    0.004799786564451032,
    0.004788700853952308,
    0.004785777645164661,
    0.004786702465921752,
    0.004785904325963406,
    0.004786377284354932,
    0.004780373804633984,
    0.004777513011899334,
    0.004776150776484933,
    0.004776993138569124,
    0.004772582199522172,
    0.00477575147977929,
    0.004769427415806702,
    0.004768566720271378,
    0.004766535341795464,
    0.004760689991578627,
    0.004761638894174876,
    0.004756859521126926,
    0.004756350140000104,
    0.0047522323826948805,
    0.0047460536538773265,
    0.004744418663032046,
    0.004745697393343689,
    0.004739350412557188,
    0.004739220173896922,
    0.004741697094302053,
