{
  "times": {
    "training": 15889.90320777893,
    "evaluation": 14.613195419311523
  },
  "metrics": {
    "mean_rank": {
      "worst": 7087.019669243566,
      "best": 7086.966141501125,
      "avg": 7086.992905372345
    },
    "mean_reciprocal_rank": {
      "worst": 0.0011152228378507347,
      "best": 0.0011152343148248594,
      "avg": 0.001115228557014099
    },
    "hits_at_k": {
      "worst": {
        "1": 0.00034249926607300127,
        "3": 0.0007094627654369312,
        "5": 0.0008807123984734318,
        "10": 0.001149818964673647
      },
      "best": {
        "1": 0.00034249926607300127,
        "3": 0.0007094627654369312,
        "5": 0.0008807123984734318,
        "10": 0.001149818964673647
      },
      "avg": {
        "1": 0.00034249926607300127,
        "3": 0.0007094627654369312,
        "5": 0.0008807123984734318,
        "10": 0.001149818964673647
      }
    },
    "adjusted_mean_rank": 0.9918880356762023
  },
  "losses": [
    138.64036359865287,
    137.93867686712116,
    137.02688026299526,
    135.95697420464262,
    134.75905656373382,
    133.45396395297084,
    132.0574687351776,
    130.58217673392835,
    129.03853291240506,
    127.43541706158268,
    125.78053411468946,
    124.08064864381318,
    122.3417777467992,
    120.569318890437,
    118.76815018346372,
    116.94270071771723,
    115.0970140591493,
    113.2347981037977,
    111.35945354827342,
    109.47412258447098,
    107.58169855500404,
    105.68486195232282,
    103.78609163989589,
    101.8876852330081,
    99.99177462574488,
    98.10033627272628,
    96.21520122293138,
    94.33807332149908,
    92.47052772226917,
    90.61402783698618,
    88.76992751429631,
    86.93947869885646,
    85.12384121724877,
    83.32408183853272,
    81.5411868785031,
    79.77606287817993,
    78.02954366271486,
    76.30238285190461,
    74.59527816840249,
    72.90886135170253,
    71.24370453855578,
    69.60032347275016,
    67.97918081927362,
    66.38068919142356,
    64.80521307537002,
    63.253072822808875,
    61.72454387461253,
    60.2198647526601,
    58.73923373915042,
    57.28281309759318,
    55.85073102999176,
    54.443082883772774,
    53.05993494219682,
    51.70132273465735,
    50.36725633412233,
    49.05771933287516,
    47.77267042130893,
    46.512047289244286,
    45.27576471441414,
    44.0637189530773,
    42.87578406051463,
    41.71182047001408,
    40.57166949971065,
    39.45515667979736,
    38.36209477311083,
    37.292283886038305,
    36.24550764548706,
    35.221541399480756,
    34.22014793745282,
    33.24108096098411,
    32.28408394863684,
    31.348893293971166,
    30.43523665498759,
    29.54283533862813,
    28.671403681001735,
    27.820650694679887,
    26.990280388369804,
    26.179992204018625,
    25.389481095100717,
    24.61843895862317,
    23.86655442635961,
    23.13351387932334,
    22.419001862037707,
    21.7227005932404,
    21.04429130002977,
    20.383454508180293,
    19.73986990513978,
    19.11321848966858,
    18.50318030803136,
    17.909436153484265,
    17.33166712590876,
    16.769556367180453,
    16.222787590019976,
    15.691047097153307,
    15.174022409652784,
    14.671402885080692,
    14.182880382931444,
    13.708149778392096,
    13.246908060407224,
    12.798855479892895,
    12.363694871246594,
    11.941132621152752,
    11.5308779085434,
    11.13264386096705,
    10.746146572735285,
    10.371106147122639,
    10.007246303299048,
    9.654296263380346,
    9.311985574048528,
    8.98005025373702,
    8.658230046050686,
    8.346268488267237,
    8.043913150276625,
    7.7509161222458,
    7.467033530215929,
    7.192025787274209,
    6.925657515266549,
    6.667697696479242,
    6.417919645912212,
    6.176100787018471,
    5.942022617453416,
    5.715471690112761,
    5.496238760942479,
    5.28411813980648,
    5.078908771830157,
    4.880414211304616,
    4.688441578671289,
    4.502802499969729,
    4.323312566165829,
    4.1497923304996105,
    3.9820655612917397,
    3.8199603885265083,
    3.663308790091326,
    3.5119469758738586,
    3.3657149522888394,
    3.224456621768195,
    3.0880197285307736,
    2.956255739928128,
    2.829019994456475,
    2.7061714326440467,
    2.58757260724475,
    2.473089576408603,
    2.3625920043951023,
    2.255953164019703,
    2.153049487317246,
    2.053760792656723,
    1.9579702260257883,
    1.8655639482892448,
    1.7764317957382683,
    1.6904661671465113
  ]
}