{
  "times": {
    "training": 962.1032705307007,
    "evaluation": 0.14913129806518555
  },
  "metrics": {
    "mean_rank": {
      "avg": 17.723929236499067,
      "worst": 17.723929236499067,
      "best": 17.723929236499067
    },
    "mean_reciprocal_rank": {
      "avg": 0.20210556952321865,
      "worst": 0.20210556952321865,
      "best": 0.20210556952321865
    },
    "hits_at_k": {
      "avg": {
        "1": 0.08519553072625698,
        "3": 0.20344506517690875,
        "5": 0.2946927374301676,
        "10": 0.462756052141527
      },
      "worst": {
        "1": 0.08519553072625698,
        "3": 0.20344506517690875,
        "5": 0.2946927374301676,
        "10": 0.462756052141527
      },
      "best": {
        "1": 0.08519553072625698,
        "3": 0.20344506517690875,
        "5": 0.2946927374301676,
        "10": 0.462756052141527
      }
    },
    "adjusted_mean_rank": 0.3709343774287547
  },
  "losses": [
    273630.8634523075,
    0.0014724602097861664,
    0.0014561856573635941,
    0.0014455000484494792,
    0.0014415704645216465,
    0.001437589285497585,
    0.0014352077611265112,
    0.0014344962167271067,
    0.001433803139198641,
    0.0014345622054660477,
    0.0014335942909833085,
    0.0014331662601857597,
    0.0014333427475576991,
    0.0014335737975265427,
    0.0014329930228505576,
    0.0014327925207853764,
    0.0014325243356369073,
    0.0014334119322678346,
    0.0014329252787255282,
    0.001433713903148355,
    0.0014331432483211328,
    0.0014334387976104178,
    0.0014336524646352516,
    0.001432080857790588,
    0.0014331175061465984,
    0.0014335216556707125,
    0.0014328515533818288,
    0.001432567604639557,
    0.0014330398244260067,
    0.0014332090277741018,
    0.0014327656781154402,
    0.0014345025458837046,
    0.001433503490520383,
    0.0014338630499241504,
    0.0014337405060114486,
    0.001433400610768784,
    0.0014339394488961398,
    0.0014339187051682326,
    0.0014342558744611141,
    0.0014342573551593648,
    0.0014339817900643143,
    0.001434242678108566,
    0.0014338771601587756,
    0.0014344040620095386,
    0.0014342799929253172,
    0.001434594335222847,
    0.0014338945500789845,
    0.001434311681437526,
    0.001435358374648159,
    0.0014348964072582538,
    0.0014342375357778332,
    0.00143470071615435,
    0.001434174623542678,
    0.0014345393985272681,
    0.0014349148008791024,
    0.0014343425362939469,
    0.001433569651048226,
    0.0014338613904607987,
    0.001432559677933374,
    0.0014327751334812422,
    0.0014324189427095963,
    0.0014319151992236408,
    0.00143163183648209,
    0.0014314581579022974,
    0.0014310116079123167,
    0.0014295489588326841,
    0.0014297459004202697,
    0.0014287755529881082,
    0.0014273242672647206,
    0.001427707579754265,
    0.0014270341315059068,
    0.0014264811090218105,
    0.0014254270201681481,
    0.0014235760217832492,
    0.001421965185155192,
    0.0014220686256187908,
    0.0014205274803473261,
    0.0014186599928439222,
    0.0014168624129592814,
    0.0014164819921042477,
    0.001414975950194432,
    0.0014123971301936702,
    0.0014111822931451743,
    0.001409486774180768,
    0.0014063381565532435,
    0.0014040734416592433,
    0.0014021432529507057,
    0.001399168326983347,
    0.0013980242512659745,
    0.0013941164531357838,
    0.0013912365246871103,
    0.0013881397201620349,
    0.0013847775558491102,
    0.0013811693226827887,
    0.0013779224278509953,
    0.0013732024344654007,
    0.0013701991607131584,
    0.0013655079502528638,
    0.001361029042098462,
    0.0013568740833397215,
    0.0013518301205018932,
    0.0013463236688032803,
    0.0013417311985924672,
    0.0013359653848931472,
    0.0013305099876353356,
    0.0013232616208884377,
    0.0013178889194942927,
    0.0013100188992889632,
    0.0013025585738139765,
    0.0012960743938645956,
    0.0012892594217402992,
    0.0012802883829182007,
    0.0012727415203099394,
    0.0012637431260672737,
    0.0012570368256838468,
    0.001245999639009715,
    0.001238270431638378,
    0.001227561906782373,
    0.0012184302122000786,
    0.0012078949586882461,
    0.0011982089545131288,
    0.0011878185312539228,
    0.00117721230799702,
    0.0011665229598402083,
    0.001155984920208876,
    0.0011432586361615734,
    0.00113209745365331,
    0.0011200577078198785,
    0.0011080408831604857,
    0.0010961176433394687,
    0.0010840705786011975,
    0.0010698708027168718,
    0.0010584851666719894,
    0.0010451712499090124,
    0.0010318602801541264,
    0.001018759849034808,
    0.0010055807015373745,
    0.000991754037631529,
    0.0009789170962426993,
    0.000964737714404303,
    0.0009509122695892436,
    0.0009363990474129549,
    0.0009225481813285179,
    0.0009087882735435101,
    0.0008951269887206371,
    0.0008807040546926555,
    0.000866997420215763,
    0.0008534876388159305,
    0.0008389218248189723,
    0.0008252539854210694,
    0.0008107869051334061,
    0.0007976446255399716,
    0.0007836370317314225,
    0.000769969871640903,
    0.0007566243640325042,
    0.0007430539677470699,
    0.0007297394898360812,
    0.000715832463605155,
    0.0007038715113240402,
    0.0006907963200929237,
    0.0006785216311355599,
    0.0006655790186434816,
    0.0006540745242990637,
    0.000642338022502481,
    0.0006303474924453859,
    0.0006200540906746178,
    0.0006080299959437789,
    0.0005983689233960675,
    0.0005876381492611956,
    0.0005776621689078178,
    0.0005691710598801685,
    0.000559473049230455,
    0.0005515038671516133,
    0.0005434360756270224,
    0.0005352480868086888,
    0.0005283313685651408,
    0.0005217775016192919,
    0.0005152937722887691,
    0.0005093934869023968,
    0.0005039340436671361,
    0.0004986488220651637,
    0.000493987946516454,
    0.0004894793389386005,
    0.0004853497613360931,
    0.0004818695941800426,
    0.0004784959751662662,
    0.0004754353891046585,
    0.00047222166239329326,
    0.0004699558603022708,
    0.0004674324701271588,
    0.0004654007147184891,
    0.0004632584148955144,
    0.0004617816355246841,
    0.0004597558253636577,
    0.0004587035060664883,
    0.00045714109777629877,
    0.0004563379857500785,
    0.0004549059497579681,
    0.0004537363631706615,
    0.0004526698344460364,
    0.0004516006493156127,
    0.00045129581732145243,
    0.0004503404966220678,
    0.0004496379944666774,
    0.00044901975760173595,
    0.000448899064125835,
    0.000447844121995825,
    0.00044745418255318526,
    0.0004468634713716693,
    0.0004466621506931295,
    0.00044578821912812496,
    0.0004455815374586131,
    0.0004448852495705423,
    0.0004448143759662153,
    0.00044454967063304023,
    0.00044402923506478803,
    0.00044352109679143023,
    0.0004434593724721715,
    0.00044284984386571395,
    0.0004426271622836562,
    0.0004422333410222516,
    0.00044191728628585847,
    0.00044181455652253905,
    0.00044134250220281075,
    0.00044096609636834277,
    0.0004408790885596379,
    0.00044037786675163644,
    0.00044008743799246204,
    0.0004396913324618775,
    0.00043949104731288573,
    0.0004389965065235223,
    0.00043882422667164146,
    0.000438575458683227,
    0.00043800399221884513,
    0.00043801072817505076,
    0.00043795422488677034,
    0.0004375042995064753,
    0.00043708317231191566,
    0.0004363958311811341,
    0.0004359348380610291,
    0.0004342100537235566,
    0.0004334667384055921,
    0.00043075390583887865,
    0.00042894623706235866,
    0.0004254172587495172,
    0.00042402008631221307,
    0.00042043800669816435,
    0.00041776267752358304,
    0.00041452099260445055,
    0.00041045982317392075,
    0.00040868838572323546,
    0.0004068757856460044,
    0.00039925138084113265,
    0.00039459683183294615,
    0.0003958647854430845,
    0.000392690152479231,
    0.0003918680080739356,
    0.0003930215435172344,
    0.000391391772176889,
    0.0003902584350099334,
    0.00038601041244768473,
    0.0003843747974505948,
