{
  "mean_rank": {
    "worst": 15192.146887824898,
    "best": 15192.144835841313,
    "avg": 15192.145861833105
  },
  "mean_reciprocal_rank": {
    "worst": 0.006030590810141183,
    "best": 0.00603059082031881,
    "avg": 0.006030590815229656
  },
  "hits_at_k": {
    "worst": {
      "1": 0.0027359781121751026,
      "3": 0.006326949384404925,
      "5": 0.007694938440492476,
      "10": 0.009746922024623803
    },
    "best": {
      "1": 0.0027359781121751026,
      "3": 0.006326949384404925,
      "5": 0.007694938440492476,
      "10": 0.009746922024623803
    },
    "avg": {
      "1": 0.0027359781121751026,
      "3": 0.006326949384404925,
      "5": 0.007694938440492476,
      "10": 0.009746922024623803
    }
  },
  "adjusted_mean_rank": 0.7494623710040903
}