{
  "times": {
    "training": 32629.424190044403,
    "evaluation": 80.22739219665527
  },
  "metrics": {
    "arithmetic_mean_rank": {
      "tail": {
        "realistic": 424.7396760935512,
        "optimistic": 424.73945591545163,
        "pessimistic": 424.7398962716508
      },
      "head": {
        "realistic": 659.8221205597416,
        "optimistic": 659.8215578823759,
        "pessimistic": 659.8226832371073
      },
      "both": {
        "realistic": 542.2808983266465,
        "optimistic": 542.2805068989138,
        "pessimistic": 542.2812897543791
      }
    },
    "geometric_mean_rank": {
      "tail": {
        "realistic": 27.01331523000281,
        "optimistic": 27.013289242731748,
        "pessimistic": 27.01334096008835
      },
      "head": {
        "realistic": 53.948899462766406,
        "optimistic": 53.94886353578203,
        "pessimistic": 53.948935280080605
      },
      "both": {
        "realistic": 38.17510481320829,
        "optimistic": 38.17507373940154,
        "pessimistic": 38.175135666485275
      }
    },
    "median_rank": {
      "tail": {
        "realistic": 18.0,
        "optimistic": 18.0,
        "pessimistic": 18.0
      },
      "head": {
        "realistic": 46.0,
        "optimistic": 46.0,
        "pessimistic": 46.0
      },
      "both": {
        "realistic": 29.0,
        "optimistic": 29.0,
        "pessimistic": 29.0
      }
    },
    "harmonic_mean_rank": {
      "tail": {
        "realistic": 4.951720499283934,
        "optimistic": 4.951720026473447,
        "pessimistic": 4.951720960411956
      },
      "head": {
        "realistic": 6.797586957945609,
        "optimistic": 6.79758676925256,
        "pessimistic": 6.797587145067439
      },
      "both": {
        "realistic": 5.729656970481778,
        "optimistic": 5.729656586930404,
        "pessimistic": 5.729657345654214
      }
    },
    "inverse_arithmetic_mean_rank": {
      "tail": {
        "realistic": 0.0023543832994300834,
        "optimistic": 0.002354384519904502,
        "pessimistic": 0.00235438207895693
      },
      "head": {
        "realistic": 0.0015155599802438844,
        "optimistic": 0.001515561272671037,
        "pessimistic": 0.0015155586878189363
      },
      "both": {
        "realistic": 0.0018440627414422468,
        "optimistic": 0.0018440640725195926,
        "pessimistic": 0.0018440614103668227
      }
    },
    "inverse_geometric_mean_rank": {
      "tail": {
        "realistic": 0.03701878097840181,
        "optimistic": 0.03701881659113623,
        "pessimistic": 0.037018745718179744
      },
      "head": {
        "realistic": 0.018536059307199846,
        "optimistic": 0.018536071651198763,
        "pessimistic": 0.0185360470008984
      },
      "both": {
        "realistic": 0.026195081975361276,
        "optimistic": 0.02619510329767543,
        "pessimistic": 0.026195060804405215
      }
    },
    "inverse_harmonic_mean_rank": {
      "tail": {
        "realistic": 0.20195000912200306,
        "optimistic": 0.20195002840501614,
        "pessimistic": 0.20194999031544894
      },
      "head": {
        "realistic": 0.14711102721990388,
        "optimistic": 0.1471110313035337,
        "pessimistic": 0.14711102317027802
      },
      "both": {
        "realistic": 0.17453051817095344,
        "optimistic": 0.17453052985427495,
        "pessimistic": 0.17453050674286347
      }
    },
    "inverse_median_rank": {
      "tail": {
        "realistic": 0.05555555555555555,
        "optimistic": 0.05555555555555555,
        "pessimistic": 0.05555555555555555
      },
      "head": {
        "realistic": 0.021739130434782608,
        "optimistic": 0.021739130434782608,
        "pessimistic": 0.021739130434782608
      },
      "both": {
        "realistic": 0.034482758620689655,
        "optimistic": 0.034482758620689655,
        "pessimistic": 0.034482758620689655
      }
    },
    "rank_std": {
      "tail": {
        "realistic": 1328.475725894479,
        "optimistic": 1328.4754802975378,
        "pessimistic": 1328.475971574207
      },
      "head": {
        "realistic": 1663.21361133579,
        "optimistic": 1663.2124463689568,
        "pessimistic": 1663.2147764707702
      },
      "both": {
        "realistic": 1509.7614296754973,
        "optimistic": 1509.7606666026536,
        "pessimistic": 1509.762192877486
      }
    },
    "rank_var": {
      "tail": {
        "realistic": 1764847.754290863,
        "optimistic": 1764847.1017517739,
        "pessimistic": 1764848.4070500333
      },
      "head": {
        "realistic": 2766279.5169326398,
        "optimistic": 2766275.6417566095,
        "pessimistic": 2766283.392670714
      },
      "both": {
        "realistic": 2279379.5745358015,
        "optimistic": 2279377.270420489,
        "pessimistic": 2279381.879042235
      }
    },
    "hits_at_k": {
      "tail": {
        "realistic": {
          "1": 0.08949016537821705,
          "3": 0.24992660730012722,
          "5": 0.31730110578334475,
          "10": 0.41706624914375184
        },
        "optimistic": {
          "1": 0.08949016537821705,
          "3": 0.24992660730012722,
          "5": 0.31730110578334475,
          "10": 0.41706624914375184
        },
        "pessimistic": {
          "1": 0.08949016537821705,
          "3": 0.24992660730012722,
          "5": 0.31730110578334475,
          "10": 0.41706624914375184
        }
      },
      "head": {
        "realistic": {
          "1": 0.06737449848321754,
          "3": 0.1672864272433702,
          "5": 0.2250709462765437,
          "10": 0.30575398767002643
        },
        "optimistic": {
          "1": 0.06737449848321754,
          "3": 0.1672864272433702,
          "5": 0.2250709462765437,
          "10": 0.30575398767002643
        },
        "pessimistic": {
          "1": 0.06737449848321754,
          "3": 0.1672864272433702,
          "5": 0.2250709462765437,
          "10": 0.30575398767002643
        }
      },
      "both": {
        "realistic": {
          "1": 0.07843233193071729,
          "3": 0.2086065172717487,
          "5": 0.27118602602994424,
          "10": 0.36141011840688914
        },
        "optimistic": {
          "1": 0.07843233193071729,
          "3": 0.2086065172717487,
          "5": 0.27118602602994424,
          "10": 0.36141011840688914
        },
        "pessimistic": {
          "1": 0.07843233193071729,
          "3": 0.2086065172717487,
          "5": 0.27118602602994424,
          "10": 0.36141011840688914
        }
      }
    },
    "adjusted_arithmetic_mean_rank": {
      "tail": {
        "realistic": 0.05870868168148091
      },
      "head": {
        "realistic": 0.0937695093558634
      },
      "both": {
        "realistic": 0.07599580391506508
      }
    },
    "adjusted_arithmetic_mean_rank_index": {
      "tail": {
        "realistic": 0.9414214441697281
      },
      "head": {
        "realistic": 0.9063592963690016
      },
      "both": {
        "realistic": 0.9241337051346976
      }
    }
  },