{
  "times": {
    "training": 17869.76896047592,
    "evaluation": 7.845778226852417
  },
  "metrics": {
    "mean_rank": {
      "avg": 873.5054555240239,
      "worst": 873.505553380957,
      "best": 873.5053576670907
    },
    "mean_reciprocal_rank": {
      "avg": 0.2224505328820382,
      "worst": 0.22245053276606686,
      "best": 0.22245053299820272
    },
    "hits_at_k": {
      "avg": {
        "1": 0.14840003914277328,
        "3": 0.24256287307955768,
        "5": 0.29758293375085626,
        "10": 0.37317741461982584
      },
      "worst": {
        "1": 0.14840003914277328,
        "3": 0.24256287307955768,
        "5": 0.29758293375085626,
        "10": 0.37317741461982584
      },
      "best": {
        "1": 0.14840003914277328,
        "3": 0.24256287307955768,
        "5": 0.29758293375085626,
        "10": 0.37317741461982584
      }
    },
    "adjusted_mean_rank": 0.12403307317140458
  },
  "losses": [
    0.004240924500031535,
    0.0027248938700303446,
    0.0017547166029389769,
    0.0012143456815328095,
    0.0009306880462858983,
    0.0005815843088044825,
    0.000452532708828756,
    0.00028359865287492424,
    0.0002178207385049695,
    0.00017094099067999766,
    0.00011980814281993717,
    9.629447711717983e-05,
    7.814127452492212e-05,
    6.190939864232976e-05,
    5.121071818550716e-05,
    4.285902292249474e-05,
    3.711504842307698e-05,
    3.294047464308703e-05,
    2.9526190112475013e-05,
    2.689776398696489e-05,
    2.4891620912003287e-05,
    2.3314683558003112e-05,
    2.2147826563329873e-05,
    2.117892972258282e-05,
    2.0230789531161736e-05,
    1.9474328283829662e-05,
    1.884302284489755e-05,
    1.8284223663690253e-05,
    1.7807796369105267e-05,
    1.741133610192413e-05,
    1.702727928352436e-05,
    1.6680147245212713e-05,
    1.638036444893934e-05,
    1.6093547239981516e-05,
    1.585665013502586e-05,
    1.5606937632617838e-05,
    1.5376235856370977e-05,
    1.5177822912237016e-05,
    1.4992508688299196e-05,
    1.4805171194703477e-05,
    1.4628302161095245e-05,
    1.4473664947240794e-05,
    1.4321131549050425e-05,
    1.4173309725407705e-05,
    1.4028518200091253e-05,
    1.389806486289809e-05,
    1.3793268782494993e-05,
    1.3637273678012954e-05,
    1.3527894016367213e-05,
    1.3431888102897635e-05,
    1.3316352237031844e-05,
    1.319698982777253e-05,
    1.3099937029170576e-05,
    1.2993770406375878e-05,
    1.2894239886029347e-05,
    1.2799167941794408e-05,
    1.269778822940035e-05,
    1.2588855861026932e-05,
    1.2501601540065092e-05,
    1.2405836830770824e-05,
    1.2316978191145675e-05,
    1.2210684777781611e-05,
    1.212719208488541e-05,
    1.2046715103014235e-05,
    1.1954108024488253e-05,
    1.187860430308611e-05,
    1.1798683186168414e-05,
    1.1732593435832759e-05,
    1.1646987642040567e-05,
    1.1575360053740083e-05,
    1.1501957878193333e-05,
    1.1438176765891802e-05,
    1.1360474154697374e-05,
    1.1294736683219739e-05,
    1.1215731705408562e-05,
    1.1154348367248208e-05,
    1.1090331179215913e-05,
    1.1036111460322314e-05,
    1.0972008160909503e-05,
    1.0914590643138786e-05,
    1.0852663082631353e-05,
    1.0796488728074434e-05,
    1.0756233715029482e-05,
    1.0681524740937778e-05,
    1.0636409274538701e-05,
    1.0569366887241657e-05,
    1.0505079603835629e-05,
    1.046919643381183e-05,
    1.0400460030331693e-05,
    1.0360351641838822e-05,
    1.0299727015825621e-05,
    1.0256375745093266e-05,
    1.0198943794786513e-05,
    1.0161366588893722e-05,
    1.0113134644081633e-05,
    1.0062697821828197e-05,
    1.0026711612055852e-05,
    9.969558285079445e-06,
    9.934179246968141e-06,
    9.882912753862494e-06,
    9.83241024162882e-06,
    9.815017132151517e-06,
    9.757754824659106e-06,
    9.712249320750244e-06,
    9.67422570458285e-06,
    9.627545714472108e-06,
    9.593914642047211e-06,
    9.553122500092897e-06,
    9.514296540311943e-06,
    9.475062275428619e-06,
    9.438757310186394e-06,
    9.40178331899133e-06,
    9.371428340038856e-06,
    9.327905127835118e-06,
    9.28748612197523e-06,
    9.252481056682054e-06,
    9.212670929420947e-06,
    9.183136383505063e-06,
    9.140249622604932e-06,
    9.092410858752163e-06,
    9.076133086829759e-06,
    9.035910155557404e-06,
    9.008005019735501e-06,
    8.96633780638057e-06,
    8.917276741313909e-06,
    8.896380257880824e-06,
    8.86401502901499e-06,
    8.824402044022058e-06,
    8.793909804565926e-06,
    8.776715663989676e-06,
    8.730956534928297e-06,
    8.71212609176236e-06,
    8.676000830506831e-06,
    8.641827000608923e-06,
    8.612950446066476e-06,
    8.585400812632426e-06,
    8.56192035032519e-06,
    8.527654598789543e-06,
    8.50697683521919e-06,
    8.447675828818663e-06,
    8.453889494360943e-06,
    8.424749381962357e-06,
    8.388709581917933e-06,
    8.367067036740708e-06,
    8.333256971257478e-06,
    8.296702279035687e-06,
    8.275948081625137e-06,
    8.240695090709551e-06,
    8.221149434238224e-06,
    8.198886796060617e-06,
    8.166302594526195e-06,
    8.146705596325847e-06,
    8.11554113293011e-06,
    8.096529830944194e-06,
    8.066324808686336e-06,
    8.04548936350369e-06,
    8.025076462430034e-06,
    8.00254558839432e-06,
    7.97169306528245e-06,
    7.947323574513827e-06,
    7.932046179004988e-06,
    7.905033135524076e-06,
    7.871076345989904e-06,
    7.849030820211846e-06,
    7.823713857649096e-06,
    7.798089465863146e-06,
    7.775619808903624e-06,
    7.764405252952554e-06,
    7.723526922405245e-06,
    7.70410461066859e-06,
    7.668225677658276e-06,
    7.645925582752295e-06,
    7.627511859876725e-06,
    7.616480427426265e-06,
    7.577023888597364e-06,
    7.5570730422567385e-06,
    7.541715375153456e-06,
    7.520736447944726e-06,
    7.497145008509357e-06,
    7.488442045621075e-06,
    7.457832069117142e-06,
    7.45157326132492e-06,
    7.408369409883911e-06,
    7.394744826181072e-06,
    7.361127726419843e-06,
    7.354470464410865e-06,
    7.340214958833759e-06,
    7.309760475380303e-06,
    7.289439793638956e-06,
    7.267862240102858e-06,
    7.2463288505732454e-06,
    7.220115153661138e-06,
    7.211686168862461e-06,
    7.183949252661474e-06,
    7.163561917788955e-06,
    7.1392460221531246e-06,
    7.1186343003330485e-06,
    7.107733346435379e-06,
    7.0812406615905955e-06,
    7.060177533748924e-06,
    7.059691764103618e-06,
    7.026145723567059e-06,
    7.0120941284531635e-06,
    6.9818208461113275e-06,
    6.968220343648647e-06,
    6.952165751065292e-06,
    6.939069163289692e-06,
    6.915522501173838e-06,
    6.876636955548776e-06,
    6.877987349226284e-06,
    6.851427606863036e-06,
    6.836987599395544e-06,
    6.813225565684921e-06,
    6.795797400454362e-06,
    6.789462431435217e-06,
    6.756534185314912e-06,
    6.761592610564267e-06,
    6.73399218333759e-06,
    6.705792283800177e-06,
    6.711714543276095e-06,
    6.681046181573586e-06,
    6.658511148611795e-06,
    6.665019498445479e-06,
    6.614855502875174e-06,
    6.606980146893902e-06,
    6.581491749565139e-06,
    6.571058522443256e-06,
    6.5453758874159494e-06,
    6.536253722683659e-06,
    6.531293884560148e-06,
    6.517850903415488e-06,
    6.490491463661237e-06,
    6.477565765303586e-06,
    6.455752680011638e-06,
    6.456108830563856e-06,
    6.42738972628791e-06,
    6.426808057857426e-06,
    6.395413131922559e-06,
    6.38026052476898e-06,
    6.38033066428537e-06,
    6.35405160546707e-06,
    6.341393604521678e-06,
    6.329404508071976e-06,
    6.313088439805369e-06,
    6.2924504610520655e-06,
    6.287998215938388e-06,
    6.271164532193046e-06,
    6.257850089421965e-06,
    6.25446694815155e-06,
    6.238127160026891e-06,
    6.210298852006239e-06,
    6.213855795879849e-06,
    6.185104807698913e-06,
    6.173120614873478e-06,
    6.1641611841399705e-06,
    6.135969707348968e-06,
    6.131641794497388e-06,
    6.117839136618178e-06,
    6.110605199082191e-06,
