{
  "times": {
    "training": 402.12953758239746,
    "evaluation": 0.38695406913757324
  },
  "metrics": {
    "mean_rank": {
      "worst": 5.505586592178771,
      "best": 5.505586592178771,
      "avg": 5.505586592178771
    },
    "mean_reciprocal_rank": {
      "worst": 0.44019336969168205,
      "best": 0.44019336969168205,
      "avg": 0.44019336969168205
    },
    "hits_at_k": {
      "worst": {
        "1": 0.2565176908752328,
        "3": 0.5330540037243948,
        "5": 0.6666666666666666,
        "10": 0.8561452513966481
      },
      "best": {
        "1": 0.2565176908752328,
        "3": 0.5330540037243948,
        "5": 0.6666666666666666,
        "10": 0.8561452513966481
      },
      "avg": {
        "1": 0.2565176908752328,
        "3": 0.5330540037243948,
        "5": 0.6666666666666666,
        "10": 0.8561452513966481
      }
    },
    "adjusted_mean_rank": 0.11479295636102335
  },
  "losses": [
    0.005531960494000088,
    0.005422153233721406,
    0.005369887103009201,
    0.005298905972782034,
    0.005177157855163632,
    0.00495105300252134,
    0.004574665252541363,
    0.0043354246007585515,
    0.004198559141745756,
    0.004088526968373342,
    0.0040053521184432095,
    0.003961467751378563,
    0.003887385029209715,
    0.003851656628465664,
    0.0037741303480533736,
    0.0037673017819331825,
    0.0035532891343972098,
    0.003269698881118625,
    0.0030206955004874127,
    0.002826543862116959,
    0.0027919579885920948,
    0.002737323834634062,
    0.0027261192050120663,
    0.002670700429225417,
    0.002669816456729902,
    0.0026538594301497,
    0.0026135496857963253,
    0.002642468698427416,
    0.0026132048878117643,
    0.0026117938857138407,
    0.0025979144856672076,
    0.002626966130666867,
    0.0025540895525484665,
    0.0025371082786781094,
    0.0025917952176103235,
    0.0025815709059349916,
    0.002588929883152079,
    0.0025711920604411485,
    0.002518123245648935,
    0.002564736432875489,
    0.0025541368346096256,
    0.002537324370150123,
    0.0024952455471733705,
    0.0025045971832175352,
    0.0025765356984449907,
    0.0024759677327708916,
    0.0025176108025157413,
    0.0025575467457729724,
    0.0025268009007465416,
    0.002526014651937501,
    0.00251179242075843,
    0.0024304365037682322,
    0.002510948470716926,
    0.0025216823138343694,
    0.0024576226163442747,
    0.00250187658308918,
    0.002461366898690661,
    0.002422895148651123,
    0.002542181930257084,
    0.002490830937119668,
    0.002479194388559179,
    0.002497781371333277,
    0.002463192320367747,
    0.0024046544992793978,
    0.0024219656662670163,
    0.0024388829513875008,
    0.0024088182072817916,
    0.0024774060748109406,
    0.0024916325950443967,
    0.002414706401498151,
    0.0024511029959956273,
    0.002390745453438844,
    0.002398098293671817,
    0.002407575630903774,
    0.0024139163921908075,
    0.0024107881925898964,
    0.002365774737953554,
    0.0024000981396189733,
    0.0024547970412065333,
    0.0024192465793198385,
    0.0024498898420641582,
    0.00237551642985568,
    0.0023714421872461167,
    0.002353471862753916,
    0.002418796949337973,
    0.0023694237027481226,
    0.0024138156972975514,
    0.002352676376585294,
    0.002326282826496449,
    0.002371204825997185,
    0.0023859835139123466,
    0.002313071244796529,
    0.002381393692150105,
    0.002353540982716204,
    0.0023594789016444222,
    0.0023463856131719137,
    0.0023969131467815085,
    0.002357966977708767,
    0.002332626818853678,
    0.0023215018299561734,
    0.002333354377772045,
    0.002376499762174356,
    0.0023339463681050607,
    0.0023221847671432917,
    0.002368659184363144,
    0.002321834555083244,
    0.002325866387525664,
    0.0023625788777239956,
    0.0023291179064874037,
    0.0022920356738147384,
    0.002317405724592772,
    0.0023160146598177455,
    0.00232031540478639,
    0.0023462604585257167,
    0.0023205944782555494,
    0.0023339940705912167,
    0.0022694429980890914,
    0.002331596348902964,
    0.00232816160454202,
    0.002336288513249477,
    0.0023058416850102736,
    0.0022811264315034064,
    0.0022419772456637285,
    0.0023057895210268123,
    0.0023178003282785025,
    0.002289817300503062,
    0.0022676378259198107,
    0.002275846838822051,
    0.0023045247758142233,
    0.002277231803129005,
    0.002283640487415172,
    0.0022401595917662907,
    0.0022417415341768722,
    0.0022934862710744814,
    0.0022868106538675766,
    0.0023025968109871425,
    0.0022718123226140516,
    0.0023460420821305042,
    0.0022338154574870115,
    0.002262795438609794,
    0.0022896377374993617,
    0.0022757036802411247,
    0.0022633219517554657,
    0.002247015865169089,
    0.0022719988403432003,
    0.0022372288075894857,
    0.002267810754558204,
    0.002251871012710209,
    0.002247831337821011,
    0.0022450922271114696,
    0.0022308844103947046,
    0.002255708174426841,
    0.002212105108636923,
    0.002242077783592506,
    0.0022351388548751978,
    0.0022319637486198393,
    0.002250625908223054,
    0.002169026802459641,
    0.0022974494281783,
    0.0022528296756629627,
    0.0022487442551114446,
    0.00218956111064826,
    0.0022316688381977838,
    0.0022736053229510185,
    0.0022097482269260098,
    0.00223430754527038,
    0.0021678358718642985,
    0.002244280165711885,
    0.0021901096117923433,
    0.0022439064962914987,
    0.002280241534879522,
    0.0021780876730340235,
    0.0021859566869226387,
    0.002264590405471874,
    0.0022212648767522755,
    0.002206630390250797,
    0.002231597986285076,
    0.002198612237325608,
    0.0021949576175586782,
    0.0022428354106918467,
    0.002218257631253702,
    0.0022052019829722296,
    0.0022513947767041596,
    0.002241664981728503,
    0.002232095536214303,
    0.002181386032703329,
    0.002175297571323491,
    0.0022306433492531993,
    0.0022020732241853627,
    0.002186763771894224,
    0.0021709535106988658,
    0.0022351453920097302,
    0.0022133334798386064,
    0.0021892076241347785,
    0.002167708362532912,
    0.0022057007286655768,
    0.0021663012293913863,
    0.0022455117680927677,
    0.0022067180653765435,
    0.0021811211429368913,
    0.0021962892062035964,
    0.0021687744380226043,
    0.002205006114193256,
    0.0021682019004936604,
    0.002208290301605166,
    0.002164644010631849,
    0.0022360113558833826,
    0.0021558025810860574,
    0.002164323643514405,
    0.002241699337546822,
    0.0022223536909448003,
    0.0021767636532380773,
    0.0021883266908639854,
    0.002134055224807989,
    0.002194487244938936,
    0.00216074694211382,
    0.002194486570972705,
    0.002130593835944763,
    0.0021702749633940098,
    0.0021719745828374204,
    0.002183929026869827,
    0.0021790930729233817,
    0.0021727446277890953,
    0.0021763724618947154,
    0.002214360994169984,
    0.0021514097922560077,
    0.0021558556007439346,
    0.0022112434637935113,
    0.0021052211634239202,
    0.002230952854210699,
    0.0021819509450286935,
    0.0021839235391082376,
    0.0021665000730832474,
    0.002134330829035156,
    0.002186901401946398,
    0.0021859113755287106,
    0.0021673607300314703,
    0.0021858147675980735,
    0.002181026689997745,
    0.002117559279329126,
    0.0021760506696706073,
    0.0021610948178012006,
    0.0022047671604088826,
    0.0022118512488952195,
    0.002195430557637681,
    0.002146753170008663,
    0.0021458578468012634,
    0.0021268379756150075,
    0.002178209996542436,
    0.0021779533178712964,
    0.002114576816450707,
    0.00216774956309254,
    0.0021794198177038076,
    0.002142896714850507,
    0.002155775475609622,
    0.002163989570345869,
    0.0021474386443521773,
    0.002126557831844308,
    0.0021475833311567103,
    0.0022088386100317502,
    0.0021235978946766436,
    0.002139421306116234,
    0.0021624175498344018,
    0.0021651957530924204,
    0.002173592267367877,
    0.0021100180629729766,
