{
  "times": {
    "training": 759.8271942138672,
    "evaluation": 5.521895170211792
  },
  "metrics": {
    "mean_rank": {
      "best": 788.8643,
      "worst": 788.8644,
      "avg": 788.86435
    },
    "mean_reciprocal_rank": {
      "best": 0.7104368316258802,
      "worst": 0.7104368316118371,
      "avg": 0.7104368316188573
    },
    "hits_at_k": {
      "best": {
        "1": 0.6003,
        "3": 0.7993,
        "5": 0.8444,
        "10": 0.8898
      },
      "worst": {
        "1": 0.6003,
        "3": 0.7993,
        "5": 0.8444,
        "10": 0.8898
      },
      "avg": {
        "1": 0.6003,
        "3": 0.7993,
        "5": 0.8444,
        "10": 0.8898
      }
    },
    "adjusted_mean_rank": 0.03855379002379377
  },
  "losses": [
    0.00010730640842908648,
    8.804140432673937e-06,
    3.217087303357168e-06,
    2.237188551312409e-06,
    1.8029092411996616e-06,
    1.4856515224087033e-06,
    1.292010418174849e-06,
    1.1667166409885215e-06,
    1.1274838550896497e-06,
    1.0371788921000141e-06,
    8.227002125572802e-07,
    8.333190212979435e-07,
    8.878663883825491e-07,
    7.683376152480183e-07,
    7.878795210173438e-07,
    6.890348948396302e-07,
    6.71870262358988e-07,
    6.604097110955551e-07,
    6.568910693464265e-07,
    5.593746344260117e-07,
    5.949952433581657e-07,
    5.278200987154739e-07,
    5.067477146527956e-07,
    5.315276700648245e-07,
    4.945994094527824e-07,
    4.836988217351817e-07,
    5.373730494714771e-07,
    4.55136672824632e-07,
    4.796930621740776e-07,
    4.84033366170077e-07,
    5.085954594621443e-07,
    4.963842194433154e-07,
    4.2169510928653903e-07,
    4.641704376151163e-07,
    3.8361218716984273e-07,
    4.476998825033356e-07,
    3.9991948559706583e-07,
    3.9680153698406993e-07,
    3.874424247153751e-07,
    3.86942919605109e-07,
    3.965388484193663e-07,
    3.8386111067800673e-07,
    3.5627889484439065e-07,
    3.38532736359576e-07,
    3.383816938798297e-07,
    3.5107199657837254e-07,
    3.8444876998427204e-07,
    3.399157796344498e-07,
    3.046946295129375e-07,
    2.738700752994931e-07,
    3.5393238272455845e-07,
    3.392536263513949e-07,
    2.7669993480084155e-07,
    3.4868463794369567e-07,
    3.2467382735114457e-07,
    2.5948774875936846e-07,
    2.846063048525449e-07,
    3.003696602286016e-07,
    3.14568697896222e-07,
    2.571712931303594e-07,
    2.609111850990208e-07,
    2.4261667494401514e-07,
    2.5140483982336353e-07,
    2.6814393943216316e-07,
    2.4823799094253074e-07,
    2.722191488229458e-07,
    2.4986205961460096e-07,
    2.7115927247540794e-07,
    2.898104490118773e-07,
    2.905279502659315e-07,
    2.3447211563135322e-07,
    2.3232933953913753e-07,
    2.3092598193696823e-07,
    2.3708467740557303e-07,
    2.1638683449071644e-07,
    2.7225504319180224e-07,
    2.3074828558044902e-07,
    2.2469474225275048e-07,
    2.500682712843908e-07,
    2.2554537399479073e-07,
    2.756044454469523e-07,
    2.3599569192591147e-07,
    2.735238165171217e-07,
    2.951440088652946e-07,
    2.62008048786697e-07,
    2.7150950703941984e-07,
    2.687989295667247e-07,
    2.1958617451729876e-07,
    2.2326459647509244e-07,
    2.24876652418557e-07,
    2.5670158567366393e-07,
    2.4683036174644057e-07,
    1.9726468648481541e-07,
    2.496206884580519e-07,
    2.670024891748572e-07,
    2.4294644061575864e-07,
    2.2154184774683786e-07,
    2.7268061235386085e-07,
    1.8318035392039782e-07,
    2.5268794050584227e-07,
    2.3881791449010414e-07,
    2.2750614285110144e-07,
    2.2612377333161572e-07,
    1.963955029002534e-07,
    1.9387909346700082e-07,
    1.997055759819098e-07,
    1.9284039866315772e-07,
    2.1085722189703976e-07,
    1.9996877170780664e-07,
    1.6564367787044765e-07,
    2.2433002271629929e-07,
    2.1274014015222126e-07,
    2.464797441940568e-07,
    1.8796458866600397e-07,
    2.2061399507629025e-07,
    2.476434411623272e-07,
    2.798271272190609e-07,
    2.414305111061463e-07,
    2.585728663494429e-07,
    1.933609202050756e-07,
    2.0321540944537944e-07,
    1.8978699343943008e-07,
    1.8094904904662356e-07,
    2.0116513289219734e-07,
    2.007713085380589e-07,
    2.0319870288850135e-07,
    1.8356101248158776e-07,
    1.9103072122312564e-07,
    1.6341181664812134e-07,
    2.0239636730678696e-07,
    1.881521889110069e-07,
    2.237867419603682e-07,
    1.7237112625336432e-07,
    2.1944070635919865e-07,
    2.741250590567014e-07,
    2.2640974475845617e-07,
    1.981739894392148e-07,
    1.8633542302305773e-07,
    1.8166772541627502e-07,
    1.680896659045137e-07,
    1.559318999697889e-07,
    1.6156053831470105e-07,
    2.2705531912200439e-07,
    1.5312632080594442e-07,
    1.8874792481501577e-07,
    1.7269231938037022e-07,
    1.969399184604803e-07,
    2.3388999201131822e-07,
    2.4738248830801454e-07,
    1.7438395526829086e-07,
    2.033330157148374e-07,
    2.2312432550693675e-07,
    2.1530734027777395e-07,
    1.698869511016632e-07,
    1.8316545854479998e-07,
    1.8198811703364825e-07,
    1.6001138895682665e-07,
    2.5002822285368695e-07,
    1.9464549742592256e-07,
    1.7965774782345826e-07,
    1.726927377804375e-07,
    1.9628853661506922e-07,
    2.3780886219966087e-07,
    1.8112011594507562e-07,
    1.825705724396952e-07,
    1.5633280694330622e-07,
    1.8062853851084942e-07,
    1.6716156034702304e-07,
    1.7043151442053853e-07,
    1.8596216662443478e-07,
    1.90473613108633e-07,
    1.7870562784451864e-07,
    1.6946266789124322e-07,
    1.5270048659429497e-07,
    1.720428599165141e-07,
    1.9565461791896386e-07,
    1.6858417596194098e-07,
    1.8568902514488949e-07,
    1.8920318175608842e-07,
    1.4779817917339693e-07,
    1.7029879560687323e-07,
    1.5237125135047517e-07,
    1.9207174777160383e-07,
    1.5381446414015883e-07,
    1.5199479595283973e-07,
    1.6782649815945847e-07,
    1.8587462344635926e-07,
    1.51235144825859e-07,
    1.5996431994874623e-07,
    1.4071020813064526e-07,
    1.333385461776076e-07,
    1.514415540374004e-07,
    1.473131921533059e-07,
    1.7895864030755173e-07,
    1.6184959120767676e-07,
    1.7728952361224585e-07,
    2.0681973878270873e-07,
    1.4584685755368602e-07,
    1.7200784911434645e-07,
    1.3917768918017684e-07,
    1.526235180708706e-07,
    1.6678294217549431e-07,
    1.9006527733527152e-07,
    1.939272664403293e-07,
    1.5911586502768585e-07,
    1.672239237882442e-07,
    1.396687361679926e-07,
    1.508658659313556e-07,
    1.6224970873516966e-07,
    1.8637200745418822e-07,
    1.8500918376623886e-07,
    1.969000358732501e-07,
    1.424834156178971e-07,
    1.3788475537071475e-07,
    1.721787617300494e-07,
    1.1866031504503707e-07,
    1.3646934238547297e-07,
    1.3250797812848522e-07,
    1.4027926628048418e-07,
    1.2700678120631864e-07,
    1.3740279809496262e-07,
    1.4523990173891118e-07,
    1.3427208527622633e-07,
    1.45968949819098e-07,
    1.6913964983015078e-07,
    1.4942865334909644e-07,
    1.4824552615191318e-07,
    1.5362675822753155e-07,
    1.8073858754096696e-07,
    1.5993724263307188e-07,
    1.7124153872952545e-07,
    1.6206738692056204e-07,
    1.647474514619416e-07,
    1.7186288645464035e-07,
    2.3038609130128633e-07,
    1.8121600847145624e-07,
    1.5419725183163982e-07,
    1.5319064700731268e-07,
    1.084940869869004e-07,
    1.7119208020403204e-07,
    1.613930646282816e-07,
    1.591822750064214e-07,
    1.4098168069268556e-07,
    1.446427939045886e-07,
    1.725254320956142e-07,
    1.577318552997523e-07,
    1.8115504808669316e-07,
    1.6193314363389546e-07,
    1.6387468506773844e-07,
    1.2393158332291257e-07,
    1.4568862551959216e-07,
    1.550815845148645e-07,
    1.6780528163730042e-07,
    1.4179927751425063e-07,
    1.3822492857162255e-07,
    1.7786970521462455e-07,
    1.4140121163221322e-07,
    1.5672321595710295e-07,
    1.647982175339625e-07,
    1.2340304647101582e-07,
    1.8980565456292424e-07,
    1.5761508166207764e-07,
