{
  "times": {
    "training": 141.12198877334595,
    "evaluation": 0.2962632179260254
  },
  "metrics": {
    "mean_rank": {
      "worst": 3.0279329608938546,
      "best": 3.0279329608938546,
      "avg": 3.0279329608938546
    },
    "mean_reciprocal_rank": {
      "worst": 0.6597424421368254,
      "best": 0.6597424421368254,
      "avg": 0.6597424421368254
    },
    "hits_at_k": {
      "worst": {
        "1": 0.49534450651769085,
        "3": 0.7839851024208566,
        "5": 0.8817504655493482,
        "10": 0.9599627560521415
      },
      "best": {
        "1": 0.49534450651769085,
        "3": 0.7839851024208566,
        "5": 0.8817504655493482,
        "10": 0.9599627560521415
      },
      "avg": {
        "1": 0.49534450651769085,
        "3": 0.7839851024208566,
        "5": 0.8817504655493482,
        "10": 0.9599627560521415
      }
    },
    "adjusted_mean_rank": 0.06315312721615647
  },
  "losses": [
    0.0025805268937579666,
    0.002432262965786461,
    0.002273801934296466,
    0.002144298106027426,
    0.00203300568301032,
    0.0019376556047261313,
    0.0018587101998086633,
    0.001790317320373446,
    0.0017381758449634245,
    0.0016866164339670012,
    0.0016476135541506752,
    0.0016099541090816706,
    0.0015806653823897466,
    0.0015576184188565748,
    0.0015327928017281145,
    0.0015181515077905357,
    0.0014966827746170164,
    0.0014866342698469288,
    0.0014705741382404775,
    0.0014606886223572505,
    0.0014468597219046294,
    0.0014364746482807848,
    0.0014327819646832586,
    0.0014208006696059886,
    0.0014183765318314895,
    0.0014102347492600583,
    0.0014019113549196998,
    0.001395845121526463,
    0.0013918253765371575,
    0.001385554148366717,
    0.00138278069472549,
    0.0013800261869993274,
    0.001369168542870429,
    0.0013698613219360542,
    0.0013597732994625722,
    0.0013585894001830465,
    0.001350670366115804,
    0.0013464072672218913,
    0.0013407573320449865,
    0.001336007950400933,
    0.0013313885214219494,
    0.0013263578167056094,
    0.0013228888432749617,
    0.0013210466533128311,
    0.0013093426044291485,
    0.001306514631979422,
    0.001303533019265383,
    0.0012969831894120633,
    0.001291165208067425,
    0.0012854431553275887,
    0.0012850691354677382,
    0.0012731921961111636,
    0.0012701118191813022,
    0.0012607638334783454,
    0.0012590258180885717,
    0.0012543745034325812,
    0.001243373515344359,
    0.0012382151117576307,
    0.0012310922609273902,
    0.0012249007823462686,
    0.0012168663954561566,
    0.0012051221893470306,
    0.0011963996350888967,
    0.001187411603032686,
    0.001179602234206406,
    0.001170916722255159,
    0.0011621148036081964,
    0.0011511745376923488,
    0.0011445375960123915,
    0.0011318049713950195,
    0.0011210033666498361,
    0.0011126258271008359,
    0.0011022286266516817,
    0.0010902636197548216,
    0.001083340362566266,
    0.0010726888768472485,
    0.0010640031590591372,
    0.0010558183277302449,
    0.001047117475281029,
    0.0010349970585772192,
    0.001029712482049457,
    0.001018812323387097,
    0.0010124849276310793,
    0.001003177918336693,
    0.0009951529267691111,
    0.0009863666493442065,
    0.0009774849924111054,
    0.00097524503014532,
    0.0009628935222978297,
    0.0009574388784152066,
    0.0009518654532766274,
    0.0009415404991871707,
    0.0009345600931185079,
    0.0009264229549644131,
    0.0009208710983762037,
    0.0009144103952901541,
    0.0009086748896834759,
    0.0009022078431336044,
    0.000895591606500525,
    0.000887257162111516,
    0.0008835853513238606,
    0.0008787963047376154,
    0.0008723050268460333,
    0.0008676488345702477,
    0.000861026014726941,
    0.0008552853468387928,
    0.0008493728129028398,
    0.000847076854383896,
    0.0008408877884368857,
    0.0008382700854827329,
    0.000832712448805009,
    0.0008288380044150452,
    0.0008237780336824822,
    0.0008236178209162185,
    0.0008188866028881652,
    0.0008172023790364675,
    0.0008127903541968258,
    0.0008094808264034353,
    0.0008065570621768798,
    0.000801201577526489,
    0.0007995944877676558,
    0.0007967508773678448,
    0.0007940823083171751,
    0.0007926205902487392,
    0.0007900947369385245,
    0.0007880959077998496,
    0.0007864739139053015,
    0.0007835524439269154,
    0.0007821502115224086,
    0.0007798825811531665,
    0.0007776406158448332,
    0.000774362312492396,
    0.0007761942085291547,
    0.0007718639363213798,
    0.0007704618510069442,
    0.0007681868520051632,
    0.0007698434217336535,
    0.0007646818196443238,
    0.0007650079981982232,
    0.0007625341918694253,
    0.0007597349452628796,
    0.0007580579399791285,
    0.0007569860700899822,
    0.0007564469842351461,
    0.000754467514767429,
    0.0007532851777064157,
    0.0007513449841135228,
    0.0007514049977549574,
    0.0007482617239803029,
    0.0007472110463645998,
    0.00074461520762822,
    0.0007455335728912185,
    0.000744896598519589,
    0.0007404555795349583,
    0.0007423230871339265,
    0.0007404583547631988,
    0.0007383841539354456,
    0.0007380835297902679,
    0.000734851896674802,
    0.0007342071698086781,
    0.0007328939139581229,
    0.0007312042935814141,
    0.0007311428065109237,
    0.0007322632571719813,
    0.0007289007466128177,
    0.000729426442065756,
    0.0007280526761261849,
    0.0007264730932517617,
    0.0007254691257316135,
    0.0007243391949741728,
    0.0007240222761046388,
    0.0007220342522115229,
    0.0007202968931498428,
    0.0007210380119024393,
    0.0007203242933976692,
    0.0007172587277984627,
    0.000717548165959373,
    0.0007172333750622755,
    0.0007162309578625549,
    0.0007156539293132777,
    0.0007127434638733683,
    0.0007146667336306797,
    0.0007127827894226959,
    0.0007106495574378465,
    0.0007085385843897277,
    0.0007120132632494087,
    0.0007077433538918524,
    0.000708622082173158,
    0.0007081224813019837,
    0.00070492917340438,
    0.0007068736678574154,
    0.0007055110206779335,
    0.0007057501671223624,
    0.0007032498021864998,
    0.0007022854103729086,
    0.0007029827727294604,
    0.0007023519608220403,
    0.000699637573585985,
    0.0007010416988270308,
    0.0006991061219884275,
    0.0006980749851920208,
    0.0006987921226114101,
    0.0006979917674597575,
    0.0006960575171088647,
    0.0006967382115873808,
    0.0006974192490281864,
    0.0006937442272449408,
    0.0006937037425247179,
    0.000692484024358858,
    0.000692042186457684,
    0.0006930752599648167,
    0.0006910534965243822,
    0.0006926852052050328,
    0.0006897691266949719,
    0.0006894484624571216,
    0.0006887802713782937,
    0.0006882026553610878,
    0.0006875800773744117,
    0.0006872814002020581,
    0.0006860178621341268,
    0.0006863880384664629,
    0.0006852811541502295,
    0.0006840997494528732,
    0.0006838549001077538,
    0.0006832716979398129,
    0.0006816151426377501,
    0.0006825224115982942,
    0.000682081525990069,
    0.0006818998889377117,
    0.0006795832882830127,
    0.0006813579079814324,
    0.0006786281332499739,
    0.0006785134608488196,
    0.0006776005019267521,
    0.0006796859094116948,
    0.0006773905704855082,
    0.000677785389387105,
    0.0006753280452482048,
    0.0006764807104195832,
    0.0006756293225982287,
    0.0006761505879480802,
    0.0006752628440418703,
    0.0006748261117575382,
    0.0006732485393619659,
    0.0006733169625696188,
    0.0006721475182731134,
    0.0006716158850810391,
    0.0006721245957207124,
    0.0006718867848362834,
    0.0006713981090838709,
    0.0006696698260298745,
    0.0006692548601015693,
    0.0006694300583567017,
    0.0006669133619611464,
    0.0006701600068899931,
    0.0006674093364448507,
    0.0006679031673398825,
    0.0006668821193756139,
    0.0006661876491459842,
    0.0006663001843536864,
    0.0006650922490097641,
    0.0006652617632524155,
    0.0006649395646078257,
