{
  "times": {
    "training": 14454.164690494537,
    "evaluation": 5.13460373878479
  },
  "metrics": {
    "mean_rank": {
      "best": 503.49229376651334,
      "worst": 503.49261180154616,
      "avg": 503.49245278402975
    },
    "mean_reciprocal_rank": {
      "best": 0.12655089905748027,
      "worst": 0.1265506719336654,
      "avg": 0.12655078018905191
    },
    "hits_at_k": {
      "best": {
        "1": 0.0549711322047167,
        "3": 0.1338193561013798,
        "5": 0.19094334083569822,
        "10": 0.2785742244838047
      },
      "worst": {
        "1": 0.0549711322047167,
        "3": 0.1338193561013798,
        "5": 0.19094334083569822,
        "10": 0.27854976025051376
      },
      "avg": {
        "1": 0.0549711322047167,
        "3": 0.1338193561013798,
        "5": 0.19094334083569822,
        "10": 0.27854976025051376
      }
    },
    "adjusted_mean_rank": 0.07270317600782102
  },
  "losses": [
    0.001235475059287884,
    0.0009104683461725326,
    0.0006236532694849342,
    0.00047965697253253255,
    0.0004025385514267374,
    0.00035413952618925656,
    0.00032152866191666353,
    0.0002977015146406352,
    0.00028018077318064873,
    0.0002666746609594645,
    0.00025571560497491473,
    0.0002470536012680381,
    0.00024038700397209322,
    0.000233692600010843,
    0.00022919887960118118,
    0.00022324417768934543,
    0.00021976835038775067,
    0.0002154099340015574,
    0.00021241115262161066,
    0.00021035645171199607,
    0.00020760589850044468,
    0.0002041529569287891,
    0.00020239838589630244,
    0.0002012649974018413,
    0.0001977375730403233,
    0.00019709066961471713,
    0.00019497257239770133,
    0.00019339592058178584,
    0.00019239679268355045,
    0.0001913292976346096,
    0.00018996417459943524,
    0.00018853475955723877,
    0.00018764835808261963,
    0.00018531181177204058,
    0.00018481632278779224,
    0.00018421722237178543,
    0.00018329406397841642,
    0.00018262305572655364,
    0.00018152762015249523,
    0.00018087356146329777,
    0.00018027069739521022,
    0.00017924724642383536,
    0.0001780501488603166,
    0.00017741212646191638,
    0.00017707771095454107,
    0.0001759947396087076,
    0.00017619293079218704,
    0.0001759129164133966,
    0.00017466185511189595,
    0.00017474731773188716,
    0.000173683761474946,
    0.00017358065307685098,
    0.00017272451675964326,
    0.00017254369304793297,
    0.00017220213314358894,
    0.00017192415800842725,
    0.0001709830304475575,
    0.0001700356649729126,
    0.00017071693178409076,
    0.0001702125740265881,
    0.0001690952554532151,
    0.00016943842323560666,
    0.00016877992298203507,
    0.00016829692459704307,
    0.00016850903831518976,
    0.00016870434079953604,
    0.00016762249806957056,
    0.00016776536580386092,
    0.00016612193547365978,
    0.0001669804013794571,
    0.00016505916846086953,
    0.00016582819259770398,
    0.00016530236525694,
    0.0001661023273534502,
    0.00016516501337661052,
    0.0001654165685017659,
    0.00016450486837393618,
    0.00016466078659142528,
    0.0001646375485519792,
    0.0001643759969097924,
    0.00016486591176150832,
    0.00016393009716379346,
    0.00016369421219603685,
    0.00016322743393995493,
    0.0001636596382508586,
    0.00016345389104265745,
    0.00016220452177720583,
    0.00016301841296074255,
    0.0001627780048710803,
    0.00016270781340754206,
    0.00016183377667938303,
    0.00016199571980716527,
    0.00016170065393043915,
    0.0001617634047312662,
    0.00016111197423983325,
    0.0001617596380166601,
    0.00016149801327120666,
    0.00016098940463799688,
    0.00016048450949184538,
    0.00016024808061143684,
    0.00016114816264948317,
    0.00016106264437616369,
    0.00015987461503921198,
    0.00016005302197418618,
    0.00016067729088725332,
    0.00016022102503584416,
    0.00016030214872932294,
    0.00015941438411455971,
    0.00016006247612946782,
    0.00015926465732798086,
    0.0001593936287588597,
    0.0001586688654589895,
    0.00015920085697301536,
    0.00015935956436173544,
    0.00015921850124779824,
    0.0001598265847466677,
    0.00015833671122423155,
    0.00015916039524659718,
    0.00015825153766720857,
    0.0001589272294344979,
    0.00015729958714079192,
    0.00015771575050388707,
    0.00015790153976672966,
    0.00015794589190879294,
    0.00015820604156396278,
    0.0001569631700277312,
    0.00015755183636660794,
    0.00015720340261896417,
    0.0001577558239469815,
    0.0001578713835415925,
    0.00015799697382963367,
    0.00015799333023423597,
    0.0001561003783581492,
    0.00015755335168267756,
    0.00015726369647814606,
    0.00015734427068041788,
    0.00015682984439076208,
    0.00015643657831710447,
    0.00015734830351702073,
    0.0001570964087137514,
    0.0001564859908440912,
    0.00015746947738903266,
    0.00015741240527013785,
    0.00015619692710786684,
    0.00015677622934749726,
    0.00015673628408613248,
    0.0001560828687366497,
    0.00015569436899122598,
    0.0001560621180809114,
    0.00015609725884298766,
    0.00015664522541535304,
    0.00015630395667983106,
    0.0001562839119701987,
    0.00015624969051506596,
    0.00015620104837678713,
    0.0001561355897415741,
    0.00015653633148454655,
    0.00015573143458876433,
    0.00015577630816007796,
    0.00015585627825202784,
    0.00015598306345469327,
    0.0001551848774779807,
    0.00015599471865160647,
    0.00015601724009247796,
    0.00015621144386833332,
    0.00015532110003621053,
    0.0001553597781601845,
    0.00015580591262226846,
    0.00015576734040820465,
    0.00015598438986223425,
    0.00015550901083375847,
    0.00015510001087243655,
    0.00015489471051026768,
    0.00015567956147435267,
    0.00015628398173166266,
    0.0001548841726192081,
    0.00015492802992112523,
    0.00015552383184039195,
    0.0001548965310732343,
    0.00015505947736012615,
    0.00015477866007383134,
    0.00015453486855312749,
    0.00015579856632133297,
    0.00015478232583253685,
    0.00015510106691248902,
    0.0001545965767821578,
    0.00015476846925494746,
    0.00015504570043340987,
    0.0001547329077051096,
    0.0001542214326675011,
    0.0001555217365938553,
    0.00015466296384916177,
    0.0001540150608370624,
    0.00015397236700880355,
    0.0001545811836837141,
    0.00015567520294761523,
    0.0001545953985223881,
    0.0001552313878134872,
    0.00015494023954448454,
    0.00015440217909290749,
    0.00015375423465361274,
    0.00015509198479039774,
    0.00015514401053846533,
    0.00015516819010006223,
    0.00015445170787457092,
    0.00015390129756415134,
    0.00015409675592368673,
    0.00015457254046683037,
    0.0001544318666971754,
    0.00015434796868206104,
    0.00015495352685932152,
    0.0001553258356543547,
    0.00015397374254814305,
    0.00015455884685903353,
    0.00015411249452151852,
    0.0001541849504852101,
    0.0001543667752082034,
    0.00015434653256500997,
    0.00015524768737873375,
    0.00015403384802070588,
    0.0001543789028057992,
    0.00015494683024130611,
    0.00015421482935575756,
    0.0001544697288915218,
    0.00015408547150218304,
    0.00015418025053154458,
    0.00015505948896697846,
    0.0001554811660674652,
    0.0001542945973717651,
    0.0001546502987554281,
    0.00015499953353502818,
    0.00015438235418602009,
    0.0001547585926955595,
    0.00015580863944775544,
    0.00015410331612055174,
    0.0001547498386159325,
    0.00015407967965323365,
    0.0001555503444835007,
    0.00015438584978141035,
    0.00015469459558082807,
    0.00015463960105664888,
    0.0001537029228232603,
    0.00015393710784299396,
    0.0001546995709265547,
    0.00015449475231617743,
    0.00015567146019755866,
    0.0001544509453182496,
    0.00015445765818631813,
    0.00015410584168554662,
    0.0001546943043498456,
    0.00015504866470073531,
    0.00015379208344687065,
    0.00015382755423439475,
    0.0001541998084733691,
    0.0001536136207471621,
