{
  "times": {
    "training": 391.3189465999603,
    "evaluation": 0.20746707916259766
  },
  "metrics": {
    "mean_rank": {
      "best": 2.9767225325884543,
      "worst": 2.9767225325884543,
      "avg": 2.9767225325884543
    },
    "mean_reciprocal_rank": {
      "best": 0.634577874354342,
      "worst": 0.634577874354342,
      "avg": 0.634577874354342
    },
    "hits_at_k": {
      "best": {
        "1": 0.4441340782122905,
        "3": 0.7886405959031657,
        "5": 0.9013035381750466,
        "10": 0.9720670391061452
      },
      "worst": {
        "1": 0.4441340782122905,
        "3": 0.7886405959031657,
        "5": 0.9013035381750466,
        "10": 0.9720670391061452
      },
      "avg": {
        "1": 0.4441340782122905,
        "3": 0.7886405959031657,
        "5": 0.9013035381750466,
        "10": 0.9720670391061452
      }
    },
    "adjusted_mean_rank": 0.06177684251267595
  },
  "losses": [
    0.0022066962776168455,
    0.0011348670020643692,
    0.001119142925813236,
    0.001122598946164275,
    0.0011122814076167814,
    0.0010800113402697701,
    0.0010513664704611461,
    0.0010168496379803183,
    0.0009861288109117568,
    0.0009613046152273033,
    0.0009371216482158458,
    0.0009323969903691542,
    0.0009297815156744773,
    0.0009288049690174253,
    0.000924799722978629,
    0.0009056981801219313,
    0.0009071494440446967,
    0.0009177183472526989,
    0.0009262586973454064,
    0.0009302616883278562,
    0.0009302803566365429,
    0.0009511977369628484,
    0.0009531688061978821,
    0.0009611673907757029,
    0.0009798110961523395,
    0.0010152266618938706,
    0.0010445463516459929,
    0.0010596435039203042,
    0.0010860479883291524,
    0.001110368784105454,
    0.00115869070267242,
    0.001151111423411173,
    0.0011476945630815368,
    0.00112289118960723,
    0.0010974860204251184,
    0.0010315712579710876,
    0.0009632314928573615,
    0.0009004070060781102,
    0.0008490277229274591,
    0.0008101244753554519,
    0.0007844193697268708,
    0.0007710839196174555,
    0.0007593025181316927,
    0.0007416104709499338,
    0.0007454822736370206,
    0.0007462640858014647,
    0.0007444083427291796,
    0.0007544387051703109,
    0.0007615575151804011,
    0.0007769460702656807,
    0.0007871071204598924,
    0.0008103493758048235,
    0.0008394071616037061,
    0.00085897419221476,
    0.0008983122523218282,
    0.0009594511263393395,
    0.0010396116666063276,
    0.0011780020843647169,
    0.0014946353081125446,
    0.0025454085801592035,
    0.004902583103947871,
    0.00709089454026258,
    0.006418470439783643,
    0.004878123712896854,
    0.0034074295165666033,
    0.002334988745773553,
    0.0017042248753991243,
    0.0013059217583960138,
    0.0010497188840884618,
    0.0009184076114163529,
    0.0008153150430165426,
    0.0007566617442511217,
    0.0007055532030258955,
    0.000666977453990822,
    0.0006517071463516478,
    0.0006405239425990243,
    0.0006306583553636342,
    0.0006241853852941191,
    0.000618301529946566,
    0.0006231517515281278,
    0.0006275989014083303,
    0.0006220728553106052,
    0.0006236906829621461,
    0.0006172146564454175,
    0.0006194436880812217,
    0.0006215071780014127,
    0.0006246061032910026,
    0.0006248541019354643,
    0.0006265737733730439,
    0.0006309668516063511,
    0.0006372220866549551,
    0.0006361286311099926,
    0.000643198090615902,
    0.0006443436016862312,
    0.0006509854751272818,
    0.0006504902687649268,
    0.000654426385031155,
    0.0006472507015582216,
    0.0006532588457402665,
    0.0006576324080567012,
    0.0006637483580589071,
    0.000673150797182701,
    0.0006744146585980716,
    0.0006770924621432573,
    0.000690721334673269,
    0.0006903949985455038,
    0.0006950539876863863,
    0.0007063722497808018,
    0.0007232369685873445,
    0.0007404919874188159,
    0.0007549206393139528,
    0.0007712939223937327,
    0.0007902838591458311,
    0.0008255904435776593,
    0.0008504875684470943,
    0.0008803607977940684,
    0.0009219520934595821,
    0.0010006231829621708,
    0.0010796193964779377,
    0.0012019716799677757,
    0.0014260056069337027,
    0.0017455346264949676,
    0.0023479064567230837,
    0.0031890199355753173,
    0.0037865425435623873,
    0.0036788106187899015,
    0.0030162770663865945,
    0.002259412246724863,
    0.0017158318876048153,
    0.0013061523985131627,
    0.0010117263958723133,
    0.000867445906100983,
    0.000765889257799541,
    0.0007145430322401644,
    0.0006914094224753563,
    0.0006643579566453615,
    0.000656723827018999,
    0.0006510325138934989,
    0.0006356858299549822,
    0.0006362262150544799,
    0.0006327601978101869,
    0.0006346267853839121,
    0.0006357395135508048,
    0.0006336208575924907,
    0.0006329180700669574,
    0.0006445812938686055,
    0.0006394453803670317,
    0.000640774109969369,
    0.0006439782982545622,
    0.0006485909663057059,
    0.0006470896629791023,
    0.0006519880656794774,
    0.000654810814584574,
    0.0006638980794991,
    0.0006664316039113851,
    0.0006685066533934199,
    0.0006793580900473095,
    0.0006843889428630527,
    0.0006937699319187844,
    0.0007013997214773063,
    0.0007058303299175108,
    0.0007194395661912161,
    0.0007352603273291825,
    0.0007418520000417915,
    0.0007734909193234498,
    0.0007949141333793544,
    0.0008224255304211534,
    0.0008501195277293188,
    0.0008712252933350619,
    0.0009142821332028184,
    0.0009789315701117006,
    0.0010842755149129066,
    0.0012215498262800081,
    0.001424210944844319,
    0.0017901256258428544,
    0.0024277274392210365,
    0.0033529695814077773,
    0.003997753203361668,
    0.003919250415533446,
    0.0031620952011215107,
    0.0023322363806128057,
    0.001726868443804957,
    0.0013174218568629986,
    0.0010542688788392682,
    0.0008871306687914365,
    0.000795394569384248,
    0.0007213724616649892,
    0.0006863816138984782,
    0.0006623531417914209,
    0.0006498767661230729,
    0.0006471765096812101,
    0.000637852381879973,
    0.000630706466720457,
    0.0006328338804246669,
    0.0006322845527099983,
    0.0006387374121416708,
    0.0006356593360949992,
    0.0006331618228222659,
    0.0006343120934044043,
    0.0006333701922959379,
    0.0006359855518833305,
    0.0006430845922173075,
    0.0006449100891065397,
    0.0006494270794595896,
    0.0006461541782297222,
    0.0006563959840322367,
    0.0006631142512131274,
    0.0006660980971230103,
    0.0006729770401206691,
    0.0006703545630661848,
    0.0006818802362789264,
    0.0006878264937270781,
    0.000693790703551488,
    0.0007037978474580952,
    0.0007168898953662049,
    0.0007267040540621187,
    0.0007349014437446991,
    0.0007448055204143573,
    0.0007455504903995366,
    0.000756801183645924,
    0.0007710584512587344,
    0.0008007345881578181,
    0.0008317531881791153,
    0.0008704509570399362,
    0.0009333953045113256,
    0.0010342327930200636,
    0.0011940547814488075,
    0.001484895920318164,
    0.0020748867464952924,
    0.0032917054418879054,
    0.0048404598943470566,
    0.005339126824662926,
    0.0045288199984402245,
    0.0033896631257755035,
    0.002349009533318576,
    0.0017099127501305122,
    0.001327544604236267,
    0.0010656795598747914,
    0.0008993085451103217,
    0.0008107837130863233,
    0.0007502058493008328,
    0.0007035085314026709,
    0.0006713954084779551,
    0.0006529478511462609,
    0.0006406147116690539,
    0.0006319983087982355,
    0.0006350649761433681,
    0.0006276792846620083,
    0.0006199398153018527,
    0.0006189636253029777,
    0.0006261057733150011,
    0.0006230623332246412,
    0.0006257753412863623,
    0.0006208518617664383,
    0.0006231256160703715,
    0.0006285348596672217,
    0.0006374868028884412,
    0.0006459090991245673,
    0.0006435756704138683,
    0.000652438040983197,
    0.0006558300956930226,
    0.0006530550125400337,
    0.0006593023243705544,
