{
  "times": {
    "training": 237.18387460708618,
    "evaluation": 0.4096088409423828
  },
  "metrics": {
    "arithmetic_mean_rank": {
      "tail": {
        "optimistic": 33.75884543761639,
        "realistic": 33.75884543761639,
        "pessimistic": 33.75884543761639
      },
      "head": {
        "optimistic": 37.62849162011173,
        "realistic": 37.62849162011173,
        "pessimistic": 37.62849162011173
      },
      "both": {
        "optimistic": 35.69366852886406,
        "realistic": 35.69366852886406,
        "pessimistic": 35.69366852886406
      }
    },
    "geometric_mean_rank": {
      "tail": {
        "optimistic": 22.715681558940155,
        "realistic": 22.715681558940155,
        "pessimistic": 22.715681558940155
      },
      "head": {
        "optimistic": 26.041145915142444,
        "realistic": 26.041145915142444,
        "pessimistic": 26.041145915142444
      },
      "both": {
        "optimistic": 24.321644229744653,
        "realistic": 24.321644229744653,
        "pessimistic": 24.321644229744653
      }
    },
    "median_rank": {
      "tail": {
        "optimistic": 29.5,
        "realistic": 29.5,
        "pessimistic": 29.5
      },
      "head": {
        "optimistic": 34.0,
        "realistic": 34.0,
        "pessimistic": 34.0
      },
      "both": {
        "optimistic": 32.0,
        "realistic": 32.0,
        "pessimistic": 32.0
      }
    },
    "harmonic_mean_rank": {
      "tail": {
        "optimistic": 11.093861369666216,
        "realistic": 11.093861369666216,
        "pessimistic": 11.093861369666216
      },
      "head": {
        "optimistic": 12.439613830737473,
        "realistic": 12.439613830737473,
        "pessimistic": 12.439613830737473
      },
      "both": {
        "optimistic": 11.72825943938928,
        "realistic": 11.72825943938928,
        "pessimistic": 11.72825943938928
      }
    },
    "inverse_arithmetic_mean_rank": {
      "tail": {
        "optimistic": 0.02962186612240395,
        "realistic": 0.02962186612240395,
        "pessimistic": 0.02962186612240395
      },
      "head": {
        "optimistic": 0.026575606859178976,
        "realistic": 0.026575606859178976,
        "pessimistic": 0.026575606859178976
      },
      "both": {
        "optimistic": 0.02801617320986044,
        "realistic": 0.02801617320986044,
        "pessimistic": 0.02801617320986044
      }
    },
    "inverse_geometric_mean_rank": {
      "tail": {
        "optimistic": 0.04402245195264381,
        "realistic": 0.04402245195264381,
        "pessimistic": 0.04402245195264381
      },
      "head": {
        "optimistic": 0.03840076789472304,
        "realistic": 0.03840076789472304,
        "pessimistic": 0.03840076789472304
      },
      "both": {
        "optimistic": 0.0411156413009705,
        "realistic": 0.0411156413009705,
        "pessimistic": 0.0411156413009705
      }
    },
    "inverse_harmonic_mean_rank": {
      "tail": {
        "optimistic": 0.09013994015954493,
        "realistic": 0.09013994015954493,
        "pessimistic": 0.09013994015954493
      },
      "head": {
        "optimistic": 0.08038834754894604,
        "realistic": 0.08038834754894604,
        "pessimistic": 0.08038834754894604
      },
      "both": {
        "optimistic": 0.08526414385424548,
        "realistic": 0.08526414385424548,
        "pessimistic": 0.08526414385424548
      }
    },
    "inverse_median_rank": {
      "tail": {
        "optimistic": 0.03389830508474576,
        "realistic": 0.03389830508474576,
        "pessimistic": 0.03389830508474576
      },
      "head": {
        "optimistic": 0.029411764705882353,
        "realistic": 0.029411764705882353,
        "pessimistic": 0.029411764705882353
      },
      "both": {
        "optimistic": 0.03125,
        "realistic": 0.03125,
        "pessimistic": 0.03125
      }
    },
    "rank_std": {
      "tail": {
        "optimistic": 24.632428947151066,
        "realistic": 24.632428947151066,
        "pessimistic": 24.632428947151066
      },
      "head": {
        "optimistic": 25.552275408349782,
        "realistic": 25.552275408349782,
        "pessimistic": 25.552275408349782
      },
      "both": {
        "optimistic": 25.17103906446308,
        "realistic": 25.17103906446308,
        "pessimistic": 25.17103906446308
      }
    },
    "rank_var": {
      "tail": {
        "optimistic": 606.7565558364457,
        "realistic": 606.7565558364457,
        "pessimistic": 606.7565558364457
      },
      "head": {
        "optimistic": 652.918778544157,
        "realistic": 652.918778544157,
        "pessimistic": 652.918778544157
      },
      "both": {
        "optimistic": 633.5812075847265,
        "realistic": 633.5812075847265,
        "pessimistic": 633.5812075847265
      }
    },
    "hits_at_k": {
      "tail": {
        "optimistic": {
          "1": 0.021415270018621976,
          "3": 0.06983240223463687,
          "5": 0.11359404096834265,
          "10": 0.20577281191806332
        },
        "realistic": {
          "1": 0.021415270018621976,
          "3": 0.06983240223463687,
          "5": 0.11359404096834265,
          "10": 0.20577281191806332
        },
        "pessimistic": {
          "1": 0.021415270018621976,
          "3": 0.06983240223463687,
          "5": 0.11359404096834265,
          "10": 0.20577281191806332
        }
      },
      "head": {
        "optimistic": {
          "1": 0.019553072625698324,
          "3": 0.056797020484171325,
          "5": 0.09590316573556797,
          "10": 0.17318435754189945
        },
        "realistic": {
          "1": 0.019553072625698324,
          "3": 0.056797020484171325,
          "5": 0.09590316573556797,
          "10": 0.17318435754189945
        },
        "pessimistic": {
          "1": 0.019553072625698324,
          "3": 0.056797020484171325,
          "5": 0.09590316573556797,
          "10": 0.17318435754189945
        }
      },
      "both": {
        "optimistic": {
          "1": 0.020484171322160148,
          "3": 0.0633147113594041,
          "5": 0.10474860335195531,
          "10": 0.1894785847299814
        },
        "realistic": {
          "1": 0.020484171322160148,
          "3": 0.0633147113594041,
          "5": 0.10474860335195531,
          "10": 0.1894785847299814
        },
        "pessimistic": {
          "1": 0.020484171322160148,
          "3": 0.0633147113594041,
          "5": 0.10474860335195531,
          "10": 0.1894785847299814
        }
      }
    },
    "adjusted_arithmetic_mean_rank": {
      "tail": {
        "realistic": 0.6997394576859982
      },
      "head": {
        "realistic": 0.7973286245573191
      },
      "both": {
        "realistic": 0.747996351237311
      }
    },
    "adjusted_arithmetic_mean_rank_index": {
      "tail": {
        "realistic": 0.3066159515973277
      },
      "head": {
        "realistic": 0.20705884724307877
      },
      "both": {
        "realistic": 0.25739767320196316
      }
    }
  },