{
  "times": {
    "training": 217.03018832206726,
    "evaluation": 0.5251269340515137
  },
  "metrics": {
    "arithmetic_mean_rank": {
      "both": {
        "optimistic": 3.3417132216014895,
        "realistic": 3.3417132216014895,
        "pessimistic": 3.3417132216014895
      },
      "head": {
        "optimistic": 3.311918063314711,
        "realistic": 3.311918063314711,
        "pessimistic": 3.311918063314711
      },
      "tail": {
        "optimistic": 3.3715083798882683,
        "realistic": 3.3715083798882683,
        "pessimistic": 3.3715083798882683
      }
    },
    "geometric_mean_rank": {
      "both": {
        "optimistic": 2.115082519507432,
        "realistic": 2.115082519507432,
        "pessimistic": 2.115082519507432
      },
      "head": {
        "optimistic": 2.0955645617143364,
        "realistic": 2.0955645617143364,
        "pessimistic": 2.0955645617143364
      },
      "tail": {
        "optimistic": 2.134782266343621,
        "realistic": 2.134782266343621,
        "pessimistic": 2.134782266343621
      }
    },
    "median_rank": {
      "both": {
        "optimistic": 2.0,
        "realistic": 2.0,
        "pessimistic": 2.0
      },
      "head": {
        "optimistic": 2.0,
        "realistic": 2.0,
        "pessimistic": 2.0
      },
      "tail": {
        "optimistic": 2.0,
        "realistic": 2.0,
        "pessimistic": 2.0
      }
    },
    "harmonic_mean_rank": {
      "both": {
        "optimistic": 1.6513676619795008,
        "realistic": 1.6513676619795008,
        "pessimistic": 1.6513676619795008
      },
      "head": {
        "optimistic": 1.6330765573883401,
        "realistic": 1.6330765573883401,
        "pessimistic": 1.6330765573883401
      },
      "tail": {
        "optimistic": 1.6700731429902473,
        "realistic": 1.6700731429902473,
        "pessimistic": 1.6700731429902473
      }
    },
    "inverse_arithmetic_mean_rank": {
      "both": {
        "optimistic": 0.299247701309557,
        "realistic": 0.299247701309557,
        "pessimistic": 0.299247701309557
      },
      "head": {
        "optimistic": 0.30193983694124266,
        "realistic": 0.30193983694124266,
        "pessimistic": 0.30193983694124266
      },
      "tail": {
        "optimistic": 0.29660314830157414,
        "realistic": 0.29660314830157414,
        "pessimistic": 0.29660314830157414
      }
    },
    "inverse_geometric_mean_rank": {
      "both": {
        "optimistic": 0.4727947920598784,
        "realistic": 0.4727947920598784,
        "pessimistic": 0.4727947920598784
      },
      "head": {
        "optimistic": 0.47719837330228637,
        "realistic": 0.47719837330228637,
        "pessimistic": 0.47719837330228637
      },
      "tail": {
        "optimistic": 0.4684318470158385,
        "realistic": 0.4684318470158385,
        "pessimistic": 0.4684318470158385
      }
    },
    "inverse_harmonic_mean_rank": {
      "both": {
        "optimistic": 0.6055586669302317,
        "realistic": 0.6055586669302317,
        "pessimistic": 0.6055586669302317
      },
      "head": {
        "optimistic": 0.6123411639679813,
        "realistic": 0.6123411639679813,
        "pessimistic": 0.6123411639679813
      },
      "tail": {
        "optimistic": 0.5987761698924822,
        "realistic": 0.5987761698924822,
        "pessimistic": 0.5987761698924822
      }
    },
    "inverse_median_rank": {
      "both": {
        "optimistic": 0.5,
        "realistic": 0.5,
        "pessimistic": 0.5
      },
      "head": {
        "optimistic": 0.5,
        "realistic": 0.5,
        "pessimistic": 0.5
      },
      "tail": {
        "optimistic": 0.5,
        "realistic": 0.5,
        "pessimistic": 0.5
      }
    },
    "rank_std": {
      "both": {
        "optimistic": 5.743800094273155,
        "realistic": 5.743800094273155,
        "pessimistic": 5.743800094273155
      },
      "head": {
        "optimistic": 5.4551248220207045,
        "realistic": 5.4551248220207045,
        "pessimistic": 5.4551248220207045
      },
      "tail": {
        "optimistic": 6.018497878973085,
        "realistic": 6.018497878973085,
        "pessimistic": 6.018497878973085
      }
    },
    "rank_var": {
      "both": {
        "optimistic": 32.99123952297231,
        "realistic": 32.99123952297231,
        "pessimistic": 32.99123952297231
      },
      "head": {
        "optimistic": 29.75838682382642,
        "realistic": 29.75838682382642,
        "pessimistic": 29.75838682382642
      },
      "tail": {
        "optimistic": 36.222316719203526,
        "realistic": 36.222316719203526,
        "pessimistic": 36.222316719203526
      }
    },
    "hits_at_k": {
      "both": {
        "optimistic": {
          "1": 0.4101489757914339,
          "3": 0.7602420856610801,
          "5": 0.88268156424581,
          "10": 0.9581005586592178
        },
        "realistic": {
          "1": 0.4101489757914339,
          "3": 0.7602420856610801,
          "5": 0.88268156424581,
          "10": 0.9581005586592178
        },
        "pessimistic": {
          "1": 0.4101489757914339,
          "3": 0.7602420856610801,
          "5": 0.88268156424581,
          "10": 0.9581005586592178
        }
      },
      "head": {
        "optimistic": {
          "1": 0.4208566108007449,
          "3": 0.7672253258845437,
          "5": 0.8817504655493482,
          "10": 0.9534450651769087
        },
        "realistic": {
          "1": 0.4208566108007449,
          "3": 0.7672253258845437,
          "5": 0.8817504655493482,
          "10": 0.9534450651769087
        },
        "pessimistic": {
          "1": 0.4208566108007449,
          "3": 0.7672253258845437,
          "5": 0.8817504655493482,
          "10": 0.9534450651769087
        }
      },
      "tail": {
        "optimistic": {
          "1": 0.3994413407821229,
          "3": 0.7532588454376163,
          "5": 0.8836126629422719,
          "10": 0.962756052141527
        },
        "realistic": {
          "1": 0.3994413407821229,
          "3": 0.7532588454376163,
          "5": 0.8836126629422719,
          "10": 0.962756052141527
        },
        "pessimistic": {
          "1": 0.3994413407821229,
          "3": 0.7532588454376163,
          "5": 0.8836126629422719,
          "10": 0.962756052141527
        }
      }
    },
    "adjusted_arithmetic_mean_rank": {
      "both": {
        "realistic": 0.07002892668816249
      },
      "head": {
        "realistic": 0.07017786151858026
      },
      "tail": {
        "realistic": 0.0698832384444659
      }
    },
    "adjusted_arithmetic_mean_rank_index": {
      "both": {
        "realistic": 0.9498766846864801
      },
      "head": {
        "realistic": 0.949951120203985
      },
      "tail": {
        "realistic": 0.9498039061114286
      }
    }
  },