{
  "times": {
    "training": 2926.7838292121887,
    "evaluation": 1.3902347087860107
  },
  "metrics": {
    "mean_rank": {
      "worst": 2.5661080074487894,
      "best": 2.5661080074487894,
      "avg": 2.5661080074487894
    },
    "mean_reciprocal_rank": {
      "worst": 0.6892564112133679,
      "best": 0.6892564112133679,
      "avg": 0.6892564112133679
    },
    "hits_at_k": {
      "worst": {
        "1": 0.5139664804469274,
        "3": 0.8435754189944135,
        "5": 0.9324953445065177,
        "10": 0.9776536312849162
      },
      "best": {
        "1": 0.5139664804469274,
        "3": 0.8435754189944135,
        "5": 0.9324953445065177,
        "10": 0.9776536312849162
      },
      "avg": {
        "1": 0.5139664804469274,
        "3": 0.8435754189944135,
        "5": 0.9324953445065177,
        "10": 0.9776536312849162
      }
    },
    "adjusted_mean_rank": 0.05335027155651949
  },
  "losses": [
    0.006055139600777169,
    0.0030571946526322972,
    0.0015447350968397484,
    0.0013850288099804648,
    0.0013012042066800906,
    0.0012295100881983194,
    0.0011569109517725164,
    0.0010763870849542683,
    0.0009804321590319192,
    0.0008722614535751442,
    0.0007725922587678213,
    0.0006966813532190836,
    0.000642438717395737,
    0.0006060437086755096,
    0.0005810054790617528,
    0.0005598954605906574,
    0.0005448799007415269,
    0.0005317811288675537,
    0.000521183288930863,
    0.0005116009591945207,
    0.000503876126717518,
    0.0004957693338800529,
    0.0004901069818999381,
    0.00048321403897880167,
    0.00047700427812027085,
    0.00047285712567377795,
    0.0004676617900531369,
    0.0004637001092329426,
    0.00045926843169023204,
    0.00045512735867421126,
    0.00045180771870918795,
    0.0004489589120110511,
    0.0004446700412417284,
    0.0004408041061920703,
    0.00043865367173947996,
    0.0004351503995211432,
    0.00043330243937993835,
    0.00043060885174836516,
    0.000428773407562294,
    0.0004263917310773796,
    0.0004241644728131774,
    0.0004213814372837732,
    0.00041999828776960305,
    0.0004170506470248082,
    0.00041628058065402176,
    0.0004135118814316937,
    0.00041156019066061045,
    0.0004097237052223279,
    0.00040890458063920086,
    0.000406299969412505,
    0.00040451750934929746,
    0.00040380398616192984,
    0.0004024423379472837,
    0.0004007036281354579,
    0.00039945628101831085,
    0.00039776992496436163,
    0.00039581634228079394,
    0.00039504613834808226,
    0.0003947221910779814,
    0.00039218264882198153,
    0.0003914884149340201,
    0.0003902859768803207,
    0.0003899552505977856,
    0.00038784596154924956,
    0.00038641071192744057,
    0.00038488715572486724,
    0.00038420679760584086,
    0.0003829516356197022,
    0.00038218380522971783,
    0.0003815256248835181,
    0.0003805588548789359,
    0.0003793652279281549,
    0.0003782254641013192,
    0.0003772361937292053,
    0.0003766188545048774,
    0.00037551991561295166,
    0.0003752301898148357,
    0.0003736808390617336,
    0.00037261612998053066,
    0.00037283672349900705,
    0.0003717418469894984,
    0.00037079844637974494,
    0.0003700325165134907,
    0.0003697016916921439,
    0.0003676182924628551,
    0.00036800450688770413,
    0.0003672520243536597,
    0.0003657313940125737,
    0.0003657319010405414,
    0.0003647411237549288,
    0.0003638258498717511,
    0.00036310687494832216,
    0.0003629775367627506,
    0.0003611438367899493,
    0.0003612844292741541,
    0.00036128885240236487,
    0.0003600449896241409,
    0.0003598271336642788,
    0.00035828969651512273,
    0.00035820255468709374,
    0.0003580260529267438,
    0.00035827569898971346,
    0.0003563394795750941,
    0.00035565583844588935,
    0.00035508232010695873,
    0.0003550591705714035,
    0.0003539487151738626,
    0.0003537414772614788,
    0.0003543341048266773,
    0.00035213653573963426,
    0.00035239036572348915,
    0.0003517301659856675,
    0.00035040354979013475,
    0.00035056099742528904,
    0.00035019369373204403,
    0.00034898911703732006,
    0.00034875367059152614,
    0.00034811610137095,
    0.00034855881897507635,
    0.0003475408597473467,
    0.00034721509506838735,
    0.0003470934697793978,
    0.00034672619306442263,
    0.0003460763145586099,
    0.0003454980942615123,
    0.0003453748608496361,
    0.0003450215886362692,
    0.00034449601874901294,
    0.00034320016225018583,
    0.00034381832886262265,
    0.00034324843046248433,
    0.0003416096679460822,
    0.0003424248204013675,
    0.00034113823499858434,
    0.00034107985380471925,
    0.0003405308712483994,
    0.0003403178836399522,
    0.00034045056358837845,
    0.0003400767150758818,
    0.00033938674751515693,
    0.00033931798284850696,
    0.00033842876752139127,
    0.0003376010028067244,
    0.0003374111359025097,
    0.0003379715515770653,
    0.0003379042640115633,
    0.0003374237679459559,
    0.0003359375386049776,
    0.00033558098000233594,
    0.0003358495315647604,
    0.00033538931623634913,
    0.0003355909430501243,
    0.0003350320586512626,
    0.00033429652920746234,
    0.0003338679719248905,
    0.0003339924690098247,
    0.0003331529882048476,
    0.0003326636765671943,
    0.0003331774991347493,
    0.00033246811386895424,
    0.0003317334813027458,
    0.00033197934986292714,
    0.00033186523303518607,
    0.00033089057038789303,
    0.00033112733996794156,
    0.0003308427016174923,
    0.0003312151299829661,
    0.0003309179346377121,
    0.0003291505588609237,
    0.00032990928509312747,
    0.00032840549954769557,
    0.00032790217512419746,
    0.00032859878577047797,
    0.0003285978203299298,
    0.0003280640532452725,
    0.0003283240806009648,
    0.00032691100989651524,
    0.00032763185656685314,
    0.0003272955107379684,
    0.0003279203443621435,
    0.00032738611199770976,
    0.00032665714481365884,
    0.0003267043247934054,
    0.0003258861136563429,
    0.0003251998622296552,
    0.000324709552287016,
    0.00032575774309138175,
    0.0003258029094566713,
    0.00032443446151900006,
    0.0003245020936978353,
    0.0003237655018552203,
    0.00032367357658919936,
    0.00032366992672905326,
    0.0003232521475105257,
    0.00032301349544676183,
    0.0003228551710995912,
    0.0003224429387223387,
    0.00032335170920744666,
    0.0003226771166444362,
    0.0003220386387194308,
    0.0003217594081767894,
    0.0003215186533885258,
    0.0003226600674679503,
    0.00032111663356718123,
    0.000321737497952097,
    0.0003206075539974642,
    0.00032099971508699703,
    0.0003203700510989909,
    0.00032057244425913326,
    0.000319800200442215,
    0.0003202765969553446,
    0.0003198848171586917,
    0.0003199188336503277,
    0.0003198357000846716,
    0.0003184900870450776,
    0.00031943522930652783,
    0.0003190294111628009,
    0.00031839059652718766,
    0.0003197333175507601,
    0.00031823196757082526,
    0.0003183269455779539,
    0.0003179965580225842,
    0.0003174953577971986,
    0.0003176899443180841,
    0.00031805369505494806,
    0.00031694257381190773,
    0.000316301754936105,
    0.0003171135621404359,
    0.0003168808823025852,
    0.0003168611591162983,
    0.00031622524129284356,
    0.000315860943578372,
    0.0003157470666119752,
    0.00031530828249408806,
    0.0003158806164052219,
    0.0003148778692155567,
    0.0003149994998456987,
    0.00031525599217602164,
    0.0003138653342551046,
    0.000314643320573881,
    0.0003139235031109108,
    0.0003142754295718776,
    0.00031401627941871557,
    0.00031393963568024196,
    0.0003135262000176546,
    0.0003128927684461433,
    0.00031330331045766236,
    0.00031251790822127814,
    0.0003132421856555104,
    0.00031176018171110066
  ]
}