{
  "times": {
    "training": 178.1458342075348,
    "evaluation": 0.39931511878967285
  },
  "metrics": {
    "arithmetic_mean_rank": {
      "head": {
        "pessimistic": 3.9404096834264433,
        "optimistic": 3.9404096834264433,
        "realistic": 3.9404096834264433
      },
      "tail": {
        "pessimistic": 3.304469273743017,
        "optimistic": 3.304469273743017,
        "realistic": 3.304469273743017
      },
      "both": {
        "pessimistic": 3.62243947858473,
        "optimistic": 3.62243947858473,
        "realistic": 3.62243947858473
      }
    },
    "geometric_mean_rank": {
      "head": {
        "pessimistic": 2.2981768184097207,
        "optimistic": 2.2981768184097207,
        "realistic": 2.2981768184097207
      },
      "tail": {
        "pessimistic": 2.089815907713866,
        "optimistic": 2.089815907713866,
        "realistic": 2.089815907713866
      },
      "both": {
        "pessimistic": 2.191521497465146,
        "optimistic": 2.191521497465146,
        "realistic": 2.191521497465146
      }
    },
    "median_rank": {
      "head": {
        "pessimistic": 2.0,
        "optimistic": 2.0,
        "realistic": 2.0
      },
      "tail": {
        "pessimistic": 2.0,
        "optimistic": 2.0,
        "realistic": 2.0
      },
      "both": {
        "pessimistic": 2.0,
        "optimistic": 2.0,
        "realistic": 2.0
      }
    },
    "harmonic_mean_rank": {
      "head": {
        "pessimistic": 1.6910904488920633,
        "optimistic": 1.6910904488920633,
        "realistic": 1.6910904488920633
      },
      "tail": {
        "pessimistic": 1.6164265573997125,
        "optimistic": 1.6164265573997125,
        "realistic": 1.6164265573997125
      },
      "both": {
        "pessimistic": 1.6529157717733542,
        "optimistic": 1.6529157717733542,
        "realistic": 1.6529157717733542
      }
    },
    "inverse_arithmetic_mean_rank": {
      "head": {
        "pessimistic": 0.2537807183364839,
        "optimistic": 0.2537807183364839,
        "realistic": 0.2537807183364839
      },
      "tail": {
        "pessimistic": 0.3026204564666103,
        "optimistic": 0.3026204564666103,
        "realistic": 0.3026204564666103
      },
      "both": {
        "pessimistic": 0.2760570620742835,
        "optimistic": 0.2760570620742835,
        "realistic": 0.2760570620742835
      }
    },
    "inverse_geometric_mean_rank": {
      "head": {
        "pessimistic": 0.4351275289131035,
        "optimistic": 0.4351275289131035,
        "realistic": 0.4351275289131035
      },
      "tail": {
        "pessimistic": 0.4785110479391175,
        "optimistic": 0.4785110479391175,
        "realistic": 0.4785110479391175
      },
      "both": {
        "pessimistic": 0.4563039884193078,
        "optimistic": 0.4563039884193078,
        "realistic": 0.4563039884193078
      }
    },
    "inverse_harmonic_mean_rank": {
      "head": {
        "pessimistic": 0.5913344260534149,
        "optimistic": 0.5913344260534149,
        "realistic": 0.5913344260534149
      },
      "tail": {
        "pessimistic": 0.6186485834584803,
        "optimistic": 0.6186485834584803,
        "realistic": 0.6186485834584803
      },
      "both": {
        "pessimistic": 0.6049915047559475,
        "optimistic": 0.6049915047559475,
        "realistic": 0.6049915047559475
      }
    },
    "inverse_median_rank": {
      "head": {
        "pessimistic": 0.5,
        "optimistic": 0.5,
        "realistic": 0.5
      },
      "tail": {
        "pessimistic": 0.5,
        "optimistic": 0.5,
        "realistic": 0.5
      },
      "both": {
        "pessimistic": 0.5,
        "optimistic": 0.5,
        "realistic": 0.5
      }
    },
    "rank_std": {
      "head": {
        "pessimistic": 6.683325523691269,
        "optimistic": 6.683325523691269,
        "realistic": 6.683325523691269
      },
      "tail": {
        "pessimistic": 5.444440773197444,
        "optimistic": 5.444440773197444,
        "realistic": 5.444440773197444
      },
      "both": {
        "pessimistic": 6.103727774516657,
        "optimistic": 6.103727774516657,
        "realistic": 6.103727774516657
      }
    },
    "rank_var": {
      "head": {
        "pessimistic": 44.666840055623176,
        "optimistic": 44.666840055623176,
        "realistic": 44.666840055623176
      },
      "tail": {
        "pessimistic": 29.64193533285478,
        "optimistic": 29.64193533285478,
        "realistic": 29.64193533285478
      },
      "both": {
        "pessimistic": 37.25549274540606,
        "optimistic": 37.25549274540606,
        "realistic": 37.25549274540606
      }
    },
    "hits_at_k": {
      "head": {
        "pessimistic": {
          "1": 0.419925512104283,
          "3": 0.6992551210428305,
          "5": 0.8175046554934823,
          "10": 0.9357541899441341
        },
        "optimistic": {
          "1": 0.419925512104283,
          "3": 0.6992551210428305,
          "5": 0.8175046554934823,
          "10": 0.9357541899441341
        },
        "realistic": {
          "1": 0.419925512104283,
          "3": 0.6992551210428305,
          "5": 0.8175046554934823,
          "10": 0.9357541899441341
        }
      },
      "tail": {
        "pessimistic": {
          "1": 0.441340782122905,
          "3": 0.7467411545623837,
          "5": 0.8659217877094972,
          "10": 0.9562383612662942
        },
        "optimistic": {
          "1": 0.441340782122905,
          "3": 0.7467411545623837,
          "5": 0.8659217877094972,
          "10": 0.9562383612662942
        },
        "realistic": {
          "1": 0.441340782122905,
          "3": 0.7467411545623837,
          "5": 0.8659217877094972,
          "10": 0.9562383612662942
        }
      },
      "both": {
        "pessimistic": {
          "1": 0.430633147113594,
          "3": 0.722998137802607,
          "5": 0.8417132216014898,
          "10": 0.9459962756052142
        },
        "optimistic": {
          "1": 0.430633147113594,
          "3": 0.722998137802607,
          "5": 0.8417132216014898,
          "10": 0.9459962756052142
        },
        "realistic": {
          "1": 0.430633147113594,
          "3": 0.722998137802607,
          "5": 0.8417132216014898,
          "10": 0.9459962756052142
        }
      }
    },
    "adjusted_arithmetic_mean_rank": {
      "head": {
        "realistic": 0.0834952797151059
      },
      "tail": {
        "realistic": 0.06849367943645662
      },
      "both": {
        "realistic": 0.07591182482036672
      }
    },
    "adjusted_arithmetic_mean_rank_index": {
      "head": {
        "realistic": 0.9363454037874284
      },
      "tail": {
        "realistic": 0.9512228769634024
      },
      "both": {
        "realistic": 0.9438678657731496
      }
    }
  },