{
  "times": {
    "training": 51.78975462913513,
    "evaluation": 0.10528898239135742
  },
  "metrics": {
    "mean_rank": {
      "avg": 5.298882681564246,
      "worst": 5.298882681564246,
      "best": 5.298882681564246
    },
    "mean_reciprocal_rank": {
      "avg": 0.45751552236632115,
      "worst": 0.45751552236632115,
      "best": 0.45751552236632115
    },
    "hits_at_k": {
      "avg": {
        "1": 0.2779329608938548,
        "3": 0.5409683426443203,
        "5": 0.6745810055865922,
        "10": 0.8687150837988827
      },
      "worst": {
        "1": 0.2779329608938548,
        "3": 0.5409683426443203,
        "5": 0.6745810055865922,
        "10": 0.8687150837988827
      },
      "best": {
        "1": 0.2779329608938548,
        "3": 0.5409683426443203,
        "5": 0.6745810055865922,
        "10": 0.8687150837988827
      }
    },
    "adjusted_mean_rank": 0.11073717431059485
  },
  "losses": [
    0.0032497552317793795,
    0.0028903860181940595,
    0.002883707298337531,
    0.0028764513768410106,
    0.00286443618855722,
    0.002845082147506795,
    0.002810727992376821,
    0.002745828838867856,
    0.0026264306777606283,
    0.0024246624265640286,
    0.002139585850293852,
    0.001783313555008847,
    0.001424705332874052,
    0.0011363379555810055,
    0.000955289438181618,
    0.0008639011194608563,
    0.0008232457670253575,
    0.0008086008899235881,
    0.0008029840167561108,
    0.0007940118855594389,
    0.000790743678896437,
    0.0007901578576978386,
    0.0007844005395421761,
    0.0007858560450900018,
    0.0007872126153970767,
    0.000783699108624049,
    0.0007825163234402401,
    0.0007800340758335526,
    0.000778282214509728,
    0.0007818003530824163,
    0.0007789336572814227,
    0.0007783709950811274,
    0.000772102687964431,
    0.0007756612422975865,
    0.0007705354457638404,
    0.000771539108226679,
    0.0007686524559860049,
    0.0007617610527115365,
    0.0007643692058667126,
    0.0007651389933253549,
    0.000761746627964022,
    0.0007581842887888581,
    0.0007595677941137689,
    0.0007561668885961095,
    0.000757653934494005,
    0.0007526090488834731,
    0.0007533778658698055,
    0.0007519168286298139,
    0.0007477194388425159,
    0.0007460891688766389,
    0.0007452365207276872,
    0.0007441108610730259,
    0.0007406899108909304,
    0.0007380790404132867,
    0.0007350103893246151,
    0.0007349518874892827,
    0.0007335976286708003,
    0.0007301312515621287,
    0.0007323526097445039,
    0.0007266937239484861,
    0.0007250590780347392,
    0.000720146732474305,
    0.0007224577270082075,
    0.0007172248344438326,
    0.0007143978927176403,
    0.0007113049004189427,
    0.0007111904729111368,
    0.0007049350466087346,
    0.0006999392580746052,
    0.0006960730022619009,
    0.0006916763921543435,
    0.0006869693632447698,
    0.0006813067631865479,
    0.0006780877153572774,
    0.0006731335512627646,
    0.0006686669083443388,
    0.0006621384705362269,
    0.0006536048075516172,
    0.0006471984551600834,
    0.0006410441873622688,
    0.0006315041004799752,
    0.0006240776317087131,
    0.0006146593214563535,
    0.0006052297890151019,
    0.0005982629800421589,
    0.0005909096760605834,
    0.0005826037917495691,
    0.0005744471219674309,
    0.000566078386340641,
    0.0005618950948692625,
    0.0005564061034847958,
    0.0005492753464488181,
    0.0005424324226774641,
    0.0005396710937018928,
    0.0005361457515779228,
    0.0005312281787007288,
    0.0005274273415441835,
    0.0005235502340865602,
    0.0005230067122469575,
    0.0005181688504363038,
    0.0005161923115390374,
    0.0005124789756949375,
    0.000510235587791129,
    0.0005093409226023988,
    0.0005056887132801058,
    0.0005035853689418451,
    0.0005017973090008633,
    0.0005014634356476133,
    0.0004976997190569194,
    0.000496145379726812,
    0.0004953595882975328,
    0.0004947665635476528,
    0.000493882727947653,
    0.0004923656591654812,
    0.0004883864977220023,
    0.0004885445435488979,
    0.00048797788035594337,
    0.00048701193838729314,
    0.00048592723266410715,
    0.00048425527209004684,
    0.00048396479208276003,
    0.000482268040352421,
    0.00047969280385349965,
    0.0004800794841341185,
    0.0004771048982796971,
    0.0004791164800498244,
    0.0004765043744256046,
    0.0004764853752245206,
    0.0004739745604420216,
    0.0004733892024233893,
    0.00047087722307411856,
    0.00047218713571927897,
    0.0004681473903362394,
    0.0004702933251751888,
    0.0004687174148923762,
    0.0004664159265758724,
    0.0004656130548339401,
    0.0004660546859034848,
    0.0004651543831528821,
    0.00046305934958658395,
    0.0004636527537029124,
    0.00046218354685056696,
    0.0004617195287493293,
    0.0004617367722777801,
    0.0004593345577579903,
    0.0004613140036609485,
    0.00045917394459071137,
    0.000457618617143343,
    0.00045708468974589453,
    0.00045626903423689894,
    0.0004537811137784367,
    0.0004544239237578117,
    0.0004556511124610336,
    0.0004532928118132641,
    0.0004531703426189999,
    0.0004513382408801023,
    0.00045050510804705397,
    0.0004519958682071534,
    0.00045027971585309316,
    0.0004488790949256269,
    0.00044866658795719814,
    0.0004466646491528404,
    0.0004486172923750959,
    0.0004487343004569985,
    0.0004472372542830739,
    0.00044690005044530594,
    0.0004447151511431164,
    0.00044548901458546,
    0.0004459254139270071,
    0.00044397342356794186,
    0.00044355298849589164,
    0.00044251534185725744,
    0.00044310542872278135,
    0.000443253121374626,
    0.00044115238407788863,
    0.0004412466963414542,
    0.00044051042546740363,
    0.00043952756199066,
    0.00043960165755151646,
    0.00043760311981148094,
    0.0004394410135055732,
    0.0004367299152945117,
    0.000437985732930874,
    0.0004380433569298897,
    0.00043833794821078004,
    0.00043674171094431404,
    0.0004351893125588263,
    0.00043542855162815344,
    0.00043532676231656435,
    0.00043509934977570394,
    0.00043326154871760493,
    0.0004340060774287647,
    0.0004332983207956724,
    0.0004340503574335201,
    0.0004332349665987908,
    0.00043259345793455854,
    0.00043141789835822024,
    0.00043079571973790495,
    0.00043078824710111917,
    0.0004305511474821114,
    0.0004313974963835247,
    0.0004287580454963562,
    0.0004306416969598575,
    0.0004284385836569073,
    0.000428116942665999,
    0.0004289978668490693,
    0.00042880843947666364,
    0.000428710549699265,
    0.00042777120749438,
    0.00042867881084349537,
    0.00042777770965885594,
    0.00042429726952416717,
    0.0004272883622303314,
    0.0004262973776648495,
    0.0004254941486126576,
    0.00042660444833739685,
    0.00042284183455614595,
    0.0004242885837969941,
    0.00042373839216588023,
    0.0004226843269002586,
    0.0004231179956856248,
    0.0004227344385613486,
    0.00042241411211929635,
    0.00042246953932190167,
    0.00042292727582055197,
    0.00042252895428345285,
    0.0004213093264417722,
    0.00042203025944208944,
    0.0004194209593650926,
    0.00042132788893031677,
    0.0004210217269727505,
    0.0004194447932827748,
    0.0004171929490361572,
    0.0004203512408875939,
    0.00041934325541173866,
    0.0004194202844457135,
    0.00041893973743654413,
    0.0004194097768773406,
    0.0004176317172123879,
    0.00041808721280225003,
    0.0004162061639690343,
    0.0004171832310793455,
    0.0004158825246874153,
    0.00041527436939197717,
    0.00041527156825599195,
    0.0004144110548700928,
    0.00041731408603661437,
    0.0004152993502314801,
    0.0004139697458209054,
    0.0004142303793934268,
    0.00041614489187638104,
    0.00041262989410498636,
    0.00041406310084587445,
    0.0004125992051238065,
    0.0004130052904393844,
    0.0004129822373107879,
    0.00041217817894589486,
    0.00041287094619303784,
    0.00041123761041690925,
    0.0004111435319489456,
