{
  "times": {
    "training": 12.695204257965088,
    "evaluation": 0.1446983814239502
  },
  "metrics": {
    "mean_rank": {
      "best": 45.99441340782123,
      "worst": 45.99441340782123,
      "avg": 45.99441340782123
    },
    "mean_reciprocal_rank": {
      "best": 0.06065831495524268,
      "worst": 0.06065831495524268,
      "avg": 0.06065831495524268
    },
    "hits_at_k": {
      "best": {
        "1": 0.012104283054003724,
        "3": 0.03957169459962756,
        "5": 0.06471135940409684,
        "10": 0.12988826815642457
      },
      "worst": {
        "1": 0.012104283054003724,
        "3": 0.03957169459962756,
        "5": 0.06471135940409684,
        "10": 0.12988826815642457
      },
      "avg": {
        "1": 0.012104283054003724,
        "3": 0.03957169459962756,
        "5": 0.06471135940409684,
        "10": 0.12988826815642457
      }
    },
    "adjusted_mean_rank": 0.9541777266064586
  },
  "losses": [
    0.0016423947998868988,
    0.0016423174091314268,
    0.0016423445470662,
    0.0016424318542841837,
    0.001642474802095132,
    0.0016424394063232494,
    0.0016423984700367252,
    0.0016424866595022632,
    0.0016424472759714347,
    0.0016424432882124888,
    0.0016423702734048864,
    0.0016424722612221753,
    0.001642396246772888,
    0.0016424758607921973,
    0.0016423732377566693,
    0.0016423718261605823,
    0.0016423952586556271,
    0.001642402069606747,
    0.0016424554985186416,
    0.0016424880358084481,
    0.0016424444527792605,
    0.0016424633328769248,
    0.0016424831305120455,
    0.0016424281841343575,
    0.0016423780724732673,
    0.001642401081489486,
    0.0016425005284338185,
    0.0016424368654502928,
    0.0016425017988702967,
    0.0016424656267205661,
    0.0016423964585123012,
    0.001642515879541265,
    0.0016424362655219557,
    0.0016423961409031814,
    0.0016424372183493146,
    0.0016424518283688154,
    0.0016425935879058567,
    0.0016423995287337904,
    0.0016424637563557509,
    0.0016425330657236247,
    0.0016424529929355872,
    0.0016424221142711832,
    0.001642419679267933,
    0.0016424893415348286,
    0.0016424692615804905,
    0.001642482001235176,
    0.0016423275373333513,
    0.0016424965759647746,
    0.0016424217260822592,
    0.0016424537340235328,
    0.001642439124004032,
    0.0016425017988702967,
    0.0016423884829944093,
    0.001642461180192892,
    0.0016424548280105004,
    0.0016424313602255533,
    0.001642402422505769,
    0.001642445123287402,
    0.0016423606745514946,
    0.001642450346192924,
    0.0016425225846226784,
    0.0016424778723166213,
    0.0016425448525509516,
    0.0016423767314569847,
    0.001642558792062311,
    0.0016424873653003067,
    0.0016424497109746848,
    0.0016424903649419917,
    0.0016424227847793246,
    0.0016425197614305044,
    0.0016424352774046947,
    0.0016425869181143453,
    0.0016424839774696978,
    0.001642412480127889,
    0.0016425084333719058,
    0.0016424283958737704,
    0.0016423195618154595,
    0.0016424283605838683,
    0.0016423993522842796,
    0.0016424300192092705,
    0.0016423198441346768,
    0.0016424127977370086,
    0.0016425234315803306,
    0.0016425353948571683,
    0.0016423345953137864,
    0.0016424318895740858,
    0.0016423464174310154,
    0.001642552757489039,
    0.0016424311837760423,
    0.001642394023509051,
    0.0016424288193525967,
    0.0016424167854959546,
    0.0016423131390532633,
    0.0016423915532158986,
    0.0016424872594306002,
    0.0016423668502843754,
    0.001642421690792357,
    0.0016424670383166533,
    0.0016423448293854176,
    0.0016423592276655053,
    0.0016424743433264037,
    0.0016424816836260563,
    0.001642435700883521,
    0.0016423632860042556,
    0.0016424547927205982,
    0.0016423956821344534,
    0.001642528478036342,
    0.0016423950822061163,
    0.001642400022792421,
    0.0016422958822910993,
    0.001642343558948939,
    0.001642482424714002,
    0.001642402422505769,
    0.001642446534883489,
    0.0016424145622321174,
    0.001642299834760143,
    0.001642417067815172,
    0.0016424512637303805,
    0.0016423801192875936,
    0.0016424479817694782,
    0.0016423705204342018,
    0.001642294011926284,
    0.0016425500401665715,
    0.0016424703202775556,
    0.0016423915179259966,
    0.0016424968935738941,
    0.0016423652269488753,
    0.0016424309720366294,
    0.001642358380707853,
    0.0016423624743365055,
    0.0016424426882841517,
    0.0016424674970853816,
    0.0016423989640953556,
    0.0016424550750398156,
    0.0016425499342968648,
    0.0016424430411831736,
    0.0016423234084147966,
    0.0016424537340235328,
    0.001642369179417919,
    0.00164244914633625,
    0.001642431324935651,
    0.001642489800303557,
    0.001642344935255124,
    0.0016424996814761663,
    0.0016424589216391529,
    0.00164249844632959,
    0.001642439335743445,
    0.0016423780018934631,
    0.0016424694380300013,
    0.0016424834834110674
  ]
}