{
  "times": {
    "training": 566.4773507118225,
    "evaluation": 4.908128976821899
  },
  "metrics": {
    "mean_rank": {
      "best": 1293.0458276333788,
      "worst": 1293.046682626539,
      "avg": 1293.046255129959
    },
    "mean_reciprocal_rank": {
      "best": 0.13381510793983442,
      "worst": 0.1338151079377526,
      "avg": 0.1338151079387935
    },
    "hits_at_k": {
      "best": {
        "1": 0.0,
        "3": 0.20314637482900136,
        "5": 0.28950068399452805,
        "10": 0.3956908344733242
      },
      "worst": {
        "1": 0.0,
        "3": 0.20314637482900136,
        "5": 0.28950068399452805,
        "10": 0.3956908344733242
      },
      "avg": {
        "1": 0.0,
        "3": 0.20314637482900136,
        "5": 0.28950068399452805,
        "10": 0.3956908344733242
      }
    },
    "adjusted_mean_rank": 0.06381756004861647
  },
  "losses": [
    0.00048403627391840887,
    0.00030944404860073306,
    0.00020451251377286213,
    0.00014449051576121425,
    0.00011246723859769498,
    9.390636171716382e-05,
    8.136507413503577e-05,
    7.190706503612978e-05,
    6.448296872851639e-05,
    5.853689245812296e-05,
    5.371419520598314e-05,
    4.976010890105382e-05,
    4.6504556677114535e-05,
    4.3779288952116e-05,
    4.1523605191268995e-05,
    3.963306561441024e-05,
    3.805204191177409e-05,
    3.672736268051892e-05,
    3.561262010656271e-05,
    3.466464881770467e-05,
    3.38807953355905e-05,
    3.3205259725835e-05,
    3.263758316982724e-05,
    3.2156173318063354e-05,
    3.174298765246009e-05,
    3.140012819922505e-05,
    3.1060897396891244e-05,
    3.080362181743961e-05,
    3.057225847740882e-05,
    3.0362175834076305e-05,
    3.0187023750501997e-05,
    3.0024229197245898e-05,
    2.9901725373526836e-05,
    2.9782874981279153e-05,
    2.9654795588265773e-05,
    2.9567869482756607e-05,
    2.9504207098718106e-05,
    2.9417435747091926e-05,
    2.932603249344903e-05,
    2.928111938050856e-05,
    2.9213780167979088e-05,
    2.9161229968609816e-05,
    2.9105301610702898e-05,
    2.90695558608148e-05,
    2.9027926492493353e-05,
    2.897639500461259e-05,
    2.8964512949137927e-05,
    2.893087917307865e-05,
    2.8884451136635658e-05,
    2.8871671156853176e-05,
    2.884047677883207e-05,
    2.8830644528575598e-05,
    2.8794742753868544e-05,
    2.878177255197305e-05,
    2.875864263271094e-05,
    2.8723621584456594e-05,
    2.8737726968129066e-05,
    2.8717832143987516e-05,
    2.8693060416767083e-05,
    2.8681558419411313e-05,
    2.866088927886973e-05,
    2.865421996996379e-05,
    2.8640839261112074e-05,
    2.8626693363003887e-05,
    2.8617763075092304e-05,
    2.8603863877990176e-05,
    2.860300227456563e-05,
    2.8595570200297982e-05,
    2.857084960545936e-05,
    2.856447552371816e-05,
    2.8558923378256432e-05,
    2.8546104262226183e-05,
    2.8543943386856753e-05,
    2.854118752576166e-05,
    2.852237589836203e-05,
    2.852557277960186e-05,
    2.8520181335145455e-05,
    2.850629697635486e-05,
    2.850254151071162e-05,
    2.850622929499242e-05,
    2.8502578764687125e-05,
    2.848328994641226e-05,
    2.8489434337311544e-05,
    2.8472281211641034e-05,
    2.8474800978950964e-05,
    2.847909193228356e-05,
    2.8466766947578903e-05,
    2.845592729019269e-05,
    2.8447904064457686e-05,
    2.844154987259631e-05,
    2.8450228204154772e-05,
    2.844413906411336e-05,
    2.844167556655512e-05,
    2.843262015312023e-05,
    2.843543864400947e-05,
    2.841437559911828e-05,
    2.840880901753995e-05,
    2.841354612302456e-05,
    2.8414564716535892e-05,
    2.8417092039747862e-05,
    2.8420444034164817e-05,
    2.840528069550409e-05,
    2.8406466929223888e-05,
    2.8394462139945083e-05,
    2.8400501493617045e-05,
    2.8385557351191922e-05,
    2.8384613657101328e-05,
    2.839385244997286e-05,
    2.838249272773212e-05,
    2.8405886840798348e-05,
    2.838270805217122e-05,
    2.8383482524086624e-05,
    2.8371451173854793e-05,
    2.8367458627708163e-05,
    2.8366989255502323e-05,
    2.838051600937619e-05,
    2.8373181893705133e-05,
    2.8372364547810435e-05,
    2.8370413489490895e-05,
    2.837308215472566e-05,
    2.8358809645654227e-05,
    2.83715462688235e-05,
    2.835840023266821e-05,
    2.837001072612768e-05,
    2.8355190910198615e-05,
    2.8353213344552038e-05,
    2.835742780577198e-05,
    2.8363479418345337e-05,
    2.8340492117404593e-05,
    2.83609791923463e-05,
    2.8357738471859346e-05,
    2.836049271881213e-05,
    2.8350510374771235e-05,
    2.833140395993999e-05,
    2.8327942611403487e-05,
    2.8343170451405424e-05,
    2.8332270920600972e-05,
    2.8335991582976467e-05,
    2.8331684391693986e-05,
    2.8326907565438315e-05,
    2.8329257467061173e-05,
    2.8348448648495386e-05,
    2.8322948680325836e-05,
    2.833032536967064e-05,
    2.833930934792377e-05,
    2.8314097925120565e-05,
    2.8349170148657512e-05,
    2.8339205040009918e-05,
    2.832121081213098e-05,
    2.8333809225035296e-05,
    2.833477633223328e-05,
    2.8325962477071974e-05,
    2.8316692463148855e-05,
    2.8333192429619353e-05,
    2.832786928858687e-05,
    2.830779948820137e-05,
    2.830674171017888e-05,
    2.831411780963779e-05,
    2.8309455909242063e-05,
    2.831643254333617e-05,
    2.833004418715278e-05,
    2.8286571226996477e-05,
    2.830397335422803e-05,
    2.8296936675112515e-05,
    2.8299112774900612e-05,
    2.831299306347854e-05,
    2.8312990478705804e-05,
    2.8302380512161508e-05,
    2.8297365634772022e-05,
    2.8303710935444195e-05,
    2.8317866357528273e-05,
    2.832033204838952e-05,
    2.830890642516922e-05,
    2.8309586660131762e-05,
    2.8311435394699095e-05,
    2.8291098729935157e-05,
    2.828966365016968e-05,
    2.8290187479568733e-05,
    2.8302470625275714e-05,
    2.8295392686323213e-05,
    2.830260840653275e-05,
    2.8296273182184164e-05,
    2.8297600972430725e-05,
    2.8301034049345106e-05,
    2.8289589147581272e-05,
    2.8293258629311562e-05,
    2.8284936926676805e-05,
    2.8295147996291792e-05,
    2.8288349926020395e-05,
    2.8288272795758457e-05,
    2.8301857707018872e-05,
    2.8289558639755355e-05,
    2.829584739718329e-05,
    2.829412423323499e-05,
    2.827329039655181e-05,
    2.8280659336941005e-05,
    2.8287875877628193e-05,
    2.8292290084937038e-05,
    2.8299451246063977e-05,
    2.830422712850222e-05
  ]
}