{
  "times": {
    "training": 368.40168380737305,
    "evaluation": 0.13227033615112305
  },
  "metrics": {
    "mean_rank": {
      "best": 5.718342644320298,
      "avg": 5.718342644320298,
      "worst": 5.718342644320298
    },
    "mean_reciprocal_rank": {
      "best": 0.4215349792151673,
      "avg": 0.4215349792151673,
      "worst": 0.4215349792151673
    },
    "hits_at_k": {
      "best": {
        "1": 0.24115456238361266,
        "3": 0.4920856610800745,
        "5": 0.6373370577281192,
        "10": 0.8435754189944135
      },
      "avg": {
        "1": 0.24115456238361266,
        "3": 0.4920856610800745,
        "5": 0.6373370577281192,
        "10": 0.8435754189944135
      },
      "worst": {
        "1": 0.24115456238361266,
        "3": 0.4920856610800745,
        "5": 0.6373370577281192,
        "10": 0.8435754189944135
      }
    },
    "adjusted_mean_rank": 0.11909939134510814
  },
  "losses": [
    0.0469950759288077,
    0.04556990604610479,
    0.043772769275676,
    0.04235084823678049,
    0.041478435393799556,
    0.040947806187783285,
    0.04017920833960008,
    0.03918601491589671,
    0.03850466088297662,
    0.03738873398929053,
    0.03766207734632135,
    0.03780767343910446,
    0.036435639534550215,
    0.03520521566215972,
    0.034609858797730576,
    0.036511344995614745,
    0.03352442990695493,
    0.03270163774936833,
    0.03282784652453237,
    0.029718127869041672,
    0.028929582012168477,
    0.028722063864996372,
    0.027678914968105737,
    0.028012388724177963,
    0.027693362355455477,
    0.027131577179338156,
    0.02405458367830805,
    0.021931866748949116,
    0.02141940879743644,
    0.020483947704347333,
    0.019896570244308714,
    0.01959884941075625,
    0.016601042284836037,
    0.015094192335835557,
    0.014499078794253453,
    0.01470837141439486,
    0.013837969042221258,
    0.013623193910952364,
    0.013543449767798966,
    0.013431152475349019,
    0.013394440653339754,
    0.01330188654139917,
    0.013244809736305855,
    0.013235055705469645,
    0.013182550724526024,
    0.013187673542829934,
    0.013166478419962447,
    0.013149927673714885,
    0.013102136538381434,
    0.013033978871247742,
    0.013018847251317921,
    0.012984131445431531,
    0.01294903185790621,
    0.01286778679947728,
    0.012854334950614511,
    0.012818567412957716,
    0.012761104726389553,
    0.012715325464079443,
    0.012690880709094054,
    0.012658943739555749,
    0.012670987024066153,
    0.012643225574761295,
    0.012627893179822504,
    0.012604577529631305,
    0.012655337239974893,
    0.012583597817838415,
    0.012593508848034488,
    0.012527263329158562,
    0.012535775798871723,
    0.01249913392721044,
    0.012521955788079719,
    0.012517089589258259,
    0.012497047011213803,
    0.012463113795338052,
    0.012432306363118276,
    0.012424182439788004,
    0.012378855521201194,
    0.012304414865954984,
    0.012310778150118691,
    0.012220437530330504,
    0.0122336945897631,
    0.0121496267728368,
    0.01210856494190318,
    0.012078346349717526,
    0.012026477186532502,
    0.01197698341215148,
    0.011952228613951232,
    0.011882398040330365,
    0.011933812111169657,
    0.011874597980065292,
    0.011793691902124927,
    0.011801417477512628,
    0.01177173015079025,
    0.011758491585261367,
    0.011712252779790525,
    0.01164820667509729,
    0.011615059160616961,
    0.01159681441883246,
    0.011603313404020299,
    0.011493259496735722,
    0.011495479818587,
    0.011407102189595333,
    0.011356954612814532,
    0.01139229830452119,
    0.011340001144547588,
    0.01132197224636203,
    0.011280971757146749,
    0.011245655063330457,
    0.011203802954614832,
    0.011147807299923361,
    0.011176789967754806,
    0.011098350241277994,
    0.011074450369296449,
    0.011093183347348417,
    0.01103007665762071,
    0.010999953004528074,
    0.010972589896189586,
    0.010976091187712405,
    0.010950664121113467,
    0.010902035674463944,
    0.010905799431524027,
    0.010828066233559494,
    0.010802087614710411,
    0.010785969629995385,
    0.010790296219819494,
    0.010737538233064534,
    0.010721947683879499,
    0.010675341832671272,
    0.010652604118715065,
    0.01065987596909205,
    0.01060517919895131,
    0.010551726340912702,
    0.010594326291191444,
    0.010514441082316838,
    0.010512374641464444,
    0.010487079097146398,
    0.010441974203070898,
    0.01041766270046377,
    0.01038844765544161,
    0.010366021128796907,
    0.01032841434416253,
    0.010319968036721262,
    0.010343602959638678,
    0.010250983759760857,
    0.010254532084817743,
    0.010210018891017981,
    0.010196500265977803,
    0.010172936144504654,
    0.010184414803367875,
    0.010083965894378972,
    0.010089484625931983,
    0.010031409463967278,
    0.010059671678793118,
    0.010023214788026131,
    0.009989050283246719,
    0.009968373094326102,
    0.009941088321726866,
    0.009926217283760563,
    0.009928114251809174,
    0.009896020701482948,
    0.009856849657685568,
    0.009821534163775516,
    0.00985222210068158,
    0.009826447821679187,
    0.009788352061300243,
    0.009769091466337108,
    0.009767712927545502,
    0.009737603910518497,
    0.009708265170510788,
    0.00969209662230497,
    0.009692164856507984,
    0.009629937928267633,
    0.00957282359122337,
    0.009650071580590827,
    0.009557891595229673,
    0.009543587847818596,
    0.009507886067814149,
    0.00950442153388418,
    0.009507933226919799,
    0.009455086712198758,
    0.009455799177456438,
    0.009428032782026445,
    0.009434771567080797,
    0.009432089609209071,
    0.009345504500613677,
    0.009357819682482477,
    0.00936140287109417,
    0.009307700540689048,
    0.0093006259702453,
    0.009300801310032495,
    0.009256296473719207,
    0.009238501166583,
    0.009224119732219182,
    0.009215472412578175,
    0.009195992144082815,
    0.009168818390715434,
    0.009153550748856326,
    0.009142900220631214,
    0.009128932133037946,
    0.00909650084398659,
    0.009115220389367266,
    0.009096585158328438,
    0.00906863817003336,
    0.009066240380654175,
    0.009055666046475203,
    0.009009649732921007,
    0.008991572629199938,
    0.008954971533422167,
    0.008942350476617447,
    0.008915668656903037,
    0.008923149964168724,
    0.00892002960101942,
    0.008902082924315992,
    0.008886519854379058,
    0.00888380351431026,
    0.008855425927104352,
    0.008825632659823036,
    0.00883032264683242,
    0.008794640672257107,
    0.00883421732273218,
    0.008752088927513875,
    0.00877248715218645,
    0.008724834616487839,
    0.008729943914917972,
    0.008733410060349922,
    0.008707623566022973,
    0.008682993802238493,
    0.008687506510077344,
    0.008662405880761058,
    0.008655827618047092,
    0.008653566094764163,
    0.00861282011124302,
    0.008592815400007066,
    0.008558359527297681,
    0.008587860090706901,
    0.008564071335623997,
    0.008552602900380499,
    0.008573379385030448,
    0.0085392262933127,
    0.00851851666157835,
    0.008501375271949205,
    0.008497637909338268,
    0.008485907566653432,
    0.008468978204642342,
    0.008478151055310995,
    0.00848629873259907,
    0.008443662544454306,
    0.00841909869179855,
    0.008384428492813522,
    0.008399163578612527,
    0.00839574487482229,
    0.008397204954916618,
    0.008350068291698055,
    0.008368543834052283,
    0.008321078829048725,
    0.00834230844224437,
    0.008298189393227243,
    0.00829572364171681,
    0.008305655056366537,
    0.008281543285826618,
    0.008297375762618882,
    0.008278188197995617,
    0.008271717679188046,
    0.0082310786721914,
    0.008272164284987619,
    0.008192730582692426,
    0.008224460247499442,
    0.008202823227766748,
    0.0081928206523985,
    0.008180333113067605,
    0.0081883536177349,
    0.008178813714352664,
    0.008143729718632243,
    0.00812721626365676,
