{
  "times": {
    "training": 17456.01864385605,
    "evaluation": 33.58207654953003
  },
  "metrics": {
    "mean_rank": {
      "avg": 4494.409674829386,
      "worst": 4494.415395423524,
      "best": 4494.403954235247
    },
    "mean_reciprocal_rank": {
      "avg": 0.37231640646684366,
      "worst": 0.3723164064379082,
      "best": 0.3723164064957854
    },
    "hits_at_k": {
      "avg": {
        "1": 0.2736852669610598,
        "3": 0.431453231633882,
        "5": 0.4890606182256122,
        "10": 0.5523885989562425
      },
      "worst": {
        "1": 0.2736852669610598,
        "3": 0.431453231633882,
        "5": 0.4890606182256122,
        "10": 0.5523885989562425
      },
      "best": {
        "1": 0.2736852669610598,
        "3": 0.431453231633882,
        "5": 0.4890606182256122,
        "10": 0.5523885989562425
      }
    },
    "adjusted_mean_rank": 0.08865143231383281
  },
  "losses": [
    0.002393744182718118,
    0.00017348865474782601,
    0.00011836618882895192,
    0.00011740243762356214,
    0.00011747491384373195,
    0.00011714749104319804,
    0.00011654423476962139,
    0.00011586567896247915,
    0.00011559802842074098,
    0.00011502838732292585,
    0.00011511932212131822,
    0.00011439597656666823,
    0.00011381099112884994,
    0.00011365374237566922,
    0.00011333346256979274,
    0.00011257219315081436,
    0.00011239624613230306,
    0.00011185620981857322,
    0.00011140522352822903,
    0.00011092566853554778,
    0.00011041318900413045,
    0.00010992067112125886,
    0.00010981554223413299,
    0.00010887184500194233,
    0.00010830302434788526,
    0.00010770065306049193,
    0.00010716034433990596,
    0.00010676553133432665,
    0.00010603558670130845,
    0.0001052783749766109,
    0.0001043328982338971,
    0.0001031845995492939,
    0.00010154138379275254,
    9.899593920531538e-05,
    9.493349785810985e-05,
    8.884500539567904e-05,
    8.189627594633332e-05,
    7.904671631404304e-05,
    7.885729982342937e-05,
    7.872486321951503e-05,
    7.86190066917678e-05,
    7.834400121233654e-05,
    7.837945761751675e-05,
    7.826364706898327e-05,
    7.821583265680106e-05,
    7.813039943011488e-05,
    7.806037704077193e-05,
    7.79111927316953e-05,
    7.784346221733261e-05,
    7.770652603414635e-05,
    7.773749106565185e-05,
    7.768563846721215e-05,
    7.7533236745259e-05,
    7.74729258760861e-05,
    7.750733088708755e-05,
    7.75103494712244e-05,
    7.734072666126668e-05,
    7.744011070460526e-05,
    7.732250332743259e-05,
    7.728269485821808e-05,
    7.72662631096071e-05,
    7.724705663943873e-05,
    7.717554172412187e-05,
    7.714490060913193e-05,
    7.727256327936579e-05,
    7.72821955646867e-05,
    7.711633274190626e-05,
    7.710371448286427e-05,
    7.699891204368921e-05,
    7.715864638548039e-05,
    7.70073970050587e-05,
    7.71240762917403e-05,
    7.71093605632423e-05,
    7.714061026805122e-05,
    7.704309796978227e-05,
    7.723944785827087e-05,
    7.707439818830003e-05,
    7.705347102413301e-05,
    7.69475541559903e-05,
    7.701716930601465e-05,
    7.708057909767922e-05,
    7.698005677738403e-05,
    7.709449530372638e-05,
    7.704529754478452e-05,
    7.699826112207359e-05,
    7.701749009049611e-05,
    7.69830771422291e-05,
    7.700578605394368e-05,
    7.70121179623571e-05,
    7.709768845021834e-05,
    7.708356164865377e-05,
    7.704851229169723e-05,
    7.701490766159937e-05,
    7.695497097751189e-05,
    7.720576018730188e-05,
    7.697940484136443e-05,
    7.70286739774623e-05,
    7.704318954850531e-05,
    7.707465583674574e-05,
    7.713313771700423e-05,
    7.707688396782328e-05,
    7.702437827264488e-05,
    7.716974608259453e-05,
    7.703588655464183e-05,
    7.694644964182572e-05,
    7.710021152564092e-05,
    7.715780258410897e-05,
    7.706651872192475e-05,
    7.712480253180525e-05,
    7.714316615376906e-05,
    7.707235071495519e-05,
    7.700463539784756e-05,
    7.70583048554884e-05,
    7.716079523453988e-05,
    7.707355919281132e-05,
    7.72222783363097e-05,
    7.705050402633926e-05,
    7.714576479207148e-05,
    7.719431569417936e-05,
    7.713167398523338e-05,
    7.716165085369845e-05,
    7.712917395206453e-05,
    7.717998269160668e-05,
    7.710564702139603e-05,
    7.720271761727752e-05,
    7.717982120705963e-05,
    7.719170807018373e-05,
    7.716815240664052e-05,
    7.716870811282428e-05,
    7.726233154203245e-05,
    7.72452311910137e-05,
    7.714280908522757e-05,
    7.727754717757476e-05,
    7.716196654001636e-05,
    7.727544307894248e-05,
    7.722186548819824e-05,
    7.725733551761746e-05,
    7.72750967530023e-05,
    7.720630991919044e-05,
    7.73024507186557e-05,
    7.722324015243024e-05,
    7.731343467952555e-05,
    7.732592427944069e-05,
    7.730070709204405e-05,
    7.727472024107439e-05,
    7.735325844314632e-05,
    7.731920176188871e-05,
    7.728232473686485e-05,
    7.727770561275076e-05,
    7.733027677941904e-05,
    7.724294671326533e-05,
    7.738376259760402e-05,
    7.74333102643699e-05,
    7.727769404498904e-05,
    7.730068067717276e-05,
    7.737591239056277e-05,
    7.739279538115313e-05,
    7.742766053379685e-05,
    7.741873400662571e-05,
    7.73763414609416e-05,
    7.745604106335588e-05,
    7.739955609959444e-05,
    7.738690655127186e-05,
    7.746725884077701e-05,
    7.748043592131289e-05,
    7.734618321322702e-05,
    7.75214571765425e-05,
    7.750122369022287e-05,
    7.736075453661867e-05,
    7.734224642099105e-05,
    7.747645703691785e-05,
    7.74731873951521e-05,
    7.749563536651803e-05,
    7.74134219576425e-05,
    7.744973890317524e-05,
    7.746550108531569e-05,
    7.75238900855259e-05,
    7.733692150096372e-05,
    7.74242404211827e-05,
    7.755906783885676e-05,
    7.745217687193568e-05,
    7.749975548962553e-05,
    7.741946252856608e-05,
    7.749699530122874e-05,
    7.75856761032913e-05,
    7.747504122640089e-05,
    7.753061842292249e-05,
    7.748231603398143e-05,
    7.748624937211395e-05,
    7.74563753701537e-05,
    7.748914029790379e-05,
    7.7564077909077e-05,
    7.745787634754545e-05,
    7.752454385839376e-05,
    7.738956356693628e-05,
    7.750418902688293e-05,
    7.746361887230205e-05,
    7.74490437881112e-05,
    7.74849224181792e-05,
    7.738069835541972e-05,
    7.754056229070793e-05,
    7.756011759154289e-05,
    7.749510596606843e-05,
    7.753438508969752e-05,
    7.759413093832578e-05,
    7.755098660247005e-05,
    7.75128971013638e-05,
    7.75233850229243e-05,
    7.745495748663957e-05,
    7.754434117494473e-05,
    7.740266489497769e-05,
    7.749651923423846e-05,
    7.755824794447282e-05,
    7.744558291240253e-05,
    7.747216707125824e-05,
    7.755857758377949e-05,
    7.755512255871098e-05,
    7.756032681089062e-05,
    7.746956705753359e-05,
    7.754354144243403e-05,
    7.752072940781028e-05,
    7.753949465724921e-05,
    7.748515520809108e-05,
    7.761226565585247e-05,
    7.765316999520882e-05,
    7.756092057305952e-05,
    7.757854845285093e-05,
    7.755310075288613e-05,
    7.752515703277649e-05,
    7.744506924775505e-05,
    7.742812543521907e-05,
    7.74095717045774e-05,
    7.741926069793467e-05,
    7.756147845302932e-05,
    7.747912488273722e-05,
    7.744200219105212e-05,
    7.754124569077131e-05,
    7.751293005003956e-05,
    7.755460198503335e-05,
    7.757045458502842e-05,
    7.754197694904885e-05,
    7.76153710294843e-05,
    7.761843652073533e-05,
    7.759074639744931e-05,
    7.746296174776533e-05,
    7.75814596841763e-05,
    7.743628477538307e-05,
    7.759090375939098e-05,
    7.746229096705755e-05,
    7.75120198749825e-05,
    7.756772246570758e-05,
    7.751212911035393e-05,
    7.749525019880856e-05,
    7.746329282006283e-05,
    7.75827238878687e-05,
    7.75773915352258e-05,
    7.743671386832815e-05,
    7.753255455331529e-05,
    7.757755407110464e-05,
    7.757354891709723e-05,
    7.74976967449749e-05
  ]
}