{
  "times": {
    "training": 45.80542016029358,
    "evaluation": 0.17554330825805664
  },
  "metrics": {
    "mean_rank": {
      "avg": 2.506052141527002,
      "best": 2.506052141527002,
      "worst": 2.506052141527002
    },
    "mean_reciprocal_rank": {
      "avg": 0.6984787513432902,
      "best": 0.6984787513432902,
      "worst": 0.6984787513432902
    },
    "hits_at_k": {
      "avg": {
        "1": 0.5204841713221602,
        "3": 0.8626629422718808,
        "5": 0.9408752327746741,
        "10": 0.9813780260707635
      },
      "best": {
        "1": 0.5204841713221602,
        "3": 0.8626629422718808,
        "5": 0.9408752327746741,
        "10": 0.9813780260707635
      },
      "worst": {
        "1": 0.5204841713221602,
        "3": 0.8626629422718808,
        "5": 0.9408752327746741,
        "10": 0.9813780260707635
      }
    },
    "adjusted_mean_rank": 0.052244755859162446
  },
  "losses": [
    0.03854585251489146,
    0.03847460460211131,
    0.03842458758853892,
    0.03839285720234584,
    0.03835167476875391,
    0.038323003099542036,
    0.038290975889981746,
    0.03824624830339702,
    0.03820302985418895,
    0.03816756022054109,
    0.038119505572559005,
    0.03809103036223254,
    0.03804525184236101,
    0.037986020847069854,
    0.03794489851218134,
    0.037894641174375125,
    0.03784159057023188,
    0.03778352795302197,
    0.037729881690619894,
    0.037655963390942085,
    0.037593785124180795,
    0.0375338414140253,
    0.03745048045406262,
    0.037372284065413715,
    0.03730008328998491,
    0.03719415168496827,
    0.037110254071463206,
    0.03701216554133549,
    0.03690004207595274,
    0.03679502984346759,
    0.03669187908274242,
    0.03656834448633143,
    0.03645816591803741,
    0.036327692127001925,
    0.036197430428278526,
    0.03606496056979616,
    0.03593700069023209,
    0.035801414839257285,
    0.03566642563465857,
    0.03552099541844243,
    0.03541179381580025,
    0.035279248613376744,
    0.0351355568836115,
    0.03501302963745813,
    0.03489111876473616,
    0.03474707233616415,
    0.03464959770917469,
    0.03450697328721086,
    0.03444520455976433,
    0.03437686114709288,
    0.03421091320530206,
    0.03412593737941581,
    0.034050209272394806,
    0.033943755659145175,
    0.03390610232164057,
    0.03382315190675486,
    0.03374218259639751,
    0.0336516027340457,
    0.03363129886527821,
    0.03354711734451014,
    0.03349384199662488,
    0.033416876890307846,
    0.033404575589142164,
    0.033332003211043446,
    0.033308631555789885,
    0.03321325510757925,
    0.033208110069226346,
    0.03317394962036942,
    0.03312773160005618,
    0.03305673840978994,
    0.03305244251706319,
    0.03301674912779059,
    0.03295653869655444,
    0.032929369142028694,
    0.03293495302796011,
    0.032848708335996166,
    0.03285649281200253,
    0.032796758617996254,
    0.03276436097033282,
    0.03276747869203047,
    0.03273882309736904,
    0.03271109285687751,
    0.03265883304650717,
    0.03263829735837229,
    0.03260486838096271,
    0.03258270030546781,
    0.03256261682213941,
    0.03253813734627673,
    0.03251902149442105,
    0.03245797455134372,
    0.03251765427538599,
    0.032447151808854456,
    0.032476483046338,
    0.03239012706766755,
    0.0323808572043887,
    0.03239901694692473,
    0.03233976592461409,
    0.032305058058794606,
    0.03232827927319519,
    0.032337817322085634,
    0.032264558131910766,
    0.032253607251786706,
    0.032218665431560746,
    0.03222615814830087,
    0.032199258826201026,
    0.03221190376278915,
    0.03218136361677171,
    0.03218261527902209,
    0.032113755610371705,
    0.03206766544537406,
    0.03211889424360737,
    0.03206583704025241,
    0.032020409531392874,
    0.032069117201369776,
    0.0320760268407012,
    0.031991576128559324,
    0.03199709767487855,
    0.032015874743673345,
    0.031968963453231865,
    0.03196615128915221,
    0.03195794172862919,
    0.03194008323834308,
    0.03191570725011854,
    0.03190859188830238,
    0.0318703738241382,
    0.031921412215704326,
    0.03185500957120305,
    0.03184302153849898,
    0.031855451294908584,
    0.03180966227629115,
    0.03182701613862109,
    0.031791720554770767,
    0.0318013500221528,
    0.031815395526733535,
    0.0317708219805718,
    0.03176240900905264,
    0.0317280749691669,
    0.0317434716711671,
    0.03171190450077158,
    0.03172952130816264,
    0.03170459804413515,
    0.03167695327578669,
    0.031635651632905215,
    0.03164116615653391,
    0.03164890577907461,
    0.03165106091575555,
    0.031630290814445454,
    0.031657146500581254,
    0.03159420288406652,
    0.03159059839110321,
    0.03154480774915028,
    0.031596863566241085,
    0.0315484537606835,
    0.03155262926190897,
    0.03155427620635363,
    0.031566916467029714,
    0.0314837226223988,
    0.03150857295984344,
    0.03145984180443664,
    0.03145664215723109,
    0.03148644786744939,
    0.0314536956621388,
    0.0314712573643476,
    0.03144789574907121,
    0.03143662175460282,
    0.03141154293268654,
    0.03140650496389684,
    0.0313940706727348,
    0.0314117943908845,
    0.03138491363127321,
    0.031406248953301505,
    0.03138875202570814,
    0.03134970868953662,
    0.031359882997718344,
    0.031362224023959,
    0.03133997501107346,
    0.03129600827477965,
    0.03131250543944436,
    0.03130162623311162,
    0.03132901982558133,
    0.031310071336086716,
    0.03126808812167956,
    0.0312744579666673,
    0.03127299509435239,
    0.03125736385566233,
    0.031248085240487732,
    0.031240528719604473,
    0.031229938696375113,
    0.031251604490692336,
    0.03127417314186683,
    0.03123806799001564,
    0.031207256888129288,
    0.03127707331896252,
    0.03122828723482298,
    0.031188662815122226,
    0.031209692226633508,
    0.031176546150724727,
    0.031143683805629443,
    0.03110648616663163,
    0.031131654342580223,
    0.031124056444286664,
    0.031151398354694645,
    0.031163668830130775,
    0.031104166173172673,
    0.031168067363538002,
    0.03111342661404765,
    0.031097177166851262,
    0.031106062687805518,
    0.03111487351768182,
    0.031057903122944264,
    0.031100781148110993,
    0.031046951184123137,
    0.031056617441228184,
    0.031077987365005565,
    0.031056805201152712,
    0.031053131734075597,
    0.031056084404900767,
    0.03105915180319791,
    0.031033639250738935,
    0.031039123425051756,
    0.031018117304875907,
    0.03102885524573024,
    0.031009799139678936,
    0.030973835165081398,
    0.030978669634650204,
    0.031022492652817407,
    0.03100625377494672,
    0.03097908459096494,
    0.030992806028373995,
    0.03094367816153188,
    0.03099302475518768,
    0.030935411043178408,
    0.030931474242851253,
    0.03092325923003834,
    0.030962099366953134,
    0.03092023029773457,
    0.030947304357785033,
    0.030941646821827772,
    0.030940950534412887,
    0.030901022003980132,
    0.03096968618421741,
    0.030919353873014026,
    0.03092486779671438,
    0.030912487110913753,
    0.030861825333183653,
    0.030880554954704976,
    0.03085785103733544,
    0.03086515996426503,
    0.030827899350436783,
    0.030907587725569893,
    0.030857545073883573,
    0.030899668071593243,
    0.030882589047021455,
    0.030848206801129346,
    0.03086347679473579,
    0.030848815022593352,
    0.03084038724696022,
    0.030814005133666677,
    0.030851433003986285,
    0.030810154917114512,
    0.030783742136895973,
    0.030767235761566796,
    0.030832835384344053,
    0.03082147875856972,
    0.030799727668558936,
    0.03078317266374456,
    0.0308000741448185,
    0.030763966769703468,
    0.03081783212946321,
    0.030803566098283774,
    0.0307786957514646,
    0.030769748173217367,
    0.03073320593828277,
    0.030801613860895395,
    0.030761217192265322,
    0.030790714962797238,
    0.030763475657779836,
    0.03076570040379282,
    0.030728840383289126,
