{
  "times": {
    "training": 19.03161334991455,
    "evaluation": 0.11400151252746582
  },
  "metrics": {
    "mean_rank": {
      "avg": 49.445065176908756,
      "worst": 49.445065176908756,
      "best": 49.445065176908756
    },
    "mean_reciprocal_rank": {
      "avg": 0.044483034030849834,
      "worst": 0.044483034030849834,
      "best": 0.044483034030849834
    },
    "hits_at_k": {
      "avg": {
        "1": 0.0,
        "3": 0.025139664804469275,
        "5": 0.04562383612662942,
        "10": 0.09450651769087523
      },
      "worst": {
        "1": 0.0,
        "3": 0.025139664804469275,
        "5": 0.04562383612662942,
        "10": 0.09450651769087523
      },
      "best": {
        "1": 0.0,
        "3": 0.025139664804469275,
        "5": 0.04562383612662942,
        "10": 0.09450651769087523
      }
    },
    "adjusted_mean_rank": 1.0244478926624498
  },
  "losses": [
    0.00974704783085608,
    0.008584270115926324,
    0.008662729873115173,
    0.008652229362722683,
    0.008571786912959874,
    0.008778591421385923,
    0.008483934183668426,
    0.008700182305206696,
    0.008603922109620821,
    0.008384424952658906,
    0.008516577943109633,
    0.008521125435193944,
    0.008554147149487457,
    0.008580140632733288,
    0.008594999163725307,
    0.008643823096284928,
    0.00851398346479155,
    0.008535000436612317,
    0.008646030232636727,
    0.008668248966786196,
    0.00872133987199773,
    0.008641812171789229,
    0.008612608930780875,
    0.008556094693318847,
    0.00865733743490306,
    0.008625800966722432,
    0.00856905003988651,
    0.008588448722663188,
    0.008712155110317973,
    0.008593933479259394,
    0.008556797527010586,
    0.008611994463004185,
    0.008618779087857143,
    0.008679957450530174,
    0.008513370302741241,
    0.0086208395946654,
    0.00864556387657947,
    0.008575955956133249,
    0.008681991137012778,
    0.008459653284085298,
    0.008533560043965098,
    0.008591043553880294,
    0.008564236885418618,
    0.008546611943705115,
    0.008544656847834658,
    0.008511349638232541,
    0.008469067783028222,
    0.008517643062937112,
    0.008714728061795728,
    0.008598571348783179,
    0.008611979570665467,
    0.008608378130278692,
    0.008551457211983988,
    0.008525309794184864,
    0.008592847855998752,
    0.008700397644189775,
    0.008466210253779319,
    0.008409677136219628,
    0.008635696890510844,
    0.008491460461105518,
    0.008473156294644832,
    0.008568140372078118,
    0.008602557554973378,
    0.0084492791468325,
    0.00852425755517168,
    0.008490418914932693,
    0.008535340666559196,
    0.00850217602816187,
    0.008522221751294946,
    0.008579614142682723,
    0.008540133988102066,
    0.00853716893052123,
    0.008548116916873315,
    0.008544777398140491,
    0.00849405377485683,
    0.008527210437736263,
    0.00855686764804621,
    0.008523527936444189,
    0.008503037560543695,
    0.008536145382198516,
    0.008659272097920157,
    0.008432432453331685,
    0.00848880394313941,
    0.008586219177223508,
    0.008533334470910387,
    0.008423953066216622,
    0.00843418674965876,
    0.008451992269801699,
    0.008451068838931456,
    0.008560371582433272,
    0.008428150729500662,
    0.008521162454301326,
    0.00843199270586067,
    0.008437299036711471,
    0.00849982257987565,
    0.008465813454119252,
    0.008487736635337997,
    0.008545846611596622,
    0.008535511399105923,
    0.008478197457170685,
    0.00851436487805427,
    0.008563731216410337,
    0.008469798248713365,
    0.008402620602670403,
    0.008403783687266322,
    0.008472313254171748,
    0.008523975624143195,
    0.008405293777470338,
    0.008435688511445863,
    0.008464569273328133,
    0.008404773357282947,
    0.008349896924180911,
    0.008410225858908563,
    0.008487657797696535,
    0.008369431190761749,
    0.008528658382422546,
    0.008392159581678446,
    0.008390454055996178,
    0.008408719403564472,
    0.008540810954295508,
    0.00841467905637426,
    0.008435511214977329,
    0.008381448355280062,
    0.008438301658122196,
    0.008433282622365009,
    0.008428972631322343,
    0.00837688530034889,
    0.00846480130443494,
    0.008480114792845812,
    0.008405782366165964,
    0.008403350891906034,
    0.008511610924668253,
    0.008402646505458598,
    0.00841548296034583,
    0.008404540161609367,
    0.008425835747207813,
    0.008421425956321792,
    0.008388734661382355,
    0.008374284752167633,
    0.00836704859301633,
    0.008378703047920077,
    0.008335896996508836,
    0.008329497172749206,
    0.008401988489942624,
    0.00843656144246609,
    0.008418381425881258,
    0.008403052268753819,
    0.008404542878931835,
    0.008413516324677362,
    0.008439546685870969
  ]
}