{
  "times": {
    "training": 14.100334644317627,
    "evaluation": 0.08037376403808594
  },
  "metrics": {
    "mean_rank": {
      "worst": 6.888733705772812,
      "best": 6.888733705772812,
      "avg": 6.888733705772812
    },
    "mean_reciprocal_rank": {
      "worst": 0.44087333979972393,
      "best": 0.44087333979972393,
      "avg": 0.44087333979972393
    },
    "hits_at_k": {
      "worst": {
        "1": 0.26303538175046554,
        "3": 0.5302607076350093,
        "5": 0.6620111731843575,
        "10": 0.8286778398510242
      },
      "best": {
        "1": 0.26303538175046554,
        "3": 0.5302607076350093,
        "5": 0.6620111731843575,
        "10": 0.8286778398510242
      },
      "avg": {
        "1": 0.26303538175046554,
        "3": 0.5302607076350093,
        "5": 0.6620111731843575,
        "10": 0.8286778398510242
      }
    },
    "adjusted_mean_rank": 0.14210268126946338
  },
  "losses": [
    0.048537678376960644,
    0.01723291635372146,
    0.004193159586724055,
    0.0045410077059459516,
    0.0026709359732515507,
    0.0021647340521578112,
    0.0011325636652533722,
    0.0008303895548577137,
    0.0006279113502316111,
    0.0004589512564855048,
    0.00035141799279117525,
    0.0002703133677151727,
    0.0002306724499851518,
    0.00018323117138155118,
    0.0001581444136485184,
    0.00013672239756428893,
    0.00011820859364534427,
    0.00010895860960950789,
    9.715063922005761e-05,
    8.972969552410503e-05,
    8.189817587252268e-05,
    7.529225246732654e-05,
    7.199613038889397e-05,
    6.724473104419054e-05,
    6.32880525768262e-05,
    5.885079842724696e-05,
    5.672101533539977e-05,
    5.2698049198035446e-05,
    5.12109955804739e-05,
    4.726137619635422e-05,
    4.574570357093732e-05,
    4.359329193212917e-05,
    4.024638768446523e-05,
    3.817684114720427e-05,
    3.58571879049601e-05,
    3.296218022854106e-05,
    3.148573949765425e-05,
    2.9970528397989246e-05,
    2.8420553436252476e-05,
    2.6310077780728653e-05,
    2.4660711566536577e-05,
    2.363920619831486e-05,
    2.1913071213176505e-05,
    2.0869515170141958e-05,
    1.9447318878732822e-05,
    1.8351642958612537e-05,
    1.7669938544397032e-05,
    1.6539582300020294e-05,
    1.4839915292918717e-05,
    1.3810351144692262e-05,
    1.3404115295625424e-05,
    1.241535344257589e-05,
    1.1744506187326743e-05,
    1.1237400494043893e-05,
    1.0274275100711114e-05,
    9.685537246838344e-06,
    9.387927162948975e-06,
    8.65349067455569e-06,
    8.32433100456737e-06,
    7.738751183385818e-06,
    7.299681664474833e-06,
    6.954615484634188e-06,
    6.548133157656841e-06,
    6.2908444061760655e-06,
    5.996038353146711e-06,
    5.613147325774069e-06,
    5.3743996959049505e-06,
    5.1468692922853305e-06,
    4.877683018979905e-06,
    4.58628161440346e-06,
    4.4724895316134765e-06,
    4.1862180519379266e-06,
    4.1101712076232726e-06,
    3.8764715501283174e-06,
    3.7170412838282564e-06,
    3.5600962675335915e-06,
    3.4975845481408565e-06,
    3.3113402973412763e-06,
    3.2218096776693937e-06,
    3.1311441981550714e-06,
    2.977602245024741e-06,
    2.865520275052904e-06,
    2.756634315772477e-06,
    2.674987267255077e-06,
    2.592390975509613e-06,
    2.4674235387661704e-06,
    2.4750887191881435e-06,
    2.3513395077884726e-06,
    2.259096907382272e-06,
    2.1789247631065023e-06,
    2.1411227988704484e-06,
    2.0464952007297796e-06,
    1.991942043533651e-06,
    1.9414975752314036e-06,
    1.9000756734614898e-06,
    1.7955866154303135e-06,
    1.7437688047435772e-06,
    1.730356918776914e-06,
    1.6801152295609985e-06,
    1.6532493096292726e-06,
    1.5999743775031743e-06,
    1.5498689886418548e-06,
    1.5567814326933886e-06,
    1.4875221047980536e-06,
    1.425466810663541e-06,
    1.4235829019697372e-06,
    1.3861487246829246e-06,
    1.3285748345712327e-06,
    1.3113042183635043e-06,
    1.2715027227561067e-06,
    1.2348313794386958e-06,
    1.1915807783727183e-06,
    1.1475608126376686e-06,
    1.1687287918797624e-06,
    1.132202364615721e-06,
    1.089878674886587e-06,
    1.0965227054585325e-06,
    1.0720086817465868e-06,
    1.0383362908582405e-06,
    1.022381395241604e-06,
    1.003091431555353e-06,
    9.534201015982404e-07,
    9.473306635563422e-07,
    9.388594500513173e-07,
    9.163012933493314e-07,
    8.846582958442773e-07,
    8.587750652832541e-07,
    8.569479512757649e-07,
    8.368663944176064e-07,
    8.440015370510364e-07,
    8.255120062436346e-07,
    7.959325375204135e-07,
    7.812451662759304e-07,
    7.668806080330911e-07,
    7.447134317414445e-07,
    7.313399373285159e-07,
    7.186671404654349e-07,
    6.997350729062333e-07,
    7.048884152763955e-07,
    6.990566210906187e-07,
    6.716325244981555e-07,
    6.730812542469122e-07,
    6.454497605535742e-07,
    6.523007402100582e-07,
    6.3322942572728e-07,
    6.299130709554014e-07,
    6.056422511884329e-07,
    5.9805567178637e-07,
    5.867170072626598e-07,
    5.892458010096568e-07,
    5.786634397556781e-07,
    5.662577295545742e-07,
    5.666703267531362e-07,
    5.414791349646933e-07,
    5.292244924258831e-07,
    5.27284650615642e-07,
    5.272198260980705e-07,
    5.164990364118987e-07,
    5.055015966381113e-07,
    5.021410433315248e-07,
    4.973539973947161e-07,
    4.856569542648252e-07,
    4.759474580692841e-07,
    4.660520954041032e-07,
    4.721522513752756e-07,
    4.597711820726637e-07,
    4.536042544359971e-07,
    4.473143463150381e-07,
    4.4680163469672854e-07,
    4.3114478194776233e-07,
    4.247593774215984e-07,
    4.2554114008120546e-07,
    4.099525667450188e-07,
    4.1293677771348195e-07,
    4.0635755442771036e-07,
    3.9817271813421627e-07,
    3.901341160960041e-07,
    3.8582346660717484e-07,
    3.8318602889864454e-07,
    3.8350481836896117e-07,
    3.7401042170899817e-07,
    3.7122251943708826e-07,
    3.639035005604351e-07,
    3.669874210108034e-07,
    3.5972656671656985e-07,
    3.4897767262099905e-07,
    3.41886263274543e-07,
    3.4194108496583855e-07,
    3.3784972224219125e-07,
    3.3598560380847004e-07,
    3.257600875662903e-07,
    3.2968713168293027e-07,
    3.2583038305258297e-07,
    3.1731280847245803e-07,
    3.183321231786468e-07,
    3.1109586670441146e-07,
    3.108138576521587e-07,
    3.0207756063512146e-07,
    3.09179046041293e-07,
    2.9511086352841124e-07
  ]
}