{
  "times": {
    "training": 123.06506752967834,
    "evaluation": 0.17223381996154785
  },
  "metrics": {
    "mean_rank": {
      "best": 2.6145251396648046,
      "worst": 2.6145251396648046,
      "avg": 2.6145251396648046
    },
    "mean_reciprocal_rank": {
      "best": 0.6713536498718342,
      "worst": 0.6713536498718342,
      "avg": 0.6713536498718342
    },
    "hits_at_k": {
      "best": {
        "1": 0.4864990689013035,
        "3": 0.8347299813780261,
        "5": 0.9283054003724395,
        "10": 0.9762569832402235
      },
      "worst": {
        "1": 0.4864990689013035,
        "3": 0.8347299813780261,
        "5": 0.9283054003724395,
        "10": 0.9762569832402235
      },
      "avg": {
        "1": 0.4864990689013035,
        "3": 0.8347299813780261,
        "5": 0.9283054003724395,
        "10": 0.9762569832402235
      }
    },
    "adjusted_mean_rank": 0.05423201861300504
  },
  "losses": [
    0.0019074084310467994,
    0.0006625166028556641,
    0.0006164997346936429,
    0.0006018162614313627,
    0.0005909788826906056,
    0.0005855019063050492,
    0.0005823895404959439,
    0.0005850614570011472,
    0.000579272373317835,
    0.0005729065044723759,
    0.0005766398557688525,
    0.0005717369438278095,
    0.0005704534034269132,
    0.0005707646857891301,
    0.0005669540120463134,
    0.0005638780541480815,
    0.0005654294980334098,
    0.000564604650132972,
    0.0005641972754248295,
    0.0005630295948659102,
    0.0005597710680942076,
    0.00055960437181765,
    0.000559708512081217,
    0.0005588921393906133,
    0.0005579632410451714,
    0.0005611621858447455,
    0.0005557165430572707,
    0.0005597978854754222,
    0.0005591873298416591,
    0.0005586742827222309,
    0.000555571800443145,
    0.0005565633899654342,
    0.0005535603468637732,
    0.0005532046300376511,
    0.0005582692703294955,
    0.0005532630138475908,
    0.0005524843121959029,
    0.0005538785805723417,
    0.0005517857121338558,
    0.0005527266191339559,
    0.0005548749352746019,
    0.0005521489885436852,
    0.000552234988509632,
    0.0005524773560534144,
    0.0005517018900500533,
    0.0005481845105401753,
    0.0005499133674518558,
    0.000549142207507365,
    0.0005470095394172249,
    0.0005506126585936223,
    0.0005484768965591987,
    0.0005474639716401194,
    0.0005466776729076543,
    0.0005490677400704905,
    0.0005452998587687253,
    0.0005492877066030764,
    0.0005475488728547141,
    0.0005461731746841627,
    0.0005470522939251938,
    0.0005415981070379193,
    0.0005452058283256346,
    0.0005446120766113593,
    0.0005430342042679142,
    0.0005436543116262287,
    0.000544109778070634,
    0.0005463185046070469,
    0.0005430927947477511,
    0.0005445920348634824,
    0.000543629434500378,
    0.00054664073262559,
    0.0005431833540957966,
    0.0005437640385172061,
    0.0005451709822113259,
    0.0005383271199026693,
    0.0005375200190166297,
    0.000541895310994419,
    0.0005427669064047632,
    0.0005395575801489616,
    0.0005431066211382771,
    0.0005429794459014238,
    0.0005393152583864856,
    0.0005403190937542012,
    0.0005429723471828671,
    0.0005417541781272948,
    0.0005423615617705474,
    0.0005392173744654387,
    0.0005409719992763876,
    0.0005402883383086168,
    0.0005402739346376185,
    0.0005390625987690263,
    0.0005410737676322739,
    0.0005415847646212031,
    0.0005395907807523168,
    0.000538081178800918,
    0.0005394237849352121,
    0.0005396069925669093,
    0.0005426614118865535,
    0.0005390386246249414,
    0.0005363722629182404,
    0.0005405014005841946,
    0.0005361302951978666,
    0.0005373860707625133,
    0.0005392465659343962,
    0.0005378307986565018,
    0.0005424151071504261,
    0.0005383695242926478,
    0.000538440179672748,
    0.000540435843933583,
    0.0005385341918033161,
    0.0005382773355661093,
    0.0005378017554317744,
    0.0005359349289232314,
    0.0005374832513954923,
    0.0005377523251373168,
    0.0005381545993719208,
    0.0005346019072144219,
    0.0005348372837347205,
    0.000536523352565474,
    0.0005381513515152456,
    0.0005372505476314588,
    0.0005395028889283873,
    0.0005330808320316427,
    0.0005365030513901947,
    0.0005368232048615423,
    0.000535485048670224,
    0.0005354992962487684,
    0.0005356341182718173,
    0.0005361986370959532,
    0.0005389706075561236,
    0.0005347518361965369,
    0.0005360315226834644,
    0.000535866407388019,
    0.0005362749737181635,
    0.0005375541339380744,
    0.0005352742689197764,
    0.0005369371126758193,
    0.000534766854209065,
    0.0005376984396677338,
    0.0005354978177305799,
    0.0005319551573473304,
    0.0005344046957351351,
    0.0005347478322942884,
    0.0005364088151492318,
    0.0005365700102568175,
    0.0005323179851003578,
    0.0005343015757406808,
    0.0005354653478840764,
    0.0005376299098482851,
    0.0005332315074670572,
    0.0005352024040411642,
    0.0005356316452092501,
    0.0005340487242777472,
    0.000532804840952437,
    0.0005337913906069173,
    0.0005330882298547342,
    0.0005334766057567594,
    0.0005346881421910745,
    0.0005333405210416806,
    0.0005370166788421822,
    0.0005354693108011553,
    0.0005374733360365647,
    0.0005336430879512084,
    0.0005361144265250656,
    0.0005353343152451549,
    0.0005313635852592491,
    0.0005367045772125882,
    0.0005346152204183045,
    0.0005334421306890383,
    0.0005328530552081959,
    0.0005348513176671686,
    0.0005343445696194799,
    0.000532669556320188,
    0.0005379632112748,
    0.0005325735764654723,
    0.0005335601143476166,
    0.0005348080120394739,
    0.0005341182015522309,
    0.0005331754502195041,
    0.0005351196283872208,
    0.0005606114210330703,
    0.000587013837870922,
    0.0005846848512549748,
    0.0005654129967065563,
    0.0005525079942116521,
    0.0005446708493443966,
    0.000538845982120027,
    0.0005341124291835206,
    0.0005338824552933822,
    0.0005329596480417452,
    0.0005310959080652742,
    0.0005296468878625317,
    0.0005323954148057583,
    0.0005327681191126059,
    0.0005294004279059752,
    0.0005329322764887178,
    0.0005286890021019549,
    0.000529612339108708,
    0.0005310823153774167,
    0.0005313445620364353,
    0.0005331155063570494
  ]
}