{
  "times": {
    "training": 206.63769698143005,
    "evaluation": 0.1290755271911621
  },
  "metrics": {
    "mean_rank": {
      "avg": 5.101024208566108,
      "worst": 5.101024208566108,
      "best": 5.101024208566108
    },
    "mean_reciprocal_rank": {
      "avg": 0.46804277892313517,
      "worst": 0.46804277892313517,
      "best": 0.46804277892313517
    },
    "hits_at_k": {
      "avg": {
        "1": 0.27001862197392923,
        "3": 0.585195530726257,
        "5": 0.7527932960893855,
        "10": 0.9054934823091247
      },
      "worst": {
        "1": 0.27001862197392923,
        "3": 0.585195530726257,
        "5": 0.7527932960893855,
        "10": 0.9054934823091247
      },
      "best": {
        "1": 0.27001862197392923,
        "3": 0.585195530726257,
        "5": 0.7527932960893855,
        "10": 0.9054934823091247
      }
    },
    "adjusted_mean_rank": 0.10567952128078657
  },
  "losses": [
    0.07792612407984359,
    0.06211110011915143,
    0.05107376158014219,
    0.04170829336741444,
    0.0340112510803487,
    0.027375051312232286,
    0.021629942099699814,
    0.016824136847413882,
    0.013017541209186955,
    0.010191270753685455,
    0.008212625087423717,
    0.006829286098815082,
    0.005853909789846184,
    0.00518087868331077,
    0.004673190805572695,
    0.004258563156040867,
    0.003973854182476408,
    0.0037137431891335086,
    0.0035283493108293983,
    0.0033436393093192176,
    0.003197743846905812,
    0.0030604358971788644,
    0.0029524575346864565,
    0.0028494052895892425,
    0.002760584762647804,
    0.002666794370566861,
    0.002596579750211498,
    0.002528404070531831,
    0.002473824207534951,
    0.0024056980100352217,
    0.0023558095502161356,
    0.002310110925790969,
    0.0022506521951951336,
    0.0022239514699812684,
    0.002173445477021321,
    0.0021372725977823973,
    0.0020932218492421763,
    0.0020539234060975497,
    0.002040890059416437,
    0.0020121426708745154,
    0.001992983216845364,
    0.0019530601213487346,
    0.0019418596140063657,
    0.00191202052704962,
    0.0018881962945063908,
    0.0018709267625647984,
    0.0018489017126879443,
    0.0018249625158722927,
    0.001814212936084815,
    0.0017875295013803222,
    0.0017769154796048942,
    0.0017614628603395898,
    0.0017395319333404638,
    0.0017279187663831513,
    0.0017162256382322043,
    0.0017094142902433203,
    0.0016976005017534177,
    0.0016911233939258348,
    0.0016811267797196849,
    0.0016745455730497168,
    0.0016557736259497954,
    0.0016469143205479289,
    0.0016410069449452425,
    0.0016260506752669142,
    0.0016240425798553653,
    0.0016127574930755832,
    0.0016090854730331497,
    0.0016004478817017338,
    0.0015879155168037737,
    0.0015979517174514938,
    0.0015866359423720435,
    0.0015812272289663218,
    0.0015690613028764278,
    0.0015813432815257977,
    0.0015730055935039057,
    0.0015587639342644689,
    0.001556777482510506,
    0.0015467786987064483,
    0.0015504947490292541,
    0.0015412798876898565,
    0.0015408975082669366,
    0.0015282653418652128,
    0.0015353930256005084,
    0.0015328276818722822,
    0.0015356854783294353,
    0.0015287712662853997,
    0.001517479464914022,
    0.0015149655532133712,
    0.0015188589978139945,
    0.0015148591452490972,
    0.0015125241974710524,
    0.001511871267096157,
    0.0015096915746282103,
    0.0014981575840421384,
    0.0015050690718804406,
    0.0015062936982802684,
    0.0014985030035624344,
    0.001509235788150673,
    0.0015005550176351704,
    0.0014947008739194174,
    0.0015006128224205881,
    0.0014865361642413372,
    0.0014881145606717367,
    0.0014929290832986547,
    0.0014957997857240701,
    0.001502005561265383,
    0.0014991366028897326,
    0.0014856075379676586,
    0.0014824666543288177,
    0.0014834429036253848,
    0.0014789276704024732,
    0.0014902317777889945,
    0.0014965006565389116,
    0.001481709223980091,
    0.0014876278173108673,
    0.001483519481362475,
    0.001483820162518194,
    0.0014911081104745133,
    0.001488898702886667,
    0.001483919078044677,
    0.001487881876528263,
    0.0014876377130492349,
    0.0014833039691329896,
    0.0014795956519268426,
    0.0014829719857720846,
    0.0014878919501597069,
    0.001482574101746752,
    0.001482713371096702,
    0.0014788586897461601,
    0.001487714210560036,
    0.0014840978326813112,
    0.0014785803254512364,
    0.001479142921024494,
    0.0014790040039725965,
    0.0014833951236380173,
    0.001484366451226147,
    0.0014770485649115584,
    0.001474114926706316,
    0.0014780509575141056,
    0.001483622415179617,
    0.0014847400824954447,
    0.0014806154989794398,
    0.0014865411696641632,
    0.0014772250976287917,
    0.0014771852460916568,
    0.00148102885272619,
    0.0014816924427332504,
    0.001483940693797467,
    0.0014727026440398523,
    0.0014825533998760391,
    0.0014792378531413132,
    0.001487521067512839,
    0.0014777783137024118,
    0.0014777436873383736,
    0.0014768339177307565,
    0.00148052101682746,
    0.0014723731686225097,
    0.0014799534751290685,
    0.0014829594041970784,
    0.0014719120523288903,
    0.0014838988854364956,
    0.0014850753865271026,
    0.0014829198351960057,
    0.0014830942471487246,
    0.0014787073550599345,
    0.0014685036768013618,
    0.0014759455371494597,
    0.0014828804266475114,
    0.0014759344136000573,
    0.0014763967123594176,
    0.0014843763713812113,
    0.001473627496189839,
    0.001482469340165456,
    0.0014838496125425293,
    0.0014663862678386298,
    0.0014802439884746565,
    0.0014751957910839985,
    0.0014845465871501952,
    0.0014809498995933194,
    0.0014787502063626653,
    0.0014689738865704572,
    0.0014726089292697692,
    0.0014654154390487332,
    0.0014661344340287344,
    0.0014784025928277647,
    0.0014789562204971295,
    0.001490831176300397,
    0.0014793635014625972,
    0.0014774486743443914,
    0.0014613354578614235,
    0.0014734081121698748,
    0.0014804601948359487,
    0.0014742426051015264,
    0.0014768340746952352,
    0.0014631025360597207,
    0.0014698428872707632,
    0.0014743853834796041,
    0.00147028567708945,
    0.0014773503029614351,
    0.0014756516612759243,
    0.0014713434467601419,
    0.0014703111890494154,
    0.0014797176203031218,
    0.0014788291490312373,
    0.0014739733447463772,
    0.0014728776943147852,
    0.0014750017481071226,
    0.001471416267814038,
    0.001468320767838187,
    0.001477442319027047,
    0.0014744383119018782,
    0.001469648125745384,
    0.0014705015067359927,
    0.0014791764137561847,
    0.001465522338835041,
    0.0014788032533803236,
    0.0014741477532109965,
    0.0014690970304362782,
    0.0014715534687209666,
    0.0014787517794955535,
    0.0014743363966097992,
    0.0014809129396906953,
    0.0014764400973413768,
    0.001469283239141609,
    0.0014758201818285363,
    0.001474445978744646,
    0.0014807744900441349,
    0.001469301286568579,
    0.0014700688882155364,
    0.001468048793741603,
    0.0014669991583190162,
    0.0014697363502468063,
    0.0014658594601665543,
    0.001466059551508016,
    0.0014708363887076074,
    0.001468619837491923,
    0.0014681559690877739,
    0.0014684759743148915,
    0.0014741606417387613,
    0.001473498624864589,
    0.0014725948861810598,
    0.0014688293327497187,
    0.0014610341662882865,
    0.0014695371658112225,
    0.0014641298720620098,
    0.0014614825545067197,
    0.0014652724234798873,
    0.0014713364007990905,
    0.0014637252315878868,
    0.0014603401112199277,
    0.0014681818786910856,
    0.0014782512686058377,
    0.0014673136035154822,
    0.0014623468392964607,
    0.0014563057857673713,
    0.0014698789856128032,
    0.0014665932446885645,
    0.0014656898827197847,
    0.0014681578875425157,
    0.0014649387274621132,
    0.0014600342816293017,
    0.0014605086666535348,
    0.0014635347464725318,
    0.0014578379404622964,
