{
  "times": {
    "training": 10459.53240942955,
    "evaluation": 6.4841132164001465
  },
  "metrics": {
    "mean_rank": {
      "avg": 5077.906277522263,
      "best": 5077.903317350034,
      "worst": 5077.909237694491
    },
    "mean_reciprocal_rank": {
      "avg": 0.022807567165843277,
      "best": 0.022807568112220823,
      "worst": 0.02280756622288101
    },
    "hits_at_k": {
      "avg": {
        "1": 0.004452490458949017,
        "3": 0.02191995302867208,
        "5": 0.03968098639788629,
        "10": 0.06857324591447304
      },
      "best": {
        "1": 0.004452490458949017,
        "3": 0.02191995302867208,
        "5": 0.03968098639788629,
        "10": 0.06857324591447304
      },
      "worst": {
        "1": 0.004452490458949017,
        "3": 0.02191995302867208,
        "5": 0.03968098639788629,
        "10": 0.06857324591447304
      }
    },
    "adjusted_mean_rank": 0.7139924401281881
  },
  "losses": [
    0.0062337525867815265,
    0.0062185060528915665,
    0.006208234165667037,
    0.006202962110196084,
    0.006193850066723321,
    0.006184606710079013,
    0.006175574009879534,
    0.0061715614526681286,
    0.006161919082530701,
    0.006154438072106722,
    0.00614667467021934,
    0.006139395247106099,
    0.006131946647649293,
    0.006125752174041778,
    0.006118194569746959,
    0.0061109466546452945,
    0.006105005639939843,
    0.006099103103143945,
    0.006090486635152894,
    0.006085074168331073,
    0.00607828729616535,
    0.006071464791565205,
    0.006066506977728439,
    0.006059083974461514,
    0.006053317173691778,
    0.006046798629352296,
    0.006041587313843566,
    0.006034909895280637,
    0.0060332596457791515,
    0.006024107950458805,
    0.006017600908350098,
    0.006011675864372544,
    0.006007184560358772,
    0.00600003472302376,
    0.005995560271946889,
    0.005989018132346703,
    0.005985079127874666,
    0.0059791835670411336,
    0.005972717337312548,
    0.005969427238736632,
    0.005962754880427517,
    0.0059575785455909845,
    0.0059541815350296024,
    0.005947772107878917,
    0.005943807843630997,
    0.005937535523058378,
    0.0059329135732750235,
    0.00592751388763169,
    0.005923016913414247,
    0.00592117908629804,
    0.005912801462350853,
    0.005909156967268062,
    0.005903228248589982,
    0.005898960637542218,
    0.005896165441939198,
    0.005889866568599135,
    0.005885154056742111,
    0.005892838932452827,
    0.005883583172856395,
    0.005872464186248572,
    0.005868054360492174,
    0.005862628957690358,
    0.0058598957982329055,
    0.0058550643704112495,
    0.005851490855809375,
    0.005845932470852339,
    0.005841486692525619,
    0.005838902456586876,
    0.005834465025731961,
    0.005829549738901499,
    0.005824009966192518,
    0.005821405879593659,
    0.005816583673154175,
    0.005812663288590474,
    0.005810169202027772,
    0.005806758630854333,
    0.005801836339654629,
    0.005796661848392339,
    0.0057939174896043805,
    0.005788772478294328,
    0.0057853442476202555,
    0.005782165325891132,
    0.005781926521425386,
    0.005777559861351203,
    0.005769636839958889,
    0.005765650662839431,
    0.005763120048866171,
    0.005758661888333921,
    0.005755177250543944,
    0.005751307364785415,
    0.005748653466253228,
    0.005745531476369243,
    0.0057414580601420845,
    0.005736785893388055,
    0.005737257143648139,
    0.005728954408840139,
    0.005731131443083963,
    0.005723892872567318,
    0.005719233877027739,
    0.005716767826454348,
    0.005719922166980794,
    0.005708805075015751,
    0.005705196939455698,
    0.0057015696075511805,
    0.005700684953960524,
    0.005695466510560526,
    0.005696162946583838,
    0.005688903626281621,
    0.005686246285091578,
    0.0056816868218144655,
    0.0056773279717157185,
    0.005675239537556149,
    0.005673137350958325,
    0.005668111558513174,
    0.005664806577926766,
    0.005662077422561914,
    0.0056587158551621814,
    0.005655281028667177,
    0.005654007946495552,
    0.005649258549748199,
    0.005645092854586939,
    0.005641974018823568,
    0.00563953126316404,
    0.00563827919186589,
    0.005634240808975358,
    0.005630173984419813,
    0.005626955245827891,
    0.005625800111233736,
    0.005620281559736774,
    0.005617877697557031,
    0.005614491993889263,
    0.005611530382516364,
    0.005610886764448232,
    0.005603798579606392,
    0.005603934087420022,
    0.00559962350698474,
    0.005597069764389547,
    0.005593102145577,
    0.005590745427956982,
    0.005588149541050345,
    0.005583833180294854,
    0.005581060376330921,
    0.005577997975451972,
    0.005576710613240253,
    0.005572465817700447,
    0.005570109664068601,
    0.0055680237753565,
    0.005564646177542515,
    0.005561733764322947,
    0.0055583784991000505,
    0.005556882697456433,
    0.005556709095385645,
    0.005550189705542671,
    0.005548806721003469,
    0.005545523089300426,
    0.005541109949515053,
    0.005538364322950625,
    0.005535349245371286,
    0.005532538391196809,
    0.005530089091742421,
    0.005527684940706257,
    0.005529760766682014,
    0.005523673315814858,
    0.005517865034624681,
    0.005516210683681192,
    0.005512913131013718,
    0.005511151765947685,
    0.005507096316589926,
    0.005506449362788691,
    0.005510203056450762,
    0.005500244281926539,
    0.005495878610347755,
    0.005494358004395782,
    0.005491984591512975,
    0.00548977649387304,
    0.005490182319590024,
    0.0054851707950561894,
    0.005481127943987712,
    0.005479579970086749,
    0.005478508936438601,
    0.005473401386455006,
    0.005470838643987427,
    0.00546893547244189,
    0.00546857212872706,
    0.005465319526268044,
    0.005460279646566531,
    0.005457492850780569,
    0.0054559202822714375,
    0.005453321955565371,
    0.005452074396172603,
    0.005447448437189794,
    0.0054459890352853875,
    0.005441954249535041,
    0.005440361347768105,
    0.005438536729210217,
    0.005437095651016625,
    0.0054342407981043984,
    0.005430576090732404,
    0.005427361486138677,
    0.00542448899511077,
    0.005423358022638097,
    0.005421760600667142,
    0.005420914161663887,
    0.00541542349486569,
    0.005413438550461147,
    0.00541029086895295,
    0.005407530860849708,
    0.005405567790057764,
    0.005405712464674066,
    0.005400502194155306,
    0.005397823402583178,
    0.005395863121090974,
    0.005397465965583189,
    0.005391592981512195,
    0.0053885757593734145,
    0.005392511416302749,
    0.005384267761091113,
    0.005381804526947623,
    0.005381216726153776,
    0.005378967420352545,
    0.005373221293723108,
    0.0053719074556659325,
    0.005372869569058335,
    0.005368005234585503,
    0.0053665660015620445,
    0.005361822546639153,
    0.00535995243622712,
    0.005358973360419636,
    0.005355525980001141,
    0.005353664576455753,
    0.0053523501670693025,
    0.005349023066145419,
    0.005347247381461175,
    0.005344341183282751,
    0.0053416465199280175,
    0.0053401451933068845,
    0.005336677585916981,
    0.005333934925796287,
    0.005331956119191721,
    0.005331145799050717,
    0.005328626581341014,
    0.00532684269090016,
    0.005323044778905624,
    0.005321347886592805,
    0.005318136888714614,
    0.005316617071771563,
    0.005313908896000706,
    0.0053115096574387725,
    0.00531439780448471,
    0.005309840990068857,
    0.0053061120110260195,
    0.005304082659973776,
    0.005300989373800243,
    0.0053000780764763085,
    0.005296481210146823,
    0.005295841796296128,
    0.005292520747313242,
    0.005289238556062164,
    0.0052874086394625805,
    0.005286290243894241,
    0.005282551202434238,
    0.005281315287944973,
    0.0052791224355405115,
    0.005276248324044039,
    0.005276155224183182,
    0.005272948882798173,
    0.0052702752963868366,
    0.005268321432933216,
    0.0052657383910407396,
    0.00526415200817275,
