{
  "times": {
    "training": 86.7145779132843,
    "evaluation": 0.24907231330871582
  },
  "metrics": {
    "mean_rank": {
      "avg": 55.41387337057728,
      "worst": 55.41387337057728,
      "best": 55.41387337057728
    },
    "mean_reciprocal_rank": {
      "avg": 0.03336580927933287,
      "worst": 0.03336580927933287,
      "best": 0.03336580927933287
    },
    "hits_at_k": {
      "avg": {
        "1": 0.0,
        "3": 0.012569832402234637,
        "5": 0.023277467411545624,
        "10": 0.05260707635009311
      },
      "worst": {
        "1": 0.0,
        "3": 0.012569832402234637,
        "5": 0.023277467411545624,
        "10": 0.05260707635009311
      },
      "best": {
        "1": 0.0,
        "3": 0.012569832402234637,
        "5": 0.023277467411545624,
        "10": 0.05260707635009311
      }
    },
    "adjusted_mean_rank": 1.1513553878701737
  },
  "losses": [
    0.8256183184041512,
    0.5919883945461516,
    0.43844910443163987,
    0.3292902078521386,
    0.26159598485807356,
    0.2277011711024836,
    0.1971185744115699,
    0.18236370252145365,
    0.17603332256333212,
    0.17255957130245056,
    0.16357994570714257,
    0.1583713297400805,
    0.15781422779801185,
    0.15372032744719294,
    0.14806481775887004,
    0.14545807243788733,
    0.14116449968031283,
    0.1425224549105663,
    0.13779300668936098,
    0.13269508794675605,
    0.13439751701771321,
    0.1273696833195981,
    0.12452408771836355,
    0.1229098779236556,
    0.11641606140867825,
    0.11599611294236076,
    0.11172754317522049,
    0.10921373331312383,
    0.10746542538763879,
    0.10313296338285176,
    0.09938582295921634,
    0.0991955583196566,
    0.09508797255683034,
    0.09181794919743297,
    0.09031458901527446,
    0.08576866529519192,
    0.08458834101030889,
    0.08201666509781437,
    0.0796229743751024,
    0.07650198838377044,
    0.07301274742861366,
    0.07051358232449056,
    0.06880080748056427,
    0.06653206297353412,
    0.06296772711425462,
    0.060083894854348695,
    0.0580657675115859,
    0.05626000681619966,
    0.05338882633627912,
    0.05168919116328383,
    0.0493074127539211,
    0.04604988807484452,
    0.04363648614005538,
    0.04147229134715563,
    0.03868054159418139,
    0.03720909713903505,
    0.034723224100911436,
    0.03236317571099108,
    0.03001985703821709,
    0.027453854069643922,
    0.025624710075864185,
    0.023518143129301318,
    0.02119171441871017,
    0.0190880394886049,
    0.01707626747190673,
    0.01512136407133736,
    0.013374328822567222,
    0.011401714051616716,
    0.00977771061521428,
    0.008318085395225258,
    0.007050965217636263,
    0.006064200200914835,
    0.005409107028161374,
    0.005035057782512926,
    0.004918434053279236,
    0.004940467739690528,
    0.004971761295697495,
    0.00507545352378016,
    0.005094670956563693,
    0.005105091009920373,
    0.005082962317706159,
    0.005119663439970115,
    0.005122746175245734,
    0.005161450186060665,
    0.005095011756968186,
    0.005131029583206784,
    0.005081175871835219,
    0.005126663189806909,
    0.005115106237933653,
    0.005125607669960414,
    0.005095481680713119,
    0.005097601458531445,
    0.005132822013784493,
    0.005104300299178014,
    0.005093622347514393,
    0.005089987269062061,
    0.005115663231619065,
    0.005129727335256081,
    0.005105103664309456,
    0.005087999224990662,
    0.005110890925896776,
    0.005121490926384116,
    0.005134294171859458,
    0.005104366256960071,
    0.0050966398139076115,
    0.0050804537584942374,
    0.005135005211792468,
    0.0051049240834292456,
    0.005080218963614536,
    0.005123009102084161,
    0.005122831366844615,
    0.00507670060046059,
    0.005130732033928431,
    0.005117704306575661,
    0.005135339748878242,
    0.0051206036537104335,
    0.005103968286604275,
    0.005138059875279079,
    0.005098382226446092,
    0.005092062427111193,
    0.005099792899354623,
    0.005121750474998148,
    0.005117346775065759,
    0.005123461710031001,
    0.005126304151874022,
    0.005114706961284583,
    0.005129788114954386,
    0.005111965878381767,
    0.0050814577211775866,
    0.00506658921339148,
    0.005113804978859168,
    0.005130662399253456,
    0.005117880803975887,
    0.005146270371059632,
    0.00510331808523125,
    0.005118601583990823,
    0.005117984665627504,
    0.0051101138231027105,
    0.005094421537826709,
    0.005140960976927914,
    0.005062039881379584,
    0.005097699151915055,
    0.005102966640019015,
    0.005086634038644058,
    0.005086655906412039,
    0.005101182677674941,
    0.00512684204211033,
    0.005100898690563575,
    0.005110598617051955,
    0.005124993794091911,
    0.005094324406027124,
    0.005119868547198701,
    0.005117185184494889,
    0.005087819365498502,
    0.005128312173163455,
    0.005088910226333426,
    0.005108319909210676,
    0.005122841611828948,
    0.005118934344325898,
    0.005152849076762237,
    0.005119874382789215,
    0.005064514937831529,
    0.005086040725994311,
    0.005166745517047101,
    0.005082633649347845,
    0.0051708532308057395,
    0.005102394042756367,
    0.00511167992834239,
    0.0050976492441869746,
    0.0051297506466612556,
    0.0051420960581446355,
    0.005088911785949928,
    0.005148111467165977,
    0.005082554975262938,
    0.005139425590944787,
    0.0050658167022444335,
    0.005118800548676136,
    0.005112661622562324,
    0.00514429000952745,
    0.0051141227591147975,
    0.00510856811714111,
    0.005072608993437546,
    0.005141462147940467,
    0.005116386788161227,
    0.005151456573364161,
    0.005108423592533205,
    0.005105317148645077,
    0.005079248262140272,
    0.005146385327483831,
    0.005089763920380967,
    0.00512449798123625,
    0.005136614177055127,
    0.005133842808728138,
    0.0051045948901119525,
    0.005100014626941459,
    0.005139394486253237,
    0.005084854206209828,
    0.005090168231229685,
    0.00507232979112671,
    0.005114937443565229,
    0.005105178855962996,
    0.005085970725504898,
    0.005091472310432641,
    0.005069697494200023,
    0.005127611685167538,
    0.005119540854636231,
    0.005089219022988715,
    0.005088620066157915,
    0.005103919714382302,
    0.005132965157977009,
    0.005106004679659277,
    0.005100119140431675,
    0.005140978307550431,
    0.00511854517488123,
    0.005109360343898727,
    0.0050932872274799855,
    0.005096077854040494,
    0.005099663919898287,
    0.005110376013516124,
    0.005067657592988918,
    0.005121193058380669,
    0.005130954275573935,
    0.005078110904066583,
    0.0051237412245267455,
    0.0051304767050428055,
    0.0050931242469014525,
    0.005135069905138446,
    0.005120469598633269,
    0.005105375802782731,
    0.005104483367721742,
    0.00509428426890184,
    0.005145659174487581,
    0.005132957695624076,
    0.005095410518686562,
    0.005104173954980873,
    0.005103722026777429,
    0.005132884196570834,
    0.005104026605012349,
    0.005125847003293618,
    0.005083881132391871,
    0.005156568449499846,
    0.005112836895639614,
    0.005086722198615639,
    0.005149967346274144,
    0.005097852214954598,
    0.005150651427557908,
    0.005090623912192211,
    0.005103755375625014,
    0.00511901954682509,
    0.005098032197838279
  ]
}