{
  "times": {
    "training": 34.39299559593201,
    "evaluation": 0.2774360179901123
  },
  "metrics": {
    "mean_rank": {
      "worst": 30.990689013035382,
      "best": 30.990689013035382,
      "avg": 30.990689013035382
    },
    "mean_reciprocal_rank": {
      "worst": 0.08002592514218201,
      "best": 0.08002592514218201,
      "avg": 0.08002592514218201
    },
    "hits_at_k": {
      "worst": {
        "1": 0.0023277467411545625,
        "3": 0.0633147113594041,
        "5": 0.10288640595903166,
        "10": 0.21508379888268156
      },
      "best": {
        "1": 0.0023277467411545625,
        "3": 0.0633147113594041,
        "5": 0.10288640595903166,
        "10": 0.21508379888268156
      },
      "avg": {
        "1": 0.0023277467411545625,
        "3": 0.0633147113594041,
        "5": 0.10288640595903166,
        "10": 0.21508379888268156
      }
    },
    "adjusted_mean_rank": 0.651063536906882
  },
  "losses": [
    0.0008603952171103427,
    0.0007953495388247333,
    0.0007865133840323836,
    0.0007835988841990595,
    0.0007768742488713713,
    0.0007694538620941875,
    0.0007650753137996876,
    0.0007572529882704316,
    0.00075166003117994,
    0.0007520098180734525,
    0.0007439626473437195,
    0.0007414981709598013,
    0.0007406258084378417,
    0.0007354235651535067,
    0.0007298470834846889,
    0.0007299224373511198,
    0.0007279673034337373,
    0.0007279974421130051,
    0.0007241389092748302,
    0.0007169760637924895,
    0.0007139784998005138,
    0.0007168341592360065,
    0.0007133343250944531,
    0.0007111885727704665,
    0.0007094867459110708,
    0.0007090262110334589,
    0.0007067457400593199,
    0.0007028045251859653,
    0.0007028532958307727,
    0.0006962936584407088,
    0.0006975619637397989,
    0.0006963219581852303,
    0.0006951873233159171,
    0.0006922928113523427,
    0.0006919573444394475,
    0.0006864581393853245,
    0.0006883219766715633,
    0.0006880029383109405,
    0.000687331507669496,
    0.0006841728662274659,
    0.0006850289352913097,
    0.0006830114176493555,
    0.0006813333254547921,
    0.000682983012586532,
    0.0006813582081442545,
    0.0006803785422634909,
    0.0006800859911800702,
    0.0006811392354040615,
    0.000682150334662379,
    0.0006803433582310214,
    0.0006840815751103694,
    0.0006835476791429901,
    0.0006796031155887618,
    0.0006793834105830985,
    0.0006805741900325598,
    0.0006797129366615243,
    0.0006780740311463038,
    0.0006817353397493111,
    0.0006769983254509822,
    0.0006791524318322019,
    0.0006777547121206778,
    0.0006813895444745774,
    0.000679829399955562,
    0.0006780719120979592,
    0.0006764653552921303,
    0.0006797082238053696,
    0.0006776858102408932,
    0.0006796227312603245,
    0.0006754333693743669,
    0.0006772106686522087,
    0.0006767188338369854,
    0.0006754718011806461,
    0.0006759360817505313,
    0.0006754596206503482,
    0.0006756142389454948,
    0.0006775354766361349,
    0.000675820950098896,
    0.0006758904066918304,
    0.0006754326122956843,
    0.0006756812109087542,
    0.0006796167104721704,
    0.0006731770940394074,
    0.0006750107926463784,
    0.0006758471401689531,
    0.0006736298557646603,
    0.0006737605794876055,
    0.000673756569121066,
    0.0006748566441480545,
    0.0006736286548051769,
    0.000674235073727147,
    0.0006727973046635932,
    0.000674561914464579,
    0.000677020314919871,
    0.0006734871935780899,
    0.0006748285145118894,
    0.0006731546458017903,
    0.0006733186633418197,
    0.0006753300388865813,
    0.0006739503332916063,
    0.0006760838190661584,
    0.0006750864310376457,
    0.0006726578494468831,
    0.0006764378049066252,
    0.0006743499407045159,
    0.0006725146424724479,
    0.0006716939791057715,
    0.0006741589385202257,
    0.0006742354183550979,
    0.0006739904882376402,
    0.000671554716880714,
    0.0006733234318898513,
    0.0006767363856006756,
    0.0006708344510801097,
    0.0006730393889812833,
    0.0006719959956026416,
    0.0006751519445354166,
    0.0006738852085341639,
    0.0006720950041802202,
    0.0006726283989207076,
    0.000673834712543983,
    0.0006737162459965921,
    0.0006710684509774754,
    0.0006732242639563082,
    0.0006723843229291635,
    0.0006725882908440752,
    0.0006715347157772509,
    0.0006719003511452689,
    0.0006735485748488781,
    0.0006708513588030851,
    0.0006747789363348675,
    0.0006751926106336273,
    0.000671257719269619,
    0.0006732109309901423,
    0.0006721735402032988,
    0.0006712246245096392,
    0.0006723855211316234,
    0.0006737752832459091,
    0.0006706622109928733,
    0.0006731444646650126,
    0.0006716393376548944,
    0.0006707406124731998,
    0.0006722765023527307,
    0.0006731939102291991,
    0.0006733937007019406,
    0.0006741113318907855,
    0.0006709250193056163,
    0.0006713264469055116,
    0.0006715057124403046,
    0.000669031094069344,
    0.0006722503194509349,
    0.0006715685858122691,
    0.0006729362619618399,
    0.0006702504624751032,
    0.0006732951508930902,
    0.0006734279914587612,
    0.0006729993217086002,
    0.0006732312441886777,
    0.0006707466740653033,
    0.0006712446713796941,
    0.0006740912894319683,
    0.0006705530808302268,
    0.0006705647099558033,
    0.000671530815140251,
    0.0006726310798504636,
    0.0006709570663966252,
    0.0006721282676700448,
    0.0006731217010238948,
    0.0006710054256935103,
    0.0006681277252327874,
    0.000673222457830143,
    0.0006730103288496508,
    0.0006718002926931006,
    0.0006704371049779629,
    0.0006690063591563469,
    0.000672711355004034,
    0.0006694384591952804,
    0.0006716163027226537,
    0.000670784899094812,
    0.00067113059677091,
    0.000670750565328423,
    0.0006710520403458565,
    0.0006703745177850489,
    0.0006718186164234007,
    0.0006725203004362951,
    0.0006721281160337463,
    0.0006724132827051368,
    0.0006701480861931881,
    0.0006720446151625552,
    0.0006709998322440154,
    0.0006734621984020643,
    0.0006702469894524648,
    0.0006684510311902522,
    0.0006713451224320241,
    0.0006702654758471579,
    0.0006717074559885697,
    0.0006672216379709537,
    0.0006696914751115743,
    0.0006714605540478279,
    0.0006703623344977273,
    0.0006723265467424446,
    0.0006713341059170932
  ]
}