{
  "times": {
    "training": 203.38992834091187,
    "evaluation": 0.09677577018737793
  },
  "metrics": {
    "mean_rank": {
      "best": 5.468342644320298,
      "avg": 5.468342644320298,
      "worst": 5.468342644320298
    },
    "mean_reciprocal_rank": {
      "best": 0.4483156634736606,
      "avg": 0.4483156634736606,
      "worst": 0.4483156634736606
    },
    "hits_at_k": {
      "best": {
        "1": 0.26955307262569833,
        "3": 0.5274674115456238,
        "5": 0.6671322160148976,
        "10": 0.8580074487895717
      },
      "avg": {
        "1": 0.26955307262569833,
        "3": 0.5274674115456238,
        "5": 0.6671322160148976,
        "10": 0.8580074487895717
      },
      "worst": {
        "1": 0.26955307262569833,
        "3": 0.5274674115456238,
        "5": 0.6671322160148976,
        "10": 0.8580074487895717
      }
    },
    "adjusted_mean_rank": 0.11389377235835574
  },
  "losses": [
    0.06731135155377763,
    0.06555558925264338,
    0.04394978455055072,
    0.02132312844643432,
    0.018303710060396446,
    0.01825894953941138,
    0.018179566728488337,
    0.018121406184823326,
    0.01805329267005349,
    0.01797410901566123,
    0.017872041781966604,
    0.017649507784888094,
    0.017440121551131487,
    0.016992497631114968,
    0.016721680411573653,
    0.01647155023134603,
    0.016319792438647274,
    0.016297962656070232,
    0.016238268074136548,
    0.016063427671176217,
    0.01615373498659009,
    0.01606979149948345,
    0.01602343779601408,
    0.015870790007743944,
    0.015833566404795378,
    0.015734345683555924,
    0.01551023895820875,
    0.015320906645796273,
    0.015232261981856957,
    0.014866814156819818,
    0.014646709230397077,
    0.014481092381120175,
    0.014379213365276209,
    0.014285718903559425,
    0.014185837047934979,
    0.01408458339252722,
    0.01397923074578971,
    0.014030604173293274,
    0.013907806285088429,
    0.01383288839504067,
    0.013720891532603275,
    0.013694474285238244,
    0.013642555402682515,
    0.013622253254223405,
    0.013494329924663801,
    0.013485894221045104,
    0.013441737043612012,
    0.013378987737585989,
    0.013315418588646342,
    0.013346969411614236,
    0.013200562642643068,
    0.013213765629556742,
    0.013134450278478616,
    0.013135122170162558,
    0.013043716703349731,
    0.012944214827335728,
    0.012947062037410808,
    0.013017676896258686,
    0.01288303868210271,
    0.012810334912065263,
    0.012794002737110474,
    0.012680201215690442,
    0.012694158399484578,
    0.012753179554970523,
    0.012656419757711753,
    0.012638824681440989,
    0.012558256502678332,
    0.012486630206585823,
    0.01254235367091854,
    0.012544028809789415,
    0.012358732535486364,
    0.012402425446871961,
    0.012369056877571992,
    0.012299107617876504,
    0.012281501826163981,
    0.01224624046058244,
    0.012226213313890308,
    0.012223062904251649,
    0.012105284823795383,
    0.012166363623146707,
    0.012105557383892688,
    0.01211625285976835,
    0.012136246395133408,
    0.012079353064075392,
    0.012114077959949157,
    0.011995748313290349,
    0.012012182731418575,
    0.012036162704117736,
    0.012002376693018367,
    0.012107844921421916,
    0.012027074879363235,
    0.011900543943326571,
    0.01199920190854019,
    0.011919810614559087,
    0.011996855184938131,
    0.011906641880782802,
    0.011933972800938825,
    0.011956314217954985,
    0.011929125305307046,
    0.01188760284292564,
    0.011939602719152466,
    0.01185403552171443,
    0.011894001845228538,
    0.011838242355803871,
    0.011798183109318272,
    0.011838548206323095,
    0.011834910830085197,
    0.011875380179408784,
    0.011835668124398043,
    0.01173331481073233,
    0.0117383465896385,
    0.011736201282855723,
    0.011838463445504507,
    0.011717080288611995,
    0.011691197613428595,
    0.011702961382571231,
    0.011733716025892715,
    0.011721318762065766,
    0.011758915145187343,
    0.011740875824560387,
    0.011723762078120021,
    0.011675179213955162,
    0.01158648580033681,
    0.011702205929974938,
    0.011553237654185027,
    0.011604560392626216,
    0.011587915711858299,
    0.011499244901124904,
    0.011574689759297317,
    0.011507920251133737,
    0.011507596025306188,
    0.011526337514321009,
    0.011523936669366637,
    0.011512182471569111,
    0.011439963505509194,
    0.01146039485317491,
    0.011482992519934973,
    0.011414594208814677,
    0.011430010450689981,
    0.01148404734913776,
    0.01137181596084034,
    0.011456922575663985,
    0.011460945707805148,
    0.011431486977173595,
    0.01138320771719186,
    0.011369243543246265,
    0.011412694338667258,
    0.011449999730573611,
    0.011403169092279248,
    0.011431302512518029,
    0.01130773237302955,
    0.011420951744590358,
    0.011285318626781529,
    0.011393659388862746,
    0.011290370427379001,
    0.0113435024849038,
    0.011387733651904132,
    0.011351285313957193,
    0.011273641069506884,
    0.01133669459362155,
    0.011247005746159213,
    0.011262380870317251,
    0.011310654884197292,
    0.011255666376388028,
    0.011272180197613963,
    0.011313669704431005,
    0.011316500771581457,
    0.01125635424356782,
    0.01125856607538484,
    0.011280424571997218,
    0.011260425553339698,
    0.011217798214503442,
    0.01128355133232106,
    0.011182519715377008,
    0.011315298228339757,
    0.011228693809625361,
    0.011228662430681985,
    0.011154992136169462,
    0.011148218609643787,
    0.011238383136215281,
    0.011216365582264317,
    0.01120523614494988,
    0.011155950958920776,
    0.011196480610509044,
    0.011159075821718474,
    0.011201617674211437,
    0.01113843581593885,
    0.011211717968688029,
    0.011140990500034911,
    0.011156494167636843,
    0.01116776354750444,
    0.011084936587105083,
    0.011068100800340095,
    0.011148472585146793,
    0.011136185698741384,
    0.011125682724102606,
    0.01110801413264614,
    0.011066030822554777,
    0.01101210791519965,
    0.011079464651895373,
    0.010999937503413762,
    0.011131254056196534,
    0.011084593874350023,
    0.011097585496384553,
    0.010976023441843325,
    0.011040913478265541,
    0.011042862125996793,
    0.011023265759596664,
    0.01105961991885628,
    0.010949393127406582,
    0.010979041331604626,
    0.01104072429769941,
    0.010986639668097656,
    0.01097418192062485,
    0.01092856250396382,
    0.010970989890982595,
    0.010943543765875283,
    0.010936888053399346,
    0.01090601785631662,
    0.010957024154368411,
    0.011003352617949581,
    0.010984232558516528,
    0.010869513457634029,
    0.010835501347923101,
    0.010898065449816457,
    0.010910605097866236,
    0.010865851818175797,
    0.010906490814708146,
    0.01091697138179554,
    0.010886321088459609,
    0.010909956074162815,
    0.010937013652887238,
    0.01083575299337562,
    0.010901580616999208,
    0.01088210731075051,
    0.010874459052577001,
    0.010878325722525629,
    0.01087089174528247,
    0.010830793599510908,
    0.010889477609248643,
    0.010769873969117353,
    0.010817728825053026,
    0.010823036791680011,
    0.01090550570563877,
    0.010860041816359602,
    0.01084997034753753,
    0.01084016337432665,
    0.010828465739551109,
    0.01081216476215852,
    0.01082259878404578,
    0.010917484076616916,
    0.010826156589757191,
    0.010833430993423033,
    0.010711100859365214,
    0.010753452512766985,
    0.010718567178267219,
    0.010766523314660855,
    0.010744028728218113,
    0.010757394218712711,
    0.010784636806236224,
    0.010772046971410402,
    0.01077443239896485,
    0.01076625913995482,
    0.010814121502280682,
    0.010785728386055665,
    0.010722727169481557,
    0.01076300712895304,
    0.01076244848888465,
    0.010715498278538385,
    0.010748901170737735,
    0.010694076757082779,
    0.010695741278178683,
    0.010659490882903895,
    0.010735213017084178,
