{
  "times": {
    "training": 183.3497235774994,
    "evaluation": 8.287357568740845
  },
  "metrics": {
    "mean_rank": {
      "worst": 3.4920856610800746,
      "best": 3.4920856610800746,
      "avg": 3.4920856610800746
    },
    "mean_reciprocal_rank": {
      "worst": 0.6180690004375952,
      "best": 0.6180690004375952,
      "avg": 0.6180690004375952
    },
    "hits_at_k": {
      "worst": {
        "1": 0.43482309124767227,
        "3": 0.7648975791433892,
        "5": 0.8780260707635009,
        "10": 0.9553072625698324
      },
      "best": {
        "1": 0.43482309124767227,
        "3": 0.7648975791433892,
        "5": 0.8780260707635009,
        "10": 0.9553072625698324
      },
      "avg": {
        "1": 0.43482309124767227,
        "3": 0.7648975791433892,
        "5": 0.8780260707635009,
        "10": 0.9553072625698324
      }
    },
    "adjusted_mean_rank": 0.0722639069960104
  },
  "losses": [
    0.001499898956681653,
    0.0005560231551113321,
    0.00043878344793585084,
    0.00044767661797640376,
    0.00045396588729499287,
    0.0004457552592524274,
    0.00042654648026183484,
    0.00041500986716392973,
    0.00040606887048345267,
    0.0004006319934620245,
    0.00039597328525100536,
    0.0003847967085575761,
    0.0003826551584889721,
    0.00037874674006564295,
    0.0003797748937205918,
    0.0003796277524734687,
    0.00037793231088074794,
    0.00037498271027706725,
    0.0003738428640817311,
    0.0003670390415219882,
    0.0003668635801283688,
    0.00036426844012462013,
    0.0003610488364793903,
    0.00035978434634956826,
    0.0003572255461225854,
    0.0003616231178799771,
    0.000355384348411402,
    0.0003619024551006518,
    0.00035630562659761056,
    0.0003563016829510424,
    0.00035402357860596806,
    0.0003578476276956697,
    0.0003538755727562416,
    0.0003458397797115319,
    0.0003454641363478187,
    0.0003472245995852988,
    0.0003495573415214173,
    0.00034742666074268346,
    0.00034660065646987474,
    0.0003430276509217781,
    0.0003479581531368818,
    0.00034594122053533706,
    0.0003496826206741423,
    0.00034311839008274833,
    0.00034143645570008555,
    0.000342762561999107,
    0.0003444909378930335,
    0.000337552113812516,
    0.0003377469317174791,
    0.00033608430091130656,
    0.00033945018120105626,
    0.0003354907424016561,
    0.000338266125580769,
    0.00033395866658858395,
    0.0003381513451739413,
    0.00033578596007831,
    0.0003294405709927854,
    0.0003326210646039286,
    0.0003298259631919748,
    0.0003328739167530202,
    0.0003278089070757724,
    0.00032836058529401544,
    0.00032818741774403746,
    0.000323582253137095,
    0.00032533197942183806,
    0.000329198473441382,
    0.00032051304623246406,
    0.00032117058533475974,
    0.00032409872085544184,
    0.000319731471946495,
    0.0003249600944327066,
    0.00031382707430103817,
    0.000314077773766097,
    0.0003135930493147575,
    0.00031434867670015164,
    0.0003102588152447842,
    0.0003086513866680906,
    0.0003066997756754738,
    0.0003107585114371219,
    0.00030668004862015736,
    0.00029724198043381693,
    0.0003031393156876008,
    0.000300710708732221,
    0.00029894080985714655,
    0.0002964274674354043,
    0.0002907824682158927,
    0.00029496038238842716,
    0.00029360663968476406,
    0.00029107741680704254,
    0.00028402353441171773,
    0.00028584644313109847,
    0.0002802417361573964,
    0.0002776281218898586,
    0.000281767340684657,
    0.00027541921222047595,
    0.0002731018213918041,
    0.0002743320053254732,
    0.0002667750962532929,
    0.00026694651254187537,
    0.00026348943873366496,
    0.0002639931623860885,
    0.0002651581658704384,
    0.0002610381359599482,
    0.0002570861697973338,
    0.0002579115300294279,
    0.00025567588825914687,
    0.0002554608007166215,
    0.00025634725659185787,
    0.0002540848077296364,
    0.0002554105920083005,
    0.00025199967739213635,
    0.0002480017328982243,
    0.00024973684916346645,
    0.00024514011002066855,
    0.0002465619754692448,
    0.00024756213982053026,
    0.0002469376408891469,
    0.0002451624176500816,
    0.00024320486030894812,
    0.00024488948554665185,
    0.00024270459506693784,
    0.00024418977060001795,
    0.00024121859022115658,
    0.0002421342396679681,
    0.00023961505676741568,
    0.00023903159116978756,
    0.00023495989960280306,
    0.00024005557620504186,
    0.0002384436702220097,
    0.0002379820341891689,
    0.00023465888114847892,
    0.0002362053023067856,
    0.00023412772841958904,
    0.00023301766249045173,
    0.0002311921599632611,
    0.00023353439488306492,
    0.00023469537972980453,
    0.0002304784040467989,
    0.00023114222034044418,
    0.0002345425171072911,
    0.00023247383186420512,
    0.00022885235563546965,
    0.00023294063345647692,
    0.00022687974273982028,
    0.0002281913404778096,
    0.00023134584307600014,
    0.00022707736178076852,
    0.00022738620577090023,
    0.00022932938247689698,
    0.00022902223681330752,
    0.00022980686367581483,
    0.00022615237374359366,
    0.00022389101445710187,
    0.00022255033783971946,
    0.00022446988795620933,
    0.00022354490433027223,
    0.00022535018574351598,
    0.0002213052218661921,
    0.00022396208832008448,
    0.00022295127965205516,
    0.00021976620276486684,
    0.00022149782532979357,
    0.0002181818714291475,
    0.0002193072531758292,
    0.0002213655146640599,
    0.00021976828486909523,
    0.00021919426814277472,
    0.0002180683041127071,
    0.00022064373029485266,
    0.00021838788505557587,
    0.00021757112232589947,
    0.00021724020450195666,
    0.0002174766689027252,
    0.0002178715629080755,
    0.00021664760764214045,
    0.00021667090338881444,
    0.00021419736356548898,
    0.00021475500136596202,
    0.0002169625920752508,
    0.0002163077614729471,
    0.00021491121652918217,
    0.0002168557695413638,
    0.00021197947702724035,
    0.00021429159642677464,
    0.0002132906115852636,
    0.0002144719101819433,
    0.00021215597065049843,
    0.00021035015988872204,
    0.00021375876301629363,
    0.00021225811727234708,
    0.0002141650733049979,
    0.0002107565187010418,
    0.00020863848494100034,
    0.00020884934210650238,
    0.0002127419506536566,
    0.00021119859530560148,
    0.0002109347591744576,
    0.00021045817786804525,
    0.00021064487909550777,
    0.00020883653628325026,
    0.0002119346632627145,
    0.00021045468416772982,
    0.00020711144235022609,
    0.0002072806177300204,
    0.00021013551346997384,
    0.000209124347491685,
    0.00020716731949908413,
    0.0002115278280367154,
    0.0002070209943309488,
    0.00020714594705207874,
    0.00020598892790809617,
    0.00020649135024537697,
    0.00020824976666853088,
    0.00020800778380930952,
    0.00020718333229219652,
    0.0002053946106655489,
    0.00020895219011515679,
    0.0002084249148642685,
    0.00020657972057166362,
    0.0002058360873417716,
    0.00020473367932140652,
    0.0002053685931851696,
    0.00020309259741175026,
    0.00020487940014996708,
    0.0002063003392386112,
    0.00020523306672710014,
    0.0002054417491523806,
    0.00020299244466937457,
    0.00020647414641806612,
    0.00020545953526307734,
    0.00020022780726547423,
    0.0002019551024061466,
    0.00020308684956893332,
    0.00020443074197865153,
    0.000206026370494305,
    0.00020113106554538418,
    0.00020293764827377067,
    0.00020229035206558157,
    0.0002002005458160432,
    0.0002005905212912777,
    0.00019919798616264755,
    0.00020153652446519842,
    0.00020050175395359155,
    0.00020285163795969203,
    0.00020086928505104205,
    0.00019908581279734312,
    0.00020018074818092243,
    0.00020127705545944883,
    0.00020021451620606717,
    0.00019831502398772661,
    0.00020181136663458346,
    0.00019786046358027213,
    0.000203662855763489,
    0.00019943702672627496,
    0.0001989692723066444,
    0.00019959725611586764,
