{
  "times": {
    "training": 7843.94165968895,
    "evaluation": 4.033504247665405
  },
  "metrics": {
    "mean_rank": {
      "best": 9256.45160738714,
      "avg": 9256.451778385774,
      "worst": 9256.451949384405
    },
    "mean_reciprocal_rank": {
      "best": 0.1927779920383715,
      "avg": 0.1927779920371554,
      "worst": 0.19277799203593948
    },
    "hits_at_k": {
      "best": {
        "1": 0.08190834473324213,
        "3": 0.28761969904240764,
        "5": 0.35772913816689467,
        "10": 0.3874829001367989
      },
      "avg": {
        "1": 0.08190834473324213,
        "3": 0.28761969904240764,
        "5": 0.35772913816689467,
        "10": 0.3874829001367989
      },
      "worst": {
        "1": 0.08190834473324213,
        "3": 0.28761969904240764,
        "5": 0.35772913816689467,
        "10": 0.3874829001367989
      }
    },
    "adjusted_mean_rank": 0.45666950659257044
  },
  "losses": [
    0.06875616820864695,
    0.06867586737601067,
    0.06856659318510236,
    0.06840777261795182,
    0.06816388019428439,
    0.06779534678772996,
    0.06734657530862309,
    0.06690689538738342,
    0.0665158373543366,
    0.06614178783666931,
    0.06576016128402976,
    0.06537745320035734,
    0.0649879542191686,
    0.06459964372034468,
    0.06421298870337733,
    0.06383444330074108,
    0.0634594618598023,
    0.063104749347781,
    0.06276420875349872,
    0.062417706110498454,
    0.06210441802692529,
    0.06178889116996818,
    0.06148835799302394,
    0.06119949131107512,
    0.060916522572391586,
    0.06065526801549881,
    0.06038271589669606,
    0.060121050392770735,
    0.05988097742183596,
    0.05961601260673913,
    0.059373581404649454,
    0.05913187935403532,
    0.05888853241153941,
    0.058639177760154246,
    0.05840710188129333,
    0.05816477356971824,
    0.05791313345790452,
    0.05765430706938142,
    0.05740366505651254,
    0.057119919960380884,
    0.05686194476476157,
    0.05657829288347141,
    0.05629523335984727,
    0.05600781479173973,
    0.055704876100789794,
    0.05541138182226196,
    0.055085640139768396,
    0.05477219465078588,
    0.05444031231499586,
    0.054104622840716605,
    0.053762643893381305,
    0.05340067152395735,
    0.05304412501610752,
    0.05266724010339472,
    0.05229453748390109,
    0.051916141414461124,
    0.05153485937234397,
    0.05113131936407669,
    0.05072440670281623,
    0.050306276498889996,
    0.049896079210198015,
    0.04946108237788379,
    0.0490343665928395,
    0.04860134100868698,
    0.04814238789072375,
    0.047695329022227693,
    0.047250990168297514,
    0.0467885588572736,
    0.04632163399508383,
    0.04585744388336728,
    0.045372159104757157,
    0.04488528378991229,
    0.044402052667424176,
    0.043922946821972654,
    0.04340443308025182,
    0.042913103224446324,
    0.0424087728635562,
    0.04190374690029654,
    0.04138850325876933,
    0.040863959812751434,
    0.04033459483660818,
    0.039812906675129524,
    0.03927809619228134,
    0.03875713739918463,
    0.03822900343828129,
    0.03768427630756339,
    0.037163777564716456,
    0.03663205602951959,
    0.03608799304974239,
    0.03555432973133438,
    0.03500892745746317,
    0.03450249582674931,
    0.03396352327926354,
    0.03342566280680191,
    0.032899760223872344,
    0.032375666100846925,
    0.03185260744095398,
    0.0313419580638062,
    0.03081882091125086,
    0.030302221725495935,
    0.029790037259156615,
    0.029296347686799208,
    0.02878346843080295,
    0.028288603564813882,
    0.027797614517020817,
    0.027308443400254005,
    0.02683347072283921,
    0.026335941555655572,
    0.025877422439953876,
    0.02540450696192333,
    0.02493745578744563,
    0.02448279750143273,
    0.024029618562410728,
    0.023577313632649886,
    0.0231324254481459,
    0.022703540310750128,
    0.02226837409924382,
    0.021856001870801167,
    0.021423459622762073,
    0.021006577787961053,
    0.020594567698491165,
    0.020196630898868438,
    0.019790946146144132,
    0.01940403205781305,
    0.01901830115960506,
    0.018638325943575902,
    0.018270677218626918,
    0.017900855220537245,
    0.017535469453350046,
    0.017172008677660687,
    0.016824742532348898,
    0.01648545027767609,
    0.01613732237488301,
    0.015802507060875704,
    0.015479733128206384,
    0.015154511850856435,
    0.014833770344251452,
    0.014512762825277766,
    0.014207817432951377,
    0.013894831983236038,
    0.013605571237260857,
    0.01331516094018863,
    0.013028572301979392,
    0.012735952263347375,
    0.012464651902489226,
    0.012192339347201925,
    0.011917662883440488,
    0.011658649247716922,
    0.011398459827576632,
    0.011137842805286608,
    0.010887774457693745,
    0.010651114497042254,
    0.01041045470813495,
    0.010177705266242709,
    0.00993622210302137,
    0.009707387375929074,
    0.009481356891042974,
    0.009275261461889214,
    0.009060372428764448,
    0.00885591819344417,
    0.008645652430439308,
    0.008449882637509247,
    0.008251965001998544,
    0.008056445772690279,
    0.007866603897980693,
    0.00768466490795076,
    0.007505620007427916,
    0.007329216902687216,
    0.007153198038377848,
    0.0069795220872380746,
    0.006823189362429678,
    0.006656573402481444,
    0.006502043926332146,
    0.006346360304925755,
    0.00619428175378561,
    0.006046680048929222,
    0.0059058437417014355,
    0.005761661532526911,
    0.005626984467680483,
    0.0054955467858888085,
    0.005360680388176991,
    0.005230903175887978,
    0.005110576267329469,
    0.004983912815823623,
    0.004868157378968409,
    0.0047456044747695315,
    0.0046358750807145525,
    0.0045311826170297345,
    0.004416018174796577,
    0.004312956585073853,
    0.00420451732989989,
    0.004112833438364686,
    0.004019351496888393,
    0.003925105774588636,
    0.003825281730050723,
    0.0037398137073686526,
    0.0036524007975173105,
    0.003565299207389804,
    0.003488400156011838,
    0.003404480425840751,
    0.0033244819972856527,
    0.003249281379179461,
    0.0031737295822233174,
    0.0031047370028892537,
    0.0030307111650638412,
    0.0029588441102933187,
    0.0028991996052763914,
    0.002829138006668137,
    0.0027697505765836555,
    0.002709160069199007,
    0.0026487026686439685,
    0.0025855579459860088,
    0.002535549481448961,
    0.0024750660395981934,
    0.0024246273986064703,
    0.0023712230950856503,
    0.002320167160771387,
    0.002269275361027352,
    0.0022217091032004474,
    0.002175977538683161,
    0.0021311254856252447,
    0.002085471536020146,
    0.002046922782343026,
    0.002005216829972529,
    0.0019608006217651723,
    0.0019217450552024584,
    0.001885660160351151,
    0.0018479359933644534,
    0.0018070625836792103,
    0.001771642743387995,
    0.0017354055611060514,
    0.0017091397744541088,
    0.0016692830062083454,
    0.0016404014541302869,
    0.0016101919067827827,
    0.0015765043842248185,
    0.0015472491257046694,
    0.0015240432558666069,
    0.0014906948629991718,
    0.0014702040148898852,
    0.0014403643007293407,
    0.0014114256244016146,
    0.0013895346797205194,
    0.001362498827493547,
    0.0013438404983530227,
    0.0013177096930808091,
    0.001294612744536199,
    0.0012717162342847728,
    0.001252481115103221,
    0.0012301044545159506,
    0.0012100082154875833,
    0.0011896793687924303,
    0.001169441493870839,
    0.0011515200655475596,
    0.001132270540494461,
    0.0011148340856362454,
    0.0010989012360219312,
    0.001078511374961968,
    0.0010622430806206786,
    0.0010473113549289675,
    0.0010306004885496812,
    0.0010156167987584999,
    0.0010024368698189775,
    0.0009851094699330834,
    0.0009727422925137125,
    0.0009593739986793773,
    0.0009409943415452527,
    0.0009271687478309277,
    0.0009162080406253735,
    0.0009023246705264374,
    0.0008904735111727604,
    0.0008772429469000074,
    0.0008660337202954101,
