{
  "times": {
    "training": 46759.186623096466,
    "evaluation": 2.050788164138794
  },
  "metrics": {
    "mean_rank": {
      "worst": 1340.281976744186,
      "best": 1340.27975376197,
      "avg": 1340.280865253078
    },
    "mean_reciprocal_rank": {
      "worst": 0.22529454579920047,
      "best": 0.22529454582232292,
      "avg": 0.2252945458107606
    },
    "hits_at_k": {
      "worst": {
        "1": 0.04240766073871409,
        "3": 0.3496922024623803,
        "5": 0.4582763337893297,
        "10": 0.563953488372093
      },
      "best": {
        "1": 0.04240766073871409,
        "3": 0.3496922024623803,
        "5": 0.4582763337893297,
        "10": 0.563953488372093
      },
      "avg": {
        "1": 0.04240766073871409,
        "3": 0.3496922024623803,
        "5": 0.4582763337893297,
        "10": 0.563953488372093
      }
    },
    "adjusted_mean_rank": 0.06613413393689518
  },
  "losses": [
    2.4034780460786683e-06,
    2.223034941605231e-06,
    2.1106680632913004e-06,
    2.0117296892818173e-06,
    1.921631033143821e-06,
    1.8379657364435346e-06,
    1.7563431094876966e-06,
    1.6760549233596851e-06,
    1.593156186416621e-06,
    1.5054255111359074e-06,
    1.4117190260337608e-06,
    1.3143801621829107e-06,
    1.2237036353160862e-06,
    1.1548608555983203e-06,
    1.112456307628098e-06,
    1.0823857418162294e-06,
    1.0614573587944013e-06,
    1.0462658270706517e-06,
    1.0320080389923895e-06,
    1.0200562297297758e-06,
    1.0109574518360813e-06,
    1.0014458288213135e-06,
    9.941679551387072e-07,
    9.86415470574509e-07,
    9.806334282746226e-07,
    9.750560752791602e-07,
    9.711390513737802e-07,
    9.657837389286274e-07,
    9.617029958371637e-07,
    9.583046651760339e-07,
    9.554772865107246e-07,
    9.522920086453107e-07,
    9.490067309021006e-07,
    9.464406274724422e-07,
    9.444744479247167e-07,
    9.422844042023335e-07,
    9.408186624697846e-07,
    9.380848804824827e-07,
    9.371921284781719e-07,
    9.351684016326807e-07,
    9.335870207315885e-07,
    9.326282776855861e-07,
    9.321056757773854e-07,
    9.303962099200229e-07,
    9.285733184424946e-07,
    9.274569637051409e-07,
    9.26647770530372e-07,
    9.258227223049012e-07,
    9.241968850121249e-07,
    9.24872754056471e-07,
    9.225890342469629e-07,
    9.223250650410674e-07,
    9.220174681847181e-07,
    9.214002220922995e-07,
    9.204920540917267e-07,
    9.19780628948231e-07,
    9.190424164843206e-07,
    9.182730837079871e-07,
    9.181317720483556e-07,
    9.167540672572447e-07,
    9.172070312353095e-07,
    9.169622558655765e-07,
    9.156810077723449e-07,
    9.156956460996306e-07,
    9.146823645552517e-07,
    9.142275021698789e-07,
    9.142269205348855e-07,
    9.136568251031412e-07,
    9.137033952315434e-07,
    9.141806324527323e-07,
    9.131847593463774e-07,
    9.121891576368827e-07,
    9.127163906277163e-07,
    9.118809312452572e-07,
    9.115186166785409e-07,
    9.116406876297621e-07,
    9.109018290546086e-07,
    9.110012991297085e-07,
    9.107953819955753e-07,
    9.100419349352628e-07,
    9.100513443423868e-07,
    9.113122610479186e-07,
    9.099022097577741e-07,
    9.095827222526254e-07,
    9.091848620735958e-07,
    9.104513199319864e-07,
    9.085960236166321e-07,
    9.085716910901534e-07,
    9.08766411802285e-07,
    9.08437167708517e-07,
    9.086971114235043e-07,
    9.080484405445552e-07,
    9.075382986979529e-07,
    9.080007570454061e-07,
    9.077606089580911e-07,
    9.079549253844557e-07,
    9.071817567765009e-07,
    9.072666865127501e-07,
    9.073528931388256e-07,
    9.066660115721327e-07,
    9.066836348255493e-07,
    9.069428551816854e-07,
    9.068722160991757e-07,
    9.063365561600486e-07,
    9.061969132649039e-07,
    9.067465842585962e-07,
    9.064509590812964e-07,
    9.060138210614202e-07,
    9.055520022176686e-07,
    9.05971073742862e-07,
    9.058332169092459e-07,
    9.063855421752143e-07,
    9.061299404673116e-07,
    9.053239904883169e-07,
    9.054616514768624e-07,
    9.060241638145378e-07,
    9.04719109315928e-07,
    9.057681469342403e-07,
    9.048509996581662e-07,
    9.046156138992925e-07,
    9.052425221241184e-07,
    9.04389465145186e-07,
    9.046443488496849e-07,
    9.048298365022439e-07,
    9.050798738825659e-07,
    9.045228722213428e-07,
    9.047830395032005e-07,
    9.044315385208684e-07,
    9.042021570841837e-07,
    9.038994818138423e-07,
    9.049709598117953e-07,
    9.038003542809002e-07,
    9.039502827414179e-07,
    9.042695201484839e-07,
    9.043336193069362e-07,
    9.033227824255155e-07,
    9.041096337406696e-07,
    9.045358620812441e-07,
    9.037053153136493e-07,
    9.042095472679147e-07,
    9.033539415264918e-07,
    9.034954278334625e-07,
    9.035150969425304e-07,
    9.032850047733738e-07,
    9.039746860705157e-07,
    9.041412102326632e-07,
    9.030007877932959e-07,
    9.034325893271549e-07,
    9.028769005281982e-07,
    9.041015482625657e-07,
    9.029160823312406e-07,
    9.034984777498605e-07,
    9.032814958568988e-07,
    9.029407562488292e-07,
    9.030985935147945e-07,
    9.038002141210616e-07,
    9.023059279716763e-07,
    9.029191368210765e-07,
    9.024722875911025e-07,
    9.038994341947316e-07,
    9.033985465263539e-07,
    9.025300448364708e-07,
    9.023974570207769e-07,
    9.021155522057551e-07,
    9.034970284752505e-07,
    9.023494206420064e-07,
    9.026735201100936e-07,
    9.026770357219764e-07,
    9.022735041108086e-07,
    9.019678233184889e-07,
    9.028869978621106e-07,
    9.02108911551836e-07,
    9.022428462603928e-07,
    9.028319096417604e-07,
    9.027819782165659e-07,
    9.025150402387484e-07,
    9.023254023252152e-07,
    9.024291651320101e-07,
    9.021926817128738e-07,
    9.019386460494256e-07,
    9.019220378136763e-07,
    9.019722570139988e-07,
    9.02253373137224e-07,
    9.023936200117479e-07,
    9.020363615454719e-07,
    9.016595382717525e-07,
    9.026209451674514e-07,
    9.019565857179724e-07,
    9.017157560126652e-07,
    9.01412199167121e-07,
    9.018314136067599e-07,
    9.029675585196853e-07,
    9.014203850851281e-07,
    9.020180837544396e-07,
    9.016955941057696e-07,
    9.012046449179223e-07,
    9.016755985955729e-07,
    9.015190243365675e-07,
    9.018641288892047e-07,
    9.01841260934849e-07,
    9.012527467131111e-07,
    9.024832811343405e-07,
    9.014846245132519e-07,
    9.013438405782799e-07,
    9.01458920434249e-07,
    9.019022183303188e-07,
    9.022711033809721e-07,
    9.014086417089398e-07,
    9.01256721057079e-07,
    9.015435512539304e-07,
    9.013446830442177e-07,
    9.010047753976765e-07,
    9.019351117264262e-07,
    9.013681268915077e-07,
    9.013867149777864e-07,
    9.016103008800503e-07,
    9.01251303290393e-07,
    9.01655188708171e-07,
    9.009799279881897e-07,
    9.018625082270931e-07,
    9.010996120265413e-07,
    9.01387206211595e-07,
    9.012472138196793e-07,
    9.008518211312581e-07,
    9.02671298539528e-07,
    9.034329026098534e-07,
    9.007567146651589e-07,
    9.008272541908212e-07,
    9.00704524295492e-07,
    9.021380751928448e-07,
    9.01135338480764e-07,
    9.008497908059652e-07,
    9.016120163893787e-07,
    9.010486374533017e-07,
    9.016084137899145e-07,
    9.012289372939208e-07,
    9.009015560787451e-07,
    9.013340254927089e-07,
    9.012290989985624e-07,
    9.007518479823733e-07,
    9.011551366433774e-07,
    9.009974271349304e-07,
    9.010626856840747e-07,
    9.017270345105249e-07,
    9.010163031281363e-07,
    9.004974714769793e-07,
    9.007869636959093e-07,
    9.009084396784347e-07,
    9.005615013265386e-07,
    9.007072294950428e-07,
    9.005239845976008e-07,
    9.012975961392899e-07,
    9.007429962666913e-07,
    9.011097244031545e-07,
    9.006955751625057e-07,
    9.003407695439285e-07,
    9.011140956740916e-07,
    9.005702105627131e-07,
    9.007726412433764e-07,
    9.002117088857418e-07,
    9.002886156958659e-07,
