{
  "times": {
    "training": 920.2701890468597,
    "evaluation": 9.859799861907959
  },
  "metrics": {
    "mean_rank": {
      "best": 7119.815172717487,
      "avg": 7119.815246110187,
      "worst": 7119.815319502887
    },
    "mean_reciprocal_rank": {
      "best": 0.000668743280039179,
      "avg": 0.0006687432253661586,
      "worst": 0.0006687431707695815
    },
    "hits_at_k": {
      "best": {
        "1": 7.339269987278599e-05,
        "3": 0.00014678539974557198,
        "5": 0.00029357079949114397,
        "10": 0.0006360700655641452
      },
      "avg": {
        "1": 7.339269987278599e-05,
        "3": 0.00014678539974557198,
        "5": 0.00029357079949114397,
        "10": 0.0006360700655641452
      },
      "worst": {
        "1": 7.339269987278599e-05,
        "3": 0.00014678539974557198,
        "5": 0.00029357079949114397,
        "10": 0.0006360700655641452
      }
    },
    "adjusted_mean_rank": 0.9962943963345918
  },
  "losses": [
    0.008927376148550582,
    0.008911375851115365,
    0.008913444037991441,
    0.008893384255842997,
    0.008892161338465078,
    0.008875640057247888,
    0.008863604886440314,
    0.008860763496673833,
    0.008847337627486239,
    0.00885334876867104,
    0.008830847211931378,
    0.00882429550985665,
    0.008821390776615553,
    0.008818573630430218,
    0.008812650044759115,
    0.008809485722080542,
    0.008799742837507087,
    0.008793526529212215,
    0.008786423845099959,
    0.008775962717930935,
    0.008768710149433437,
    0.008768037159186228,
    0.008748208941351063,
    0.00873999114713225,
    0.008738572123978421,
    0.008720600181164497,
    0.008718464196373382,
    0.008725869106032468,
    0.008705499077891159,
    0.0087055989698567,
    0.008698073306661162,
    0.008693610614482008,
    0.008672963597950046,
    0.00867019631451148,
    0.00867446760243465,
    0.00865336914536332,
    0.008637921422839881,
    0.008636409417184946,
    0.008626818013375656,
    0.008620683537462134,
    0.008614217792769841,
    0.00861583517345251,
    0.008597035486261862,
    0.008598158047304958,
    0.008585844293480143,
    0.008578998461655109,
    0.008572501111814311,
    0.008572287018300023,
    0.008567896758967035,
    0.008547933905582419,
    0.00854974382253071,
    0.008532129522918387,
    0.00850931390885308,
    0.008526379132970434,
    0.008516457792158424,
    0.008508371654516315,
    0.008499234212859209,
    0.008491204502217933,
    0.008484748270962723,
    0.008478100882531037,
    0.008470658735712617,
    0.008461165438237559,
    0.008457896639480088,
    0.00844259440122391,
    0.00843286868429516,
    0.008426996778544199,
    0.008412184351748704,
    0.008417745802978709,
    0.008408252361812023,
    0.00840894640813954,
    0.008390680349594006,
    0.008392478676585977,
    0.008382606180412991,
    0.008376827625153887,
    0.00836674318032699,
    0.00836432444020445,
    0.008355579882996537,
    0.008338342381380575,
    0.00833558905705783,
    0.008335768697876136,
    0.008328281409106584,
    0.008317324502017364,
    0.008318724932876581,
    0.008309318150027094,
    0.008290740394553733,
    0.008289865698061852,
    0.00828622035539687,
    0.008270449006035926,
    0.008251007655125006,
    0.008262878393646313,
    0.008248525539109618,
    0.008239441043436073,
    0.008225312580021517,
    0.008233127203573477,
    0.008221031762890229,
    0.008212136159497703,
    0.00821004239025508,
    0.008197114182121358,
    0.0081852257966912,
    0.008178016584513524,
    0.008191515310612815,
    0.008180356827828021,
    0.008166236690642292,
    0.008162262435215516,
    0.008147740100786087,
    0.00815279926391661,
    0.008135539398100836,
    0.008128604786754774,
    0.00812565808942553,
    0.008114911432975757,
    0.008109448950229742,
    0.008102806756600824,
    0.008089893631707054,
    0.00808526895350396,
    0.008063981065308007,
    0.008074800829253657,
    0.008064293272165875,
    0.008055330697085163,
    0.008057538183355376,
    0.008043886852367793,
    0.008037447796642803,
    0.008023496703894085,
    0.008028974098151034,
    0.008019793405314321,
    0.00801930719928683,
    0.007995588073301496,
    0.007993803537201005,
    0.007981593859922273,
    0.007961629554726526,
    0.007978559631612049,
    0.007970065050521325,
    0.007959668796617041,
    0.007950954092220722,
    0.007936982096721177,
    0.007932533138482554,
    0.007930943301907602,
    0.007921512514670957,
    0.007915227276451402,
    0.007909760264790646,
    0.007899522232014448,
    0.007888842855664158,
    0.007885374896807544,
    0.007886503527945695,
    0.00787390872819411,
    0.00786250651024003,
    0.007864621112140004,
    0.007845419496689375,
    0.007843036186190646,
    0.00782723385200846,
    0.007829912941206527
  ]
}