{
  "times": {
    "training": 3771.3361949920654,
    "evaluation": 1.5569138526916504
  },
  "metrics": {
    "mean_rank": {
      "avg": 3.0572625698324023,
      "best": 3.0572625698324023,
      "worst": 3.0572625698324023
    },
    "mean_reciprocal_rank": {
      "avg": 0.6623302345214656,
      "best": 0.6623302345214656,
      "worst": 0.6623302345214656
    },
    "hits_at_k": {
      "avg": {
        "1": 0.4855679702048417,
        "3": 0.8170391061452514,
        "5": 0.9064245810055865,
        "10": 0.9590316573556797
      },
      "best": {
        "1": 0.4855679702048417,
        "3": 0.8170391061452514,
        "5": 0.9064245810055865,
        "10": 0.9590316573556797
      },
      "worst": {
        "1": 0.4855679702048417,
        "3": 0.8170391061452514,
        "5": 0.9064245810055865,
        "10": 0.9590316573556797
      }
    },
    "adjusted_mean_rank": 0.06356839181376653
  },
  "losses": [
    0.01419522064608916,
    0.013465367487809632,
    0.011938800060361177,
    0.007873267709706606,
    0.002982104925285285,
    0.0017483435110764558,
    0.0014779149996786472,
    0.001424190435255093,
    0.0014004718136453951,
    0.0013850083882477454,
    0.0013699996231074972,
    0.001351536802942289,
    0.0013294728938926166,
    0.001304508697883355,
    0.0012803107405461593,
    0.00126010989761573,
    0.0012446208288003637,
    0.0012322801713786377,
    0.0012215369126815279,
    0.0012130634702239814,
    0.0012055560403629048,
    0.0011993061266281407,
    0.001192166438162299,
    0.0011864477192567947,
    0.0011806155283314486,
    0.0011750815771101567,
    0.0011703784816047308,
    0.001164431356709827,
    0.001159986750308201,
    0.0011548799284287355,
    0.0011489309273722968,
    0.0011435519949243532,
    0.0011376134993696814,
    0.0011315306869670331,
    0.0011224727181644502,
    0.0011153512107633919,
    0.0011057109769943,
    0.0010952183443526233,
    0.001079668458777895,
    0.0010611112521654378,
    0.0010346439843631108,
    0.0009989863157373493,
    0.0009521063738101431,
    0.0008986293183890788,
    0.0008458841386275568,
    0.0008106172712230253,
    0.0007885864917066799,
    0.0007753691933386391,
    0.000765845807742725,
    0.0007590891386570639,
    0.0007537068277667189,
    0.0007455057239121573,
    0.0007390543089897027,
    0.0007305237438882028,
    0.0007222733183062813,
    0.0007132829137735962,
    0.0007045710278842389,
    0.0006945042351865966,
    0.0006820272403805821,
    0.0006690844005080157,
    0.0006553072691415454,
    0.0006415118578444706,
    0.0006262205200172152,
    0.0006104459308527326,
    0.0005946816458612722,
    0.0005782549948586772,
    0.0005668241990431934,
    0.0005564715818777569,
    0.0005468621640509755,
    0.0005389708940162976,
    0.0005308228111276507,
    0.0005241182452017156,
    0.0005207635538150252,
    0.0005154145974404273,
    0.0005110051956643396,
    0.0005057884685648082,
    0.000501754077056367,
    0.0004990755472234573,
    0.0004929516367241043,
    0.0004909833416182282,
    0.0004879381812407813,
    0.0004842385718571057,
    0.00048127823377600156,
    0.00047805486464949697,
    0.00047623430254907533,
    0.00047365370078347204,
    0.00047217141555653614,
    0.0004683133951137156,
    0.0004657651528834683,
    0.0004649720385135239,
    0.0004631827837414342,
    0.000460077129689844,
    0.00045837381820208376,
    0.00045722673138279176,
    0.00045589632345956476,
    0.00045215102989132404,
    0.00044945627799752944,
    0.0004488762708124443,
    0.0004486041909828433,
    0.00044668701375757903,
    0.00044468412771367567,
    0.0004436460186069838,
    0.00044198339863432646,
    0.00044076465872946557,
    0.0004398581851578984,
    0.0004372226046215157,
    0.0004367318974715424,
    0.00043580277109159373,
    0.00043458420428367197,
    0.00043155357423883757,
    0.0004324541468180242,
    0.00043061644136242934,
    0.0004289699946172633,
    0.00042809646745379804,
    0.00042736302138644545,
    0.00042539792475883574,
    0.0004242834739067874,
    0.00042477801862026283,
    0.00042253086805144806,
    0.00042057898794196214,
    0.00042038370222062543,
    0.0004196868750941678,
    0.00041876493409024864,
    0.00041619609190719656,
    0.00041815411717603017,
    0.00041523031802753805,
    0.00041379046978251067,
    0.00041413317196426934,
    0.0004140747611215582,
    0.00041291193567017574,
    0.0004113237934896883,
    0.0004104597114457327,
    0.00040859626130853194,
    0.0004078886701249298,
    0.0004077216380097893,
    0.0004069436970908083,
    0.00040616941093711345,
    0.00040430230712465773,
    0.00040646229183025767,
    0.00040470923808113803,
    0.00040326367469403323,
    0.00040259834706839106,
    0.00040068870860723995,
    0.00039921151110047846,
    0.0003999775452827093,
    0.0003995093752888174,
    0.00040001954810522944,
    0.00039780868870495687,
    0.0003959828369015974,
    0.00039582540251032107,
    0.0003963356340794095,
    0.000393859485525303,
    0.0003946304771689914,
    0.0003931324316183461,
    0.0003933832820021802,
    0.00039167265466166735,
    0.00039062356142055115,
    0.00038985222298346724,
    0.0003900028882270909,
    0.000389394354165012,
    0.000388536742327679,
    0.00038780178863830755,
    0.0003875693924810514,
    0.0003855032977135329,
    0.0003850761715327965,
    0.00038505173576053943,
    0.00038427597969990183,
    0.00038322796907767735,
    0.00038244408051298464,
    0.0003823954944476164,
    0.000380910660618958,
    0.0003826029094900545,
    0.0003808765347972024,
    0.0003794319291114249,
    0.00037903391635341895,
    0.00037779591570796675,
    0.0003798556566841845,
    0.0003774917321733098,
    0.0003772399562440659,
    0.0003762650549889643,
    0.0003756310406868252,
    0.00037425288711221056,
    0.00037409910857625137,
    0.0003727972210988347,
    0.0003727794218719466,
    0.0003726118598926868,
    0.000371638304062976,
    0.00037034924134650454,
    0.0003709031304053279,
    0.0003707694950991411,
    0.0003709716746131872,
    0.0003694633717608572,
    0.00036898920877595964,
    0.00036851479377587106,
    0.00036700999700858464,
    0.0003678794355743847,
    0.00036593516835112694,
    0.0003662562191360787,
    0.0003660644268554248,
    0.00036341292619677295,
    0.00036619888251901986,
    0.00036452172229446694,
    0.00036429629514206634,
    0.00036351485936536213,
    0.0003637104616317312,
    0.0003622651164688533,
    0.0003617377417625978,
    0.00036047213324537494,
    0.0003601111603982761,
    0.00035833102749697235,
    0.00035961791859897836,
    0.00035723167488374135,
    0.0003591508275178725,
    0.0003578874754740365,
    0.0003576823421937068,
    0.0003576621928052586,
    0.0003554988408300761,
    0.0003553214515664018,
    0.00035725284034468247,
    0.00035471444621844366,
    0.0003551200562207314,
    0.00035416741841490126,
    0.0003535383482758402,
    0.0003541302589275822,
    0.0003522177147705192,
    0.0003525828437972116,
    0.0003505532895973517,
    0.00035029319738480875,
    0.00035098929348190697,
    0.00035113988405840004,
    0.00035152804348024814,
    0.00034780734243073714,
    0.0003488970800976126,
    0.00034730505228325136,
    0.0003477740074265469,
    0.0003482274859812292,
    0.0003473124102657061,
    0.0003475176817074781,
    0.0003462857063179522,
    0.00034519895806137737,
    0.0003448537677746224,
    0.0003460022528858137,
    0.00034458451101657573,
    0.0003430495547237091,
    0.0003443972260145338,
    0.00034399196460419283,
    0.00034267389468852193,
    0.00034341186253190013,
    0.0003415112706748873,
    0.00034175871492953,
    0.0003402479567821399,
    0.0003403312794136909,
    0.0003407939178267431,
    0.00033846805295087255,
    0.00033854421353305965,
    0.00033932220197739675,
    0.0003397990742346014,
    0.00033949453654883897,
    0.00033863759715169363,
