{
  "times": {
    "training": 244.0104115009308,
    "evaluation": 0.18613195419311523
  },
  "metrics": {
    "mean_rank": {
      "avg": 3.160148975791434,
      "worst": 3.160148975791434,
      "best": 3.160148975791434
    },
    "mean_reciprocal_rank": {
      "avg": 0.6000912681618733,
      "worst": 0.6000912681618733,
      "best": 0.6000912681618733
    },
    "hits_at_k": {
      "avg": {
        "1": 0.40176908752327745,
        "3": 0.755586592178771,
        "5": 0.8845437616387337,
        "10": 0.9688081936685289
      },
      "worst": {
        "1": 0.40176908752327745,
        "3": 0.755586592178771,
        "5": 0.8845437616387337,
        "10": 0.9688081936685289
      },
      "best": {
        "1": 0.40176908752327745,
        "3": 0.755586592178771,
        "5": 0.8845437616387337,
        "10": 0.9688081936685289
      }
    },
    "adjusted_mean_rank": 0.06588270217162909
  },
  "losses": [
    0.003948749329943615,
    0.0027706432577016787,
    0.0026648433574681146,
    0.0025178353611313587,
    0.0022463043922757247,
    0.0015057012953704802,
    0.0013068137735770212,
    0.0012265501227988495,
    0.0012009367147287919,
    0.0011684747039683143,
    0.0011585735331580726,
    0.00113272051554093,
    0.001115787632347866,
    0.0011108646462850223,
    0.001090433422882853,
    0.001072527130741769,
    0.0010663060423345147,
    0.0010464127358199142,
    0.0010345296775429486,
    0.0010247175271203392,
    0.0010120768146022583,
    0.001013001216732904,
    0.000994593596505786,
    0.0010018136787986077,
    0.0010043884075311281,
    0.0009840735477833111,
    0.0009869003126355,
    0.0009730950166093715,
    0.0009617017858272788,
    0.0009654260582546966,
    0.0009522830638188645,
    0.0009594333515836498,
    0.0009562896823158229,
    0.0009403531204700672,
    0.0009401812800097241,
    0.0009396279571675573,
    0.0009410339942283071,
    0.0009327072577489093,
    0.0009351314403782058,
    0.0009300067759431159,
    0.0009218052384196798,
    0.000919066997064445,
    0.0009304948777007462,
    0.0009353798211330708,
    0.0009102448443917048,
    0.0009065776672484597,
    0.000920906924657447,
    0.0009144794048518221,
    0.0009054600165011047,
    0.000909045296882485,
    0.000913757841104523,
    0.0009079959892867523,
    0.0009118819276606908,
    0.0009434940440585481,
    0.0009090831803139613,
    0.0009028545611543225,
    0.0008826507200933435,
    0.0008938350202537522,
    0.000894931779137973,
    0.0008917322188523364,
    0.0008947135707710552,
    0.0008895855188463058,
    0.0008797016596375382,
    0.0008847046437370678,
    0.0008943400760826547,
    0.0008713290967245164,
    0.0008706753319853128,
    0.0008897027052561351,
    0.0008737135337131997,
    0.0008818694370299968,
    0.0008980654263873288,
    0.0008792437043796164,
    0.0008755431364770902,
    0.0008764647277990314,
    0.0008738186815470171,
    0.000864197480920022,
    0.0008749405779110177,
    0.0008754958584490459,
    0.0008610351415449572,
    0.0008647501930177617,
    0.0008741646260262924,
    0.0008606762987821388,
    0.0008565476991010356,
    0.0008597326093686445,
    0.0008662825944412269,
    0.0008939056628259869,
    0.0008563960060670846,
    0.0008545892711202108,
    0.0008600055770830806,
    0.000861072626243056,
    0.000855390841242934,
    0.0008544034432172461,
    0.0008674443334586088,
    0.0008498320587861007,
    0.0008531205210274902,
    0.0008610098271531293,
    0.0008666878668063805,
    0.000860725253496026,
    0.0008482827989415925,
    0.0008448247209933415,
    0.0008456841163940672,
    0.0008459684432681287,
    0.0008487242741282673,
    0.0008608950603943429,
    0.0008453283806559055,
    0.0008625793870283842,
    0.000854628389447924,
    0.0008541028810929235,
    0.0008586492948735496,
    0.0008535151377390924,
    0.000841307794009876,
    0.0008956720425868546,
    0.0008518849770396369,
    0.0008632166295121372,
    0.0008359577503292525,
    0.000834715402203748,
    0.0008356558835467024,
    0.000837161898750756,
    0.000828783085381382,
    0.0008371754241836945,
    0.0008412506271106599,
    0.0008477680681056207,
    0.0008456463434917447,
    0.000869794039440268,
    0.0008546456076882341,
    0.0008342993997904203,
    0.0008374847314095523,
    0.0008481887624488293,
    0.0008299844408161896,
    0.0008285995597876121,
    0.0008397531098435887,
    0.0008585522794892858,
    0.0008466244571775107,
    0.0008371629800071089,
    0.0008318931766770857,
    0.0008385671540957,
    0.0008232982141730525,
    0.0008405307852854945,
    0.0008274820396259832,
    0.0008273672850210436,
    0.0008443814739611084,
    0.0008227040752252278,
    0.0008287516330789133,
    0.0008253962690340293,
    0.0008221092011059254,
    0.0008310369398594879,
    0.0008306832402449254,
    0.0008221039192512115,
    0.0008323783425994441,
    0.000830797513110619,
    0.000838671109489992,
    0.0008514489953372147,
    0.0008289759574468468,
    0.0008171160450538321,
    0.0008308843832483954,
    0.000828338754749229,
    0.0008297858031402073,
    0.0008209998290357965,
    0.0008269548599807936,
    0.0008234484950172076,
    0.0008151559528135189,
    0.0008164560501873562,
    0.0008240259002435478,
    0.0008420883101273384,
    0.0008250070573506556,
    0.0008379855665290198,
    0.000855339165811413,
    0.000824262516837731,
    0.0008169832030177807,
    0.0008303819709629246,
    0.0008349402857576374,
    0.000832537398957002,
    0.0008234419149899514,
    0.0008337696091392276,
    0.000842686436517942,
    0.0008166583201194824,
    0.0008353383509461395,
    0.0008174844611783194,
    0.0008507938396638217,
    0.0008297684037912296,
    0.0008190527175398794,
    0.0008150839131484192,
    0.0008448202681072816,
    0.0008414494953282206,
    0.000826157042453648,
    0.0008134011660239481,
    0.0008098710301525765,
    0.0008269228972167593,
    0.000810746702006739,
    0.0008214942713953513,
    0.0008068055273421729,
    0.0008069535661558533,
    0.0007997913027098507,
    0.0008085486870424731,
    0.0008054805724085431,
    0.0008091407203227142,
    0.0008152276472112666,
    0.0008085602821393308,
    0.0008204917616144604,
    0.0008219768392830766,
    0.0008374212384058253,
    0.0008383266484340451,
    0.0008159312707906561,
    0.000821723309330283,
    0.0008152991051812681,
    0.0008020958798232904,
    0.0008103229852797889,
    0.0008166501171449164,
    0.0008190177034517778,
    0.000811138600017265,
    0.0008342424165614452,
    0.0008085597376687948,
    0.0008142884291598594,
    0.0008120864080587814,
    0.0008054857135402415,
    0.0008194609673794931,
    0.0008382675215499022,
    0.0008074702434058646,
    0.0008165037697870005,
    0.0008153138398402108,
    0.0008564122911317672,
    0.0008066061537861928,
    0.0008204205647614097,
    0.0008073879624625375,
    0.000823461864248689,
    0.000834172193433179,
    0.0008230410989989572,
    0.0008282347261593485,
    0.0008175206525545142,
    0.0008155061305375867,
    0.0008385545612933735,
    0.0008156829415397607,
    0.000799033142639802,
    0.0008079513327209,
    0.0008241757606082048,
    0.0008123578097800331,
    0.0008111748967994674,
    0.0008084567574708294,
    0.0008074037619728651,
    0.0008110039736547992,
    0.0008069347584866902,
    0.0008056013954346406,
    0.0007983524929919569,
    0.0008185357275599446,
    0.0008043379971734858,
    0.0008138049337101668,
    0.0007974251804237641,
    0.0007927284587662116,
    0.0008001413399834109,
    0.0008072336238140958,
    0.0007920702422309793,
    0.0008144346748723749,
    0.000804051963637726,
    0.0008050066810593965,
    0.0008391196137967377,
    0.000810046913865291,
    0.0008063051308512214,
    0.0007973421935762945,
    0.0007947833676345486,
    0.0008008841740526434,
    0.0007986339178217108,
    0.0008178870062856527,
    0.0008122647181807316,
