{
  "times": {
    "training": 2452.4619348049164,
    "evaluation": 6.451909780502319
  },
  "metrics": {
    "arithmetic_mean_rank": {
      "tail": {
        "optimistic": 3005.5768767563227,
        "realistic": 3005.5775792854274,
        "pessimistic": 3005.578281814532
      },
      "head": {
        "optimistic": 5456.007226013649,
        "realistic": 5456.0077278201525,
        "pessimistic": 5456.0082296266555
      },
      "both": {
        "optimistic": 4230.792051384986,
        "realistic": 4230.79265355279,
        "pessimistic": 4230.793255720594
      }
    },
    "geometric_mean_rank": {
      "tail": {
        "optimistic": 12.534879042696158,
        "realistic": 12.534879426791731,
        "pessimistic": 12.534879810875315
      },
      "head": {
        "optimistic": 41.0501451021951,
        "realistic": 41.050146184778974,
        "pessimistic": 41.050147267273495
      },
      "both": {
        "optimistic": 22.683884225174957,
        "realistic": 22.683884871828703,
        "pessimistic": 22.683885518446907
      }
    },
    "median_rank": {
      "tail": {
        "optimistic": 3.0,
        "realistic": 3.0,
        "pessimistic": 3.0
      },
      "head": {
        "optimistic": 12.0,
        "realistic": 12.0,
        "pessimistic": 12.0
      },
      "both": {
        "optimistic": 6.0,
        "realistic": 6.0,
        "pessimistic": 6.0
      }
    },
    "harmonic_mean_rank": {
      "tail": {
        "optimistic": 2.087979706741593,
        "realistic": 2.0879797067499433,
        "pessimistic": 2.087979706758293
      },
      "head": {
        "optimistic": 4.038080337278121,
        "realistic": 4.038080337349159,
        "pessimistic": 4.038080337420182
      },
      "both": {
        "optimistic": 2.752643538536571,
        "realistic": 2.7526435385603323,
        "pessimistic": 2.7526435385840897
      }
    },
    "inverse_arithmetic_mean_rank": {
      "tail": {
        "optimistic": 0.00033271483013245015,
        "realistic": 0.00033271475236308786,
        "pessimistic": 0.0003327146745937619
      },
      "head": {
        "optimistic": 0.0001832842147334609,
        "realistic": 0.0001832841978762247,
        "pessimistic": 0.00018328418101899163
      },
      "both": {
        "optimistic": 0.0002363623614336331,
        "realistic": 0.00023636232779222923,
        "pessimistic": 0.000236362294150835
      }
    },
    "inverse_geometric_mean_rank": {
      "tail": {
        "optimistic": 0.07977739526594646,
        "realistic": 0.07977739282139608,
        "pessimistic": 0.07977739037692214
      },
      "head": {
        "optimistic": 0.024360449823270573,
        "realistic": 0.0243604491808312,
        "pessimistic": 0.02436044853844489
      },
      "both": {
        "optimistic": 0.044084160810968304,
        "realistic": 0.0440841595542529,
        "pessimistic": 0.044084158297606625
      }
    },
    "inverse_harmonic_mean_rank": {
      "tail": {
        "optimistic": 0.47893185780074216,
        "realistic": 0.47893185779882685,
        "pessimistic": 0.4789318577969116
      },
      "head": {
        "optimistic": 0.24764242324957128,
        "realistic": 0.24764242324521474,
        "pessimistic": 0.2476424232408591
      },
      "both": {
        "optimistic": 0.36328714052515676,
        "realistic": 0.36328714052202077,
        "pessimistic": 0.36328714051888533
      }
    },
    "inverse_median_rank": {
      "tail": {
        "optimistic": 0.3333333333333333,
        "realistic": 0.3333333333333333,
        "pessimistic": 0.3333333333333333
      },
      "head": {
        "optimistic": 0.08333333333333333,
        "realistic": 0.08333333333333333,
        "pessimistic": 0.08333333333333333
      },
      "both": {
        "optimistic": 0.16666666666666666,
        "realistic": 0.16666666666666666,
        "pessimistic": 0.16666666666666666
      }
    },
    "rank_std": {
      "tail": {
        "optimistic": 13945.870340585214,
        "realistic": 13945.871801283178,
        "pessimistic": 13945.87326200614
      },
      "head": {
        "optimistic": 18775.734103517803,
        "realistic": 18775.735630533207,
        "pessimistic": 18775.73715756183
      },
      "both": {
        "optimistic": 16583.39222129623,
        "realistic": 16583.393692515463,
        "pessimistic": 16583.395163752703
      }
    },
    "rank_var": {
      "tail": {
        "optimistic": 194487299.55641434,
        "realistic": 194487340.2978253,
        "pessimistic": 194487381.0399378
      },
      "head": {
        "optimistic": 352528191.12600154,
        "realistic": 352528248.46767414,
        "pessimistic": 352528305.80984795
      },
      "both": {
        "optimistic": 275008897.5653483,
        "realistic": 275008946.3609617,
        "pessimistic": 275008995.1571765
      }
    },
    "hits_at_k": {
      "tail": {
        "optimistic": {
          "1": 0.3916097952629466,
          "3": 0.5385387394620634,
          "5": 0.5879164993978322,
          "10": 0.6260537936571658
        },
        "realistic": {
          "1": 0.3916097952629466,
          "3": 0.5385387394620634,
          "5": 0.5879164993978322,
          "10": 0.6260537936571658
        },
        "pessimistic": {
          "1": 0.3916097952629466,
          "3": 0.5385387394620634,
          "5": 0.5879164993978322,
          "10": 0.6260537936571658
        }
      },
      "head": {
        "optimistic": {
          "1": 0.14191087916499398,
          "3": 0.2842232035327178,
          "5": 0.3759534323564833,
          "10": 0.4855479727017262
        },
        "realistic": {
          "1": 0.14191087916499398,
          "3": 0.2842232035327178,
          "5": 0.3759534323564833,
          "10": 0.4855479727017262
        },
        "pessimistic": {
          "1": 0.14191087916499398,
          "3": 0.2842232035327178,
          "5": 0.3759534323564833,
          "10": 0.4855479727017262
        }
      },
      "both": {
        "optimistic": {
          "1": 0.2667603372139703,
          "3": 0.4113809714973906,
          "5": 0.4819349658771578,
          "10": 0.555800883179446
        },
        "realistic": {
          "1": 0.2667603372139703,
          "3": 0.4113809714973906,
          "5": 0.4819349658771578,
          "10": 0.555800883179446
        },
        "pessimistic": {
          "1": 0.2667603372139703,
          "3": 0.4113809714973906,
          "5": 0.4819349658771578,
          "10": 0.555800883179446
        }
      }
    },
    "adjusted_arithmetic_mean_rank": {
      "tail": {
        "realistic": 0.04881724613830224
      },
      "head": {
        "realistic": 0.0913290496375304
      },
      "both": {
        "realistic": 0.06975287036154794
      }
    },
    "adjusted_arithmetic_mean_rank_index": {
      "tail": {
        "realistic": 0.951198203430241
      },
      "head": {
        "realistic": 0.9086861610160545
      },
      "both": {
        "realistic": 0.930262466829982
      }
    }
  },