{
  "mean_rank": {
    "avg": 7393.912291987608,
    "worst": 14782.292867904725,
    "best": 5.531716070491442
  },
  "mean_reciprocal_rank": {
    "avg": 0.00018483643891422174,
    "worst": 0.00011714777728369584,
    "best": 0.9895855400395709
  },
  "hits_at_k": {
    "avg": {
      "1": 2.539317092989792e-05,
      "3": 5.9250732169761814e-05,
      "5": 7.617951278969375e-05,
      "10": 7.617951278969375e-05
    },
    "worst": {
      "1": 2.539317092989792e-05,
      "3": 5.9250732169761814e-05,
      "5": 7.617951278969375e-05,
      "10": 7.617951278969375e-05
    },
    "best": {
      "1": 0.987083340386992,
      "3": 0.9906891706590374,
      "5": 0.9924920857950602,
      "10": 0.9948282575206108
    }
  },
  "adjusted_mean_rank": 0.9999493598270457
}