{
  "times": {
    "training": 59.481624364852905,
    "evaluation": 0.9694564342498779
  },
  "metrics": {
    "arithmetic_mean_rank": {
      "head": {
        "optimistic": 3.5130353817504654,
        "pessimistic": 3.5130353817504654,
        "realistic": 3.5130353817504654
      },
      "tail": {
        "optimistic": 2.7728119180633146,
        "pessimistic": 2.7728119180633146,
        "realistic": 2.7728119180633146
      },
      "both": {
        "optimistic": 3.14292364990689,
        "pessimistic": 3.14292364990689,
        "realistic": 3.14292364990689
      }
    },
    "geometric_mean_rank": {
      "head": {
        "optimistic": 2.038446571846027,
        "pessimistic": 2.038446571846027,
        "realistic": 2.038446571846027
      },
      "tail": {
        "optimistic": 1.6183350285041704,
        "pessimistic": 1.6183350285041704,
        "realistic": 1.6183350285041704
      },
      "both": {
        "optimistic": 1.8162845291838687,
        "pessimistic": 1.8162845291838687,
        "realistic": 1.8162845291838687
      }
    },
    "median_rank": {
      "head": {
        "optimistic": 2.0,
        "pessimistic": 2.0,
        "realistic": 2.0
      },
      "tail": {
        "optimistic": 1.0,
        "pessimistic": 1.0,
        "realistic": 1.0
      },
      "both": {
        "optimistic": 1.0,
        "pessimistic": 1.0,
        "realistic": 1.0
      }
    },
    "harmonic_mean_rank": {
      "head": {
        "optimistic": 1.5439516763804664,
        "pessimistic": 1.5439516763804664,
        "realistic": 1.5439516763804664
      },
      "tail": {
        "optimistic": 1.3251693145447019,
        "pessimistic": 1.3251693145447019,
        "realistic": 1.3251693145447019
      },
      "both": {
        "optimistic": 1.426218964728636,
        "pessimistic": 1.426218964728636,
        "realistic": 1.426218964728636
      }
    },
    "inverse_arithmetic_mean_rank": {
      "head": {
        "optimistic": 0.2846541213888153,
        "pessimistic": 0.2846541213888153,
        "realistic": 0.2846541213888153
      },
      "tail": {
        "optimistic": 0.36064472800537273,
        "pessimistic": 0.36064472800537273,
        "realistic": 0.36064472800537273
      },
      "both": {
        "optimistic": 0.31817508517256704,
        "pessimistic": 0.31817508517256704,
        "realistic": 0.31817508517256704
      }
    },
    "inverse_geometric_mean_rank": {
      "head": {
        "optimistic": 0.49056963955370936,
        "pessimistic": 0.49056963955370936,
        "realistic": 0.49056963955370936
      },
      "tail": {
        "optimistic": 0.6179190231853917,
        "pessimistic": 0.6179190231853917,
        "realistic": 0.6179190231853917
      },
      "both": {
        "optimistic": 0.5505745294485006,
        "pessimistic": 0.5505745294485006,
        "realistic": 0.5505745294485006
      }
    },
    "inverse_harmonic_mean_rank": {
      "head": {
        "optimistic": 0.6476886649356351,
        "pessimistic": 0.6476886649356351,
        "realistic": 0.6476886649356351
      },
      "tail": {
        "optimistic": 0.7546205522752972,
        "pessimistic": 0.7546205522752972,
        "realistic": 0.7546205522752972
      },
      "both": {
        "optimistic": 0.7011546086054662,
        "pessimistic": 0.7011546086054662,
        "realistic": 0.7011546086054662
      }
    },
    "inverse_median_rank": {
      "head": {
        "optimistic": 0.5,
        "pessimistic": 0.5,
        "realistic": 0.5
      },
      "tail": {
        "optimistic": 1.0,
        "pessimistic": 1.0,
        "realistic": 1.0
      },
      "both": {
        "optimistic": 1.0,
        "pessimistic": 1.0,
        "realistic": 1.0
      }
    },
    "rank_std": {
      "head": {
        "optimistic": 6.733025245868619,
        "pessimistic": 6.733025245868619,
        "realistic": 6.733025245868619
      },
      "tail": {
        "optimistic": 6.813187324287775,
        "pessimistic": 6.813187324287775,
        "realistic": 6.813187324287775
      },
      "both": {
        "optimistic": 6.783329413548936,
        "pessimistic": 6.783329413548936,
        "realistic": 6.783329413548936
      }
    },
    "rank_var": {
      "head": {
        "optimistic": 45.33362896150418,
        "pessimistic": 45.33362896150418,
        "realistic": 45.33362896150418
      },
      "tail": {
        "optimistic": 46.41952151583561,
        "pessimistic": 46.41952151583561,
        "realistic": 46.41952151583561
      },
      "both": {
        "optimistic": 46.01355793271815,
        "pessimistic": 46.01355793271815,
        "realistic": 46.01355793271815
      }
    },
    "hits_at_k": {
      "head": {
        "optimistic": {
          "1": 0.49813780260707635,
          "3": 0.7486033519553073,
          "5": 0.8547486033519553,
          "10": 0.9441340782122905
        },
        "pessimistic": {
          "1": 0.49813780260707635,
          "3": 0.7486033519553073,
          "5": 0.8547486033519553,
          "10": 0.9441340782122905
        },
        "realistic": {
          "1": 0.49813780260707635,
          "3": 0.7486033519553073,
          "5": 0.8547486033519553,
          "10": 0.9441340782122905
        }
      },
      "tail": {
        "optimistic": {
          "1": 0.638733705772812,
          "3": 0.8463687150837989,
          "5": 0.9134078212290503,
          "10": 0.9674115456238361
        },
        "pessimistic": {
          "1": 0.638733705772812,
          "3": 0.8463687150837989,
          "5": 0.9134078212290503,
          "10": 0.9674115456238361
        },
        "realistic": {
          "1": 0.638733705772812,
          "3": 0.8463687150837989,
          "5": 0.9134078212290503,
          "10": 0.9674115456238361
        }
      },
      "both": {
        "optimistic": {
          "1": 0.5684357541899442,
          "3": 0.797486033519553,
          "5": 0.8840782122905028,
          "10": 0.9557728119180633
        },
        "pessimistic": {
          "1": 0.5684357541899442,
          "3": 0.797486033519553,
          "5": 0.8840782122905028,
          "10": 0.9557728119180633
        },
        "realistic": {
          "1": 0.5684357541899442,
          "3": 0.797486033519553,
          "5": 0.8840782122905028,
          "10": 0.9557728119180633
        }
      }
    },
    "adjusted_arithmetic_mean_rank": {
      "head": {
        "realistic": 0.07443943534146846
      },
      "tail": {
        "realistic": 0.057473704525716485
      },
      "both": {
        "realistic": 0.06586309335076414
      }
    },
    "adjusted_arithmetic_mean_rank_index": {
      "head": {
        "realistic": 0.9455972909506869
      },
      "tail": {
        "realistic": 0.9624761041366942
      },
      "both": {
        "realistic": 0.9541316858075285
      }
    }
  },