{
  "times": {
    "training": 53.95319628715515,
    "evaluation": 0.2082655429840088
  },
  "metrics": {
    "arithmetic_mean_rank": {
      "head": {
        "realistic": 4.004655493482309,
        "pessimistic": 4.026070763500931,
        "optimistic": 3.983240223463687
      },
      "tail": {
        "realistic": 3.330540037243948,
        "pessimistic": 3.357541899441341,
        "optimistic": 3.303538175046555
      },
      "both": {
        "realistic": 3.6675977653631286,
        "pessimistic": 3.691806331471136,
        "optimistic": 3.643389199255121
      }
    },
    "geometric_mean_rank": {
      "head": {
        "realistic": 2.1874112939850217,
        "pessimistic": 2.2091443769337418,
        "optimistic": 2.1536546163384407
      },
      "tail": {
        "realistic": 1.9243416213964601,
        "pessimistic": 1.9476750992654455,
        "optimistic": 1.8875490352669448
      },
      "both": {
        "realistic": 2.0516643478230217,
        "pessimistic": 2.0742939747384233,
        "optimistic": 2.0162164301899304
      }
    },
    "median_rank": {
      "head": {
        "realistic": 2.0,
        "pessimistic": 2.0,
        "optimistic": 2.0
      },
      "tail": {
        "realistic": 1.0,
        "pessimistic": 1.0,
        "optimistic": 1.0
      },
      "both": {
        "realistic": 2.0,
        "pessimistic": 2.0,
        "optimistic": 1.0
      }
    },
    "harmonic_mean_rank": {
      "head": {
        "realistic": 1.6228333013128953,
        "pessimistic": 1.6358514529512678,
        "optimistic": 1.5922776082764865
      },
      "tail": {
        "realistic": 1.4974195815559077,
        "pessimistic": 1.510547441907783,
        "optimistic": 1.4656103357907813
      },
      "both": {
        "realistic": 1.5576060365675974,
        "pessimistic": 1.570704357692296,
        "optimistic": 1.5263204949454532
      }
    },
    "inverse_arithmetic_mean_rank": {
      "head": {
        "realistic": 0.24970936991397352,
        "pessimistic": 0.24838112858464387,
        "optimistic": 0.25105189340813466
      },
      "tail": {
        "realistic": 0.300251607492312,
        "pessimistic": 0.2978369384359401,
        "optimistic": 0.30270574971815106
      },
      "both": {
        "realistic": 0.27265803503427266,
        "pessimistic": 0.2708701134930643,
        "optimistic": 0.27446971633018147
      }
    },
    "inverse_geometric_mean_rank": {
      "head": {
        "realistic": 0.4571613956414214,
        "pessimistic": 0.45266394104489655,
        "optimistic": 0.46432700601740906
      },
      "tail": {
        "realistic": 0.5196582503237226,
        "pessimistic": 0.5134326563897358,
        "optimistic": 0.52978756117908
      },
      "both": {
        "realistic": 0.4874091617671668,
        "pessimistic": 0.4820917440721506,
        "optimistic": 0.49597849964242113
      }
    },
    "inverse_harmonic_mean_rank": {
      "head": {
        "realistic": 0.6162062358413435,
        "pessimistic": 0.6113024493733112,
        "optimistic": 0.6280311892864086
      },
      "tail": {
        "realistic": 0.6678154956147566,
        "pessimistic": 0.6620116470734779,
        "optimistic": 0.6823095986563457
      },
      "both": {
        "realistic": 0.64201086572805,
        "pessimistic": 0.6366570482233944,
        "optimistic": 0.6551703939713772
      }
    },
    "inverse_median_rank": {
      "head": {
        "realistic": 0.5,
        "pessimistic": 0.5,
        "optimistic": 0.5
      },
      "tail": {
        "realistic": 1.0,
        "pessimistic": 1.0,
        "optimistic": 1.0
      },
      "both": {
        "realistic": 0.5,
        "pessimistic": 0.5,
        "optimistic": 1.0
      }
    },
    "rank_std": {
      "head": {
        "realistic": 7.487853399421101,
        "pessimistic": 7.483144934978712,
        "optimistic": 7.49510692800431
      },
      "tail": {
        "realistic": 6.556349239540086,
        "pessimistic": 6.552659055596911,
        "optimistic": 6.56389924729327
      },
      "both": {
        "realistic": 7.045597196342186,
        "pessimistic": 7.0412450688011905,
        "optimistic": 7.053098561205088
      }
    },
    "rank_var": {
      "head": {
        "realistic": 56.067948531222136,
        "pessimistic": 55.99745811789755,
        "optimistic": 56.176627862218204
      },
      "tail": {
        "realistic": 42.98571535081787,
        "pessimistic": 42.93734069889621,
        "optimistic": 43.08477332861715
      },
      "both": {
        "realistic": 49.64043985310487,
        "pessimistic": 49.57913211891708,
        "optimistic": 49.74619931407328
      }
    },
    "hits_at_k": {
      "head": {
        "realistic": {
          "1": 0.43854748603351956,
          "3": 0.7439478584729982,
          "5": 0.839851024208566,
          "10": 0.925512104283054
        },
        "pessimistic": {
          "1": 0.43854748603351956,
          "3": 0.7411545623836127,
          "5": 0.839851024208566,
          "10": 0.925512104283054
        },
        "optimistic": {
          "1": 0.46834264432029793,
          "3": 0.7439478584729982,
          "5": 0.839851024208566,
          "10": 0.925512104283054
        }
      },
      "tail": {
        "realistic": {
          "1": 0.5009310986964618,
          "3": 0.7839851024208566,
          "5": 0.8864059590316573,
          "10": 0.9432029795158287
        },
        "pessimistic": {
          "1": 0.5009310986964618,
          "3": 0.7793296089385475,
          "5": 0.8864059590316573,
          "10": 0.9432029795158287
        },
        "optimistic": {
          "1": 0.5363128491620112,
          "3": 0.7839851024208566,
          "5": 0.8864059590316573,
          "10": 0.9432029795158287
        }
      },
      "both": {
        "realistic": {
          "1": 0.4697392923649907,
          "3": 0.7639664804469274,
          "5": 0.8631284916201117,
          "10": 0.9343575418994413
        },
        "pessimistic": {
          "1": 0.4697392923649907,
          "3": 0.7602420856610801,
          "5": 0.8631284916201117,
          "10": 0.9343575418994413
        },
        "optimistic": {
          "1": 0.5023277467411545,
          "3": 0.7639664804469274,
          "5": 0.8631284916201117,
          "10": 0.9343575418994413
        }
      }
    },
    "adjusted_arithmetic_mean_rank": {
      "head": {
        "realistic": 0.08485661579741739
      },
      "tail": {
        "realistic": 0.06903406349512689
      },
      "both": {
        "realistic": 0.07685816166750406
      }
    },
    "adjusted_arithmetic_mean_rank_index": {
      "head": {
        "realistic": 0.9349545972204025
      },
      "tail": {
        "realistic": 0.9506710549654126
      },
      "both": {
        "realistic": 0.9429012730126305
      }
    }
  },