{
  "times": {
    "training": 448.02353501319885,
    "evaluation": 0.11837434768676758
  },
  "metrics": {
    "mean_rank": {
      "avg": 3.625698324022346,
      "best": 3.625698324022346,
      "worst": 3.625698324022346
    },
    "mean_reciprocal_rank": {
      "avg": 0.5869741055956422,
      "best": 0.5869741055956422,
      "worst": 0.5869741055956422
    },
    "hits_at_k": {
      "avg": {
        "1": 0.39385474860335196,
        "3": 0.7276536312849162,
        "5": 0.8431098696461825,
        "10": 0.9473929236499069
      },
      "best": {
        "1": 0.39385474860335196,
        "3": 0.7276536312849162,
        "5": 0.8431098696461825,
        "10": 0.9473929236499069
      },
      "worst": {
        "1": 0.39385474860335196,
        "3": 0.7276536312849162,
        "5": 0.8431098696461825,
        "10": 0.9473929236499069
      }
    },
    "adjusted_mean_rank": 0.07513249797739602
  },
  "losses": [
    0.017772729909710225,
    0.016138975728261337,
    0.014728724161225759,
    0.013535779520646017,
    0.01260652377057388,
    0.011547492837972856,
    0.010770250739676229,
    0.010170788800671753,
    0.009560033637151289,
    0.009066711448495754,
    0.008636500651526094,
    0.008230275711679504,
    0.007925623354645034,
    0.00764822932692726,
    0.007441369443434231,
    0.0072215460380364895,
    0.006977714640036058,
    0.0068264018241943935,
    0.006713636219501495,
    0.006552552092778548,
    0.006409825760633981,
    0.006295537945817919,
    0.006189163097560629,
    0.006036009894132837,
    0.005942832762270831,
    0.005798375359579419,
    0.005642880012424251,
    0.005469051559459181,
    0.0053023837457937695,
    0.005130416148582871,
    0.004980275644624278,
    0.0048238101453705225,
    0.004709772580767169,
    0.0046420266733187415,
    0.004540227998871258,
    0.004483880813509114,
    0.004425495200221905,
    0.004377326519971483,
    0.004319675074897232,
    0.004273979188630197,
    0.004222647048016724,
    0.004161422112991524,
    0.004109337118415908,
    0.004049546802102515,
    0.003999845761359296,
    0.003914988231723117,
    0.003853170441861233,
    0.003769928660969274,
    0.003698162513014194,
    0.003611971100980646,
    0.003534847961159681,
    0.0034496284435304365,
    0.0033463809520620086,
    0.0032703789467278047,
    0.0031758155830706775,
    0.003109001870221748,
    0.003009385366536928,
    0.0029339691508938085,
    0.002885819397071439,
    0.0028215367852776462,
    0.0027615696833598034,
    0.002696912010175905,
    0.0026608783061082444,
    0.0026079598597986866,
    0.0025751459419252943,
    0.002537476169189599,
    0.002504298627404461,
    0.00247578765701656,
    0.002435449306758937,
    0.0024260707506526275,
    0.0023716710933417862,
    0.002370813266768326,
    0.002346306535230482,
    0.00233449021961247,
    0.002332370762263289,
    0.0023011131480698954,
    0.002293383079137974,
    0.0022676574887728757,
    0.0022653708180363817,
    0.002255606905414203,
    0.002245023540545548,
    0.0022261800786850046,
    0.0022059402442519806,
    0.002205176278076759,
    0.0022047944384372413,
    0.0021752772856266536,
    0.0021769511931983942,
    0.0021521630592309356,
    0.002151079394781355,
    0.0021506790935030477,
    0.0021445456166727266,
    0.0021186603472153013,
    0.0021102436999563645,
    0.00209541630945151,
    0.0020937285070352896,
    0.002095131462523609,
    0.0020907651275494012,
    0.002064521842172251,
    0.00206828165680784,
    0.0020463189000284737,
    0.0020347701992546575,
    0.00203505484823291,
    0.0020338815902028414,
    0.00203072477728547,
    0.0020131201087409973,
    0.0020218207928167187,
    0.001994842172457317,
    0.002019364611779371,
    0.001986899187313986,
    0.0019870158869159243,
    0.001970757536715671,
    0.001980996232877454,
    0.0019705111844541875,
    0.001960480800212434,
    0.001959831038775962,
    0.0019436455558469233,
    0.0019492054025011228,
    0.0019285423604401756,
    0.0019362258222581966,
    0.0019049457935372206,
    0.0019325640014187897,
    0.0019118677203853924,
    0.0019146664266924509,
    0.0018945983340719554,
    0.001887829995222306,
    0.0018923950542029592,
    0.0018726054523209954,
    0.0018603007905603794,
    0.0018566981767224016,
    0.0018619230760031202,
    0.001867876722990127,
    0.00185500733965959,
    0.0018487552700613098,
    0.0018379202527639348,
    0.0018337202713605057,
    0.001827127638548501,
    0.001826711231842637,
    0.001806131105395627,
    0.0018158283848524763,
    0.0018198779140588608,
    0.0018029824345745843,
    0.0018219249915987364,
    0.0018105316943792479,
    0.0018054338168590033,
    0.0017816858577161805,
    0.0017750897289564211,
    0.0017801100948009263,
    0.0017636003267466464,
    0.0017566637071512277,
    0.0017600248817159108,
    0.0017563410902095868,
    0.0017485757958325332,
    0.0017444198813345213,
    0.0017320013531808103,
    0.0017452556238778298,
    0.0017259070424760661,
    0.001735578871886717,
    0.0017408735261818444,
    0.0017252348211667177,
    0.001712796369860514,
    0.0017341508927723665,
    0.0016997178139213876,
    0.0016878818603030194,
    0.0017050981961106986,
    0.001678508778768923,
    0.0016714385797859132,
    0.0017051398073940464,
    0.0016833150947696707,
    0.0016608775692751234,
    0.0016740062980378947,
    0.0016719147568212802,
    0.0016652307410337283,
    0.001662597047995204,
    0.0016548068145785326,
    0.0016511211560669352,
    0.0016626008038063732,
    0.0016621247113574199,
    0.001645324919163511,
    0.0016566553782699596,
    0.0016608752784657568,
    0.0016444867410547056,
    0.0016407512768419382,
    0.001633720448038328,
    0.0016362781772452793,
    0.0016254549636767152,
    0.0016358209100694916,
    0.0016226551839070263,
    0.0016154387454791798,
    0.0016139731733721405,
    0.0016245496631966214,
    0.001629880950385042,
    0.0016160977024180388,
    0.0016146409002652442,
    0.00159984306965986,
    0.0016139610129851528,
    0.0016070235928708917,
    0.001602131449565124,
    0.0015857591666978844,
    0.001597653536391113,
    0.0015779493214416035,
    0.001585652061113704,
    0.001587233773854732,
    0.0015691425511787894,
    0.0015804319649460386,
    0.00158081128879377,
    0.00157818551199713,
    0.0015637138893318534,
    0.0015674857344227225,
    0.0015590535886655474,
    0.001576055742953712,
    0.0015565696266594898,
    0.001569924485426717,
    0.0015721244847381047,
    0.0015404513559203023,
    0.0015701257505136706,
    0.0015422959841634339,
    0.0015345731059486947,
    0.0015418066029272946,
    0.0015351526990309637,
    0.001514838526220748,
    0.001540891012553586,
    0.0015307695392086712,
    0.0015265852219882082,
    0.0015562334540910488,
    0.001515916468443049,
    0.001520236511104339,
    0.001525718148462893,
    0.001527413891537694,
    0.00150256466873911,
    0.0015342915334742278,
    0.001503049892160609,
    0.001501387164819888,
    0.0014999813211851575,
    0.0015126517686072025,
    0.0015100496201967814,
    0.0015056154129098863,
    0.0015250608963326793,
    0.0015036611118413202,
    0.001497939731297868,
    0.0015045043215336984,
    0.0015008252607623623,
    0.0014821216821572865,
    0.0014896407620527883,
    0.0014971455712610863,
    0.0014920221041706616,
    0.0014818378459062246,
    0.0014993213370009867,
    0.0014734052929134293,
    0.0014968851602144455,
    0.0014862918028126606,
    0.0014781435578363887,
    0.0014645988601242447,
    0.0014705701333502035,
    0.0014619886733884557,
    0.0014827603845741976,
    0.0014676900165441554,
    0.0014754949261396007,
    0.001477445914385638,
    0.001456342621842462,
    0.0014683817136572318,
    0.0014565634691201792,
    0.0014565127809298285,
    0.0014533971249708411,
    0.0014584130155836487,
    0.0014496040077049857,
    0.0014764589784241348,
