{
  "times": {
    "training": 10.941993951797485,
    "evaluation": 0.18801403045654297
  },
  "metrics": {
    "mean_rank": {
      "best": 47.61731843575419,
      "worst": 47.61731843575419,
      "avg": 47.61731843575419
    },
    "mean_reciprocal_rank": {
      "best": 0.05187987930285446,
      "worst": 0.05187987930285446,
      "avg": 0.05187987930285446
    },
    "hits_at_k": {
      "best": {
        "1": 0.0074487895716946,
        "3": 0.029329608938547486,
        "5": 0.054003724394785846,
        "10": 0.10148975791433892
      },
      "worst": {
        "1": 0.0074487895716946,
        "3": 0.029329608938547486,
        "5": 0.054003724394785846,
        "10": 0.10148975791433892
      },
      "avg": {
        "1": 0.0074487895716946,
        "3": 0.029329608938547486,
        "5": 0.054003724394785846,
        "10": 0.10148975791433892
      }
    },
    "adjusted_mean_rank": 0.989706081922688
  },
  "losses": [
    0.0016440688977056596,
    0.0016416219741882412,
    0.0016416337566043302,
    0.0016416501211936549,
    0.0016416348527969165,
    0.0016416470939817338,
    0.001641619168641018,
    0.0016416435881505145,
    0.0016416663501374181,
    0.001641693795756026,
    0.0016416509295529766,
    0.0016416545147864758,
    0.0016416752354731004,
    0.0016416744304222069,
    0.0016416683109326078,
    0.00164165209081132,
    0.0016416176776426511,
    0.00164159011953748,
    0.0016416091066076602,
    0.0016416290851035296,
    0.0016416351086487072,
    0.0016416329559646745,
    0.0016416435043369968,
    0.0016416363592346157,
    0.0016416054717477361,
    0.0016416252693828568,
    0.0016416044141534802,
    0.0016415847389302076,
    0.0016416224384710166,
    0.00164162199624443,
    0.001641591170514879,
    0.001641573993154995,
    0.0016416007406952256,
    0.0016416182433838954,
    0.0016416234332051341,
    0.0016416451728876842,
    0.0016416355453612466,
    0.0016416386244052115,
    0.001641625775572391,
    0.0016416107034757336,
    0.0016416135002004812,
    0.001641622772622278,
    0.0016416055776174426,
    0.0016416296717981533,
    0.0016416142809895667,
    0.0016416221098338026,
    0.0016415734660120813,
    0.001641600226786025,
    0.0016415676707484583,
    0.0016416218760382008,
    0.001641601757485532,
    0.0016415910337665082,
    0.001641619384791669,
    0.0016415975943798846,
    0.0016415798755405639,
    0.001641617517735282,
    0.0016415925986531079,
    0.0016416082254629152,
    0.0016416540913076496,
    0.0016415886494924924,
    0.0016416245757157172,
    0.001641565507036331,
    0.0016416027676589818,
    0.001641569960180862,
    0.0016415507580628404,
    0.0016415672649145831,
    0.0016415192121987234,
    0.001641582484787706,
    0.0016415836681022385,
    0.0016416060463114559,
    0.0016416300963797887,
    0.001641597605407979,
    0.001641538885216377,
    0.0016415799736906043,
    0.0016415876227769011,
    0.0016415344199409423,
    0.0016415896365069439,
    0.0016415541095007376,
    0.0016415967485250418,
    0.001641561949373068,
    0.0016415732222911943,
    0.0016415769255253038,
    0.0016415900280042962,
    0.001641601496119694,
    0.0016415991846311015,
    0.0016415383911577465,
    0.0016415354212919165,
    0.0016415658819915416,
    0.0016415442360477944,
    0.0016415516877312008,
    0.0016415557824626626,
    0.0016415477319537287,
    0.0016415674248219524,
    0.0016415817414941415,
    0.0016415203139053568,
    0.0016415785907675628,
    0.0016415234701459827,
    0.0016415187082148078,
    0.001641570605324386,
    0.0016415720632384698,
    0.0016415484928922444
  ]
}