{
  "times": {
    "training": 127.11076784133911,
    "evaluation": 0.09651875495910645
  },
  "metrics": {
    "mean_rank": {
      "best": 5.283054003724395,
      "worst": 5.283054003724395,
      "avg": 5.283054003724395
    },
    "mean_reciprocal_rank": {
      "best": 0.4907699349486184,
      "worst": 0.4907699349486184,
      "avg": 0.4907699349486184
    },
    "hits_at_k": {
      "best": {
        "1": 0.30121042830540035,
        "3": 0.5991620111731844,
        "5": 0.7523277467411545,
        "10": 0.8896648044692738
      },
      "worst": {
        "1": 0.30121042830540035,
        "3": 0.5991620111731844,
        "5": 0.7523277467411545,
        "10": 0.8896648044692738
      },
      "avg": {
        "1": 0.30121042830540035,
        "3": 0.5991620111731844,
        "5": 0.7523277467411545,
        "10": 0.8896648044692738
      }
    },
    "adjusted_mean_rank": 0.10973023897248496
  },
  "losses": [
    0.07262026314878285,
    0.07002961077493675,
    0.06361056166641721,
    0.0564870670270384,
    0.05097407811366664,
    0.046555076199077935,
    0.04235940312178394,
    0.037818390499340014,
    0.032622667538762536,
    0.027187815905733503,
    0.02341078785474827,
    0.020854804148611506,
    0.01913544117064958,
    0.017843969570898385,
    0.016690885473726394,
    0.015670773353469506,
    0.014852206288986885,
    0.014148473893100403,
    0.013407320551546325,
    0.012907417777102538,
    0.012326593549175655,
    0.011977880076969162,
    0.011660517015483943,
    0.01133310945516222,
    0.011102930576390542,
    0.010805031640476056,
    0.010596522719560937,
    0.010423459852121297,
    0.01021921488173892,
    0.010076472542705607,
    0.009858071762189436,
    0.009742277070935746,
    0.009649267831768437,
    0.009578543976786431,
    0.0093935149676456,
    0.00936027125138022,
    0.009264503246389525,
    0.00923822744843665,
    0.009051515473129598,
    0.009042662899759826,
    0.00888339847270469,
    0.008818411976378062,
    0.008859345521987154,
    0.008738812805617347,
    0.008671250619859284,
    0.008620488977108555,
    0.008562453377168723,
    0.008527059652162402,
    0.008447834245218767,
    0.00838506876138712,
    0.008391659141758854,
    0.00836580858499593,
    0.008326667580711707,
    0.008264059403192685,
    0.00827181955959913,
    0.00823136871813165,
    0.008180164184407349,
    0.008148547471239326,
    0.008089808349529009,
    0.008158127927266704,
    0.008048887291316236,
    0.00799048019482402,
    0.007986479937639577,
    0.007909672299909234,
    0.007973097836815017,
    0.007916712317239033,
    0.00791484024724487,
    0.007895513099342695,
    0.007869558820452137,
    0.00783132914495602,
    0.007832982769228992,
    0.007794659089450533,
    0.00770933155933123,
    0.007817944344342425,
    0.007689657603645146,
    0.007644428121630619,
    0.007662212022681361,
    0.007671626800957244,
    0.007563471208127697,
    0.007630710549345623,
    0.00761542266953304,
    0.007571844516621993,
    0.007647317746995987,
    0.007634361717529065,
    0.007571904023599982,
    0.007584445806366674,
    0.007518997785638781,
    0.007470424409104644,
    0.007477717732222339,
    0.007469552977198965,
    0.007405431599317865,
    0.007417667245541173,
    0.007449633508139335,
    0.007406285667464082,
    0.007379223219352715,
    0.007352980753678954,
    0.00743964763030354,
    0.007309243020214392,
    0.0073722833662890315,
    0.007378403209010314,
    0.007322836060369952,
    0.0072460621316334725,
    0.007301264215776983,
    0.007323839377318875,
    0.0073417326093612985,
    0.007273894591668572,
    0.007287267532743765,
    0.007282365176282572,
    0.0072973727454406934,
    0.007152993427345369,
    0.007230497764123513,
    0.007199106200803978,
    0.007156769343920415,
    0.007172030518842994,
    0.007188343865036518,
    0.007160218760427018,
    0.007093631937988242,
    0.007157165285074309,
    0.007165213384096989,
    0.007132707268334507,
    0.007143330024311159,
    0.00706562383121319,
    0.007094195300943396,
    0.007172591049461329,
    0.007135784825526373,
    0.007126701953873205,
    0.007146324404281624,
    0.007135155997919232,
    0.007089783482895361,
    0.007092940038565393,
    0.00703459641850843,
    0.007040184751599469,
    0.0070072703747155515,
    0.0070863106682171086,
    0.007024040947971719,
    0.006988269978024987,
    0.007026870319905799,
    0.007005327761396487,
    0.0070520621979058016,
    0.006990097191059187,
    0.0069825696281056275,
    0.007045980187112026,
    0.007064921600039532,
    0.006997807983881079,
    0.006982195780574159,
    0.006882769547486573,
    0.006947370469291112,
    0.006899571018328381,
    0.007006238650684053,
    0.006917289901203877,
    0.006901284003079161,
    0.006945246565487054,
    0.006958297129427449,
    0.006885702515976705,
    0.006861202676923534,
    0.006822336039572173,
    0.006904693320393562,
    0.006881309296475367,
    0.006863331903567475,
    0.006903242396560501,
    0.006952703703711096,
    0.006888350485806608,
    0.006893702988488398,
    0.006888449143213726,
    0.006772218697638101,
    0.006813426700870643,
    0.006914810064747539,
    0.006886134028769611,
    0.006804337215780765,
    0.006803618311491352,
    0.006837515969680489,
    0.006812966508923398,
    0.00678204143008266,
    0.006793506694643685,
    0.006829845603932155,
    0.006762435701623392,
    0.006761190854710586,
    0.006821877668412884,
    0.0067876074811939,
    0.006776021151674375,
    0.006752669818224978,
    0.006765508389428313,
    0.006718535373887319,
    0.006820619315578697,
    0.0067312406787599964,
    0.006727439801344711,
    0.006767229306117425,
    0.006790952226809794,
    0.006759870364871364,
    0.006747648022259666,
    0.006684245004524452,
    0.006715231180916565,
    0.006814082784487514,
    0.0066798302774014095,
    0.006758623550670423,
    0.006706413928042637,
    0.006694891298196735,
    0.006761749515707573,
    0.006816504983587212,
    0.006619249564710628
  ]
}