{
  "times": {
    "training": 70.4864890575409,
    "evaluation": 1.0741841793060303
  },
  "metrics": {
    "mean_rank": {
      "worst": 49.55260707635009,
      "best": 49.55260707635009,
      "avg": 49.55260707635009
    },
    "mean_reciprocal_rank": {
      "worst": 0.04658386506819914,
      "best": 0.04658386506819914,
      "avg": 0.04658386506819914
    },
    "hits_at_k": {
      "worst": {
        "1": 0.006517690875232775,
        "3": 0.024208566108007448,
        "5": 0.04236499068901303,
        "10": 0.08286778398510242
      },
      "best": {
        "1": 0.006517690875232775,
        "3": 0.024208566108007448,
        "5": 0.04236499068901303,
        "10": 0.08286778398510242
      },
      "avg": {
        "1": 0.006517690875232775,
        "3": 0.024208566108007448,
        "5": 0.04236499068901303,
        "10": 0.08286778398510242
      }
    },
    "adjusted_mean_rank": 1.0285800575760837
  },
  "losses": [
    0.018308724133709396,
    0.01822034339333295,
    0.018143903729174467,
    0.0181174028232303,
    0.018056053347355418,
    0.01795598445983415,
    0.01795642970876301,
    0.017888116423556866,
    0.017770870348040976,
    0.017796391070112307,
    0.017720507604352544,
    0.017684563547930913,
    0.017633892121386437,
    0.01753783823175823,
    0.017472719766673972,
    0.017431414473369326,
    0.017378568984149547,
    0.017298482609598823,
    0.01724584266710817,
    0.01721764760517449,
    0.017114649607001174,
    0.017087455657537512,
    0.01700644496451603,
    0.017003318287906577,
    0.016902722222974686,
    0.01689929428618499,
    0.016790625921795876,
    0.01678428254770429,
    0.016711113381475098,
    0.0166924036620708,
    0.016564125425360177,
    0.016567435827148095,
    0.016545957282241366,
    0.01645611220977726,
    0.016433857799915786,
    0.01636864197499743,
    0.016245476399244885,
    0.01618318778745244,
    0.016182047095191613,
    0.01617344251174605,
    0.016123483131887315,
    0.01606016762359312,
    0.015945209043749263,
    0.01590508847647392,
    0.015931106266680727,
    0.01584177854913897,
    0.01575238715285219,
    0.01570206434092718,
    0.015728973103373237,
    0.015614624661899237,
    0.015573359830549147,
    0.015513533035690865,
    0.01550411633896024,
    0.015434483380130168,
    0.015361707504099228,
    0.015320388537444425,
    0.015342443176869596,
    0.01521824308660593,
    0.01518205517016993,
    0.01515442995208033,
    0.01513070696860217,
    0.01503444030490261,
    0.015052063383636403,
    0.014966159333450517,
    0.014928234008590826,
    0.014910858389590116,
    0.014884788473223925,
    0.014776366563995233,
    0.014700153263543875,
    0.01463642574093315,
    0.01464257746488414,
    0.014599071766776538,
    0.01459489358163505,
    0.014494905338974927,
    0.014433483785011348,
    0.01443337116125371,
    0.014348041363869713,
    0.014388596353012971,
    0.014289380459303266,
    0.014229224750611665,
    0.014218642610065946,
    0.014145519961132093,
    0.014062614811493663,
    0.014044666334930877,
    0.014009689737794997,
    0.013975803325238746,
    0.013943846613057097,
    0.013916366918479904,
    0.013789271314938864,
    0.013810815882593504,
    0.013752500299880567,
    0.013706080336472515,
    0.01366966591680541,
    0.01367451526810614,
    0.01361614881494965,
    0.013521911611271262,
    0.013502174465174085,
    0.013508359200499032,
    0.013382911570509722,
    0.013333510202861457,
    0.013306692884432689,
    0.013294243968827894,
    0.013256393707870098,
    0.013235293300857258,
    0.013157780976331189,
    0.013106548830811004,
    0.013012344443172997,
    0.013066049567545845,
    0.012948673344060276,
    0.01296932322813777,
    0.012906569359677562,
    0.012900193978784683,
    0.012806722343191225,
    0.012809246080868253,
    0.012770907820833757,
    0.01272408315416579,
    0.012615759386105483,
    0.012600552499963997,
    0.012578405300329687,
    0.012583157403415509,
    0.012551011999001663,
    0.012495632726378209,
    0.012460088741020317,
    0.012399726927503664,
    0.012327786437357857,
    0.012325947427571043,
    0.012247153714801489,
    0.012258137823937091,
    0.012219322977887557,
    0.012189217581507865,
    0.012192205878232748,
    0.012113637747836024,
    0.012044157149193439,
    0.012039885538794128,
    0.011982363652200734,
    0.011925705726003825,
    0.0119261107362165,
    0.011837623818090346,
    0.011865268597442113,
    0.011847369930940621,
    0.011762032822500008,
    0.011672542726948914,
    0.011709008547250698,
    0.0115923634294267,
    0.011597037008415894,
    0.011578671104006106,
    0.011530557263656501,
    0.011532609521896204,
    0.011491082134318263,
    0.011417678651515018
  ]
}