{
  "times": {
    "training": 11668.10683131218,
    "evaluation": 12.453295469284058
  },
  "metrics": {
    "mean_rank": {
      "avg": 7124.800689891379,
      "best": 7124.790096878364,
      "worst": 7124.811282904394
    },
    "mean_reciprocal_rank": {
      "avg": 0.0007019521716698589,
      "best": 0.0007019552325095508,
      "worst": 0.000701949124789803
    },
    "hits_at_k": {
      "avg": {
        "1": 2.4464233290928664e-05,
        "3": 0.0001957138663274293,
        "5": 0.0003669634993639299,
        "10": 0.0008073196986006459
      },
      "best": {
        "1": 2.4464233290928664e-05,
        "3": 0.0001957138663274293,
        "5": 0.0003669634993639299,
        "10": 0.0008073196986006459
      },
      "worst": {
        "1": 2.4464233290928664e-05,
        "3": 0.0001957138663274293,
        "5": 0.0003669634993639299,
        "10": 0.0008073196986006459
      }
    },
    "adjusted_mean_rank": 0.9971657816455095
  },
  "losses": [
    3.408530883828555e-05,
    3.408635327789434e-05,
    3.4084647388901324e-05,
    3.408425833872454e-05,
    3.408584773229113e-05,
    3.408414998752547e-05,
    3.408374526484392e-05,
    3.40838611505421e-05,
    3.40839110860416e-05,
    3.408366790401652e-05,
    3.408301359716325e-05,
    3.408290899765945e-05,
    3.408252486886069e-05,
    3.408258838636809e-05,
    3.408268347908853e-05,
    3.4084758384330054e-05,
    3.408263021497052e-05,
    3.408278855766453e-05,
    3.408245947239481e-05,
    3.408209247198256e-05,
    3.408206888545396e-05,
    3.408156820523332e-05,
    3.4081673489125974e-05,
    3.408185175375736e-05,
    3.4081380888003904e-05,
    3.408124538523247e-05,
    3.408203449802489e-05,
    3.408064243243014e-05,
    3.408036843424147e-05,
    3.407995314086298e-05,
    3.408025873292985e-05,
    3.407993814652535e-05,
    3.40803557108305e-05,
    3.407930977800966e-05,
    3.4080422843155386e-05,
    3.4082571245538146e-05,
    3.407874729125376e-05,
    3.407882467696803e-05,
    3.4078460582097555e-05,
    3.407932705571737e-05,
    3.4078219403465314e-05,
    3.4079377930696114e-05,
    3.407848350290246e-05,
    3.408161589469303e-05,
    3.4078137575445205e-05,
    3.4078246915897255e-05,
    3.407787246808993e-05,
    3.407734255202178e-05,
    3.407686896737805e-05,
    3.407795295221919e-05,
    3.4076840658566356e-05,
    3.40766515557042e-05,
    3.40767724685496e-05,
    3.4076909607632566e-05,
    3.4076176073436833e-05,
    3.407575605155353e-05,
    3.407584105887095e-05,
    3.4076551597601176e-05,
    3.40758875475393e-05,
    3.407521892451554e-05,
    3.4074826054204605e-05,
    3.4075086289955583e-05,
    3.407462743211566e-05,
    3.4074504932732466e-05,
    3.407518880518424e-05,
    3.407462190723109e-05,
    3.407386154499227e-05,
    3.407394778420963e-05,
    3.407393577007438e-05,
    3.4073717767337425e-05,
    3.407345022729086e-05,
    3.407437499839762e-05,
    3.4074478558874704e-05,
    3.4073081291924666e-05,
    3.4072751360501454e-05,
    3.4072972449209965e-05,
    3.407261663544463e-05,
    3.407239248565142e-05,
    3.407223417406599e-05,
    3.407210474369022e-05,
    3.407238397434276e-05,
    3.407196109046971e-05,
    3.407172264317116e-05,
    3.407164210304644e-05,
    3.407198509385334e-05,
    3.407190701130678e-05,
    3.407148197471969e-05,
    3.4070574879510516e-05,
    3.407084114410513e-05,
    3.407054760350382e-05,
    3.407177384167917e-05,
    3.407016693397964e-05,
    3.406982745222105e-05,
    3.4070724144719636e-05,
    3.406938826122811e-05,
    3.4069463848866206e-05,
    3.4069276425867604e-05,
    3.406914555827523e-05,
    3.406863591878232e-05,
    3.406967053430019e-05,
    3.406823446250212e-05,
    3.406813737883228e-05,
    3.406797206159367e-05,
    3.406771892482162e-05,
    3.4067819175345345e-05,
    3.406941300499605e-05,
    3.406869953583718e-05,
    3.406715663716067e-05,
    3.4067994098914776e-05,
    3.4067042599312394e-05,
    3.406762090789426e-05,
    3.406741344474566e-05,
    3.4066325166919895e-05,
    3.406766685527325e-05,
    3.4066430793006975e-05,
    3.406586165523576e-05,
    3.406597159297262e-05,
    3.406624934907827e-05,
    3.406543436016545e-05,
    3.406576858457329e-05,
    3.406519448809374e-05,
    3.406497321895544e-05,
    3.406470386216755e-05,
    3.406567822657938e-05,
    3.406465762858958e-05,
    3.406433213947221e-05,
    3.40650296001536e-05,
    3.406382516909582e-05,
    3.406378566119378e-05,
    3.406364277946616e-05,
    3.4063352978116675e-05,
    3.4063670932734936e-05,
    3.406349407421156e-05,
    3.4063170470274394e-05,
    3.406280806148918e-05,
    3.4063066082308966e-05,
    3.406291134821073e-05,
    3.406232649438273e-05,
    3.4062735006089846e-05,
    3.4061971078807275e-05,
    3.406208165738097e-05,
    3.406180054154822e-05,
    3.4061721295540614e-05,
    3.4062800688754706e-05,
    3.406110426299303e-05,
    3.406108603336264e-05,
    3.406084274556838e-05,
    3.406124844505948e-05,
    3.406113634216515e-05,
    3.406031501332284e-05
  ]
}