{
  "times": {
    "training": 7207.696327447891,
    "evaluation": 0.4680807590484619
  },
  "metrics": {
    "mean_rank": {
      "best": 2.7472067039106145,
      "worst": 2.7472067039106145,
      "avg": 2.7472067039106145
    },
    "mean_reciprocal_rank": {
      "best": 0.6376634918910862,
      "worst": 0.6376634918910862,
      "avg": 0.6376634918910862
    },
    "hits_at_k": {
      "best": {
        "1": 0.4408752327746741,
        "3": 0.7988826815642458,
        "5": 0.9208566108007449,
        "10": 0.9799813780260708
      },
      "worst": {
        "1": 0.4408752327746741,
        "3": 0.7988826815642458,
        "5": 0.9208566108007449,
        "10": 0.9799813780260708
      },
      "avg": {
        "1": 0.4408752327746741,
        "3": 0.7988826815642458,
        "5": 0.9208566108007449,
        "10": 0.9799813780260708
      }
    },
    "adjusted_mean_rank": 0.057298532889174296
  },
  "losses": [
    0.029904480891874276,
    0.009431940659074886,
    0.006645915643503883,
    0.004882496871029756,
    0.0040222335683551625,
    0.0033213763066335523,
    0.0030809199498104778,
    0.002918119596475247,
    0.0028990862739781678,
    0.0027897952954862126,
    0.002717845700201596,
    0.002698754632107788,
    0.0027073660522284274,
    0.0026551032431680038,
    0.0025731649962454435,
    0.00253726322954252,
    0.00259823717694897,
    0.002544863578232968,
    0.0025523707918318735,
    0.002579928578199358,
    0.0025711500836703718,
    0.002496841888131804,
    0.002528551450585214,
    0.0025797235455288993,
    0.0024962179423379627,
    0.0024585451477090394,
    0.0024437512046995846,
    0.002466234424079974,
    0.002456214006319607,
    0.0024191142606622214,
    0.00241002859994647,
    0.002436203765573873,
    0.00244588165773752,
    0.0024414480187928424,
    0.0024251868136921264,
    0.0024218161713352865,
    0.002456084708901199,
    0.0024346267297202964,
    0.0024396414263130337,
    0.0024733621838994406,
    0.0024224589385871847,
    0.0024117838467291666,
    0.002373052394490215,
    0.002374887645195765,
    0.0023766547100956825,
    0.0023816648308468513,
    0.0023188786253059276,
    0.0023470702609448427,
    0.0023574642094736395,
    0.0023634041473574673,
    0.002333016682539156,
    0.0023348004507486907,
    0.00228569472765843,
    0.0023585618954293135,
    0.002351861621664352,
    0.0023470263209190456,
    0.00228062552667645,
    0.00228806396596193,
    0.0023503045372495757,
    0.0023047666034656,
    0.0023306923016316295,
    0.0023100335091659416,
    0.0023729384128808317,
    0.0023121426562379265,
    0.0023068024657844576,
    0.0023309755582041508,
    0.002318778284345771,
    0.002314864590455349,
    0.002295354691099494,
    0.002310142175783665,
    0.002245311648955513,
    0.002273186397183275,
    0.002302371767198681,
    0.002319879043753144,
    0.00228101230502889,
    0.0023408046150091713,
    0.0022520503424472535,
    0.002277458280090361,
    0.002276301260362641,
    0.0022873849678202098,
    0.002286471322934014,
    0.002250536655277286,
    0.0022831678550519494,
    0.0023147708939977884,
    0.0022811779243547175,
    0.0022765673498173107,
    0.002221097717321502,
    0.0022596616450782643,
    0.002265987033111633,
    0.002251197114824021,
    0.002291548256705644,
    0.00229836997895655,
    0.0022641547566649507,
    0.002258387462376383,
    0.002312964061602134,
    0.002204645511956732,
    0.002230078387222417,
    0.002271150438396665,
    0.0022852381600646046,
    0.0022502906169447603,
    0.002255623216639632,
    0.0022551811027492325,
    0.002215278828917734,
    0.0022434681007151985,
    0.0021917614109172355,
    0.0022209000010488117,
    0.0022296797724402325,
    0.0022527450793845692,
    0.002275847974634461,
    0.002216184585248835,
    0.0022214727172338534,
    0.0022714148541085758,
    0.002265264767166297,
    0.0022443570529088056,
    0.0022142755774796803,
    0.0022390023619895767,
    0.0022560560872842824,
    0.0022225209452082797,
    0.0022546344266442253,
    0.0022290084159615614,
    0.002215239388322325,
    0.0022495011432787006,
    0.002185184171306465,
    0.0021783125376758734,
    0.0022437909422032467,
    0.0022498461868472692,
    0.0022230071049664964,
    0.002212848213796891,
    0.0022088719877651594,
    0.0022098432911545987,
    0.0022040794291014673,
    0.0022318671706650574,
    0.0021655377835970136,
    0.0022139056859980947,
    0.0021970703098478234,
    0.002185977396914083,
    0.0022571429431269274,
    0.0022339750887269733,
    0.0022386913502820825,
    0.0022373591470776287,
    0.0021706900008028017,
    0.0022436710719188346,
    0.00219968108280234,
    0.0022479147572473236,
    0.002223004399291292,
    0.0022011695018523,
    0.0021909170404507358,
    0.0021954338704057086,
    0.0022205954481026137,
    0.0021984208793133456,
    0.0022142277483319104,
    0.0022077807021451145,
    0.0021819771752101527,
    0.002167707834848855,
    0.002179893055797314,
    0.002190069455155503,
    0.002243569443522942,
    0.0021778157619412376,
    0.00217177579909727,
    0.0021875230925203883,
    0.0022154663241867757,
    0.0021679431389910885,
    0.0021751502408120216,
    0.00221475838032361,
    0.0021961967037661062,
    0.0021916539341774646,
    0.002203548636221177,
    0.002172498892049204,
    0.0021910400682282442,
    0.0021874837779870767,
    0.002205856620117827,
    0.002193393075859614,
    0.0021844238190748644,
    0.0022054292837790936,
    0.0021673296685051522,
    0.0021814304091775797,
    0.0021523777073927655,
    0.002170362800498378,
    0.0022134326300487857,
    0.0021832272312725973,
    0.002147322381961714,
    0.0021723357408808034,
    0.0021804056292982275,
    0.0021901619886588795,
    0.0021591777868581108,
    0.0021544575815704695,
    0.0021536170661079694,
    0.002182791041156228,
    0.002173765824845214,
    0.002150912056312973,
    0.0021402269158397247,
    0.002212634994338828,
    0.002160049641150842,
    0.0021688005520067483,
    0.0021334971683422514,
    0.0021649328121925923,
    0.002153332982801358,
    0.002171282203037864,
    0.0021641101572167283,
    0.0021776820215560523,
    0.0021718797440272632,
    0.002140971437604114,
    0.0021627678687174976,
    0.0021628317382179677,
    0.0021395016311622516,
    0.002194329389577648,
    0.002148396473976152,
    0.0021447033617228673,
    0.002156981222234729,
    0.0021632676995368082,
    0.0021450087171499634,
    0.002162179102478479,
    0.0021885451066093204,
    0.002119752947412857,
    0.0021682735064898857,
    0.0022140366122499807,
    0.0021532746893549964,
    0.0021493307989324385,
    0.0021598776999716247,
    0.0021672364748789395,
    0.0020940774140010975,
    0.0022005549449323632,
    0.002150701518712935,
    0.0021560597263995127,
    0.0021461029860761352,
    0.0021286713438368426,
    0.0021439470537791675,
    0.0021314077824441374,
    0.0021384223317422236,
    0.0021422217655748177,
    0.002088440566786743,
    0.0021190948044002224,
    0.0021103137198483315,
    0.00213983804757065,
    0.002192634890555345,
    0.0021777105830960352,
    0.002136688636073473,
    0.002112269976650703,
    0.0021361877785538662,
    0.0021456800956472627,
    0.0021593933181631403,
    0.002127533316375053,
    0.0021179117520046787,
    0.0021176366971531876,
    0.002124285866172412,
    0.002133494500382123,
    0.002145654219507906,
    0.0020957801730610947,
    0.0021513740614724558,
    0.0021340942579497714,
    0.00212056283594444,
    0.0021216309516453482,
    0.0020858666478928306,
    0.00211782732026648,
    0.002124045628222396,
    0.002118891759074471,
    0.002139325527372257,
    0.0021478147422528586,
    0.002134159800974994,
    0.0021016080016819654,
    0.002107745555555622,
    0.0021462406471941956,
    0.0021359861636759316,
    0.0021281505396200714,
    0.002121523514092195,
    0.0021458487336507262,
