{
  "times": {
    "training": 604.3724851608276,
    "evaluation": 4.750793218612671
  },
  "metrics": {
    "arithmetic_mean_rank": {
      "head": {
        "realistic": 8368.989056087552,
        "pessimistic": 8368.990766073872,
        "optimistic": 8368.98734610123
      },
      "both": {
        "realistic": 7403.44006497948,
        "pessimistic": 7403.441518467852,
        "optimistic": 7403.438611491108
      },
      "tail": {
        "realistic": 6437.891073871409,
        "pessimistic": 6437.892270861833,
        "optimistic": 6437.889876880985
      }
    },
    "geometric_mean_rank": {
      "head": {
        "realistic": 160.60140112814253,
        "pessimistic": 160.6014176152274,
        "optimistic": 160.60138464048794
      },
      "both": {
        "realistic": 126.63782065929513,
        "pessimistic": 126.63783384657401,
        "optimistic": 126.6378074714377
      },
      "tail": {
        "realistic": 99.85677278456563,
        "pessimistic": 99.85678333036047,
        "optimistic": 99.85676223821261
      }
    },
    "median_rank": {
      "head": {
        "realistic": 482.0,
        "pessimistic": 482.0,
        "optimistic": 482.0
      },
      "both": {
        "realistic": 209.5,
        "pessimistic": 209.5,
        "optimistic": 209.5
      },
      "tail": {
        "realistic": 94.5,
        "pessimistic": 94.5,
        "optimistic": 94.5
      }
    },
    "harmonic_mean_rank": {
      "head": {
        "realistic": 2.5385686087402792,
        "pessimistic": 2.5385686087861483,
        "optimistic": 2.5385686086944075
      },
      "both": {
        "realistic": 2.5220896540577242,
        "pessimistic": 2.5220896541159923,
        "optimistic": 2.52208965399945
      },
      "tail": {
        "realistic": 2.505823263674416,
        "pessimistic": 2.5058232637447606,
        "optimistic": 2.5058232636040625
      }
    },
    "inverse_arithmetic_mean_rank": {
      "head": {
        "realistic": 0.00011948874509193031,
        "pessimistic": 0.00011948872067750268,
        "optimistic": 0.00011948876950636796
      },
      "both": {
        "realistic": 0.00013507234356232634,
        "pessimistic": 0.00013507231704410773,
        "optimistic": 0.0001350723700805554
      },
      "tail": {
        "realistic": 0.00015533036960792388,
        "pessimistic": 0.00015533034072751442,
        "optimistic": 0.00015533039848834412
      }
    },
    "inverse_geometric_mean_rank": {
      "head": {
        "realistic": 0.006226595739361628,
        "pessimistic": 0.00622659510014926,
        "optimistic": 0.006226596378596215
      },
      "both": {
        "realistic": 0.007896535132978858,
        "pessimistic": 0.007896534310682648,
        "optimistic": 0.007896535955311318
      },
      "tail": {
        "realistic": 0.010014343265002503,
        "pessimistic": 0.010014342207395738,
        "optimistic": 0.010014344322665469
      }
    },
    "inverse_harmonic_mean_rank": {
      "head": {
        "realistic": 0.3939227785914491,
        "pessimistic": 0.39392277858433133,
        "optimistic": 0.3939227785985673
      },
      "both": {
        "realistic": 0.39649661081283377,
        "pessimistic": 0.39649661080367343,
        "optimistic": 0.396496610821995
      },
      "tail": {
        "realistic": 0.3990704430342183,
        "pessimistic": 0.3990704430230154,
        "optimistic": 0.3990704430454226
      }
    },
    "inverse_median_rank": {
      "head": {
        "realistic": 0.002074688796680498,
        "pessimistic": 0.002074688796680498,
        "optimistic": 0.002074688796680498
      },
      "both": {
        "realistic": 0.00477326968973747,
        "pessimistic": 0.00477326968973747,
        "optimistic": 0.00477326968973747
      },
      "tail": {
        "realistic": 0.010582010582010581,
        "pessimistic": 0.010582010582010581,
        "optimistic": 0.010582010582010581
      }
    },
    "rank_std": {
      "head": {
        "realistic": 11884.939233062181,
        "pessimistic": 11884.940838998516,
        "optimistic": 11884.937627197318
      },
      "both": {
        "realistic": 11408.311791589565,
        "pessimistic": 11408.313072015104,
        "optimistic": 11408.310511227404
      },
      "tail": {
        "realistic": 10825.100719448425,
        "pessimistic": 10825.101609343974,
        "optimistic": 10825.099829607958
      }
    },
    "rank_var": {
      "head": {
        "realistic": 141251780.57358065,
        "pessimistic": 141251818.74649477,
        "optimistic": 141251742.40237063
      },
      "both": {
        "realistic": 130149577.93412152,
        "pessimistic": 130149607.1491107,
        "optimistic": 130149548.72058168
      },
      "tail": {
        "realistic": 117182805.5862028,
        "pessimistic": 117182824.85262151,
        "optimistic": 117182786.32097822
      }
    },
    "hits_at_k": {
      "head": {
        "realistic": {
          "1": 0.3847469220246238,
          "3": 0.39705882352941174,
          "5": 0.4018467852257182,
          "10": 0.4117647058823529
        },
        "pessimistic": {
          "1": 0.3847469220246238,
          "3": 0.39705882352941174,
          "5": 0.4018467852257182,
          "10": 0.4117647058823529
        },
        "optimistic": {
          "1": 0.3847469220246238,
          "3": 0.39705882352941174,
          "5": 0.4018467852257182,
          "10": 0.4117647058823529
        }
      },
      "both": {
        "realistic": {
          "1": 0.38372093023255816,
          "3": 0.4003077975376197,
          "5": 0.40868673050615595,
          "10": 0.4225376196990424
        },
        "pessimistic": {
          "1": 0.38372093023255816,
          "3": 0.4003077975376197,
          "5": 0.40868673050615595,
          "10": 0.4225376196990424
        },
        "optimistic": {
          "1": 0.38372093023255816,
          "3": 0.4003077975376197,
          "5": 0.40868673050615595,
          "10": 0.4225376196990424
        }
      },
      "tail": {
        "realistic": {
          "1": 0.38269493844049246,
          "3": 0.40355677154582764,
          "5": 0.4155266757865937,
          "10": 0.4333105335157319
        },
        "pessimistic": {
          "1": 0.38269493844049246,
          "3": 0.40355677154582764,
          "5": 0.4155266757865937,
          "10": 0.4333105335157319
        },
        "optimistic": {
          "1": 0.38269493844049246,
          "3": 0.40355677154582764,
          "5": 0.4155266757865937,
          "10": 0.4333105335157319
        }
      }
    },
    "adjusted_arithmetic_mean_rank": {
      "head": {
        "realistic": 0.4129153457045378
      },
      "both": {
        "realistic": 0.3651953408973974
      },
      "tail": {
        "realistic": 0.31749650502248433
      }
    },
    "adjusted_arithmetic_mean_rank_index": {
      "head": {
        "realistic": 0.5871136217397334
      },
      "both": {
        "realistic": 0.6348359741585714
      },
      "tail": {
        "realistic": 0.6825371555596771
      }
    }
  },