{
  "times": {
    "training": 3489.2470197677612,
    "evaluation": 13.099044561386108
  },
  "metrics": {
    "mean_rank": {
      "avg": 248.6751516782464,
      "worst": 248.67521283882962,
      "best": 248.67509051766316
    },
    "mean_reciprocal_rank": {
      "avg": 0.19721208059923603,
      "worst": 0.19721207264698012,
      "best": 0.19721208872073015
    },
    "hits_at_k": {
      "avg": {
        "1": 0.11473725413445543,
        "3": 0.21633721499168215,
        "5": 0.27492905372345633,
        "10": 0.36559350229963794
      },
      "worst": {
        "1": 0.11473725413445543,
        "3": 0.21633721499168215,
        "5": 0.27492905372345633,
        "10": 0.36559350229963794
      },
      "best": {
        "1": 0.11473725413445543,
        "3": 0.21633721499168215,
        "5": 0.27492905372345633,
        "10": 0.36559350229963794
      }
    },
    "adjusted_mean_rank": 0.03624616102569699
  },
  "losses": [
    0.00021076990878325153,
    0.00019612335897612317,
    0.0001723589021267441,
    0.00015109495959348662,
    0.00013660118480844717,
    0.00012757755952340813,
    0.00012179886432537814,
    0.00011792419276419122,
    0.00011510210922297887,
    0.00011304201700393634,
    0.00011149145995484734,
    0.00011024878018725897,
    0.00010927927772953,
    0.00010844761576000437,
    0.0001078064164864469,
    0.0001072501257180455,
    0.00010680765291639766,
    0.00010638483308111824,
    0.00010605614319916492,
    0.00010575504446475656,
    0.0001054860130795315,
    0.00010529918600242696,
    0.00010508457877630564,
    0.00010488689551396039,
    0.00010470532827812694,
    0.00010458048477764765,
    0.00010439314713032825,
    0.0001043247578913166,
    0.0001042094113697613,
    0.00010408357721233793,
    0.00010397188206506313,
    0.00010383757129207004,
    0.00010376786241245342,
    0.00010370603522965132,
    0.00010360555795112121,
    0.00010355022932990986,
    0.0001034561258650642,
    0.00010337866256958817,
    0.00010335826556860439,
    0.00010329438475748116,
    0.000103238894776886,
    0.00010315681623658662,
    0.00010306794246145868,
    0.00010307932104903872,
    0.00010298346054830589,
    0.00010300026193951626,
    0.00010291182276661621,
    0.00010282375544134109,
    0.00010281876991160003,
    0.00010275085062808508,
    0.0001027192748317584,
    0.00010265824574082304,
    0.0001026414352492043,
    0.00010259260120693176,
    0.00010258021989418183,
    0.00010254295174520297,
    0.00010252849170573463,
    0.00010247780975932305,
    0.00010247147327087467,
    0.00010241455510457438,
    0.00010234750117741163,
    0.00010234489675095722,
    0.00010231995461124709,
    0.00010230553521200546,
    0.0001022620412896713,
    0.00010221727114017323,
    0.00010219375912877659,
    0.00010218024151212005,
    0.0001021855205736949,
    0.0001020825233701417,
    0.00010208602709335269,
    0.0001020734471932042,
    0.00010204251260694276,
    0.00010202696389570863,
    0.00010202781342493118,
    0.00010200055895158573,
    0.0001019430409258899,
    0.00010192434564640278,
    0.00010193687470236323,
    0.00010189455857856566,
    0.00010188379276948075,
    0.00010188710503640813,
    0.00010186099388904445,
    0.0001017942876161554,
    0.0001018086646091433,
    0.0001017731043897082,
    0.00010175976673860846,
    0.00010174684026511844,
    0.0001017088014014354,
    0.00010169199257787369,
    0.00010166087513968362,
    0.00010165632722260912,
    0.00010165028674326672,
    0.00010160106897054852,
    0.00010160602844684516,
    0.00010164940164093109,
    0.00010158000732771539,
    0.00010158377068626046,
    0.00010156329491327261,
    0.00010152148864165316,
    0.0001015438805893298,
    0.00010151303128157511,
    0.00010147885254716808,
    0.00010148401586520015,
    0.00010148031233943093,
    0.00010145091812608471,
    0.00010139863789904993,
    0.00010146320269222187,
    0.00010139545074714898,
    0.00010141926403022394,
    0.00010142129648654186,
    0.00010137090372919746,
    0.00010139487118888243,
    0.00010137199120264886,
    0.00010135911107758238,
    0.00010130810116501832,
    0.00010129698495828556,
    0.0001013141289521109,
    0.00010125285091671162,
    0.00010131671885611595,
    0.00010129388054767138,
    0.00010127497731764445,
    0.0001012270337146665,
    0.00010122137785461229,
    0.00010124453313138075,
    0.0001012372705465657,
    0.00010121673028722662,
    0.00010123051476434487,
    0.00010119569314785827,
    0.00010116071420651258,
    0.00010118159086245165,
    0.00010118428195952813,
    0.00010118841903242248,
    0.00010114802661122858,
    0.00010116376746940279,
    0.00010110059337840773,
    0.00010113667112890161,
    0.00010112333903877632,
    0.00010107404609381009,
    0.0001010997171172236,
    0.00010107001883673825,
    0.0001010541839736676,
    0.00010106258978157455,
    0.00010103131174909722,
    0.00010105430579167171,
    0.00010100390345882859,
    0.00010104508916125168,
    0.00010103191246268214,
    0.00010103602950177942,
    0.0001010282546397077,
    0.00010098124793418284
  ]
}