{
  "times": {
    "training": 4327.026191234589,
    "evaluation": 21.854844331741333
  },
  "metrics": {
    "mean_rank": {
      "avg": 1954.6738759534323,
      "worst": 1954.6748293857888,
      "best": 1954.6729225210759
    },
    "mean_reciprocal_rank": {
      "avg": 0.05321662144679628,
      "worst": 0.053216619126907685,
      "best": 0.05321662378099403
    },
    "hits_at_k": {
      "avg": {
        "1": 0.01846647932557206,
        "3": 0.050682456844640705,
        "5": 0.07195905258932156,
        "10": 0.11641910879164993
      },
      "worst": {
        "1": 0.01846647932557206,
        "3": 0.050682456844640705,
        "5": 0.07195905258932156,
        "10": 0.11641910879164993
      },
      "best": {
        "1": 0.01846647932557206,
        "3": 0.050682456844640705,
        "5": 0.07195905258932156,
        "10": 0.11641910879164993
      }
    },
    "adjusted_mean_rank": 0.03483112100860431
  },
  "losses": [
    0.00020610190297574115,
    0.00016525222725299107,
    0.00014833844173392353,
    0.00014330565563083913,
    0.0001415509022725187,
    0.000140714709093958,
    0.00014020580937511087,
    0.00013980405987421625,
    0.0001393091786487722,
    0.00013882509599223453,
    0.00013843553184293301,
    0.00013809022409427,
    0.00013775978205862448,
    0.00013750147093405014,
    0.0001372737020251153,
    0.00013711575596025494,
    0.00013695487071972096,
    0.00013682259141486086,
    0.0001367213956920582,
    0.0001366294604302296,
    0.00013651182372957277,
    0.00013642462723652518,
    0.0001363494803387992,
    0.00013629834462143526,
    0.0001362251355450149,
    0.00013618090450476765,
    0.00013613938907188535,
    0.00013606738943153977,
    0.00013602683496817007,
    0.00013600462447635483,
    0.00013596329292630887,
    0.0001359154541043127,
    0.0001358715048127933,
    0.00013587153292508031,
    0.00013582772499066907,
    0.00013580924720531018,
    0.00013578109151595944,
    0.00013576117263155248,
    0.0001357326154821778,
    0.00013572016014875475,
    0.0001356924116470329,
    0.0001356686800601767,
    0.0001356618602089229,
    0.00013562349949160126,
    0.0001356059652356816,
    0.00013559225603127192,
    0.00013559004237257636,
    0.00013557531685363586,
    0.0001355500854124319,
    0.00013554426842786414,
    0.00013551854745987585,
    0.00013551132229549088,
    0.00013548081649049538,
    0.0001354936328068429,
    0.00013546401289888377,
    0.0001354494505580734,
    0.00013544270207771708,
    0.0001354176110550508,
    0.00013541746404888006,
    0.00013541243573161803,
    0.00013540090027052264
  ]
}