{
  "times": {
    "training": 253.41192388534546,
    "evaluation": 0.283261775970459
  },
  "metrics": {
    "mean_rank": {
      "best": 7.216014897579144,
      "avg": 7.216014897579144,
      "worst": 7.216014897579144
    },
    "mean_reciprocal_rank": {
      "best": 0.4413499317548709,
      "avg": 0.4413499317548709,
      "worst": 0.4413499317548709
    },
    "hits_at_k": {
      "best": {
        "1": 0.2639664804469274,
        "3": 0.5321229050279329,
        "5": 0.6550279329608939,
        "10": 0.8151769087523277
      },
      "avg": {
        "1": 0.2639664804469274,
        "3": 0.5321229050279329,
        "5": 0.6550279329608939,
        "10": 0.8151769087523277
      },
      "worst": {
        "1": 0.2639664804469274,
        "3": 0.5321229050279329,
        "5": 0.6550279329608939,
        "10": 0.8151769087523277
      }
    },
    "adjusted_mean_rank": 0.1516883188296713
  },
  "losses": [
    0.03853621828559868,
    0.03699978149496911,
    0.03633196123184696,
    0.035779737657116305,
    0.03528727208871272,
    0.034849497960497876,
    0.03440652218005102,
    0.03400942312951516,
    0.033596494334149914,
    0.033261773533731255,
    0.03292377533451203,
    0.032572418536975414,
    0.03229186497569198,
    0.0319741857352633,
    0.031610927426445716,
    0.03131187841634102,
    0.031104457450727804,
    0.03071923996076459,
    0.030525770327489776,
    0.03026342232057516,
    0.02996315616496795,
    0.02974625221649628,
    0.02951433459854248,
    0.029231071319872487,
    0.02897262550397865,
    0.028721380066239616,
    0.028491473205551787,
    0.028301537132080428,
    0.028047983351701063,
    0.02781780350135942,
    0.027599317126668556,
    0.027363993496378556,
    0.027128547420519983,
    0.026875613102018928,
    0.026592044470904925,
    0.026394703943331148,
    0.026229677623698825,
    0.02591099612669456,
    0.025767210686560904,
    0.02553409808209741,
    0.025254079610994545,
    0.025029286147306158,
    0.024804956880250854,
    0.024574927040960263,
    0.02436681183638644,
    0.02412188445291973,
    0.023863516688461085,
    0.02374099124090925,
    0.023497462919899847,
    0.02317269843670173,
    0.023057722047813707,
    0.022881728168951745,
    0.022611981952049526,
    0.022407315783285933,
    0.02214874013549259,
    0.02195278260320263,
    0.02172769566611793,
    0.021561353741953147,
    0.02143582761649391,
    0.021127662503350013,
    0.021020639060747505,
    0.02083229378974693,
    0.020660173470354887,
    0.020471197619905717,
    0.020247627012800463,
    0.020109184402811835,
    0.019965747414743964,
    0.019771260980674915,
    0.019576573059681468,
    0.019482483082554736,
    0.019258036547977298,
    0.01915901387244206,
    0.018957449734230004,
    0.018864511720138935,
    0.018729472609611032,
    0.018607487811024902,
    0.01839257771502056,
    0.018357829368369567,
    0.018205787913938638,
    0.018037548235756488,
    0.0179477291570156,
    0.017814906250360637,
    0.017687786695333534,
    0.01755740870229355,
    0.01750813940012276,
    0.01739501774177807,
    0.01733494612097702,
    0.017142519940206016,
    0.017065678606852677,
    0.017016313701192245,
    0.016888997418474595,
    0.016808860410862707,
    0.016764689923398832,
    0.01660112925742389,
    0.016504388120523926,
    0.01642145565316838,
    0.01637981677352335,
    0.016274355197249797,
    0.016192298010110625,
    0.0161210038874409,
    0.016072137597192785,
    0.01595640456626987,
    0.015883635119179573,
    0.015796457795965828,
    0.015758299058483492,
    0.015648862532022013,
    0.015638613693251924,
    0.015550796652860589,
    0.015461005824931854,
    0.015417018130121807,
    0.015336760923299726,
    0.015329591499201904,
    0.015247354755687927,
    0.01522720533984418,
    0.01513300266405981,
    0.015125002315805118,
    0.015039815532631937,
    0.015012572535841049,
    0.01491451887839216,
    0.014859651536920208,
    0.014875195689644535,
    0.01478971684180826,
    0.014703456375477833,
    0.014686041653479908,
    0.014637930520385723,
    0.01459561046111778,
    0.014569177790519644,
    0.014516043609721483,
    0.014443275875955373,
    0.014421825590167171,
    0.014369826429532153,
    0.014317547273651093,
    0.014258778350340296,
    0.014235044051115218,
    0.014260592227620234,
    0.014203297676883235,
    0.01413314778825339,
    0.014134353016634332,
    0.014074780810796883,
    0.014055236426834403,
    0.014029153388592048,
    0.0139232953491016,
    0.013924057397626147,
    0.013904883891239367,
    0.013882456211113238,
    0.013850031170133812,
    0.013835929369857919,
    0.013780416029019693,
    0.013761297387080769,
    0.013736011082659283,
    0.013665748838036633,
    0.013695598828910601,
    0.013634553316567736,
    0.01360773115027107,
    0.013612665523929894,
    0.013516443828849586,
    0.01353089126372482,
    0.01346970868544699,
    0.013515154228770896,
    0.013486561360963805,
    0.013430916398754138,
    0.01342830624453978,
    0.013381342086804176,
    0.013411736229439964,
    0.01336910628693738,
    0.013330288414603337,
    0.013305884091399493,
    0.01324036638411574,
    0.013232806017512295,
    0.013257429988876922,
    0.013251434610659838,
    0.013211978429881425,
    0.013199880952387335,
    0.01310626552798656,
    0.013144236675507343,
    0.013115006374954911,
    0.01312023616377746,
    0.013070306736834321,
    0.013063898409414276,
    0.013002368407065173,
    0.013050592391112482,
    0.012978447583946928,
    0.012985571395547502,
    0.012938408758723291,
    0.012996290827360979,
    0.012921609462773369,
    0.012956531883161771,
    0.012903583959739683,
    0.0128934166752009,
    0.01290253529111557,
    0.012892431285350097,
    0.012808845584592816,
    0.012809948927295433,
    0.012835162548697517,
    0.012792122322162931,
    0.012775923641525263,
    0.012779602376998175,
    0.012758353083174056,
    0.01275904937812369,
    0.012721757468458411,
    0.012762871157129289,
    0.01274503781292165,
    0.0127268841151649,
    0.01271696278783164,
    0.012715971153866022,
    0.012675196741458061,
    0.012683890986008525,
    0.012580340908419701,
    0.012628578332543411,
    0.012625584546006628,
    0.012649097445672863,
    0.012638853899170818,
    0.01260165527048906,
    0.012565728309092831,
    0.012554454712089507,
    0.012532519517482488,
    0.012564971819353423,
    0.012540807513831256,
    0.012551162997513524,
    0.012540494622760823,
    0.01249414444426613,
    0.012530087853574555,
    0.012502852738074928,
    0.012473775608704822,
    0.01244525850790067,
    0.012455305364786036,
    0.012457428173453843,
    0.012400047195030073,
    0.012409997001618708,
    0.012417368597970607,
    0.012431264494753081,
    0.01247106775693793,
    0.012371623679800409,
    0.012402704751213607,
    0.012426829003023667,
    0.012361841055578563,
    0.012337775132938605,
    0.01237893077901513,
    0.012380771269930776,
    0.01236655014614372,
    0.012389303281717657,
    0.012363007372463522,
    0.012360718295201826,
    0.01227120555882559,
    0.012338975640159566,
    0.012384955245669526,
    0.012278011910491231,
    0.012330930022072464,
    0.012288119990160884,
    0.0122331800037434,
    0.012260424256972024,
    0.012266067832622693,
    0.012217619479254616,
    0.012266218186338577,
    0.01225797591670867,
    0.01226654489822412,
    0.012192544104077496,
    0.012278814012727887,
    0.012223550055743559,
    0.012224823512501018,
    0.012217689459029192,
    0.012221343789150905,
    0.012225496886980415,
    0.012171205907765001,
    0.012154554528803234,
    0.012165940024912909,
    0.01221526990261218,
    0.012221456792399511,
    0.012193598483782231,
    0.012177465747088832,
    0.012175190452568374,
    0.012127041207529493,
    0.01220570974401756,
    0.012143655197950111,
    0.012144050937763459,
