{
  "times": {
    "training": 589.0879452228546,
    "evaluation": 0.18388891220092773
  },
  "metrics": {
    "mean_rank": {
      "avg": 2.9390130353817505,
      "worst": 2.9390130353817505,
      "best": 2.9390130353817505
    },
    "mean_reciprocal_rank": {
      "avg": 0.6301269457630595,
      "worst": 0.6301269457630595,
      "best": 0.6301269457630595
    },
    "hits_at_k": {
      "avg": {
        "1": 0.43901303538175046,
        "3": 0.7863128491620112,
        "5": 0.9013035381750466,
        "10": 0.9725325884543762
      },
      "worst": {
        "1": 0.43901303538175046,
        "3": 0.7863128491620112,
        "5": 0.9013035381750466,
        "10": 0.9725325884543762
      },
      "best": {
        "1": 0.43901303538175046,
        "3": 0.7863128491620112,
        "5": 0.9013035381750466,
        "10": 0.9725325884543762
      }
    },
    "adjusted_mean_rank": 0.06110789088161187
  },
  "losses": [
    0.0010734196640690614,
    0.0006651444925685946,
    0.0006093491611772039,
    0.0005955066120300847,
    0.0005868086451838972,
    0.0005792778522501725,
    0.0005758991499853492,
    0.0005727534946263506,
    0.000570462845712342,
    0.0005678705006056511,
    0.0005647167807605383,
    0.0005623137138867646,
    0.0005623615200348785,
    0.000558451231401623,
    0.0005567806549649337,
    0.0005559266792533549,
    0.0005544144398626986,
    0.0005522956949578465,
    0.0005505125715017095,
    0.0005489231596529931,
    0.0005463876949853442,
    0.000545564451174678,
    0.0005449551952940025,
    0.0005425426181168592,
    0.0005413963448967827,
    0.0005406531895953841,
    0.0005382112687809413,
    0.0005375094718756747,
    0.000536153804552689,
    0.0005339604422226827,
    0.0005333969414875972,
    0.00053144372434596,
    0.00053005830353398,
    0.0005289343977521421,
    0.0005270535098423672,
    0.0005257679184389472,
    0.0005225215110690629,
    0.0005213559765633796,
    0.0005186192014634833,
    0.0005165865219264441,
    0.0005145595855452818,
    0.0005123176043399711,
    0.0005103444439892689,
    0.000508765916755137,
    0.0005042740729836266,
    0.0005009759344816319,
    0.0004984771628769931,
    0.0004949824097967438,
    0.0004919440719239721,
    0.0004892169684520487,
    0.0004850824647809794,
    0.00047999198290376406,
    0.0004776009534614698,
    0.0004739341088867143,
    0.0004699017559544424,
    0.0004649126173209832,
    0.0004607963686188062,
    0.0004575874557027991,
    0.0004535086194841603,
    0.00045036718908571797,
    0.00044522590391086726,
    0.00044075518058201346,
    0.00043821308852525685,
    0.00043523350245692534,
    0.0004316025199054667,
    0.0004283625245345443,
    0.00042552059544215487,
    0.00042228170056663426,
    0.00041712885146981545,
    0.0004150879156011879,
    0.000415576458821415,
    0.0004129296688411789,
    0.0004089849945227528,
    0.00040515730059827756,
    0.00040356787392513806,
    0.0004022163652888175,
    0.0004010719939550099,
    0.00039894485929876233,
    0.000396728745839569,
    0.00039540837023560696,
    0.0003948367675173372,
    0.00039216623317157287,
    0.0003899274008481132,
    0.0003907299070350463,
    0.0003883800781523802,
    0.00038583442910612747,
    0.00038658214771373665,
    0.0003839222302709179,
    0.0003830207571080338,
    0.0003820702342895533,
    0.00038080136396325705,
    0.0003808255242846543,
    0.00038028039100967097,
    0.0003800800241083465,
    0.0003779054338579879,
    0.00037730345415293277,
    0.0003748772010095557,
    0.0003741269814345832,
    0.0003754618265474222,
    0.00037325989221282,
    0.0003722909557169185,
    0.0003746123217074166,
    0.00037092729628588375,
    0.00037109738125113513,
    0.00036950068537857424,
    0.000369634757460224,
    0.0003692758215542478,
    0.00037015573390190967,
    0.0003679278681633736,
    0.0003663466638128521,
    0.00036544634782698717,
    0.00036459786412811903,
    0.00036541809422079095,
    0.000365748843666487,
    0.0003645708069400618,
    0.00036412373024705195,
    0.00036167943403682905,
    0.00036312226199088023,
    0.0003624932817793852,
    0.000362087276586321,
    0.0003626097215179089,
    0.0003618188463988599,
    0.0003605206882448567,
    0.0003592793704167511,
    0.00035928989488505917,
    0.0003591762778910805,
    0.00035863890127742784,
    0.0003586362276491378,
    0.00035669628970241276,
    0.0003579952361669098,
    0.0003572560538108764,
    0.00035553731195182164,
    0.00035616219539041824,
    0.00035636955593130115,
    0.0003543338801167654,
    0.00035354661605275524,
    0.000354658601254448,
    0.00035415988586396535,
    0.0003519560008097007,
    0.00035330386002188765,
    0.00035259825236788405,
    0.00035040129642333653,
    0.00035162903507997035,
    0.0003506582167543722,
    0.0003512888206761986,
    0.00034993936129835214,
    0.00034966047640457357,
    0.00034998645413011203,
    0.00035056163127837554,
    0.0003497803667455577,
    0.00034682458434044644,
    0.00035000044228125377,
    0.00034595732071370666,
    0.0003485495838500587,
    0.00034676127097384537,
    0.0003456577871427331,
    0.0003455063390932726,
    0.0003459078760308384,
    0.0003449081090952127,
    0.0003458825053389041,
    0.0003456319577657105,
    0.0003434114100599892,
    0.000343719290653139,
    0.0003448915571909161,
    0.0003441107339026888,
    0.0003436688928470741,
    0.0003431079061597251,
    0.00034266276100183027,
    0.0003431434908791093,
    0.0003417982625659932,
    0.00034259007772786563,
    0.0003430761173646548,
    0.0003417965429329247,
    0.00034147787975210154,
    0.00034020577944564014,
    0.0003411414787131414,
    0.00034038010332384583,
    0.0003403549645905303,
    0.0003408546348482594,
    0.0003402556287480539,
    0.0003390471243442556,
    0.00033912620828085847,
    0.00033767558704043147,
    0.0003384965487619799,
    0.0003392579450798727,
    0.00033781482325343605,
    0.00033729710818481134,
    0.0003372507818629233,
    0.00033645597827177814,
    0.0003370407520538747,
    0.00033458067219327675,
    0.0003360791344628129,
    0.0003361509989054127,
    0.0003350760006391154,
    0.0003331241046151753,
    0.0003352622895707352,
    0.0003351688268158431,
    0.0003349855001527495,
    0.0003331251388366861,
    0.00033384099452711,
    0.00033321186083923565,
    0.00033469125628471375,
    0.0003349211752372846,
    0.0003329524238443888,
    0.00033407142623031186,
    0.00033202913261894205,
    0.0003330106934190689,
    0.0003336483450459965,
    0.0003308450806648767,
    0.000332807217749038,
    0.00033062957105146586,
    0.00033389991986450187,
    0.0003315797345956948,
    0.00033027520629992424,
    0.0003308006414048346,
    0.00033014211873436686,
    0.00033023935735700057,
    0.0003284168183761701,
    0.00033046267856930975,
    0.00033074448997859427,
    0.00032859979535728584,
    0.0003298494000378508,
    0.0003288422993729623,
    0.0003288857698133599,
    0.00032968169570052894,
    0.00032927621110631953,
    0.0003292641178652477,
    0.00032718689704125517,
    0.00032854359248157746,
    0.0003276739360185598,
    0.0003281781320854296,
    0.00032846104660619064,
    0.000327430267849665,
    0.00032791993859806535,
    0.0003270216230372811,
    0.00032692353506241176,
    0.0003266793558869357,
    0.00032632033190644634,
    0.0003277584927833259,
    0.0003255520361276825,
    0.00032618542093685953,
    0.00032624994467399764,
    0.0003263918684676903,
    0.0003241072661742177,
    0.00032457690738308965,
    0.0003260457225506672,
    0.0003248740899749798,
    0.00032416832971662174,
    0.00032548391441587874,
    0.00032329476222200563,
    0.0003266985587468754,
    0.00032382205822801543,
    0.00032457467238331553,
    0.0003234950497690658,
    0.0003225307201806191,
    0.00032258252979496893,
    0.00032257324098591947,
    0.00032182841488484585,
    0.00032387076343378323,
