{
  "times": {
    "training": 84.35459876060486,
    "evaluation": 0.2410275936126709
  },
  "metrics": {
    "arithmetic_mean_rank": {
      "both": {
        "pessimistic": 3.135009310986965,
        "realistic": 3.135009310986965,
        "optimistic": 3.135009310986965
      },
      "head": {
        "pessimistic": 3.3007448789571696,
        "realistic": 3.3007448789571696,
        "optimistic": 3.3007448789571696
      },
      "tail": {
        "pessimistic": 2.96927374301676,
        "realistic": 2.96927374301676,
        "optimistic": 2.96927374301676
      }
    },
    "geometric_mean_rank": {
      "both": {
        "pessimistic": 1.9063636744746162,
        "realistic": 1.9063636744746162,
        "optimistic": 1.9063636744746162
      },
      "head": {
        "pessimistic": 1.9845668044806997,
        "realistic": 1.9845668044806997,
        "optimistic": 1.9845668044806997
      },
      "tail": {
        "pessimistic": 1.8312421890515924,
        "realistic": 1.8312421890515924,
        "optimistic": 1.8312421890515924
      }
    },
    "median_rank": {
      "both": {
        "pessimistic": 1.0,
        "realistic": 1.0,
        "optimistic": 1.0
      },
      "head": {
        "pessimistic": 1.0,
        "realistic": 1.0,
        "optimistic": 1.0
      },
      "tail": {
        "pessimistic": 1.0,
        "realistic": 1.0,
        "optimistic": 1.0
      }
    },
    "harmonic_mean_rank": {
      "both": {
        "pessimistic": 1.4801483947694396,
        "realistic": 1.4801483947694396,
        "optimistic": 1.4801483947694396
      },
      "head": {
        "pessimistic": 1.5142405528230682,
        "realistic": 1.5142405528230682,
        "optimistic": 1.5142405528230682
      },
      "tail": {
        "pessimistic": 1.4475575616346594,
        "realistic": 1.4475575616346594,
        "optimistic": 1.4475575616346594
      }
    },
    "inverse_arithmetic_mean_rank": {
      "both": {
        "pessimistic": 0.31897831897831896,
        "realistic": 0.31897831897831896,
        "optimistic": 0.31897831897831896
      },
      "head": {
        "pessimistic": 0.3029619181946403,
        "realistic": 0.3029619181946403,
        "optimistic": 0.3029619181946403
      },
      "tail": {
        "pessimistic": 0.3367826904985889,
        "realistic": 0.3367826904985889,
        "optimistic": 0.3367826904985889
      }
    },
    "inverse_geometric_mean_rank": {
      "both": {
        "pessimistic": 0.5245588831709116,
        "realistic": 0.5245588831709116,
        "optimistic": 0.5245588831709116
      },
      "head": {
        "pessimistic": 0.5038883033527659,
        "realistic": 0.5038883033527659,
        "optimistic": 0.5038883033527659
      },
      "tail": {
        "pessimistic": 0.546077414543351,
        "realistic": 0.546077414543351,
        "optimistic": 0.546077414543351
      }
    },
    "inverse_harmonic_mean_rank": {
      "both": {
        "pessimistic": 0.6756079346731775,
        "realistic": 0.6756079346731775,
        "optimistic": 0.6756079346731775
      },
      "head": {
        "pessimistic": 0.6603970539130352,
        "realistic": 0.6603970539130352,
        "optimistic": 0.6603970539130352
      },
      "tail": {
        "pessimistic": 0.6908188154333196,
        "realistic": 0.6908188154333196,
        "optimistic": 0.6908188154333196
      }
    },
    "inverse_median_rank": {
      "both": {
        "pessimistic": 1.0,
        "realistic": 1.0,
        "optimistic": 1.0
      },
      "head": {
        "pessimistic": 1.0,
        "realistic": 1.0,
        "optimistic": 1.0
      },
      "tail": {
        "pessimistic": 1.0,
        "realistic": 1.0,
        "optimistic": 1.0
      }
    },
    "rank_std": {
      "both": {
        "pessimistic": 5.422161543209331,
        "realistic": 5.422161543209331,
        "optimistic": 5.422161543209331
      },
      "head": {
        "pessimistic": 5.365752788130514,
        "realistic": 5.365752788130514,
        "optimistic": 5.365752788130514
      },
      "tail": {
        "pessimistic": 5.472972872306712,
        "realistic": 5.472972872306712,
        "optimistic": 5.472972872306712
      }
    },
    "rank_var": {
      "both": {
        "pessimistic": 29.399835800658188,
        "realistic": 29.399835800658188,
        "optimistic": 29.399835800658188
      },
      "head": {
        "pessimistic": 28.791302983330386,
        "realistic": 28.791302983330386,
        "optimistic": 28.791302983330386
      },
      "tail": {
        "pessimistic": 29.953432061005174,
        "realistic": 29.953432061005174,
        "optimistic": 29.953432061005174
      }
    },
    "hits_at_k": {
      "both": {
        "pessimistic": {
          "1": 0.5297951582867784,
          "3": 0.7774674115456238,
          "5": 0.8682495344506518,
          "10": 0.9464618249534451
        },
        "realistic": {
          "1": 0.5297951582867784,
          "3": 0.7774674115456238,
          "5": 0.8682495344506518,
          "10": 0.9464618249534451
        },
        "optimistic": {
          "1": 0.5297951582867784,
          "3": 0.7774674115456238,
          "5": 0.8682495344506518,
          "10": 0.9464618249534451
        }
      },
      "head": {
        "pessimistic": {
          "1": 0.5139664804469274,
          "3": 0.7569832402234636,
          "5": 0.8528864059590316,
          "10": 0.9413407821229051
        },
        "realistic": {
          "1": 0.5139664804469274,
          "3": 0.7569832402234636,
          "5": 0.8528864059590316,
          "10": 0.9413407821229051
        },
        "optimistic": {
          "1": 0.5139664804469274,
          "3": 0.7569832402234636,
          "5": 0.8528864059590316,
          "10": 0.9413407821229051
        }
      },
      "tail": {
        "pessimistic": {
          "1": 0.5456238361266295,
          "3": 0.797951582867784,
          "5": 0.8836126629422719,
          "10": 0.9515828677839852
        },
        "realistic": {
          "1": 0.5456238361266295,
          "3": 0.797951582867784,
          "5": 0.8836126629422719,
          "10": 0.9515828677839852
        },
        "optimistic": {
          "1": 0.5456238361266295,
          "3": 0.797951582867784,
          "5": 0.8836126629422719,
          "10": 0.9515828677839852
        }
      }
    },
    "adjusted_arithmetic_mean_rank": {
      "both": {
        "realistic": 0.06569724050126585
      },
      "head": {
        "realistic": 0.0699411074173087
      },
      "tail": {
        "realistic": 0.06154588439641031
      }
    },
    "adjusted_arithmetic_mean_rank_index": {
      "both": {
        "realistic": 0.9543010886624648
      },
      "head": {
        "realistic": 0.9501929996069459
      },
      "tail": {
        "realistic": 0.9583177312232711
      }
    }
  },