{
  "times": {
    "training": 70.62314486503601,
    "evaluation": 0.1208639144897461
  },
  "metrics": {
    "mean_rank": {
      "avg": 5.595437616387337,
      "best": 5.595437616387337,
      "worst": 5.595437616387337
    },
    "mean_reciprocal_rank": {
      "avg": 0.4478127072451454,
      "best": 0.4478127072451454,
      "worst": 0.4478127072451454
    },
    "hits_at_k": {
      "avg": {
        "1": 0.2742085661080074,
        "3": 0.5148975791433892,
        "5": 0.6522346368715084,
        "10": 0.8524208566108007
      },
      "best": {
        "1": 0.2742085661080074,
        "3": 0.5148975791433892,
        "5": 0.6522346368715084,
        "10": 0.8524208566108007
      },
      "worst": {
        "1": 0.2742085661080074,
        "3": 0.5148975791433892,
        "5": 0.6522346368715084,
        "10": 0.8524208566108007
      }
    },
    "adjusted_mean_rank": 0.11687628715515858
  },
  "losses": [
    0.005408113755116787,
    0.004703803379975047,
    0.004034246139273557,
    0.0034722243014786124,
    0.003053801208591735,
    0.0027581050216256907,
    0.0025351531910690703,
    0.0023728527606999444,
    0.002248954826252638,
    0.0021556645717456372,
    0.002075200918877479,
    0.002009408199265528,
    0.001953093622371207,
    0.001899990704980227,
    0.0018565866826099162,
    0.0018180767850577355,
    0.0017807151954496146,
    0.0017476831475068723,
    0.001718719611530371,
    0.001693720598260422,
    0.0016678649181376933,
    0.0016472410399934348,
    0.001633193014300848,
    0.0016255139904789787,
    0.0016083260364556837,
    0.0016040520921601765,
    0.0016025312313901012,
    0.001599531852753541,
    0.0015997905361503886,
    0.0015914745079142261,
    0.0015918911264864867,
    0.0015932777768619065,
    0.0015880028086323892,
    0.0015928109436132625,
    0.0015852728835388861,
    0.001582588651849606,
    0.0015847277323379565,
    0.0015767341136399338,
    0.0015809445126450355,
    0.001576477372010498,
    0.0015753182320501888,
    0.0015716467972420078,
    0.001565940176020488,
    0.0015637941565691796,
    0.0015606371996997454,
    0.0015548942798016285,
    0.0015487721965016742,
    0.001549468991170863,
    0.001546126704975958,
    0.0015427011131516892,
    0.0015403003176345264,
    0.00153752594605607,
    0.0015349797035931246,
    0.0015295253360435171,
    0.0015286107921478505,
    0.001523844895367423,
    0.0015157760855337562,
    0.0015147589182785165,
    0.001517193561466842,
    0.0015130546937465515,
    0.0015062022298641077,
    0.0015019943675306498,
    0.0014956579378564226,
    0.0014758959236483116,
    0.0014500623977591687,
    0.0014301290082992437,
    0.001416995545539259,
    0.0014085987626230782,
    0.0013977756461408793,
    0.0013920508351275731,
    0.0013886178474538967,
    0.0013859643842114766,
    0.00137609591292939,
    0.0013729209566375235,
    0.0013652102886697653,
    0.0013617528004602137,
    0.0013561138317479146,
    0.0013471102655524074,
    0.0013380959768030294,
    0.0013186002845621003,
    0.0013080567159579608,
    0.0012937581594361165,
    0.0012824452464019326,
    0.0012623457311251337,
    0.0012525946796606692,
    0.0012431297771316183,
    0.0012351767071060234,
    0.0012263557431949894,
    0.0012218533747114719,
    0.0012121317019975822,
    0.001204626080861148,
    0.001200960733113065,
    0.0011912681583549527,
    0.0011944055309770817,
    0.001181205058204446,
    0.001176146078284881,
    0.0011787117574588821,
    0.0011760552721029652,
    0.0011664627459589112,
    0.0011651621377723204,
    0.0011602362165128183,
    0.001159376617971985,
    0.0011537156187661803,
    0.0011485351974763872,
    0.0011482410149542298,
    0.0011470843022031855,
    0.0011448423937082063,
    0.0011462371966512162,
    0.0011385717176088926,
    0.0011423840780906958,
    0.0011420840274331974,
    0.0011391284099519158,
    0.0011388754661910948,
    0.0011472333804443979,
    0.0011436156202756114,
    0.0011471936551194265,
    0.0011460362475202396,
    0.0011561485153156817,
    0.0011510525180752078,
    0.0011562018520494728,
    0.0011483737309494555,
    0.0011527062994875644,
    0.0011508026011871173,
    0.0011542425135460496,
    0.001147423202486626,
    0.0011470427969247532,
    0.001148590904308637,
    0.0011461905942333273,
    0.0011425456683577077,
    0.0011417441277106477,
    0.0011473862517949911,
    0.001140300966192457,
    0.0011396153890374597,
    0.0011390091578292604,
    0.0011369140431432441,
    0.0011422398923418842,
    0.0011383942172231098,
    0.0011390761773603787,
    0.0011382396611037326,
    0.0011372918073303286,
    0.0011341775931401285,
    0.0011375314490325303,
    0.0011324620344927425,
    0.0011413635936494606,
    0.0011342684564328506,
    0.0011319530082563743,
    0.001135370471309222,
    0.0011324927339307115,
    0.0011285378201173085,
    0.0011255367091196255,
    0.0011285686504342084,
    0.001121347940832386,
    0.0011194458130791103,
    0.0011210908898527498,
    0.001115878300901344,
    0.0011111695767971929,
    0.001109050551720299,
    0.0011057804202698398,
    0.001096729661511446,
    0.001098614548940089,
    0.0010895056965936681,
    0.0010922106737833136,
    0.0010823766093823674,
    0.0010772171786934833,
    0.001070592153837642,
    0.001068554021458548,
    0.001066920302596499,
    0.001060333223112168,
    0.001053498699161733,
    0.001049891547325205,
    0.0010457765186072843,
    0.0010447766273709311,
    0.001035867294005714,
    0.0010368493262170337,
    0.0010342802560889123,
    0.0010307482144810529,
    0.00103107511673595,
    0.0010331808897261802,
    0.0010315403437431685,
    0.0010269937024867332,
    0.0010284279452006835,
    0.001027562875920536,
    0.001025854084903689,
    0.001027188495548721,
    0.001025732586422655,
    0.0010311596216922444,
    0.0010365136407960607,
    0.0010331282811551687,
    0.0010327674360444317,
    0.0010346803339439169,
    0.0010306698941491505,
    0.0010238223441756597,
    0.0010168065148319766,
    0.0010140737437166294,
    0.0010030489499406744,
    0.0009985266521653974,
    0.0010001974930515002,
    0.000991937902189984,
    0.0009829637623373902,
    0.0009834370229313528,
    0.0009758484293119247,
    0.0009786311557254102,
    0.0009772129040372063,
    0.0009696896023470081,
    0.0009691185513954504,
    0.0009699873114614508,
    0.0009658496026146035,
    0.0009604612147035176,
    0.0009578938602792002,
    0.0009571136695552048,
    0.0009583971825737954,
    0.0009553233885567092,
    0.0009520644984166107,
    0.0009476798709990002,
    0.0009427336801625182,
    0.0009436400952867638,
    0.0009417497632945928,
    0.0009416017868160173,
    0.0009428209645113828,
    0.0009392032638330195,
    0.0009368220620816297,
    0.0009341455927027639,
    0.0009290184082028508,
    0.0009283909531912839,
    0.0009310153827275837,
    0.0009223533082183501,
    0.0009265673742131355,
    0.0009260765687035738,
    0.0009278391628591294,
    0.000924459219226362,
    0.000926615380605011,
    0.0009223311182905104,
    0.0009236570622585178,
    0.0009240951092812018,
    0.0009190986276205946,
    0.0009215049771636639,
    0.000921885475530597,
    0.0009234021005825431,
    0.0009212044291662278,
    0.0009088608350322788,
    0.0009114345692095761,
    0.0009150163519500505,
    0.0009137176450773841,
    0.000911634830631261,
    0.000909432485647302,
    0.0009031757112700731,
    0.0009056832421248578,
    0.0009074360179809745,
    0.0009046911893466607,
    0.0008997185395495726,
    0.0009031837638937525,
    0.0008985429469178333,
    0.0009053540935115821,
    0.0009029370285534927,
    0.0008976884526553073,
    0.0008975149238501749,
    0.000901741856433682,
    0.0009012797919373587,
    0.000903071053338028,
    0.0008994226508420788,
    0.0008993433929411073,
    0.0008963378368190058,
    0.0008933486001097863,
    0.0008936790027811824,
