{
  "times": {
    "training": 4190.534762620926,
    "evaluation": 11.53954553604126
  },
  "metrics": {
    "mean_rank": {
      "worst": 7125.831074469126,
      "best": 7125.830903219493,
      "avg": 7125.83098884431
    },
    "mean_reciprocal_rank": {
      "worst": 0.0007870013977037447,
      "best": 0.0007870014131357909,
      "avg": 0.0007870014054177277
    },
    "hits_at_k": {
      "worst": {
        "1": 0.0001223211664546433,
        "3": 0.00029357079949114397,
        "5": 0.00034249926607300127,
        "10": 0.0008562481651825032
      },
      "best": {
        "1": 0.0001223211664546433,
        "3": 0.00029357079949114397,
        "5": 0.00034249926607300127,
        "10": 0.0008562481651825032
      },
      "avg": {
        "1": 0.0001223211664546433,
        "3": 0.00029357079949114397,
        "5": 0.00034249926607300127,
        "10": 0.0008562481651825032
      }
    },
    "adjusted_mean_rank": 0.9975726604431321
  },
  "losses": [
    0.009341647707490353,
    0.009340150131283588,
    0.009338273349298636,
    0.009336524203097451,
    0.009334968575584628,
    0.009333299084879567,
    0.009331579157851691,
    0.009329977693905533,
    0.009328180177190625,
    0.00932655097055923,
    0.009324817138740784,
    0.009323128095319913,
    0.009321498356706839,
    0.009319730474875472,
    0.009318078300651863,
    0.009316375381110095,
    0.009314754345335012,
    0.00931308695866527,
    0.00931142615168509,
    0.009309729787941484,
    0.009308032557736703,
    0.009306282487734999,
    0.00930462393928781,
    0.00930291148708034,
    0.009301237665662158,
    0.009299540844796573,
    0.009297822526455808,
    0.009296270801203798,
    0.009294604164723788,
    0.009292850971320675,
    0.009291090178861913,
    0.009289447462444306,
    0.009287880303352591,
    0.009286024142825085,
    0.00928441675540629,
    0.009282729368455315,
    0.00928123859173892,
    0.009279395469540808,
    0.00927767292401629,
    0.009275956714489123,
    0.009274409025289724,
    0.009272735683292156,
    0.009270986610357908,
    0.00926937505787298,
    0.009267661404724837,
    0.009265917707353953,
    0.009264231320655954,
    0.009262635754698281,
    0.009260889929400686,
    0.009259320925893454,
    0.009257666526584801,
    0.009255863060913102,
    0.009254300402959778,
    0.009252721479746283,
    0.009250898462951532,
    0.009249268893170966,
    0.009247578709334282,
    0.009245807372807528,
    0.009244199609497487,
    0.009242481423355762,
    0.009240834562577897,
    0.00923916896776261,
    0.009237537593385513,
    0.009235824644237075,
    0.009234172912800612,
    0.00923249530698582,
    0.009230774685514797,
    0.009229064149397025,
    0.009227429613392289,
    0.009225761377781727,
    0.009224052429645191,
    0.009222460952301196,
    0.009220749906500379,
    0.009219116423309684,
    0.009217346864302547,
    0.009215722240040277,
    0.009214007655127816,
    0.009212420693257046,
    0.009210763121171441,
    0.009209100887078733,
    0.009207406261035759,
    0.009205647650657534,
    0.009204027592836794,
    0.00920228886009732,
    0.009200602739390159,
    0.00919901623464137,
    0.009197393230215527,
    0.009195752538195264,
    0.009194012346488074,
    0.009192291811026064,
    0.009190665965117245,
    0.00918908391372406,
    0.009187428722813931,
    0.00918566056224965,
    0.009184118145084248,
    0.009182314813204348,
    0.009180619884537068,
    0.009179079636710125,
    0.009177304659135119,
    0.009175651054613465,
    0.009174040335141765,
    0.009172356504822787,
    0.009170728221991909,
    0.009168955307040476,
    0.009167366137605017,
    0.00916568894431494,
    0.009164027814004575,
    0.00916235111128443,
    0.009160780693406747,
    0.009159095010708452,
    0.009157352119273885,
    0.009155616336325034,
    0.009153991375990505,
    0.009152430635719638,
    0.009150672627404509,
    0.009149006307883643,
    0.009147395075543378,
    0.009145712172210439,
    0.009144035176422542,
    0.009142458792067714,
    0.009140700116386348,
    0.00913913703794451,
    0.009137408266323047,
    0.009135756770614992,
    0.00913405543268342,
    0.00913239452217387,
    0.009130778533853691,
    0.009129093849815613,
    0.009127417102498201,
    0.00912573670139046,
    0.00912407177871969,
    0.009122382781488844,
    0.009120771724352127,
    0.009119099242444697,
    0.009117469182094199,
    0.009115821872158151,
    0.00911420056720671,
    0.0091124744411588,
    0.009110815707951506,
    0.009109136340544692,
    0.009107536133285792,
    0.009105933060652523,
    0.009104212577751578,
    0.009102563980865841,
    0.009100841757078744,
    0.009099264883746745,
    0.009097501872573978,
    0.00909592802070678,
    0.009094204560938299,
    0.009092632696834977
  ]
}