{
  "times": {
    "training": 5517.1740708351135,
    "evaluation": 21.79523253440857
  },
  "metrics": {
    "mean_rank": {
      "avg": 4543.638348052991,
      "best": 4543.637796065837,
      "worst": 4543.638900040144
    },
    "mean_reciprocal_rank": {
      "avg": 0.35446198273974194,
      "best": 0.35446198453453454,
      "worst": 0.35446198095562764
    },
    "hits_at_k": {
      "avg": {
        "1": 0.257025291047772,
        "3": 0.4060618225612204,
        "5": 0.4683861902850261,
        "10": 0.5475712565234846
      },
      "best": {
        "1": 0.257025291047772,
        "3": 0.4060618225612204,
        "5": 0.4683861902850261,
        "10": 0.5475712565234846
      },
      "worst": {
        "1": 0.257025291047772,
        "3": 0.4060618225612204,
        "5": 0.4683861902850261,
        "10": 0.5475712565234846
      }
    },
    "adjusted_mean_rank": 0.07611171885434755
  },
  "losses": [
    0.00016462005505058045,
    0.00011561986876809489,
    9.465838042676317e-05,
    8.001362377641014e-05,
    6.96576017730472e-05,
    6.202886574536073e-05,
    5.455918632524786e-05,
    4.8647193088356275e-05,
    4.403109272887977e-05,
    4.0462467503062494e-05,
    3.7853099396873414e-05,
    3.542990689505608e-05,
    3.3207464957039466e-05,
    3.14433910541568e-05,
    3.0367315858616723e-05,
    2.9384352190343456e-05,
    2.81200615853435e-05,
    2.718830825580421e-05,
    2.6425495942702143e-05,
    2.5929844535567054e-05,
    2.542516998386319e-05,
    2.469765071240575e-05,
    2.4111376320765135e-05,
    2.3612949384886346e-05,
    2.3111507733406635e-05,
    2.266683173667114e-05,
    2.2349084348748413e-05,
    2.2104642385236175e-05,
    2.1764992650205947e-05,
    2.127345375437982e-05,
    2.0700190448671754e-05,
    2.0098367689158163e-05,
    1.9459266221150333e-05,
    1.886424508898486e-05,
    1.8318930427264527e-05,
    1.7801120762372366e-05,
    1.7289115307329054e-05,
    1.6799752517858112e-05,
    1.6336250832193006e-05,
    1.589396003751715e-05,
    1.5551998462503205e-05,
    1.5233220670069799e-05,
    1.4741149607666724e-05,
    1.4293798711815474e-05,
    1.3886750629580732e-05,
    1.3510330281973943e-05,
    1.3147525473013871e-05,
    1.2800466782547925e-05,
    1.2470870189441843e-05,
    1.2151305686613281e-05,
    1.1845472379544319e-05,
    1.1548029373719223e-05,
    1.1258554481063587e-05,
    1.0979854448949272e-05,
    1.0712980552241515e-05,
    1.0447827716909153e-05,
    1.0191421829212634e-05,
    9.943124014672868e-06,
    9.705413586109436e-06,
    9.468219018227497e-06,
    9.238591556019984e-06,
    9.018655044049983e-06,
    8.80915620156036e-06,
    8.59928048639453e-06,
    8.393978386385315e-06,
    8.200975146589629e-06,
    8.015456037826422e-06,
    7.833239833353499e-06,
    7.66094888919432e-06,
    7.4908918072910365e-06,
    7.323071105004688e-06,
    7.16379081001427e-06,
    7.012664179151383e-06,
    6.854895924375681e-06,
    6.711434380343398e-06,
    6.571240404952084e-06,
    6.433890309983659e-06,
    6.305330869801958e-06,
    6.176132153454418e-06,
    6.051190922194962e-06,
    5.933056954075973e-06,
    5.821119845143683e-06,
    5.7075590177949956e-06,
    5.597952325906175e-06,
    5.491275186005722e-06,
    5.3905608288165655e-06,
    5.2897910813974015e-06,
    5.2030269303142256e-06,
    5.108329594130778e-06,
    5.022115578486691e-06,
    4.935404707087277e-06,
    4.8511951951532756e-06,
    4.778349903016391e-06,
    4.700001802804158e-06,
    4.629468938531966e-06,
    4.561872473700444e-06,
    4.49248251713383e-06,
    4.435206696103805e-06,
    4.3574011573833915e-06,
    4.301431925189279e-06,
    4.24795457159361e-06,
    4.190438980262278e-06,
    4.128601834919136e-06,
    4.082528289744381e-06,
    4.033076463335167e-06,
    3.9884681323445315e-06,
    3.94118517887274e-06,
    3.8951968013512766e-06,
    3.856851313802646e-06,
    3.8101055469369003e-06,
    3.7776938447106017e-06,
    3.7379608822920343e-06,
    3.706624250491353e-06,
    3.6666257659360713e-06,
    3.6391631385537687e-06,
    3.606287336964813e-06,
    3.5695820679548454e-06,
    3.5422694480370133e-06,
    3.518653741345974e-06,
    3.4930826191622998e-06,
    3.4595728471380017e-06,
    3.4280168758992364e-06,
    3.422176745165036e-06,
    3.3912532490459187e-06,
    3.3735004383136077e-06,
    3.3475447920556145e-06,
    3.3290329611182397e-06,
    3.3169206615263076e-06,
    3.2862192363274827e-06,
    3.2730369753642223e-06,
    3.255793117034264e-06,
    3.242122548075673e-06,
    3.22611265809233e-06,
    3.1976815996356145e-06,
    3.2026415830064673e-06,
    3.1786155027208255e-06,
    3.1664668859410703e-06,
    3.1588831037443503e-06,
    3.1311171838250556e-06,
    3.124323095777027e-06,
    3.1176767778587544e-06,
    3.0992329315222204e-06,
    3.0883503650081177e-06,
    3.077415621000268e-06,
    3.064743579990285e-06,
    3.0630198010476857e-06,
    3.055658215547437e-06,
    3.0492885561283058e-06,
    3.0309712204740234e-06,
    3.0322274443879495e-06,
    3.020530744833228e-06,
    3.008583469156219e-06,
    3.002359250523166e-06,
    2.9931080538324242e-06,
    2.99373819062968e-06,
    2.9932399114461145e-06,
    2.9748038151306877e-06,
    2.9676459783343365e-06,
    2.9673715946504068e-06,
    2.9596557400980514e-06,
    2.9663296132450174e-06,
    2.9545013021072955e-06,
    2.9470797226058734e-06,
    2.935810354256396e-06,
    2.9334664204219182e-06,
    2.936878067591039e-06,
    2.923281535202232e-06,
    2.9268076721291094e-06,
    2.92059294352085e-06,
    2.9149069702400266e-06,
    2.908374893100025e-06,
    2.9077529437518536e-06,
    2.903417690252737e-06,
    2.8964676670319863e-06,
    2.8901925416674605e-06,
    2.8927030770261317e-06,
    2.893276724249752e-06,
    2.8833789727729194e-06,
    2.8938429849365967e-06,
    2.8845636679274967e-06,
    2.8888009905242644e-06,
    2.8687958449378867e-06,
    2.877024001984856e-06,
    2.862691417247467e-06,
    2.8534719066069493e-06,
    2.866798813254542e-06,
    2.85712853786044e-06,
    2.8568876487716663e-06,
    2.85059312414619e-06,
    2.850722613984944e-06,
    2.8488794726928954e-06,
    2.8457396267770067e-06,
    2.849555873018075e-06,
    2.842111375903887e-06,
    2.8489906151893933e-06,
    2.826034456222553e-06,
    2.8295806161965226e-06,
    2.839732266296425e-06,
    2.83934526622637e-06,
    2.832337569756288e-06,
    2.8274733174428383e-06,
    2.832182492436013e-06,
    2.8285931579727267e-06,
    2.8314132148349623e-06,
    2.8092672186458455e-06,
    2.826015285464307e-06,
    2.821741475342899e-06,
    2.8073637631658837e-06,
    2.810859274026059e-06,
    2.8122926048105013e-06,
    2.823005085274391e-06,
    2.8112995670330155e-06,
    2.8194716896055997e-06,
    2.8089476622985205e-06,
    2.805199432215915e-06,
    2.801323222279206e-06,
    2.802587963698589e-06,
    2.7894328352243876e-06,
    2.793368389590085e-06,
    2.8086025169733623e-06,
    2.7987888640742162e-06,
    2.801052199002207e-06,
    2.799315510068725e-06,
    2.785240821414736e-06,
    2.791478915149146e-06,
    2.797628421947747e-06,
    2.7821528520851216e-06,
    2.7843833562549397e-06,
    2.7808004469849687e-06,
    2.7830778549358706e-06,
    2.782838862113923e-06,
    2.774543247292883e-06,
    2.777815825109476e-06,
    2.7887046596392356e-06,
    2.779736513304864e-06,
    2.7822153404802837e-06,
    2.7785133284761526e-06,
    2.7788749424447623e-06,
    2.779151701357584e-06,
    2.7697144590486e-06,
    2.780556267495424e-06,
    2.7761457309006676e-06,
    2.7690335286643196e-06,
    2.7658926916734347e-06,
    2.7675136544498032e-06,
    2.7664353676701013e-06,
    2.7634923883885554e-06,
    2.7599187898314284e-06,
    2.7722580996197404e-06,
    2.7647455744370698e-06,
    2.754035023583468e-06,
    2.762879488248215e-06,
    2.7546545049701773e-06,
    2.7648700058085107e-06,
    2.755107542786428e-06,
    2.7491331287394072e-06,
    2.753771168483685e-06,
