{
  "times": {
    "training": 14193.541610240936,
    "evaluation": 6.968073844909668
  },
  "metrics": {
    "arithmetic_mean_rank": {
      "both": {
        "realistic": 256.187139152559,
        "pessimistic": 256.18720031314217,
        "optimistic": 256.18707799197574
      },
      "tail": {
        "realistic": 164.13690184949604,
        "pessimistic": 164.13695077796262,
        "optimistic": 164.13685292102946
      },
      "head": {
        "realistic": 348.23737645562187,
        "pessimistic": 348.2374498483218,
        "optimistic": 348.237303062922
      }
    },
    "geometric_mean_rank": {
      "both": {
        "realistic": 21.97261856121183,
        "pessimistic": 21.97262020879783,
        "optimistic": 21.97261691233732
      },
      "tail": {
        "realistic": 11.595156714226784,
        "pessimistic": 11.595157628808701,
        "optimistic": 11.595155798829893
      },
      "head": {
        "realistic": 41.63772671085502,
        "pessimistic": 41.63772967092246,
        "optimistic": 41.637723748830766
      }
    },
    "median_rank": {
      "both": {
        "realistic": 17.0,
        "pessimistic": 17.0,
        "optimistic": 17.0
      },
      "tail": {
        "realistic": 6.0,
        "pessimistic": 6.0,
        "optimistic": 6.0
      },
      "head": {
        "realistic": 42.0,
        "pessimistic": 42.0,
        "optimistic": 42.0
      }
    },
    "harmonic_mean_rank": {
      "both": {
        "realistic": 3.6257289109740802,
        "pessimistic": 3.6257289125146923,
        "optimistic": 3.6257289094308356
      },
      "tail": {
        "realistic": 2.7017784986382427,
        "pessimistic": 2.701778499663462,
        "optimistic": 2.7017784976110537
      },
      "head": {
        "realistic": 5.5100470563128185,
        "pessimistic": 5.510047059164832,
        "optimistic": 5.510047053456835
      }
    },
    "inverse_arithmetic_mean_rank": {
      "both": {
        "realistic": 0.003903396569038939,
        "pessimistic": 0.0039033956371656436,
        "optimistic": 0.00390339750091268
      },
      "tail": {
        "realistic": 0.006092475176099898,
        "pessimistic": 0.0060924733599612,
        "optimistic": 0.006092476992239678
      },
      "head": {
        "realistic": 0.002871604450326533,
        "pessimistic": 0.0028716038451222286,
        "optimistic": 0.002871605055531092
      }
    },
    "inverse_geometric_mean_rank": {
      "both": {
        "realistic": 0.04551118917457092,
        "pessimistic": 0.045511185761978455,
        "optimistic": 0.04551119258983275
      },
      "tail": {
        "realistic": 0.08624290508924652,
        "pessimistic": 0.08624289828673429,
        "optimistic": 0.08624291189782145
      },
      "head": {
        "realistic": 0.024016681000485516,
        "pessimistic": 0.024016679293115878,
        "optimistic": 0.024016682708984088
      }
    },
    "inverse_harmonic_mean_rank": {
      "both": {
        "realistic": 0.275806610078673,
        "pessimistic": 0.27580660996147977,
        "optimistic": 0.27580661019606656
      },
      "tail": {
        "realistic": 0.37012656681664413,
        "pessimistic": 0.37012656667619553,
        "optimistic": 0.3701265669573625
      },
      "head": {
        "realistic": 0.181486653340702,
        "pessimistic": 0.18148665324676408,
        "optimistic": 0.1814866534347707
      }
    },
    "inverse_median_rank": {
      "both": {
        "realistic": 0.058823529411764705,
        "pessimistic": 0.058823529411764705,
        "optimistic": 0.058823529411764705
      },
      "tail": {
        "realistic": 0.16666666666666666,
        "pessimistic": 0.16666666666666666,
        "optimistic": 0.16666666666666666
      },
      "head": {
        "realistic": 0.023809523809523808,
        "pessimistic": 0.023809523809523808,
        "optimistic": 0.023809523809523808
      }
    },
    "rank_std": {
      "both": {
        "realistic": 687.9726186750498,
        "pessimistic": 687.9727613024651,
        "optimistic": 687.9724760920498
      },
      "tail": {
        "realistic": 527.3034375744638,
        "pessimistic": 527.3034866244492,
        "optimistic": 527.3033885708643
      },
      "head": {
        "realistic": 807.2281216857256,
        "pessimistic": 807.2283299680448,
        "optimistic": 807.2279134488056
      }
    },
    "rank_var": {
      "both": {
        "realistic": 473306.32404660556,
        "pessimistic": 473306.5202941385,
        "optimistic": 473306.12786022597
      },
      "tail": {
        "realistic": 278048.91527784645,
        "pessimistic": 278048.96700630063,
        "optimistic": 278048.86359831586
      },
      "head": {
        "realistic": 651617.2404402646,
        "pessimistic": 651617.5767029986,
        "optimistic": 651616.9042509123
      }
    },
    "hits_at_k": {
      "both": {
        "realistic": {
          "1": 0.19133476856835308,
          "3": 0.3060720227028085,
          "5": 0.3636118994030727,
          "10": 0.4424601232997358
        },
        "pessimistic": {
          "1": 0.19133476856835308,
          "3": 0.3060720227028085,
          "5": 0.3636118994030727,
          "10": 0.4424601232997358
        },
        "optimistic": {
          "1": 0.19133476856835308,
          "3": 0.3060720227028085,
          "5": 0.3636118994030727,
          "10": 0.4424601232997358
        }
      },
      "tail": {
        "realistic": {
          "1": 0.2724337019277816,
          "3": 0.41393482728251296,
          "5": 0.48033075643409334,
          "10": 0.5602798708288482
        },
        "pessimistic": {
          "1": 0.2724337019277816,
          "3": 0.41393482728251296,
          "5": 0.48033075643409334,
          "10": 0.5602798708288482
        },
        "optimistic": {
          "1": 0.2724337019277816,
          "3": 0.41393482728251296,
          "5": 0.48033075643409334,
          "10": 0.5602798708288482
        }
      },
      "head": {
        "realistic": {
          "1": 0.11023583520892455,
          "3": 0.19820921812310402,
          "5": 0.24689304237205206,
          "10": 0.3246403757706233
        },
        "pessimistic": {
          "1": 0.11023583520892455,
          "3": 0.19820921812310402,
          "5": 0.24689304237205206,
          "10": 0.3246403757706233
        },
        "optimistic": {
          "1": 0.11023583520892455,
          "3": 0.19820921812310402,
          "5": 0.24689304237205206,
          "10": 0.3246403757706233
        }
      }
    },
    "adjusted_arithmetic_mean_rank": {
      "both": {
        "realistic": 0.035902329683152504
      },
      "tail": {
        "realistic": 0.02268745225662436
      },
      "head": {
        "realistic": 0.049489168235092834
      }
    },
    "adjusted_arithmetic_mean_rank_index": {
      "both": {
        "realistic": 0.9642327988949321
      },
      "tail": {
        "realistic": 0.9774476532359021
      },
      "head": {
        "realistic": 0.9506459312102927
      }
    }
  },