{
  "times": {
    "training": 57.07127237319946,
    "evaluation": 0.32114291191101074
  },
  "metrics": {
    "mean_rank": {
      "avg": 5.302607076350093,
      "best": 5.302607076350093,
      "worst": 5.302607076350093
    },
    "mean_reciprocal_rank": {
      "avg": 0.4471179725505393,
      "best": 0.4471179725505393,
      "worst": 0.4471179725505393
    },
    "hits_at_k": {
      "avg": {
        "1": 0.25977653631284914,
        "3": 0.5302607076350093,
        "5": 0.6815642458100558,
        "10": 0.8729050279329609
      },
      "best": {
        "1": 0.25977653631284914,
        "3": 0.5302607076350093,
        "5": 0.6815642458100558,
        "10": 0.8729050279329609
      },
      "worst": {
        "1": 0.25977653631284914,
        "3": 0.5302607076350093,
        "5": 0.6815642458100558,
        "10": 0.8729050279329609
      }
    },
    "adjusted_mean_rank": 0.1107120384684169
  },
  "losses": [
    0.0032324487880498716,
    0.002887643602400436,
    0.0028802706198871593,
    0.002869672102819469,
    0.0028542554157065386,
    0.002827169196079157,
    0.0027811662566915923,
    0.0026966615289432047,
    0.002553868185245758,
    0.0023421928101280444,
    0.002060826531461952,
    0.0017355943684256097,
    0.0014146342123662883,
    0.0011617864496992706,
    0.0009939044348944073,
    0.0008956621874668599,
    0.0008449368267069207,
    0.0008217976436839434,
    0.0008044017433608474,
    0.0007971039586664657,
    0.0007968516402771446,
    0.0007913920652317606,
    0.000788124907340539,
    0.0007852043613544436,
    0.000784828000061783,
    0.0007828586360427527,
    0.0007826648415449528,
    0.000778353129016746,
    0.0007843113443144261,
    0.0007829921675185398,
    0.0007779946481249896,
    0.0007794813957129307,
    0.0007754454175269484,
    0.0007763778092753188,
    0.0007742221884610316,
    0.0007760042551840954,
    0.0007690854388238975,
    0.0007748326795068699,
    0.0007681234261652927,
    0.000766938245127969,
    0.0007659855616858473,
    0.0007635908782517438,
    0.0007623520543574934,
    0.0007630976434199326,
    0.0007595970400687927,
    0.0007611805156243843,
    0.0007557587983729643,
    0.0007568643482974326,
    0.0007572148294094895,
    0.0007560472150237833,
    0.0007514249105524777,
    0.0007489451756971062,
    0.0007497436494349798,
    0.0007464492422252311,
    0.0007451679017185247,
    0.0007477574703289673,
    0.0007407806020796899,
    0.0007404514812837345,
    0.0007412055404741006,
    0.0007395687964653885,
    0.0007340838182044848,
    0.0007331636268369823,
    0.0007318967838632136,
    0.0007275444658913155,
    0.0007234626825151181,
    0.0007198632227741027,
    0.0007216528492558984,
    0.0007219709171442113,
    0.000713524280712582,
    0.0007127217254769598,
    0.0007071481171781457,
    0.0007016073058807617,
    0.0007015625180322578,
    0.0006946810984916769,
    0.0006890603059394392,
    0.0006863181837688296,
    0.0006753872052196781,
    0.0006701913301084718,
    0.0006653854194444054,
    0.0006579082407379306,
    0.0006508261258694602,
    0.0006447852698919545,
    0.0006380777865595335,
    0.0006276397478406673,
    0.0006211742878957145,
    0.000614771668238443,
    0.000607421765596892,
    0.0005993140679979868,
    0.0005887174734028576,
    0.0005817894612661192,
    0.0005768297891898435,
    0.0005687286753633129,
    0.0005621247604498149,
    0.0005550487060706385,
    0.0005491459711861194,
    0.0005435754692258039,
    0.0005380533869411905,
    0.0005346636564673193,
    0.0005290294198408643,
    0.0005260791159204614,
    0.0005221720012935963,
    0.0005199839179048424,
    0.0005172311682353328,
    0.0005139642284246787,
    0.0005098119253472438,
    0.0005094788388485313,
    0.0005050018863160276,
    0.0005060701932627961,
    0.0005045188091862936,
    0.0005005870994275282,
    0.0004998717339606839,
    0.0004986688249858616,
    0.0004958334316038005,
    0.0004951676123325044,
    0.0004938727643400378,
    0.0004931182356285512,
    0.0004909653528144085,
    0.000490466758053002,
    0.0004892091389774146,
    0.0004882090634022894,
    0.0004872499489269008,
    0.0004859937659849106,
    0.0004858266636111667,
    0.0004855340692424753,
    0.0004842712928785277,
    0.00048046994649972205,
    0.0004810725050372369,
    0.00048113027763982505,
    0.0004804937975109506,
    0.0004799012257400492,
    0.000480493020581698,
    0.000479075200513861,
    0.00047844439847510617,
    0.00047664337307920534,
    0.0004752290770389435,
    0.00047547567543138617,
    0.00047492421419090107,
    0.0004746367227972048,
    0.0004753431185634444,
    0.0004730753064631992,
    0.00047380889061774425,
    0.0004718363317597576,
    0.00047224678833626514,
    0.000471509569321796,
    0.00046961506483486376,
    0.00047085288737813984,
    0.00046904693490535006,
    0.00046848453820642807,
    0.0004677631715262974,
    0.0004673126551210704,
    0.00046706184868349556,
    0.0004662626961664098,
    0.000465814102785149,
    0.00046578692790625925,
    0.00046346375725329664,
    0.0004654985253162607,
    0.00046485776380542613,
    0.0004630742557104203,
    0.0004618112102609686,
    0.0004621722190676708,
    0.000461465379144928,
    0.00045984942943537075,
    0.00045994575212055086,
    0.0004574735138880705,
    0.00045751770456526106,
    0.0004566528166100039,
    0.0004569672777600335,
    0.0004565218891430141,
    0.00045657819666325726,
    0.00045351036716762065,
    0.00045223757040137156,
    0.0004545503230892285,
    0.00045384716847994186,
    0.0004521679464571041,
    0.0004500877594629324,
    0.00044867790140357155,
    0.00044978433136997524,
    0.00044708963551946194,
    0.00044745275703335455,
    0.0004482959403202617,
    0.0004484171401808571,
    0.0004456589418055921,
    0.000444586862147719,
    0.00044459096459884695,
    0.00044464900628693926,
    0.0004429001608712388,
    0.00044306646922218367,
    0.00044214826594440453,
    0.0004411292374861918,
    0.00044040796785329206,
    0.0004432792077805955,
    0.00044051451909605605,
    0.0004406602344105694,
    0.0004399304960282545,
    0.00043785126627267926,
    0.00043962351440756964,
    0.0004400756828213423,
    0.0004365012312143635,
    0.0004363370206826816,
    0.00043795833500877437,
    0.0004374739926809069,
    0.0004352395838515832,
    0.00043660832724499234,
    0.0004366473162457426,
    0.0004329105958788087,
    0.0004333309504457696,
    0.0004338685598482459,
    0.00043443669198337854,
    0.0004329154104691345,
    0.0004337102504498935,
    0.0004324798222439327,
    0.0004329739354634652,
    0.0004318403926512029,
    0.00043122604480504,
    0.0004313415787064196,
    0.0004317718979838051,
    0.0004300355052166327,
    0.0004310770588334211,
    0.00042832694432707566,
    0.00042850764682257294,
    0.0004297585426203911,
    0.00042781232767437886,
    0.000428306624787386,
    0.0004266411228168286,
    0.00042809437753058103,
    0.0004267589762021692,
    0.00042554845646367826,
    0.00042685129927320193,
    0.00042616935334371844,
    0.00042604581635421096,
    0.0004252490861580667,
    0.00042425854988462335,
    0.00042422051233272003,
    0.0004244704715369403,
    0.00042444323324650755,
    0.000422953444385825,
    0.00042175986380037857,
    0.00042229312510092345,
    0.00042470831886075034,
    0.0004222314570996802,
    0.0004207250370454901,
    0.0004203086410130249,
    0.00041976421762670267,
    0.00042205318905602835,
    0.0004188208377607445,
    0.00042079438721731333,
    0.00042052498906674363,
    0.0004200875699021641,
    0.0004204073661685766,
    0.00041881812236819343,
    0.00041626657724883374,
    0.000417543300843807,
    0.00041889525065501814,
    0.0004170274763390678,
    0.0004175026328156798,
    0.0004155930578863042,
    0.0004142486319925179,
    0.0004155698084576268,
    0.00041660852096158773,
    0.000416111925317999,
