{
  "times": {
    "training": 3604.881142616272,
    "evaluation": 9.075711011886597
  },
  "metrics": {
    "mean_rank": {
      "best": 532.7490458949017,
      "avg": 532.7493516978178,
      "worst": 532.749657500734
    },
    "mean_reciprocal_rank": {
      "best": 0.1374105163161505,
      "avg": 0.1374105135489753,
      "worst": 0.1374105108044134
    },
    "hits_at_k": {
      "best": {
        "1": 0.07965554359526372,
        "3": 0.1433114786182601,
        "5": 0.18463156864663863,
        "10": 0.2515657109306194
      },
      "avg": {
        "1": 0.07965554359526372,
        "3": 0.1433114786182601,
        "5": 0.18463156864663863,
        "10": 0.2515657109306194
      },
      "worst": {
        "1": 0.07965554359526372,
        "3": 0.1433114786182601,
        "5": 0.18463156864663863,
        "10": 0.2515657109306194
      }
    },
    "adjusted_mean_rank": 0.07595439388519075
  },
  "losses": [
    107.682794774986,
    17.045523182373206,
    1.1281521453809757,
    0.01849126188459285,
    0.0013883011784173358,
    0.0011714392614945524,
    0.0011653095012291758,
    0.001160806997269685,
    0.0011565350939476938,
    0.0011520996469932927,
    0.0011471704811954627,
    0.0011416171447091242,
    0.0011346470245555277,
    0.0011265966226485832,
    0.0011176853567592374,
    0.0011085435256076932,
    0.0010995833245054105,
    0.0010910264782843983,
    0.001083160624505754,
    0.0010763355659776591,
    0.0010700377070991176,
    0.001064436219351567,
    0.0010588496650191619,
    0.0010540546408308172,
    0.0010492681662942552,
    0.001044916971917518,
    0.0010409894579969101,
    0.001037155167852297,
    0.0010333342733376695,
    0.0010300182930184241,
    0.001026675509501412,
    0.0010237788439099275,
    0.001020990713685792,
    0.0010184015791696937,
    0.0010154207808165813,
    0.0010131725418706312,
    0.0010112763993228356,
    0.001008939557513322,
    0.0010066533105988408,
    0.0010046878433029524,
    0.001003017392439846,
    0.0010011770301710412,
    0.0009995956795066177,
    0.0009981719620612496,
    0.0009961942741867945,
    0.0009949848811261028,
    0.0009938899732736953,
    0.0009923157833150113,
    0.0009913257144395233,
    0.0009900446573157247,
    0.0009888943901832689,
    0.0009879882989875923,
    0.000986939803421056,
    0.0009861503855548585,
    0.0009851563165322898,
    0.0009842149795986571,
    0.0009831590402144493,
    0.0009828012792777129,
    0.0009819469730876333,
    0.0009811320656739858,
    0.0009803108436595232,
    0.000979677575330624,
    0.0009791004984227632,
    0.0009786077452264928,
    0.0009780493215617127,
    0.0009773337389040533,
    0.0009767532108781699,
    0.0009763407240216569,
    0.000976032254624616,
    0.0009755031805221746,
    0.0009750332463666644,
    0.0009745398941449735,
    0.0009741516677358502,
    0.000973797112370927,
    0.0009735110026833337,
    0.0009730208899849837,
    0.0009726761957864993,
    0.000972375363676077,
    0.0009721130818276987,
    0.0009717775163735851,
    0.0009714374897982625,
    0.0009709997625547039,
    0.0009709662865127454,
    0.0009706127225324289,
    0.0009704411495280165,
    0.0009701489625717387,
    0.0009696455019945837,
    0.0009696958772451369,
    0.0009694943737239398,
    0.0009692539748946092,
    0.0009692113915744069,
    0.0009688414011878982,
    0.0009687056434856978,
    0.0009683554151882102,
    0.0009684452791867436,
    0.0009681567097657343,
    0.0009678425736396904,
    0.0009678923270844432,
    0.00096773168784094,
    0.0009674419846579501,
    0.0009671723747556573,
    0.0009672558316080826,
    0.000967182018522798,
    0.0009670698440445321,
    0.0009666857694143927,
    0.0009666261211254761,
    0.0009664835259141749,
    0.0009666971799752227,
    0.0009664584964099241,
    0.0009662507875899269,
    0.0009662141915668611,
    0.0009661145609733216,
    0.0009660176771678882,
    0.0009659871005316286,
    0.0009658146486207349,
    0.0009658507837791934,
    0.0009659653112626055,
    0.0009654809823712683,
    0.0009657131325126805,
    0.0009654400936703789,
    0.0009654215257442013,
    0.0009653034309956857,
    0.0009652846759527825,
    0.00096527406412902,
    0.0009651899288484079,
    0.0009651724953413373,
    0.0009650198025076357,
    0.0009650978254180643,
    0.0009648874692003202,
    0.0009647270324064905,
    0.0009645972851103696,
    0.0009648732165680645,
    0.0009647450689365002,
    0.0009645440685002777,
    0.0009644151423930412,
    0.0009645494441770722,
    0.000964494245947738,
    0.0009644573125998171,
    0.0009643041054004718,
    0.0009644369145767794,
    0.000964135844312819,
    0.0009642373368190856,
    0.0009643000439215992,
    0.0009640595535874255,
    0.0009639269370038965,
    0.0009639974592552251,
    0.0009640299541527957,
    0.0009641238151222992,
    0.0009637408207531041,
    0.0009638657359254358,
    0.0009638355000639445,
    0.0009637348228871856,
    0.0009638142720355773,
    0.0009637515619212347,
    0.0009636092386507176,
    0.0009637273971404883,
    0.0009633469391694491,
    0.000963640313498265,
    0.0009636147379767853,
    0.0009633454706015977,
    0.0009632383357347632,
    0.0009632591824655708,
    0.0009634698746939174,
    0.0009631763130840944,
    0.0009632035626896888,
    0.0009631818213361281,
    0.0009631230453824296,
    0.0009632712767115984,
    0.0009630187409777885,
    0.0009629882758339647,
    0.0009629945934466087,
    0.0009630467084939106,
    0.0009629972147783441,
    0.0009628396796901555,
    0.0009628426392229144,
    0.0009628145379268213,
    0.0009628880247488776,
    0.0009627855646788341,
    0.0009625839302799741,
    0.0009625371196112586,
    0.0009626909660302521,
    0.0009626736440156175,
    0.0009624514087607223,
    0.0009626195765911953,
    0.0009626487233205367,
    0.0009625107420670794,
    0.0009626757509269488,
    0.0009625502767591429,
    0.0009625180844134919,
    0.0009626006627975202,
    0.0009625567807218651,
    0.0009623107810404471,
    0.0009624902285540872,
    0.0009622199995840204,
    0.0009624378629226072,
    0.0009622819471580047,
    0.000962292126318832,
    0.0009620518011971726,
    0.0009620233010253905,
    0.0009622343534137326,
    0.0009621629639199154,
    0.0009621663797173973,
    0.0009622445515764633,
    0.0009622059084953237,
    0.0009620044701391554,
    0.0009620101448631956,
    0.0009620170947956614,
    0.0009620133556920196,
    0.0009622444319794692,
    0.0009621707561240689,
    0.0009617286461763778,
    0.000961916163365769,
    0.0009621294066680931,
    0.0009621754247876807,
    0.0009618517455443473,
    0.0009617252874393666,
    0.0009619488185474064,
    0.0009620817939219177,
    0.0009618720435198995,
    0.0009619708657385182,
    0.0009620560112413588,
    0.0009618003570597364,
    0.0009619478931492364,
    0.0009618229865743077,
    0.0009618432047090095,
    0.0009617046188445578,
    0.0009617668743917541,
    0.0009617088275197309,
    0.0009616312953183975,
    0.000961806529337938,
    0.0009616249293522069,
    0.0009615064436135182,
    0.0009617232562070854,
    0.0009615018534217437,
    0.000961496486944718,
    0.0009616597258895479,
    0.0009612664157320072,
    0.0009615814732039419,
    0.0009613935499104719,
    0.000961675065737335,
    0.00096130613792412,
    0.0009611710055871544,
    0.0009612346300380402,
    0.0009615401584113807,
    0.0009611938473535337,
    0.0009612728138426279,
    0.0009610795573665336,
    0.0009613208459996906,
    0.0009609804618381173,
    0.0009612348244379162,
    0.0009611028890206003,
    0.0009612874548913117,
    0.0009611611909671648,
    0.0009610811517740793,
    0.000960915745407534,
    0.0009610430008258087,
    0.0009611515486237978,
    0.0009609494218182661,
    0.0009605978964081415,
    0.0009610058593331191,
    0.0009610021209961248,
    0.0009609748461459268,
    0.0009609496098111601,
