{
  "times": {
    "training": 11.617329120635986,
    "evaluation": 0.11188149452209473
  },
  "metrics": {
    "mean_rank": {
      "best": 48.45577281191807,
      "worst": 48.45577281191807,
      "avg": 48.45577281191807
    },
    "mean_reciprocal_rank": {
      "best": 0.058254700369222735,
      "worst": 0.058254700369222735,
      "avg": 0.058254700369222735
    },
    "hits_at_k": {
      "best": {
        "1": 0.013500931098696461,
        "3": 0.03677839851024209,
        "5": 0.059124767225325885,
        "10": 0.11824953445065177
      },
      "worst": {
        "1": 0.013500931098696461,
        "3": 0.03677839851024209,
        "5": 0.059124767225325885,
        "10": 0.11824953445065177
      },
      "avg": {
        "1": 0.013500931098696461,
        "3": 0.03677839851024209,
        "5": 0.059124767225325885,
        "10": 0.11824953445065177
      }
    },
    "adjusted_mean_rank": 1.005526364739339
  },
  "losses": [
    0.1189735891411049,
    0.11859486242805874,
    0.11862475438679797,
    0.1185376668131655,
    0.11820099662929827,
    0.11782019091753511,
    0.11761352647473079,
    0.11750809379835112,
    0.11754879406600961,
    0.11734893238706798,
    0.11704553408761079,
    0.11724961813276798,
    0.11648534952076742,
    0.11643417972725055,
    0.11651112526531683,
    0.11626573904792961,
    0.11598270612753941,
    0.11584966827808152,
    0.11566074590417603,
    0.11554719033927308,
    0.11505507632357753,
    0.11523485042556211,
    0.1151088536173864,
    0.11507420175664167,
    0.1146501786190776,
    0.11457102308617745,
    0.1142772733282944,
    0.11392175890130359,
    0.1138464801758969,
    0.11374639801332553,
    0.11339264977535883,
    0.11356592940606614,
    0.11312517716095531,
    0.11331527511208209,
    0.11289635178886129,
    0.1128546250085283,
    0.1126683733744195,
    0.11242207583059849,
    0.11197484379480971,
    0.11203695966902395,
    0.11174071420925902,
    0.11173658444374676,
    0.11169727205736105,
    0.1113888292781272,
    0.11130317927394978,
    0.11095088328603742,
    0.11130159263994795,
    0.1110137704563536,
    0.11069568252337621,
    0.11056956036546796,
    0.10998379316041991,
    0.10999255296109765,
    0.10971925214876996,
    0.1096573451907766,
    0.10962713590523701,
    0.109402017949106,
    0.10872202275277879,
    0.1090553762504799,
    0.10897487349027427,
    0.10860079713937727,
    0.10867824520565053,
    0.10858156442501052,
    0.10808601401980068,
    0.10810033663833826,
    0.10782655588334096,
    0.10782740509954693,
    0.1076537618416876,
    0.10765854094139989,
    0.10711486527311372,
    0.10698002622704876,
    0.10686307831442941,
    0.10696172290754573,
    0.10670394287651427,
    0.10665123387862409,
    0.10635736667594661,
    0.10614321061038914,
    0.10594462614358707,
    0.10601777053571015,
    0.10567246928872831,
    0.1056387795718765,
    0.10544021543205807,
    0.10541981730396187,
    0.10476433983775128,
    0.10473756920027973,
    0.10455044237659696,
    0.10451333546793765,
    0.10462372679905188,
    0.10429574301286589,
    0.10434869706383677,
    0.10406298324015806,
    0.10397791142573788,
    0.10349594622126976,
    0.10341219679006393,
    0.10306216161444456,
    0.10329293273058497,
    0.10293282666384221,
    0.10273810319465741,
    0.1025429969006138,
    0.10273836631616803,
    0.10238955301812162,
    0.10214373654624709,
    0.10210561215912822,
    0.10201313793482761,
    0.1018111554739248,
    0.10155313038981265,
    0.1011746261443098,
    0.10135822171922122,
    0.10139209550820277,
    0.10108453356492723,
    0.1008324913896704,
    0.1007110986432922,
    0.100790932871591,
    0.10042947957754277,
    0.10016632080078125,
    0.10004839606366968,
    0.10006377455608036,
    0.09986396482387473,
    0.09942325549128495,
    0.09963406099237021,
    0.09923699934006866,
    0.09931077725651562,
    0.09904484723431603,
    0.09894622522673711,
    0.0990760649641002,
    0.09863565037277339,
    0.09863452561301124,
    0.09846774835851928,
    0.09845590111487995,
    0.09817195912660968,
    0.09793831851794355,
    0.09788748524893381,
    0.09746848965199337,
    0.09746427067360841,
    0.0972039531574509,
    0.09720498870434036,
    0.09727353355177343,
    0.09674457010254485,
    0.09678315636390339,
    0.0966523420606018,
    0.09628502104393895,
    0.09625520587602686,
    0.09624236486874226,
    0.09594254750623867,
    0.09610280544536222,
    0.09589382711425203,
    0.09595522363910032,
    0.09550649192362864,
    0.09558531544912913,
    0.09528643877425795,
    0.09495684125142524
  ]
}