{
  "times": {
    "training": 116.47978186607361,
    "evaluation": 0.2675509452819824
  },
  "metrics": {
    "arithmetic_mean_rank": {
      "tail": {
        "pessimistic": 3.2467411545623834,
        "optimistic": 3.2467411545623834,
        "realistic": 3.2467411545623834
      },
      "both": {
        "pessimistic": 3.491154562383613,
        "optimistic": 3.491154562383613,
        "realistic": 3.491154562383613
      },
      "head": {
        "pessimistic": 3.735567970204842,
        "optimistic": 3.735567970204842,
        "realistic": 3.735567970204842
      }
    },
    "geometric_mean_rank": {
      "tail": {
        "pessimistic": 1.9833004876391416,
        "optimistic": 1.9833004876391416,
        "realistic": 1.9833004876391416
      },
      "both": {
        "pessimistic": 2.0961594856260817,
        "optimistic": 2.0961594856260817,
        "realistic": 2.0961594856260817
      },
      "head": {
        "pessimistic": 2.2154406841348293,
        "optimistic": 2.2154406841348293,
        "realistic": 2.2154406841348293
      }
    },
    "median_rank": {
      "tail": {
        "pessimistic": 1.0,
        "optimistic": 1.0,
        "realistic": 1.0
      },
      "both": {
        "pessimistic": 2.0,
        "optimistic": 2.0,
        "realistic": 2.0
      },
      "head": {
        "pessimistic": 2.0,
        "optimistic": 2.0,
        "realistic": 2.0
      }
    },
    "harmonic_mean_rank": {
      "tail": {
        "pessimistic": 1.5286245979837598,
        "optimistic": 1.5286245979837598,
        "realistic": 1.5286245979837598
      },
      "both": {
        "pessimistic": 1.580194405804625,
        "optimistic": 1.580194405804625,
        "realistic": 1.580194405804625
      },
      "head": {
        "pessimistic": 1.63536522436171,
        "optimistic": 1.63536522436171,
        "realistic": 1.63536522436171
      }
    },
    "inverse_arithmetic_mean_rank": {
      "tail": {
        "pessimistic": 0.30800114711786636,
        "optimistic": 0.30800114711786636,
        "realistic": 0.30800114711786636
      },
      "both": {
        "pessimistic": 0.2864381917589012,
        "optimistic": 0.2864381917589012,
        "realistic": 0.2864381917589012
      },
      "head": {
        "pessimistic": 0.2676969092721834,
        "optimistic": 0.2676969092721834,
        "realistic": 0.2676969092721834
      }
    },
    "inverse_geometric_mean_rank": {
      "tail": {
        "pessimistic": 0.5042100308210827,
        "optimistic": 0.5042100308210827,
        "realistic": 0.5042100308210827
      },
      "both": {
        "pessimistic": 0.47706293669792954,
        "optimistic": 0.47706293669792954,
        "realistic": 0.47706293669792954
      },
      "head": {
        "pessimistic": 0.45137746506199894,
        "optimistic": 0.45137746506199894,
        "realistic": 0.45137746506199894
      }
    },
    "inverse_harmonic_mean_rank": {
      "tail": {
        "pessimistic": 0.6541828525584304,
        "optimistic": 0.6541828525584304,
        "realistic": 0.6541828525584304
      },
      "both": {
        "pessimistic": 0.6328335275246126,
        "optimistic": 0.6328335275246126,
        "realistic": 0.6328335275246126
      },
      "head": {
        "pessimistic": 0.6114842024907948,
        "optimistic": 0.6114842024907948,
        "realistic": 0.6114842024907948
      }
    },
    "inverse_median_rank": {
      "tail": {
        "pessimistic": 1.0,
        "optimistic": 1.0,
        "realistic": 1.0
      },
      "both": {
        "pessimistic": 0.5,
        "optimistic": 0.5,
        "realistic": 0.5
      },
      "head": {
        "pessimistic": 0.5,
        "optimistic": 0.5,
        "realistic": 0.5
      }
    },
    "rank_std": {
      "tail": {
        "pessimistic": 5.627944178308239,
        "optimistic": 5.627944178308239,
        "realistic": 5.627944178308239
      },
      "both": {
        "pessimistic": 5.718848574739779,
        "optimistic": 5.718848574739779,
        "realistic": 5.718848574739779
      },
      "head": {
        "pessimistic": 5.7980364382786735,
        "optimistic": 5.7980364382786735,
        "realistic": 5.7980364382786735
      }
    },
    "rank_var": {
      "tail": {
        "pessimistic": 31.6737556741536,
        "optimistic": 31.6737556741536,
        "realistic": 31.6737556741536
      },
      "both": {
        "pessimistic": 32.7052290208032,
        "optimistic": 32.7052290208032,
        "realistic": 32.7052290208032
      },
      "head": {
        "pessimistic": 33.617226539607245,
        "optimistic": 33.617226539607245,
        "realistic": 33.617226539607245
      }
    },
    "hits_at_k": {
      "tail": {
        "pessimistic": {
          "1": 0.5027932960893855,
          "3": 0.7616387337057728,
          "5": 0.8659217877094972,
          "10": 0.9497206703910615
        },
        "optimistic": {
          "1": 0.5027932960893855,
          "3": 0.7616387337057728,
          "5": 0.8659217877094972,
          "10": 0.9497206703910615
        },
        "realistic": {
          "1": 0.5027932960893855,
          "3": 0.7616387337057728,
          "5": 0.8659217877094972,
          "10": 0.9497206703910615
        }
      },
      "both": {
        "pessimistic": {
          "1": 0.4762569832402235,
          "3": 0.7369646182495344,
          "5": 0.845437616387337,
          "10": 0.9385474860335196
        },
        "optimistic": {
          "1": 0.4762569832402235,
          "3": 0.7369646182495344,
          "5": 0.845437616387337,
          "10": 0.9385474860335196
        },
        "realistic": {
          "1": 0.4762569832402235,
          "3": 0.7369646182495344,
          "5": 0.845437616387337,
          "10": 0.9385474860335196
        }
      },
      "head": {
        "pessimistic": {
          "1": 0.44972067039106145,
          "3": 0.7122905027932961,
          "5": 0.8249534450651769,
          "10": 0.9273743016759777
        },
        "optimistic": {
          "1": 0.44972067039106145,
          "3": 0.7122905027932961,
          "5": 0.8249534450651769,
          "10": 0.9273743016759777
        },
        "realistic": {
          "1": 0.44972067039106145,
          "3": 0.7122905027932961,
          "5": 0.8249534450651769,
          "10": 0.9273743016759777
        }
      }
    },
    "adjusted_arithmetic_mean_rank": {
      "tail": {
        "realistic": 0.06729711473511531
      },
      "both": {
        "realistic": 0.07316061872868913
      },
      "head": {
        "realistic": 0.0791547878584605
      }
    },
    "adjusted_arithmetic_mean_rank_index": {
      "tail": {
        "realistic": 0.9524447685303797
      },
      "both": {
        "realistic": 0.9466779601903291
      },
      "head": {
        "realistic": 0.9407798595083801
      }
    }
  },