{
  "times": {
    "training": 111.3568286895752,
    "evaluation": 0.19212841987609863
  },
  "metrics": {
    "mean_rank": {
      "worst": 26.067039106145252,
      "avg": 26.067039106145252,
      "best": 26.067039106145252
    },
    "mean_reciprocal_rank": {
      "worst": 0.1779452975471723,
      "avg": 0.1779452975471723,
      "best": 0.1779452975471723
    },
    "hits_at_k": {
      "worst": {
        "1": 0.08147113594040968,
        "3": 0.17690875232774675,
        "5": 0.2430167597765363,
        "10": 0.38314711359404097
      },
      "avg": {
        "1": 0.08147113594040968,
        "3": 0.17690875232774675,
        "5": 0.2430167597765363,
        "10": 0.38314711359404097
      },
      "best": {
        "1": 0.08147113594040968,
        "3": 0.17690875232774675,
        "5": 0.2430167597765363,
        "10": 0.38314711359404097
      }
    },
    "adjusted_mean_rank": 0.5371256152998649
  },
  "losses": [
    0.0016908089487293685,
    0.0013660096287838976,
    0.0013220431806331271,
    0.0012858971981296824,
    0.0012667070837056593,
    0.001255970559874724,
    0.0012417611097463508,
    0.0012195698065815793,
    0.0011868299323409685,
    0.0011688631013984537,
    0.0011635485073823607,
    0.0011560120567511976,
    0.001150923693894447,
    0.0011492573380581896,
    0.001146870640835512,
    0.001143807377875521,
    0.0011459953999251463,
    0.0011437111551618755,
    0.0011412554633304867,
    0.0011389714836627803,
    0.0011398545658208904,
    0.0011403569707486513,
    0.0011408697492844156,
    0.001136039701126488,
    0.0011365802519107133,
    0.0011371730055925104,
    0.0011345908562007468,
    0.0011335957432619195,
    0.0011322092585795828,
    0.0011345309376270137,
    0.0011333225971638934,
    0.0011320391788464806,
    0.001133292257674178,
    0.0011334642209810265,
    0.00113250891423404,
    0.001130579234788034,
    0.001129772479223848,
    0.0011319903384768562,
    0.0011306436669625594,
    0.0011321099872669477,
    0.0011283918685011203,
    0.001125046264812741,
    0.0011233985703089711,
    0.0011209272866726815,
    0.0011172074029284916,
    0.0011174364245674583,
    0.0011178919424613316,
    0.0011158123514737083,
    0.0011150718558482016,
    0.0011159777571534395,
    0.0011134635140833337,
    0.001113273642873496,
    0.0011149204932571796,
    0.0011134895074010342,
    0.0011145480758465184,
    0.0011131785572802977,
    0.0011120946652322227,
    0.0011111815296085585,
    0.0011114032541433077,
    0.0011102519371313103,
    0.0011126810845252725,
    0.0011125384421830768,
    0.0011116072870372387,
    0.001111907305454047,
    0.00111212261188566,
    0.0011124102545253347,
    0.001112772814566723,
    0.0011122499833281121,
    0.0011120594005459704,
    0.0011121825862689858,
    0.0011109454271275453,
    0.0011121804724806704,
    0.0011122515599490998,
    0.0011113357733697927,
    0.0011109912328505784,
    0.0011113150122013878,
    0.001112041450785787,
    0.0011123735318134787,
    0.001112074957469876,
    0.0011144155210881645,
    0.0011127282017737291,
    0.0011113744563935849,
    0.001111773822861218,
    0.0011121573114997885,
    0.00111282847068283,
    0.0011115014999546807,
    0.0011103516479444861,
    0.0011122189531946897,
    0.0011108122654398729,
    0.001113476057289245,
    0.0011121899949923884,
    0.0011122837481315662,
    0.001112502898448862,
    0.0011123897096191005,
    0.0011123186221506712,
    0.0011115947508075264,
    0.0011113310016496352,
    0.001109248682968179,
    0.0011111995002973391,
    0.001111488105652484,
    0.0011120685882001335,
    0.0011107763728957052,
    0.0011105225648214755,
    0.0011123051092530904,
    0.0011111645216352484,
    0.0011105449444680626,
    0.0011099841348017646,
    0.0011119730142730006,
    0.0011125382049923087,
    0.0011100582569167855,
    0.0011111775671274922,
    0.0011111064447780674,
    0.0011103588822629121,
    0.0011113335340098942,
    0.0011107406059231205,
    0.0011106906633140442,
    0.0011108239575494988,
    0.0011108552946356798,
    0.0011120131134652019,
    0.001110336377044742,
    0.0011107626576883516,
    0.0011109910514694027,
    0.0011095841753572114,
    0.0011123652301365963,
    0.0011121342551618926,
    0.0011119199533029442,
    0.0011099869113289909,
    0.0011114021937610504,
    0.0011107861953839828,
    0.0011110044806525948,
    0.0011103874707266632,
    0.0011114058353369602,
    0.0011102739679679442,
    0.0011106465528073828,
    0.0011106281216894643,
    0.0011085318227050903,
    0.0011119356009174376,
    0.001110965246509077,
    0.001110550741689482,
    0.001110892735896039,
    0.0011118684480252783,
    0.0011110153146897362,
    0.0011109276517723384,
    0.0011112520799096603,
    0.0011105546065037616,
    0.001110095377271988,
    0.0011099895204274395,
    0.0011104154731896932,
    0.001109407977497533,
    0.0011100459997350357,
    0.0011099328527624688,
    0.0011103916494699007,
    0.0011117537802413163,
    0.0011124201816565982,
    0.0011119904687230506,
    0.0011100028170628494,
    0.0011108088052451388,
    0.0011089022239942228,
    0.0011111226225836892,
    0.0011102977289019452,
    0.0011110774237899745,
    0.0011115414456705029,
    0.0011117610703693347,
    0.0011118488588583158,
    0.0011111808180362544,
    0.0011105718377154418,
    0.0011111546851945728,
    0.0011109104972988478,
    0.001110944583007459,
    0.0011093053576093487,
    0.0011101557911558544,
    0.0011114965398771486,
    0.001112028370412548,
    0.0011110261068696832,
    0.001111079321316119,
    0.001110832001107016,
    0.0011114921169669441,
    0.0011095806314480885,
    0.0011109119483482526,
    0.0011117424648464395,
    0.0011130159420801905,
    0.0011100881987631543,
    0.0011121966712148894,
    0.001112126058127996,
    0.001111172397763988,
    0.0011117719950970639,
    0.0011094027941816308,
    0.0011101098319564419,
    0.001110803196381094,
    0.0011112753804145233,
    0.0011103538733519866,
    0.001110995313927029,
    0.0011109625955534339,
    0.0011105908269292853,
    0.0011114958004000482,
    0.0011132879022243765,
    0.001110922321956256,
    0.0011118184147256144,
    0.0011083942939168058,
    0.0011105864040190808
  ]
}