{
  "times": {
    "training": 191.517028093338,
    "evaluation": 0.24228882789611816
  },
  "metrics": {
    "mean_rank": {
      "worst": 2.9120111731843576,
      "best": 2.9120111731843576,
      "avg": 2.9120111731843576
    },
    "mean_reciprocal_rank": {
      "worst": 0.6497694311526458,
      "best": 0.6497694311526458,
      "avg": 0.6497694311526458
    },
    "hits_at_k": {
      "worst": {
        "1": 0.4660148975791434,
        "3": 0.8054003724394786,
        "5": 0.9087523277467412,
        "10": 0.9748603351955307
      },
      "best": {
        "1": 0.4660148975791434,
        "3": 0.8054003724394786,
        "5": 0.9087523277467412,
        "10": 0.9748603351955307
      },
      "avg": {
        "1": 0.4660148975791434,
        "3": 0.8054003724394786,
        "5": 0.9087523277467412,
        "10": 0.9748603351955307
      }
    },
    "adjusted_mean_rank": 0.06023383897241878
  },
  "losses": [
    0.016894077069443486,
    0.010715843982338795,
    0.008284470852994628,
    0.006895579668006089,
    0.005233256344261408,
    0.0035877827736322354,
    0.002337510651762315,
    0.0016302544798454347,
    0.001222068937678476,
    0.000994911967503772,
    0.0008705441542632515,
    0.0007952970169416597,
    0.0007460826830432684,
    0.0007097428349110085,
    0.0006869270180461908,
    0.0006641194109686333,
    0.0006473531826854463,
    0.0006301321184318443,
    0.0006285708899913209,
    0.0006167282087009832,
    0.0006149927138268934,
    0.0006093916393622882,
    0.0006039444201718318,
    0.0005966791388127876,
    0.0005953626678637421,
    0.0005968512965811849,
    0.0005909984636278335,
    0.000588227267253251,
    0.0005923918784009153,
    0.0005919285606804796,
    0.0005923060054780936,
    0.0005923165873365393,
    0.0005955921076931416,
    0.0005901835571925682,
    0.0005935042022207703,
    0.000594103597789089,
    0.000596641827102625,
    0.0005953961846851203,
    0.0005910592197814664,
    0.0005956192974834825,
    0.0005987281445086819,
    0.0006016151551619409,
    0.0006048847227496852,
    0.0005960164655218849,
    0.0005998728643254332,
    0.0006016996070657149,
    0.0006019166383080443,
    0.0006034221332402523,
    0.0006073689152973212,
    0.0006057433061317405,
    0.0006076699507131489,
    0.0006104610738918283,
    0.0006098811970199615,
    0.0006071804990610003,
    0.0006055650573785413,
    0.0006063604446268407,
    0.0006018187467022782,
    0.0006079175208118825,
    0.0006084038135538938,
    0.0006060430277330794,
    0.0006096883397244182,
    0.0006070810843547737,
    0.0006075303879268259,
    0.0006102194160127957,
    0.0006092287176454349,
    0.0006096445168224634,
    0.0006089908622309028,
    0.000607123182228006,
    0.0006075753843017648,
    0.0006017515306973181,
    0.0006076356658013538,
    0.0006055783543409605,
    0.0006032171396474085,
    0.0006062958219148784,
    0.0006050514587033749,
    0.0006101066281509757,
    0.0006069579454485941,
    0.0006041740522827178,
    0.0006073019868970677,
    0.0006046384752401907,
    0.0006016841960424725,
    0.0006011170330208862,
    0.0006044609789899638,
    0.0006005427421224112,
    0.0006017653302185775,
    0.0006032653171691193,
    0.0005987014883430675,
    0.0006060853070419889,
    0.0006045607219045556,
    0.0005989199875302836,
    0.0006049738429296651,
    0.0006068878689295113,
    0.0006057012035713744,
    0.0006105789105052108,
    0.0006047993544022612,
    0.0005985634589579989,
    0.0006042724638333203,
    0.0006013284563801988,
    0.0006040623586486208,
    0.0005955004626196157,
    0.0006013221049324648,
    0.0005991152083947696,
    0.000600850690460994,
    0.000596876664602543,
    0.0005973694157788411,
    0.0005989939915404344,
    0.0006012372773494711,
    0.000601687729705303,
    0.0005995477362791397,
    0.0005926988864786686,
    0.0005964812839426421,
    0.0005986235737373306,
    0.0006005829685757439,
    0.0006030638965347272,
    0.0005994625973287614,
    0.0005992733242734918,
    0.0006017750967882594,
    0.0005988387353583117,
    0.000594378430764749,
    0.0005949781136107648,
    0.0005981347346281604,
    0.0005962753467098722,
    0.0005961704075625097,
    0.0005973905453232574,
    0.000597505122634638,
    0.0005960955771452779,
    0.0005966859336306728,
    0.0006022999251818577,
    0.0006006552276641047,
    0.000594294279164544,
    0.0005972464470265168,
    0.0005956952610425476,
    0.0005936611990735619,
    0.0005973924163071445,
    0.0006014149503482415,
    0.0005975883297773936,
    0.0005939333375468362,
    0.0005905428062644804,
    0.000593643508250267,
    0.0005980175423866647,
    0.0005967596806114896,
    0.0005959315352579614,
    0.0005936192348381427,
    0.0005923033962161403,
    0.0005983571613064448,
    0.000591678676554717,
    0.0005930115462041875,
    0.0005956730038609551,
    0.0005955633204622187,
    0.0005890461760102196,
    0.0005938528951589709,
    0.0005931433412108626,
    0.0005976386645796608,
    0.0005959158918945894,
    0.0005923884063793437,
    0.000597719257555323,
    0.0005885616188702323,
    0.0005958666888171151,
    0.0005929012393621617,
    0.000593325966111932,
    0.0005932220359518601,
    0.0005915554671780265,
    0.0005954599429479162,
    0.0005931474712297097,
    0.000594240526024737,
    0.0005929959220253629,
    0.0005974422750383274,
    0.0005948829538954513,
    0.0005936622700291208,
    0.0005896413837880426,
    0.0005926524433599478,
    0.0005958761912177592,
    0.000590537634993422,
    0.0005945160398883257,
    0.0005907573447691814,
    0.0005970776734231842,
    0.0005921459996489431,
    0.0005948758341937958,
    0.0005961511333055327,
    0.0005993117079202414,
    0.0005942142360005702,
    0.0005922848074252225,
    0.0005921896391531648,
    0.0005925930524702717,
    0.0005936550254644024,
    0.0005898893499495776,
    0.0006001194063068302,
    0.0005891691908708595,
    0.0005912058251497444,
    0.0005892731676297611,
    0.0005936549639321466,
    0.0005974123019625673,
    0.0005982902366667986,
    0.0005947775826052578,
    0.0005903633847468173,
    0.0005897436112650297,
    0.0005904683084702398,
    0.0005909839492096751,
    0.0005906598529323224,
    0.0005975363409074289,
    0.0005935227768957852,
    0.0005931513266697219,
    0.0005940145927708952,
    0.0005914853446051297,
    0.0005965614363277324,
    0.0005955026218077265,
    0.000586559421998494,
    0.0005977690789529405,
    0.0005920753362026128,
    0.0005974633040273744,
    0.0005926450944792528,
    0.0005869393366975849,
    0.0005890150346936246,
    0.0005876280379146756,
    0.0005913319295945434,
    0.0005896072323505561,
    0.0005916352898832096,
    0.0005911539955333238,
    0.000593909615581447,
    0.0005874344050075008,
    0.0005920473335760782,
    0.0005934967029157831,
    0.0005875913227785358,
    0.0005925512640568697,
    0.0005852182614634491,
    0.0005891325697499023,
    0.0005814572050099258,
    0.0005876154424962744,
    0.0005929205398343866,
    0.0005900934452477891,
    0.0005899152971589624,
    0.0005918837939205924,
    0.0005837206551953383,
    0.0005918618628218044,
    0.0005927853298692682,
    0.0005897845510347163,
    0.0005937355242613772,
    0.0005880065630966177,
    0.0005897775740726338,
    0.000587735347116666,
    0.0005911723069658273,
    0.0005911713084973367,
    0.0005862051623259507,
    0.0005832213974053787,
    0.0005866849673118387,
    0.000589321331526083,
    0.0005923696098284977,
    0.0005871401282750272,
    0.0005863151837978337,
    0.0005863549544001591,
    0.0005897364976675483,
    0.0005900230326721172,
    0.0005935042838640999,
    0.0005918000837829843,
    0.0005929463580385904,
    0.0005915049463074501,
    0.000594853264609289,
    0.0005959038400746993,
    0.0005900981019151638,
    0.0005864992538621398,
    0.000592280106393582,
    0.0005881019643083222,
