{
  "times": {
    "training": 2394.064795732498,
    "evaluation": 5.805738210678101
  },
  "metrics": {
    "mean_rank": {
      "best": 1101.7345386045602,
      "worst": 1101.7363000293572,
      "avg": 1101.7354193169585
    },
    "mean_reciprocal_rank": {
      "best": 0.02797959836441581,
      "worst": 0.027979595675514408,
      "avg": 0.027979597015696692
    },
    "hits_at_k": {
      "best": {
        "1": 0.004452490458949017,
        "3": 0.011278011547118114,
        "5": 0.02431744789118309,
        "10": 0.0633378999902143
      },
      "worst": {
        "1": 0.004452490458949017,
        "3": 0.011278011547118114,
        "5": 0.02431744789118309,
        "10": 0.0633378999902143
      },
      "avg": {
        "1": 0.004452490458949017,
        "3": 0.011278011547118114,
        "5": 0.02431744789118309,
        "10": 0.0633378999902143
      }
    },
    "adjusted_mean_rank": 0.15969837518443916
  },
  "losses": [
    1.3245958295194584e-05,
    9.950012310053728e-06,
    9.21496682247957e-06,
    9.014151152480686e-06,
    8.948851067825348e-06,
    8.91635354619678e-06,
    8.901838682309014e-06,
    8.882219983357147e-06,
    8.866915551674855e-06,
    8.853512524897065e-06,
    8.844519151796766e-06,
    8.83732743888104e-06,
    8.832125693982992e-06,
    8.823063791354994e-06,
    8.814952326781738e-06,
    8.809206919279238e-06,
    8.80210753400473e-06,
    8.80170768954071e-06,
    8.790588819023418e-06,
    8.802419022244873e-06,
    8.798805717265772e-06,
    8.785786036718892e-06,
    8.781669591852365e-06,
    8.782670414736927e-06,
    8.783420266020327e-06,
    8.768248544666122e-06,
    8.776412850558164e-06,
    8.774206301161468e-06,
    8.765595535802486e-06,
    8.760553141015348e-06,
    8.758876734728326e-06,
    8.763650844280209e-06,
    8.757334215505842e-06,
    8.752629040221023e-06,
    8.762489081003463e-06,
    8.74963066828712e-06,
    8.750368388532804e-06,
    8.74575830214052e-06,
    8.750381560406806e-06,
    8.744329874066539e-06,
    8.741519113009856e-06,
    8.741471774556754e-06,
    8.741273498321966e-06,
    8.74304426506418e-06,
    8.728345735689779e-06,
    8.73382194257903e-06,
    8.739294250598561e-06,
    8.72929132941799e-06,
    8.732724787985585e-06,
    8.725087240556654e-06,
    8.726053248764834e-06,
    8.723162411186158e-06,
    8.728989012880404e-06,
    8.71927728974943e-06,
    8.724883344803345e-06,
    8.723489183597172e-06,
    8.718312247336335e-06,
    8.720427048148073e-06,
    8.718967992821502e-06,
    8.721268199405628e-06,
    8.710745204818788e-06,
    8.716925514585837e-06,
    8.717132183201201e-06,
    8.71276694253877e-06,
    8.70899880332392e-06,
    8.7117526894608e-06,
    8.709058403649812e-06,
    8.70768933371267e-06,
    8.710256433490466e-06,
    8.706403304463992e-06,
    8.705674853715992e-06,
    8.707814418981806e-06,
    8.707838097637209e-06,
    8.702267230439655e-06,
    8.698143315272046e-06,
    8.699426609452008e-06,
    8.702934821837136e-06,
    8.702531909411337e-06,
    8.690976736795473e-06,
    8.700822469877773e-06,
    8.693380868977671e-06,
    8.699356122774933e-06,
    8.697901090997129e-06,
    8.69437786312448e-06,
    8.685014136207368e-06,
    8.695026374887062e-06,
    8.688724779678676e-06,
    8.692451746131106e-06,
    8.685019977264975e-06,
    8.682732490125752e-06,
    8.689908660161582e-06,
    8.69268497013716e-06,
    8.685069742829542e-06,
    8.684813411977373e-06,
    8.690360337135032e-06,
    8.683741409278148e-06,
    8.683374438081864e-06,
    8.68357449785045e-06,
    8.68411050975882e-06,
    8.6785333108916e-06,
    8.683545568960283e-06
  ]
}