{
  "times": {
    "training": 1858.6982824802399,
    "evaluation": 1.5540788173675537
  },
  "metrics": {
    "mean_rank": {
      "avg": 3.74487895716946,
      "best": 3.74487895716946,
      "worst": 3.74487895716946
    },
    "mean_reciprocal_rank": {
      "avg": 0.5605440950434781,
      "best": 0.5605440950434781,
      "worst": 0.5605440950434781
    },
    "hits_at_k": {
      "avg": {
        "1": 0.3612662942271881,
        "3": 0.7085661080074488,
        "5": 0.8491620111731844,
        "10": 0.9543761638733705
      },
      "best": {
        "1": 0.3612662942271881,
        "3": 0.7085661080074488,
        "5": 0.8491620111731844,
        "10": 0.9543761638733705
      },
      "worst": {
        "1": 0.3612662942271881,
        "3": 0.7085661080074488,
        "5": 0.8491620111731844,
        "10": 0.9543761638733705
      }
    },
    "adjusted_mean_rank": 0.07813412779109688
  },
  "losses": [
    0.0038002888091721253,
    0.0027389959146596546,
    0.002725971241574037,
    0.002727864901814261,
    0.0027288547623292143,
    0.002720874641570245,
    0.0027172373385824376,
    0.002734982875334483,
    0.0027083431556733668,
    0.002708390250685189,
    0.0026820910438783607,
    0.002655936988229316,
    0.002619967607115064,
    0.0025181691107786634,
    0.0022743345110298723,
    0.0018490851752779164,
    0.0015195427020560002,
    0.001400416634526899,
    0.0013402315309665371,
    0.0013075371862350778,
    0.0012590948795644246,
    0.0012389976174390983,
    0.0012238258115506002,
    0.0011881544860886507,
    0.0011806821006730421,
    0.001158058429095451,
    0.0011335723123893364,
    0.0011520497803380084,
    0.0011071277123833186,
    0.001107085957869884,
    0.001095476010319435,
    0.0010873452541836945,
    0.001067759345868979,
    0.0010654134583752777,
    0.001058791367309203,
    0.001039774266327993,
    0.0010434616055585485,
    0.0010346544968410768,
    0.001026733712688235,
    0.001041496379271739,
    0.0010298801743432405,
    0.0010322201910384229,
    0.0010082539609063954,
    0.0010129289453816932,
    0.0009995500018867257,
    0.0010552246932137395,
    0.001015909725361092,
    0.0009802061474048411,
    0.0009772328847704442,
    0.0009734668169534252,
    0.0009685344453957734,
    0.0009586120466658085,
    0.0009711421370503671,
    0.0009723309683548078,
    0.000971211037970905,
    0.000971561278153755,
    0.0009938740702991266,
    0.0009576118586511676,
    0.0009459178384732672,
    0.0009555994302024786,
    0.0009460672548137543,
    0.0009575170450207293,
    0.0009499741735613525,
    0.0009470622225059371,
    0.0009507549489427128,
    0.0009405896991856696,
    0.0009669539594847521,
    0.0009856855310695874,
    0.0009414737769236879,
    0.0009412260631043533,
    0.0009372071285639656,
    0.0009302938892636867,
    0.000939397989872107,
    0.0009323919179639169,
    0.0009261249242047867,
    0.0009221843083446657,
    0.0009332423290012802,
    0.0009597680846570157,
    0.0009390995643722514,
    0.0009274580627104288,
    0.0009171002137227061,
    0.0009315137606208327,
    0.0009269915415520854,
    0.0009343150106789753,
    0.000946588405224404,
    0.000932702604351628,
    0.0009189286846528004,
    0.0009227199783511216,
    0.0009210197069056067,
    0.0009400440822638857,
    0.0009160284649481306,
    0.0009222135687580904,
    0.0009132807191211925,
    0.0009116631413592821,
    0.000917537402416569,
    0.0009180313634183885,
    0.0009166989044926377,
    0.0009087460788210143,
    0.0009554769149575947,
    0.0009451204999057883,
    0.0009090010682709536,
    0.0009017096665510839,
    0.0009062680868608075,
    0.0009114027320021896,
    0.0009176121914126188,
    0.000902571680751535,
    0.0009136784407318908,
    0.0009059751608948771,
    0.0009010672538318019,
    0.0009088670569585378,
    0.000904596051962502,
    0.0009061876292125068,
    0.0008919808353264275,
    0.0008944589542207562,
    0.0008939147203304361,
    0.0008972246952621747,
    0.0009066625098738826,
    0.0008915475960877595,
    0.0009125387969719811,
    0.0008918204383396157,
    0.0008966931545115442,
    0.0008898703312202207,
    0.0009013556484839346,
    0.0008903573819153597,
    0.000909212159606792,
    0.0008982947075081996,
    0.0008976569805056213,
    0.0009058831738785942,
    0.0008825208685576239,
    0.0008819401826101708,
    0.0008836026586987225,
    0.0008802670617683787,
    0.0009009210925966969,
    0.0009105179466159791,
    0.0008836860231874679,
    0.0008945092758336471,
    0.0008877218112437584,
    0.0008775818545139336,
    0.0008934111416026817,
    0.0008833857643097981,
    0.0008838187387254096,
    0.0008793151772285425,
    0.0008784877860675346,
    0.0008934265010129514,
    0.0008870082290312067,
    0.0009351599123721335,
    0.000909025574568223,
    0.000874696691517896,
    0.0008873090822483354,
    0.0008794011234559558,
    0.000876879922826321,
    0.0008839042843663925,
    0.0008773784633213131,
    0.0008886445820883565,
    0.0008872616799022437,
    0.0008707141598742386,
    0.0008856573416581133,
    0.0008800406171809463,
    0.0008737716680695215,
    0.0008729486526203715,
    0.0008766146958587614,
    0.0008851662787764895,
    0.0008791833211801255,
    0.0008821747874974514,
    0.0008783773801416814,
    0.0008719143852738015,
    0.0008705479473534846,
    0.0008868831943429322,
    0.0008879207402305531,
    0.0008755282975566723,
    0.0008845222409843373,
    0.0008621027857529119,
    0.0008659307320195874,
    0.0008907201705362703,
    0.0008870868719412251,
    0.0008802562048950856,
    0.000881646986534533,
    0.0008745252463028309,
    0.0008606790927498626,
    0.0008675056122821557,
    0.00086965885122127,
    0.0008650395791076842,
    0.0008820813256145842,
    0.0008725699231120991,
    0.0008685556404974507,
    0.0008778463853876305,
    0.0008687043262445909,
    0.0008752647155005492,
    0.0008774094000935714,
    0.0008718497806018539,
    0.0008605549378256917,
    0.0008697518738761042,
    0.0008768071573640112,
    0.000865727097259517,
    0.0008713918251259259,
    0.0008681875464226528,
    0.0008835693566679731,
    0.0008807682538730326,
    0.0008678389658666589,
    0.0008645275979841735,
    0.0008868326297076071,
    0.0008774842289302582,
    0.000876441388979575,
    0.0008761797192740195,
    0.0008633950662412,
    0.0008641499914804453,
    0.0008758646560844194,
    0.0008626786298367059,
    0.0008665690091608637,
    0.0008963265722008834,
    0.0008771657265290228,
    0.0008606062044410474,
    0.0008607209786665469,
    0.000855357886768602,
    0.0008625483917759571,
    0.0008784237848368058,
    0.0008553513359541792,
    0.0008598529912591545,
    0.0008650575817888777,
    0.0008592680042669742,
    0.0008515783038739401,
    0.0008523292749708567,
    0.0008567358916084726,
    0.0008624694090487422,
    0.0008650532216099632,
    0.0008709433486149734,
    0.0008649210419313117,
    0.0008660657688877668,
    0.0008549184327721002,
    0.0008558231484505072,
    0.0008500906506798331,
    0.0008706123444290085,
    0.0008830669169682201,
    0.000852742948696237,
    0.000854117236475544,
    0.0008584421897814557,
    0.000853620067457686,
    0.0008550168675948667,
    0.0008577584221541414,
    0.0008805504441304892,
    0.000862629766957939,
    0.0008587485007298169,
    0.0008521801291760894,
    0.0008547708916121201,
    0.0008493367315937978,
    0.0008635332434344862,
    0.0008598564672048382,
    0.0008479840939032605,
    0.0008697978732976644,
    0.0008593805822433053
  ]
}