{
  "times": {
    "training": 78.58263397216797,
    "evaluation": 0.11564087867736816
  },
  "metrics": {
    "mean_rank": {
      "avg": 48.69972067039106,
      "best": 48.69972067039106,
      "worst": 48.69972067039106
    },
    "mean_reciprocal_rank": {
      "avg": 0.051379485148984244,
      "best": 0.051379485148984244,
      "worst": 0.051379485148984244
    },
    "hits_at_k": {
      "avg": {
        "1": 0.009776536312849162,
        "3": 0.02653631284916201,
        "5": 0.046089385474860335,
        "10": 0.10242085661080075
      },
      "best": {
        "1": 0.009776536312849162,
        "3": 0.02653631284916201,
        "5": 0.046089385474860335,
        "10": 0.10242085661080075
      },
      "worst": {
        "1": 0.009776536312849162,
        "3": 0.02653631284916201,
        "5": 0.046089385474860335,
        "10": 0.10242085661080075
      }
    },
    "adjusted_mean_rank": 1.0107596435859882
  },
  "losses": [
    0.03920463670728805,
    0.03937885176376457,
    0.039308585254440594,
    0.03908411008811622,
    0.03906701242879089,
    0.03911915488457412,
    0.03917261818598272,
    0.03908368046587326,
    0.03904478921649161,
    0.0390637730726142,
    0.03904870699407456,
    0.03916401597444484,
    0.03895021807611658,
    0.0390810344214743,
    0.03886410253547997,
    0.03888460893309518,
    0.038876103327961896,
    0.03876511289385821,
    0.038864527134859606,
    0.038722911354307825,
    0.03894943149572008,
    0.03879634349533681,
    0.03860068031018146,
    0.03875365150108766,
    0.038621855976429774,
    0.0387036016817843,
    0.038747861479105576,
    0.038717970865942565,
    0.03850341557563467,
    0.038713428746448474,
    0.03850917573948478,
    0.0386558725369557,
    0.03855813185820419,
    0.03839958880501294,
    0.0384501117780414,
    0.03855487938677327,
    0.03834208472167955,
    0.03844409276930134,
    0.038477479295337694,
    0.03853897482491611,
    0.03846938534175859,
    0.0382556670837188,
    0.038391603122043254,
    0.03822086059422082,
    0.038222137629316096,
    0.03825518555855483,
    0.03824187039436026,
    0.038173747531483684,
    0.038186737548992426,
    0.03813321938675441,
    0.03819234964999367,
    0.03817512753527709,
    0.03822022721115569,
    0.03825622188687771,
    0.03782791250877166,
    0.03797643087553174,
    0.037962698925300485,
    0.03804573366481267,
    0.03800903143507711,
    0.03796065780107448,
    0.03781125351284327,
    0.037799472386917374,
    0.037952816274282195,
    0.03792913475733125,
    0.03793748030055328,
    0.037816562456138125,
    0.03766443856646506,
    0.037661698371283574,
    0.03760040766290958,
    0.037654790036687244,
    0.037962616829389936,
    0.03756124305814393,
    0.03764074119958985,
    0.037673333722553895,
    0.037435488252157575,
    0.03750911494542597,
    0.03762028938375609,
    0.037545797585994564,
    0.03748586779453335,
    0.03743443021390322,
    0.0375969647133395,
    0.037437828515799305,
    0.03740447514066089,
    0.03741871389780152,
    0.037501524561799865,
    0.03744164611516374,
    0.03741750980584362,
    0.03733436908391531,
    0.03728489242912678,
    0.03732375923390692,
    0.0374028744099292,
    0.03731798104355844,
    0.03730981699313117,
    0.03727490893017487,
    0.03709916033771601,
    0.037297977546181124,
    0.0372185782435235,
    0.037225058685974234,
    0.037039437655652506,
    0.03697220590453916,
    0.037105875403693554,
    0.03703454494029842,
    0.036851653836193154,
    0.03701579408922445,
    0.03700905502512214,
    0.03691265042801475,
    0.03687022325028194,
    0.03704657313529025,
    0.03683288283785631,
    0.036821234929427675,
    0.03686686970767904,
    0.03687335645661372,
    0.03683421657549755,
    0.036781378229905605,
    0.036929607614595794,
    0.0369249600149719,
    0.036780083949646256,
    0.036745018224591176,
    0.03660966210374225,
    0.0366155348355404,
    0.03664293595021137,
    0.03651139268491152,
    0.03665893276532491,
    0.0366349137677682,
    0.03642143995574351,
    0.03661997599548168,
    0.03648281778289138,
    0.036470875199814415,
    0.036456632536002315,
    0.03652803979339671,
    0.03645494105887324,
    0.036466653092523636,
    0.03652558528751916,
    0.03635049491339409,
    0.036440676629320067,
    0.036309026935127345,
    0.03617239896947525,
    0.036242955521251376,
    0.03628041408258431,
    0.03641939453417889,
    0.0362129436338439,
    0.03616717234532931,
    0.03618717634499296,
    0.03601169117381064,
    0.036218973469644894,
    0.0361168035183953,
    0.036074923888574376,
    0.03621211703796958,
    0.036159689730026305,
    0.03605361779530843
  ]
}