{
  "times": {
    "training": 100.08316206932068,
    "evaluation": 0.18723821640014648
  },
  "metrics": {
    "mean_rank": {
      "worst": 9.946927374301676,
      "best": 9.946927374301676,
      "avg": 9.946927374301676
    },
    "mean_reciprocal_rank": {
      "worst": 0.2969339174504407,
      "best": 0.2969339174504407,
      "avg": 0.2969339174504407
    },
    "hits_at_k": {
      "worst": {
        "1": 0.13268156424581007,
        "3": 0.33379888268156427,
        "5": 0.47998137802607077,
        "10": 0.7034450651769087
      },
      "best": {
        "1": 0.13268156424581007,
        "3": 0.33379888268156427,
        "5": 0.47998137802607077,
        "10": 0.7034450651769087
      },
      "avg": {
        "1": 0.13268156424581007,
        "3": 0.33379888268156427,
        "5": 0.47998137802607077,
        "10": 0.7034450651769087
      }
    },
    "adjusted_mean_rank": 0.20909253870235892
  },
  "losses": [
    0.00046311095190368037,
    0.0004626589769831255,
    0.00045159461017768246,
    0.00044527728882737526,
    0.0004510593391462318,
    0.00044528765443870716,
    0.00044177696751314627,
    0.0004425469877543978,
    0.000438988856026556,
    0.00043139541750706565,
    0.00042264859770022804,
    0.00042340870921659757,
    0.0004213678212411028,
    0.00042387114017392757,
    0.0004189219652978196,
    0.00041498120544589546,
    0.0004080148340604131,
    0.0004046328986882783,
    0.0004087062555545818,
    0.0004088343170190992,
    0.0003967975149974013,
    0.0004006900638103942,
    0.0003939838702211895,
    0.00038430421678298807,
    0.00038416369088500955,
    0.00039264146644290134,
    0.0003786514510517492,
    0.0003796692512850912,
    0.0003780980045062138,
    0.0003728134511797164,
    0.00036791331544923004,
    0.0003670294924080848,
    0.00036469326541660615,
    0.00036021654444432264,
    0.00035522350846902513,
    0.0003566012495586721,
    0.0003521316198448296,
    0.00035307473818054977,
    0.0003494355043486184,
    0.0003455308337670018,
    0.00034477733282645416,
    0.0003434914401909369,
    0.0003464707063052343,
    0.0003421535719625107,
    0.0003409740910367134,
    0.0003424100137602137,
    0.00033864328957182725,
    0.000341012802644874,
    0.0003402374377840055,
    0.00034005957093721605,
    0.00033771921293075305,
    0.0003348220150450174,
    0.00033822972166846636,
    0.0003377511854637777,
    0.00033138719506630766,
    0.00033812635586841233,
    0.00033794850805855836,
    0.0003351361863493577,
    0.00033132725727516257,
    0.0003345838677422454,
    0.00033302994457459306,
    0.00033397105927286116,
    0.00032736485718690866,
    0.0003344430991233404,
    0.0003298285983310116,
    0.0003333844694227732,
    0.00032754539872312347,
    0.0003360540950233584,
    0.0003310341693767912,
    0.0003292604362344026,
    0.00032861250937841677,
    0.00033154885196259366,
    0.0003292333371568434,
    0.0003317870135430671,
    0.00032857499233795333,
    0.00032604521682413955,
    0.0003290521150501876,
    0.00032925502974474554,
    0.00032695101800721813,
    0.00033035677810402123,
    0.0003199311004816553,
    0.0003307511044249143,
    0.0003266362137247754,
    0.00032911925356215234,
    0.00032756972792658017,
    0.0003209704267297146,
    0.0003234255679382451,
    0.00032330545915349606,
    0.0003255202590524484,
    0.0003294455942274549,
    0.00032824226478082006,
    0.00032969711021812,
    0.0003218737673888912,
    0.0003215367041697178,
    0.0003235110913705841,
    0.0003255475484993617,
    0.0003230870864673835,
    0.00032366641848584555,
    0.00032196402625891393,
    0.0003252043173131148,
    0.0003234791807075995,
    0.0003217120962149036,
    0.0003202769587649891,
    0.00031913520904517864,
    0.0003237734536552003,
    0.0003219543697734261,
    0.00032049800138129325,
    0.00031917372076551744,
    0.0003194318996835768,
    0.0003193047805473622,
    0.00031863963954253,
    0.00031875225729319435,
    0.0003198294051726837,
    0.00032217924357298195,
    0.00031936958227550517,
    0.00032245407029105923,
    0.00031801005477381377,
    0.0003218062766936213,
    0.0003197570600588837,
    0.0003175363682284214,
    0.0003197592588249238,
    0.0003207533961475486,
    0.00031740087759985934,
    0.00032317216253174033,
    0.00032151073303058177,
    0.00032169675244496143,
    0.00031640826323206756,
    0.0003182150349758639,
    0.00031846785975583864,
    0.00031759489728634595,
    0.00031827288346334754,
    0.0003180105069010298,
    0.00031736505960588144,
    0.00031919392371322354,
    0.00031905628667019384,
    0.0003195956078096534,
    0.00032031548952226327,
    0.0003207973429129475,
    0.00031770310322722854,
    0.00031633422383101593,
    0.0003179244694714347,
    0.00031544577957379937,
    0.0003197586781983938,
    0.00031779066361165665,
    0.0003148832571693062,
    0.00031469602890952787,
    0.0003200150724037582,
    0.00031415046841448696,
    0.0003153288166426272,
    0.00031561525589130586,
    0.00031612472711603924,
    0.00031848123320296563,
    0.0003175107349948889,
    0.0003183385228166486,
    0.0003140719743705489,
    0.00031737616289846053,
    0.00031488926332242875,
    0.00031711930704741233,
    0.000309888591156414,
    0.00031390127968917596,
    0.00032113391117180015,
    0.0003122923635743518,
    0.00031220232362908623,
    0.00031409031169858464,
    0.00031431175884976623,
    0.00031973944137515976,
    0.0003169279430134157,
    0.0003116341186993726,
    0.00031375649903613283,
    0.0003167101795092363,
    0.0003122463370237591,
    0.0003168123412231255,
    0.00031567863936776057,
    0.0003149526705950527,
    0.0003157146382126249,
    0.0003141680061912354,
    0.000312207868136525,
    0.00031574120425599257,
    0.00031156168316012945,
    0.00031312296886255246,
    0.000312978392856565,
    0.000317208566478326,
    0.00031924486655238643,
    0.0003124513219850431,
    0.0003159878705873614,
    0.00031013232817934635,
    0.00031469172656212473,
    0.0003104299373498781,
    0.0003152908094010769,
    0.00031188948015099094,
    0.0003109872293563667,
    0.0003138180168929172,
    0.00031684694561247094,
    0.00031212794632243105,
    0.0003127651363468444,
    0.00031025433113916886,
    0.00031226628773207103,
    0.00031071723801988414,
    0.00031054623874754466,
    0.00031302718928126016,
    0.0003126868088760912,
    0.0003135265661709912,
    0.0003123743223405349,
    0.0003143598080747465,
    0.00031322872855723454,
    0.00031459389099180795,
    0.00031119972914790467,
    0.00031183491553486595,
    0.0003175513883704615,
    0.0003100156079691007,
    0.00030943976922828676,
    0.00031375276779679206,
    0.0003116515850876132,
    0.0003118762399624118,
    0.000313410255254857,
    0.0003100215141783123,
    0.0003068856549925486,
    0.00030940862004271867,
    0.0003083401196911403,
    0.00031048731467321026,
    0.0003112833774421056,
    0.00031162608511262866,
    0.00030854287733098106,
    0.0003099883280406551,
    0.00030998975105157715,
    0.0003123206619788419,
    0.0003115130628270868,
    0.00030642845919245693,
    0.00031104588691360536,
    0.00030995767857464155,
    0.0003112739541590766,
    0.00030843858823955956,
    0.00030824740981568317,
    0.00031489358946600114,
    0.00030746807575378126,
    0.000308699484680149,
    0.0003090407265066453,
    0.0003074819394019951,
    0.00030841305970917185,
    0.00030898835113809267,
    0.0003100119814329047,
    0.00031143587281322446,
    0.00030578240271537536,
    0.00031004247860343494,
    0.0003076518535690161,
    0.00030766721161665987,
    0.0003081691394557362,
    0.0003105160556864487,
    0.000311960397494635,
    0.00030627440279263425,
    0.0003119348118534411,
    0.00030781342479909275,
    0.00031576366783977886,
    0.0003046397392226651,
    0.0003055164138945632,
    0.0003051320153354875,
    0.0003127385798219445,
