{
  "times": {
    "training": 890.1167061328888,
    "evaluation": 9.721116542816162
  },
  "metrics": {
    "arithmetic_mean_rank": {
      "tail": {
        "realistic": 890.3555061559507,
        "optimistic": 890.3553351573188,
        "pessimistic": 890.3556771545827
      },
      "both": {
        "realistic": 1276.8842339261287,
        "optimistic": 1276.8838919288646,
        "pessimistic": 1276.8845759233925
      },
      "head": {
        "realistic": 1663.4129616963064,
        "optimistic": 1663.4124487004103,
        "pessimistic": 1663.4134746922025
      }
    },
    "geometric_mean_rank": {
      "tail": {
        "realistic": 10.328938367038072,
        "optimistic": 10.328938313702082,
        "pessimistic": 10.32893842037324
      },
      "both": {
        "realistic": 13.33152493501019,
        "optimistic": 13.33152442698068,
        "pessimistic": 13.33152544298757
      },
      "head": {
        "realistic": 17.20695300690078,
        "optimistic": 17.206951784329227,
        "pessimistic": 17.20695422933915
      }
    },
    "median_rank": {
      "tail": {
        "realistic": 2.0,
        "optimistic": 2.0,
        "pessimistic": 2.0
      },
      "both": {
        "realistic": 4.0,
        "optimistic": 4.0,
        "pessimistic": 4.0
      },
      "head": {
        "realistic": 5.5,
        "optimistic": 5.5,
        "pessimistic": 5.5
      }
    },
    "harmonic_mean_rank": {
      "tail": {
        "realistic": 1.9472366705156914,
        "optimistic": 1.9472366705151,
        "pessimistic": 1.9472366705162827
      },
      "both": {
        "realistic": 2.050333421236465,
        "optimistic": 2.0503334212035726,
        "pessimistic": 2.0503334212693494
      },
      "head": {
        "realistic": 2.164957431787245,
        "optimistic": 2.1649574317146296,
        "pessimistic": 2.1649574318598406
      }
    },
    "inverse_arithmetic_mean_rank": {
      "tail": {
        "realistic": 0.0011231468700827515,
        "optimistic": 0.0011231470857905376,
        "pessimistic": 0.001123146654375048
      },
      "both": {
        "realistic": 0.000783156353121557,
        "optimistic": 0.0007831565628801198,
        "pessimistic": 0.0007831561433631067
      },
      "head": {
        "realistic": 0.0006011736249669627,
        "optimistic": 0.0006011738103687269,
        "pessimistic": 0.000601173439565313
      }
    },
    "inverse_geometric_mean_rank": {
      "tail": {
        "realistic": 0.09681537099603782,
        "optimistic": 0.09681537149596758,
        "pessimistic": 0.09681537049611577
      },
      "both": {
        "realistic": 0.07501017362041454,
        "optimistic": 0.07501017647885597,
        "pessimistic": 0.07501017076226664
      },
      "head": {
        "realistic": 0.05811604178839531,
        "optimistic": 0.05811604591759961,
        "pessimistic": 0.058116037659641406
      }
    },
    "inverse_harmonic_mean_rank": {
      "tail": {
        "realistic": 0.5135482579707004,
        "optimistic": 0.5135482579708563,
        "pessimistic": 0.5135482579705445
      },
      "both": {
        "realistic": 0.4877255521674833,
        "optimistic": 0.4877255521753076,
        "pessimistic": 0.4877255521596609
      },
      "head": {
        "realistic": 0.46190284636426615,
        "optimistic": 0.4619028463797589,
        "pessimistic": 0.46190284634877754
      }
    },
    "inverse_median_rank": {
      "tail": {
        "realistic": 0.5,
        "optimistic": 0.5,
        "pessimistic": 0.5
      },
      "both": {
        "realistic": 0.25,
        "optimistic": 0.25,
        "pessimistic": 0.25
      },
      "head": {
        "realistic": 0.18181818181818182,
        "optimistic": 0.18181818181818182,
        "pessimistic": 0.18181818181818182
      }
    },
    "rank_std": {
      "tail": {
        "realistic": 3759.5660251191607,
        "optimistic": 3759.564559414362,
        "pessimistic": 3759.5674908461215
      },
      "both": {
        "realistic": 4698.1410502722765,
        "optimistic": 4698.139892636255,
        "pessimistic": 4698.142207944384
      },
      "head": {
        "realistic": 5450.863513654824,
        "optimistic": 5450.862553280545,
        "pessimistic": 5450.864474075942
      }
    },
    "rank_var": {
      "tail": {
        "realistic": 14134336.697230285,
        "optimistic": 14134325.676404506,
        "pessimistic": 14134347.718227
      },
      "both": {
        "realistic": 22072529.328253485,
        "optimistic": 22072518.4507802,
        "pessimistic": 22072540.206068527
      },
      "head": {
        "realistic": 29711913.044493414,
        "optimistic": 29711902.574756104,
        "pessimistic": 29711923.514743194
      }
    },
    "hits_at_k": {
      "tail": {
        "realistic": {
          "1": 0.46511627906976744,
          "3": 0.5266757865937073,
          "5": 0.5550615595075239,
          "10": 0.6104651162790697
        },
        "optimistic": {
          "1": 0.46511627906976744,
          "3": 0.5266757865937073,
          "5": 0.5550615595075239,
          "10": 0.6104651162790697
        },
        "pessimistic": {
          "1": 0.46511627906976744,
          "3": 0.5266757865937073,
          "5": 0.5550615595075239,
          "10": 0.6104651162790697
        }
      },
      "both": {
        "realistic": {
          "1": 0.4423734610123119,
          "3": 0.49811901504787964,
          "5": 0.527530779753762,
          "10": 0.5783173734610123
        },
        "optimistic": {
          "1": 0.4423734610123119,
          "3": 0.49811901504787964,
          "5": 0.527530779753762,
          "10": 0.5783173734610123
        },
        "pessimistic": {
          "1": 0.4423734610123119,
          "3": 0.49811901504787964,
          "5": 0.527530779753762,
          "10": 0.5783173734610123
        }
      },
      "head": {
        "realistic": {
          "1": 0.41963064295485636,
          "3": 0.469562243502052,
          "5": 0.5,
          "10": 0.5461696306429549
        },
        "optimistic": {
          "1": 0.41963064295485636,
          "3": 0.469562243502052,
          "5": 0.5,
          "10": 0.5461696306429549
        },
        "pessimistic": {
          "1": 0.41963064295485636,
          "3": 0.469562243502052,
          "5": 0.5,
          "10": 0.5461696306429549
        }
      }
    },
    "adjusted_arithmetic_mean_rank": {
      "tail": {
        "realistic": 0.043909528475766464
      },
      "both": {
        "realistic": 0.06298587805160508
      },
      "head": {
        "realistic": 0.08207069378691921
      }
    },
    "adjusted_arithmetic_mean_rank_index": {
      "tail": {
        "realistic": 0.9561376252195732
      },
      "both": {
        "realistic": 0.9370603450648318
      },
      "head": {
        "realistic": 0.9179745979198697
      }
    }
  },