{
  "times": {
    "training": 36.84848952293396,
    "evaluation": 0.2109670639038086
  },
  "metrics": {
    "arithmetic_mean_rank": {
      "tail": {
        "pessimistic": 2.3007448789571696,
        "optimistic": 2.3007448789571696,
        "realistic": 2.3007448789571696
      },
      "both": {
        "pessimistic": 2.6675977653631286,
        "optimistic": 2.6675977653631286,
        "realistic": 2.6675977653631286
      },
      "head": {
        "pessimistic": 3.0344506517690877,
        "optimistic": 3.0344506517690877,
        "realistic": 3.0344506517690877
      }
    },
    "geometric_mean_rank": {
      "tail": {
        "pessimistic": 1.3307414167346368,
        "optimistic": 1.3307414167346368,
        "realistic": 1.3307414167346368
      },
      "both": {
        "pessimistic": 1.486619071825189,
        "optimistic": 1.486619071825189,
        "realistic": 1.486619071825189
      },
      "head": {
        "pessimistic": 1.660755603547199,
        "optimistic": 1.660755603547199,
        "realistic": 1.660755603547199
      }
    },
    "median_rank": {
      "tail": {
        "pessimistic": 1.0,
        "optimistic": 1.0,
        "realistic": 1.0
      },
      "both": {
        "pessimistic": 1.0,
        "optimistic": 1.0,
        "realistic": 1.0
      },
      "head": {
        "pessimistic": 1.0,
        "optimistic": 1.0,
        "realistic": 1.0
      }
    },
    "harmonic_mean_rank": {
      "tail": {
        "pessimistic": 1.166712270288352,
        "optimistic": 1.166712270288352,
        "realistic": 1.166712270288352
      },
      "both": {
        "pessimistic": 1.2454945259972028,
        "optimistic": 1.2454945259972028,
        "realistic": 1.2454945259972028
      },
      "head": {
        "pessimistic": 1.3356867873707539,
        "optimistic": 1.3356867873707539,
        "realistic": 1.3356867873707539
      }
    },
    "inverse_arithmetic_mean_rank": {
      "tail": {
        "pessimistic": 0.4346418454067179,
        "optimistic": 0.4346418454067179,
        "realistic": 0.4346418454067179
      },
      "both": {
        "pessimistic": 0.37486910994764394,
        "optimistic": 0.37486910994764394,
        "realistic": 0.37486910994764394
      },
      "head": {
        "pessimistic": 0.32954894139306534,
        "optimistic": 0.32954894139306534,
        "realistic": 0.32954894139306534
      }
    },
    "inverse_geometric_mean_rank": {
      "tail": {
        "pessimistic": 0.7514607927765504,
        "optimistic": 0.7514607927765504,
        "realistic": 0.7514607927765504
      },
      "both": {
        "pessimistic": 0.6726672749948345,
        "optimistic": 0.6726672749948345,
        "realistic": 0.6726672749948345
      },
      "head": {
        "pessimistic": 0.6021355567695242,
        "optimistic": 0.6021355567695242,
        "realistic": 0.6021355567695242
      }
    },
    "inverse_harmonic_mean_rank": {
      "tail": {
        "pessimistic": 0.8571093537508189,
        "optimistic": 0.8571093537508189,
        "realistic": 0.8571093537508189
      },
      "both": {
        "pessimistic": 0.8028939341980262,
        "optimistic": 0.8028939341980262,
        "realistic": 0.8028939341980262
      },
      "head": {
        "pessimistic": 0.7486785146452336,
        "optimistic": 0.7486785146452336,
        "realistic": 0.7486785146452336
      }
    },
    "inverse_median_rank": {
      "tail": {
        "pessimistic": 1.0,
        "optimistic": 1.0,
        "realistic": 1.0
      },
      "both": {
        "pessimistic": 1.0,
        "optimistic": 1.0,
        "realistic": 1.0
      },
      "head": {
        "pessimistic": 1.0,
        "optimistic": 1.0,
        "realistic": 1.0
      }
    },
    "rank_std": {
      "tail": {
        "pessimistic": 6.477856523841769,
        "optimistic": 6.477856523841769,
        "realistic": 6.477856523841769
      },
      "both": {
        "pessimistic": 6.781735000058556,
        "optimistic": 6.781735000058556,
        "realistic": 6.781735000058556
      },
      "head": {
        "pessimistic": 7.053514868349701,
        "optimistic": 7.053514868349701,
        "realistic": 7.053514868349701
      }
    },
    "rank_var": {
      "tail": {
        "pessimistic": 41.96262514347937,
        "optimistic": 41.96262514347937,
        "realistic": 41.96262514347937
      },
      "both": {
        "pessimistic": 45.99192961101922,
        "optimistic": 45.99192961101922,
        "realistic": 45.99192961101922
      },
      "head": {
        "pessimistic": 49.7520719980303,
        "optimistic": 49.7520719980303,
        "realistic": 49.7520719980303
      }
    },
    "hits_at_k": {
      "tail": {
        "pessimistic": {
          "1": 0.7783985102420856,
          "3": 0.9292364990689013,
          "5": 0.9506517690875232,
          "10": 0.9720670391061452
        },
        "optimistic": {
          "1": 0.7783985102420856,
          "3": 0.9292364990689013,
          "5": 0.9506517690875232,
          "10": 0.9720670391061452
        },
        "realistic": {
          "1": 0.7783985102420856,
          "3": 0.9292364990689013,
          "5": 0.9506517690875232,
          "10": 0.9720670391061452
        }
      },
      "both": {
        "pessimistic": {
          "1": 0.7039106145251397,
          "3": 0.8873370577281192,
          "5": 0.9245810055865922,
          "10": 0.9641527001862198
        },
        "optimistic": {
          "1": 0.7039106145251397,
          "3": 0.8873370577281192,
          "5": 0.9245810055865922,
          "10": 0.9641527001862198
        },
        "realistic": {
          "1": 0.7039106145251397,
          "3": 0.8873370577281192,
          "5": 0.9245810055865922,
          "10": 0.9641527001862198
        }
      },
      "head": {
        "pessimistic": {
          "1": 0.6294227188081937,
          "3": 0.845437616387337,
          "5": 0.8985102420856611,
          "10": 0.9562383612662942
        },
        "optimistic": {
          "1": 0.6294227188081937,
          "3": 0.845437616387337,
          "5": 0.8985102420856611,
          "10": 0.9562383612662942
        },
        "realistic": {
          "1": 0.6294227188081937,
          "3": 0.845437616387337,
          "5": 0.8985102420856611,
          "10": 0.9562383612662942
        }
      }
    },
    "adjusted_arithmetic_mean_rank": {
      "tail": {
        "realistic": 0.04768889317765126
      },
      "both": {
        "realistic": 0.055902166330895946
      },
      "head": {
        "realistic": 0.06429846800366969
      }
    },
    "adjusted_arithmetic_mean_rank_index": {
      "tail": {
        "realistic": 0.9724680238860094
      },
      "both": {
        "realistic": 0.9643058219775292
      },
      "head": {
        "realistic": 0.9559577920441833
      }
    }
  },