{
  "times": {
    "training": 23830.31639814377,
    "evaluation": 24.747159719467163
  },
  "metrics": {
    "mean_rank": {
      "worst": 672.5366474214699,
      "best": 672.5364761718367,
      "avg": 672.5365617966532
    },
    "mean_reciprocal_rank": {
      "worst": 0.23785169552655322,
      "best": 0.23785170387288107,
      "avg": 0.23785169966189598
    },
    "hits_at_k": {
      "worst": {
        "1": 0.16461982581465898,
        "3": 0.25807319698600645,
        "5": 0.3122125452588316,
        "10": 0.387855954594383
      },
      "best": {
        "1": 0.16461982581465898,
        "3": 0.25807319698600645,
        "5": 0.3122125452588316,
        "10": 0.387855954594383
      },
      "avg": {
        "1": 0.16461982581465898,
        "3": 0.25807319698600645,
        "5": 0.3122125452588316,
        "10": 0.387855954594383
      }
    },
    "adjusted_mean_rank": 0.09704074332770653
  },
  "losses": [
    0.01870010247222563,
    0.014163327243657691,
    0.007535692130580167,
    0.0043034728935494836,
    0.002749013826324441,
    0.0021601131530841265,
    0.0019369274464001035,
    0.0018466699001711776,
    0.0018090017033625255,
    0.001787545107512835,
    0.0017655235464854907,
    0.0017487034338868708,
    0.0017345041025115413,
    0.0017227874129202446,
    0.0017139904530741983,
    0.0017047528250432027,
    0.0016964847750290549,
    0.0016906431231023577,
    0.0016852822489099699,
    0.0016795849891267204,
    0.0016762711258063877,
    0.0016730490987197611,
    0.001669242170255564,
    0.0016663944094866298,
    0.001663209419857591,
    0.0016598208429461727,
    0.001657341578707609,
    0.0016527960478853495,
    0.001650772796650858,
    0.0016489887383221834,
    0.0016479943824887853,
    0.0016455371284711607,
    0.0016440232399470784,
    0.0016425851077698029,
    0.0016400256458174696,
    0.0016382149804610292,
    0.0016367328591213553,
    0.0016339997277515987,
    0.001631428477903853,
    0.0016305946100597204,
    0.0016298662095997698,
    0.0016290149682388205,
    0.0016269492327679257,
    0.0016256326405206295,
    0.0016244398218135175,
    0.0016225449393301448,
    0.0016207774757230741,
    0.0016201546412734208,
    0.0016193988770137986,
    0.0016178387133718604,
    0.0016166970308691179,
    0.001616061210009288,
    0.0016141594533814474,
    0.0016137977697132987,
    0.0016120558691015588,
    0.0016108745108128553,
    0.0016101611414196936,
    0.0016091292045679506,
    0.0016081760843451877,
    0.001607017311436839,
    0.001606416025037851,
    0.0016048618089655844,
    0.0016042695849979413,
    0.001603288107054075,
    0.001603834657235904,
    0.0016026210596979888,
    0.0016009890732634259,
    0.001601171723721711,
    0.0016001311802253295,
    0.0015984670617854857,
    0.001598319099951193,
    0.0015970284712680768,
    0.0015963749915459712,
    0.0015960067059925006,
    0.0015958921863906811,
    0.0015936876654635153,
    0.001592836773922055,
    0.0015928831585180902,
    0.0015917880585019696,
    0.001591745370629769,
    0.0015910750143515626,
    0.001590030425907749,
    0.0015899859723408282,
    0.0015895118223452883,
    0.0015887750268559558,
    0.0015880453196797748,
    0.0015871674945910803,
    0.0015864911189280699,
    0.0015859489727693347,
    0.001585774258361941,
    0.001584461765322399,
    0.0015841870711644694,
    0.0015833724998868084,
    0.0015835667288594977,
    0.0015824617802757165,
    0.0015814326927292466,
    0.0015810346983726495,
    0.0015814746726638314,
    0.0015788277303049518,
    0.001579689722231624,
    0.0015789781705592564,
    0.0015783149348312165,
    0.0015781952901823746,
    0.0015777434721395665,
    0.001577451653423946,
    0.0015765733460567403,
    0.0015756657084319502,
    0.0015762272938298866,
    0.0015746673584004802,
    0.0015749759722817186,
    0.0015738075445469776,
    0.0015737757780009255,
    0.0015734270025442535,
    0.001572946224809944,
    0.0015723523573928947,
    0.001572883574884379,
    0.0015720939959111304,
    0.0015707927280555413,
    0.0015708995733327293,
    0.0015703186297668966,
    0.0015703947480619708,
    0.0015699357944676132,
    0.00156941855475431,
    0.0015700976118347728,
    0.0015689003929347074,
    0.0015680865465111154,
    0.0015677366488233086,
    0.0015677260371001751,
    0.0015674821021613744,
    0.0015661000461120386,
    0.0015657318907833413,
    0.0015648522888286834,
    0.0015655365169178533,
    0.001565193930648876,
    0.0015656736024301473,
    0.0015650764998211804,
    0.0015640224940196789,
    0.0015639582083049881,
    0.0015623800452374576,
    0.0015620383555405102,
    0.0015628597652146622,
    0.0015627929292648273,
    0.0015620517173044449,
    0.0015613210417411017,
    0.001561139609905818,
    0.0015608751230720321,
    0.0015613614634469037,
    0.0015611070789275795,
    0.001560567844633077,
    0.0015597217184246206,
    0.001558839403453852,
    0.0015592070643752603,
    0.0015593464926567603,
    0.0015588280652807575,
    0.0015583595347395287,
    0.0015568450700984956,
    0.0015575600832602422,
    0.0015573148499038489,
    0.001557442122596459,
    0.001557331066718267,
    0.0015570482730901227,
    0.0015568076742036032,
    0.0015560169777868952,
    0.001555543386672674,
    0.0015551420297719915,
    0.001554595617794395,
    0.001554566650761791,
    0.001554093435639685,
    0.0015538330531205075,
    0.001554063564055592,
    0.0015546553858584939,
    0.0015533324741987297,
    0.0015527516203220177,
    0.0015538730573410066,
    0.0015527568912335535,
    0.0015526116337975556,
    0.0015535444252310112,
    0.0015519728803268993,
    0.0015528579657658847,
    0.0015518724610677534,
    0.0015512927185701117,
    0.0015506538814747237,
    0.0015503251060536417,
    0.0015507171407117893,
    0.001550556695492425,
    0.001550993775474184,
    0.0015500466273978269,
    0.0015499499134803316,
    0.0015491604944154443,
    0.0015494778582524076,
    0.0015495060573418628,
    0.00154944070940157,
    0.0015488707436564567,
    0.0015480638518102809,
    0.0015475205891656216,
    0.001547995705952432,
    0.0015479476938659088,
    0.001547552959597142,
    0.0015470953874067521,
    0.0015468807622981205,
    0.0015465557624379299,
    0.0015466961591065922,
    0.0015468143489404422,
    0.0015467329073885804,
    0.0015464748111440382,
    0.0015465791141655411,
    0.0015462772547368837,
    0.0015457519583232666,
    0.001545255902478113,
    0.0015445929508188189,
    0.001544828331458233,
    0.0015448690988342055,
    0.0015442960651466382,
    0.001544428603324752,
    0.0015441871953210747,
    0.0015443045833788693,
    0.001543934491914204,
    0.0015444976476697012,
    0.0015437676991946756,
    0.0015440013099900505,
    0.0015437986543893212,
    0.0015428804139783919,
    0.0015426319540478967,
    0.0015420326047424118,
    0.0015423665355324607,
    0.001542968551892372,
    0.0015424112323132967,
    0.0015420705320692836,
    0.0015416384609536217,
    0.0015412321880677465,
    0.001541359834199045,
    0.0015419566540159798,
    0.0015412660008663026,
    0.0015413418050898647,
    0.0015402808348164176,
    0.0015413994589164673,
    0.0015407157884319027,
    0.0015399872280635906,
    0.001539323848705286,
    0.0015400275932748219,
    0.001539787473794208,
    0.0015397521187257876,
    0.0015395601105961687,
    0.0015385724239947276,
    0.0015398671735897267,
    0.0015394210461780059,
    0.001539421268645327,
    0.0015389306477693891,
    0.0015387360431237632,
    0.0015393442343083425
  ]
}