{
  "times": {
    "training": 921.1533765792847,
    "evaluation": 4.652132749557495
  },
  "metrics": {
    "arithmetic_mean_rank": {
      "head": {
        "realistic": 19162.5423,
        "optimistic": 19162.536,
        "pessimistic": 19162.5486
      },
      "tail": {
        "realistic": 18952.2198,
        "optimistic": 18952.2146,
        "pessimistic": 18952.225
      },
      "both": {
        "realistic": 19057.38105,
        "optimistic": 19057.3753,
        "pessimistic": 19057.3868
      }
    },
    "geometric_mean_rank": {
      "head": {
        "realistic": 11983.953200877668,
        "optimistic": 11983.947360622153,
        "pessimistic": 11983.959040459245
      },
      "tail": {
        "realistic": 11706.289947084884,
        "optimistic": 11706.284690331202,
        "pessimistic": 11706.295203242791
      },
      "both": {
        "realistic": 11844.307952842568,
        "optimistic": 11844.302407376568,
        "pessimistic": 11844.313497674186
      }
    },
    "median_rank": {
      "head": {
        "realistic": 18727.0,
        "optimistic": 18727.0,
        "pessimistic": 18727.0
      },
      "tail": {
        "realistic": 18542.5,
        "optimistic": 18542.5,
        "pessimistic": 18542.5
      },
      "both": {
        "realistic": 18621.5,
        "optimistic": 18621.5,
        "pessimistic": 18621.5
      }
    },
    "harmonic_mean_rank": {
      "head": {
        "realistic": 473.8450940770891,
        "optimistic": 473.8450697457354,
        "pessimistic": 473.8451183944165
      },
      "tail": {
        "realistic": 404.93116149009296,
        "optimistic": 404.9311447301353,
        "pessimistic": 404.9311782414565
      },
      "both": {
        "realistic": 436.6860007777015,
        "optimistic": 436.6859806994467,
        "pessimistic": 436.6860208450026
      }
    },
    "inverse_arithmetic_mean_rank": {
      "head": {
        "realistic": 5.218514246932673e-05,
        "optimistic": 5.218515962605367e-05,
        "pessimistic": 5.218512531261109e-05
      },
      "tail": {
        "realistic": 5.2764267750841516e-05,
        "optimistic": 5.2764282227998836e-05,
        "pessimistic": 5.2764253273692145e-05
      },
      "both": {
        "realistic": 5.247310726360273e-05,
        "optimistic": 5.2473123095812674e-05,
        "pessimistic": 5.2473091431402336e-05
      }
    },
    "inverse_geometric_mean_rank": {
      "head": {
        "realistic": 8.344491865395161e-05,
        "optimistic": 8.344495931998858e-05,
        "pessimistic": 8.344487799264694e-05
      },
      "tail": {
        "realistic": 8.542416124324867e-05,
        "optimistic": 8.54241996033079e-05,
        "pessimistic": 8.542412288757142e-05
      },
      "both": {
        "realistic": 8.442874028448455e-05,
        "optimistic": 8.442877981376137e-05,
        "pessimistic": 8.442870075976674e-05
      }
    },
    "inverse_harmonic_mean_rank": {
      "head": {
        "realistic": 0.0021103943303406062,
        "optimistic": 0.002110394438706725,
        "pessimistic": 0.002110394222036969
      },
      "tail": {
        "realistic": 0.002469555556851028,
        "optimistic": 0.002469555659065064,
        "pessimistic": 0.0024695554546894133
      },
      "both": {
        "realistic": 0.002289974943595817,
        "optimistic": 0.002289975048885894,
        "pessimistic": 0.002289974838363191
      }
    },
    "inverse_median_rank": {
      "head": {
        "realistic": 5.3398835905377265e-05,
        "optimistic": 5.3398835905377265e-05,
        "pessimistic": 5.3398835905377265e-05
      },
      "tail": {
        "realistic": 5.3930160442227314e-05,
        "optimistic": 5.3930160442227314e-05,
        "pessimistic": 5.3930160442227314e-05
      },
      "both": {
        "realistic": 5.370136669978251e-05,
        "optimistic": 5.370136669978251e-05,
        "pessimistic": 5.370136669978251e-05
      }
    },
    "rank_std": {
      "head": {
        "realistic": 12317.469510056062,
        "optimistic": 12317.468866139017,
        "pessimistic": 12317.470154233702
      },
      "tail": {
        "realistic": 12226.72588752557,
        "optimistic": 12226.725990458232,
        "pessimistic": 12226.725784803346
      },
      "both": {
        "realistic": 12272.632130819611,
        "optimistic": 12272.631854245848,
        "pessimistic": 12272.632407629008
      }
    },
    "rank_var": {
      "head": {
        "realistic": 151720055.1311607,
        "optimistic": 151720039.268304,
        "pessimistic": 151720071.00043803
      },
      "tail": {
        "realistic": 149492825.92868796,
        "optimistic": 149492828.44574684,
        "pessimistic": 149492823.416775
      },
      "both": {
        "realistic": 150617499.41842592,
        "optimistic": 150617492.6298499,
        "pessimistic": 150617506.21278578
      }
    },
    "hits_at_k": {
      "head": {
        "realistic": {
          "1": 0.0002,
          "3": 0.002,
          "5": 0.0032,
          "10": 0.0056
        },
        "optimistic": {
          "1": 0.0002,
          "3": 0.002,
          "5": 0.0032,
          "10": 0.0056
        },
        "pessimistic": {
          "1": 0.0002,
          "3": 0.002,
          "5": 0.0032,
          "10": 0.0056
        }
      },
      "tail": {
        "realistic": {
          "1": 0.0,
          "3": 0.0026,
          "5": 0.0042,
          "10": 0.007
        },
        "optimistic": {
          "1": 0.0,
          "3": 0.0026,
          "5": 0.0042,
          "10": 0.007
        },
        "pessimistic": {
          "1": 0.0,
          "3": 0.0026,
          "5": 0.0042,
          "10": 0.007
        }
      },
      "both": {
        "realistic": {
          "1": 0.0001,
          "3": 0.0023,
          "5": 0.0037,
          "10": 0.0063
        },
        "optimistic": {
          "1": 0.0001,
          "3": 0.0023,
          "5": 0.0037,
          "10": 0.0063
        },
        "pessimistic": {
          "1": 0.0001,
          "3": 0.0023,
          "5": 0.0037,
          "10": 0.0063
        }
      }
    },
    "adjusted_arithmetic_mean_rank": {
      "head": {
        "realistic": 0.9364593833404261
      },
      "tail": {
        "realistic": 0.9261381346764174
      },
      "both": {
        "realistic": 0.9312986393694486
      }
    },
    "adjusted_arithmetic_mean_rank_index": {
      "head": {
        "realistic": 0.06354372199464808
      },
      "tail": {
        "realistic": 0.07386547490778272
      },
      "both": {
        "realistic": 0.06870471810188072
      }
    }
  },