{
  "times": {
    "training": 406.3170030117035,
    "evaluation": 0.2376728057861328
  },
  "metrics": {
    "mean_rank": {
      "best": 2.628026070763501,
      "worst": 2.628026070763501,
      "avg": 2.628026070763501
    },
    "mean_reciprocal_rank": {
      "best": 0.6703365064871866,
      "worst": 0.6703365064871866,
      "avg": 0.6703365064871866
    },
    "hits_at_k": {
      "best": {
        "1": 0.4818435754189944,
        "3": 0.8324022346368715,
        "5": 0.9292364990689013,
        "10": 0.9809124767225326
      },
      "worst": {
        "1": 0.4818435754189944,
        "3": 0.8324022346368715,
        "5": 0.9292364990689013,
        "10": 0.9809124767225326
      },
      "avg": {
        "1": 0.4818435754189944,
        "3": 0.8324022346368715,
        "5": 0.9292364990689013,
        "10": 0.9809124767225326
      }
    },
    "adjusted_mean_rank": 0.05477192282531015
  },
  "losses": [
    0.007203345718071534,
    0.0040570637686457136,
    0.0011214607793692594,
    0.00041525671037837464,
    0.00036589213474069407,
    0.00033175053721017377,
    0.00030545170534679436,
    0.0002829304769224695,
    0.00026385362700361687,
    0.00024714252441377667,
    0.0002324751023363805,
    0.00021990103412919664,
    0.00020785836712141132,
    0.0001972570190831194,
    0.0001871961823154253,
    0.00017759448538332906,
    0.00016802855079118528,
    0.0001590327877609743,
    0.0001504099423703232,
    0.0001428551942999309,
    0.00013568358389171945,
    0.0001295061997637852,
    0.0001245910674704183,
    0.0001201617215996153,
    0.00011660638245146143,
    0.00011325749880499085,
    0.00011052122280308593,
    0.00010836987198178512,
    0.0001064440280622855,
    0.00010438036896245447,
    0.0001027601401358978,
    0.00010159489465877414,
    0.00010015982216701944,
    9.895652211672357e-05,
    9.800586546286165e-05,
    9.718104270126623e-05,
    9.629827851885432e-05,
    9.562628313889012e-05,
    9.490458915331218e-05,
    9.421347088081508e-05,
    9.398614238716107e-05,
    9.326507751984706e-05,
    9.27666139061112e-05,
    9.260951678408354e-05,
    9.218074331428046e-05,
    9.191200551322936e-05,
    9.168521851977667e-05,
    9.173398247140822e-05,
    9.122482558442254e-05,
    9.100110909277189e-05,
    9.102024878540916e-05,
    9.099522280899855e-05,
    9.092530136046564e-05,
    9.070342204129987e-05,
    9.036634831689517e-05,
    9.038718452712883e-05,
    9.053205415712886e-05,
    9.023157871071701e-05,
    9.039885948920292e-05,
    9.048229591318838e-05,
    9.017152345389624e-05,
    9.028765141627357e-05,
    9.049820886169035e-05,
    9.018932427495478e-05,
    9.04156212381123e-05,
    9.041186274955405e-05,
    9.037224492190052e-05,
    9.015035019923274e-05,
    9.051040998859067e-05,
    9.052157984387692e-05,
    9.040870031725383e-05,
    9.032128662184231e-05,
    9.048040205908613e-05,
    9.068664473219651e-05,
    9.050245081310636e-05,
    9.033672713723874e-05,
    9.058671414149944e-05,
    9.070642628283624e-05,
    9.044978373941454e-05,
    9.058403786307128e-05,
    9.043392980247143e-05,
    9.071153294230107e-05,
    9.064263353418134e-05,
    9.046112819043274e-05,
    9.096274531183918e-05,
    9.053999023076648e-05,
    9.06782297329556e-05,
    9.066435368470011e-05,
    9.071356726053637e-05,
    9.085619326589118e-05,
    9.068913716325372e-05,
    9.094412847305866e-05,
    9.085308695656739e-05,
    9.074251850707673e-05,
    9.073975952935129e-05,
    9.077442448730328e-05,
    9.104368715876869e-05,
    9.107611133978172e-05,
    9.054664029933387e-05,
    9.079008967173547e-05,
    9.094465634105849e-05,
    9.092633398099321e-05,
    9.067206429221671e-05,
    9.090673373658943e-05,
    9.087441522046646e-05,
    9.103434426373844e-05,
    9.088951898437893e-05,
    9.101733328603e-05,
    9.06168331451734e-05,
    9.079839450970802e-05,
    9.091764453917127e-05,
    9.091088206795906e-05,
    9.07820323662011e-05,
    9.091935668508863e-05,
    9.10756101843566e-05,
    9.07105189068038e-05,
    9.085491527936226e-05,
    9.07139652990191e-05,
    9.085639347054137e-05,
    9.082934323824508e-05,
    9.079887408251727e-05,
    9.073996011551238e-05,
    9.049147128406345e-05,
    9.093000361839116e-05,
    9.070082513076142e-05,
    9.084031859791902e-05,
    9.075762807540482e-05,
    9.055671544319581e-05,
    9.09005609245152e-05,
    9.090809659566512e-05,
    9.070483013666636e-05,
    9.100933063193006e-05,
    9.073936579649142e-05,
    9.09138267733591e-05,
    9.048982256433093e-05,
    9.08894741636625e-05,
    9.056737029966192e-05,
    9.092786078755954e-05,
    9.0655260529421e-05,
    9.070931756989952e-05,
    9.045102369748335e-05,
    9.052065100112305e-05,
    9.070898771286229e-05,
    9.055675536558496e-05,
    9.064190337003413e-05,
    9.032596614580664e-05,
    9.053671502793594e-05,
    9.07521883569364e-05,
    9.046605207893234e-05,
    9.068485641354312e-05,
    9.057558422904045e-05,
    9.026811830416036e-05,
    9.044447113901084e-05,
    9.063644253902577e-05,
    9.037668743222683e-05,
    9.04986590309106e-05,
    9.051808894432912e-05,
    9.022028978315814e-05,
    9.053769570166875e-05,
    9.033004425873514e-05,
    9.081499236562831e-05,
    9.040885072792069e-05,
    9.04376267587739e-05,
    9.058294192536199e-05,
    9.041242854382358e-05,
    9.047157991960277e-05,
    9.03420208324155e-05,
    9.044862789768343e-05,
    9.0559754531664e-05,
    9.047305896918137e-05,
    9.050575611442075e-05,
    9.063635188250145e-05,
    9.019998128423232e-05,
    9.03754849507899e-05,
    9.024832258992898e-05,
    9.035793851574007e-05,
    9.023300085385933e-05,
    9.0161172491289e-05,
    9.028843035931265e-05,
    9.043290528905018e-05,
    9.027889781930851e-05,
    9.009145998809319e-05,
    9.017715367573803e-05,
    9.0346760675976e-05,
    9.041417800286812e-05,
    9.018745005503776e-05,
    9.031467400946871e-05,
    9.036322766003698e-05,
    9.009543133928783e-05,
    9.043728178436781e-05,
    9.043533223648887e-05,
    9.025774766649172e-05,
    9.035430155883714e-05,
    9.0333509787809e-05,
    9.022250183777751e-05,
    9.028495109584689e-05,
    9.032520925545933e-05,
    9.016997424719074e-05,
    9.017602614075215e-05,
    9.022721949920507e-05,
    9.022151138101554e-05,
    9.017621854486725e-05,
    9.034703689667027e-05,
    9.02264526963874e-05,
    9.010832482669416e-05,
    9.010491621086926e-05,
    9.032141324258035e-05,
    9.015554137698424e-05,
    9.012273877804831e-05,
    9.051135048105195e-05,
    9.008856945042629e-05,
    9.013207317764866e-05,
    9.015089659776132e-05,
    8.99876793462252e-05,
    9.021879088820075e-05,
    9.010851692423802e-05,
    9.022670651694248e-05,
    8.988499490776159e-05,
    9.027596455923507e-05,
    8.986015204976362e-05,
    9.013260177460679e-05,
    9.005889373515125e-05,
    9.006527583319729e-05,
    8.989947840310014e-05,
    9.000701292133228e-05,
    9.010106525361e-05,
    9.010587701197253e-05,
    8.98011481551927e-05,
    8.990752365697814e-05,
    9.018321933775481e-05,
    8.998200217810632e-05,
    8.975464907700016e-05,
    9.015856259575503e-05,
    9.002753499822738e-05,
    8.981580070072998e-05,
    8.997294695590961e-05,
    8.97116807866811e-05,
    9.004742809992514e-05,
    8.964570794175623e-05,
    8.994689631619846e-05,
    8.996378093886396e-05,
    8.997136854999594e-05,
    8.958971616419639e-05,
    9.004188474674956e-05,
    8.985761301306405e-05,
    9.005305004434325e-05,
    9.000965907402582e-05,
    8.990052787823365e-05,
    8.988037310094417e-05,
    9.019610094382211e-05,
    8.994459277390606e-05,
    8.991479815667571e-05,
    8.979407968499902e-05,
    8.992155589306534e-05,
    8.983388264762275e-05,
    8.982106171541172e-05,
    8.997606795340252e-05,
    8.992534383971415e-05,
    8.999578060726383e-05,
    9.002186388659382e-05,
    8.958411562526407e-05,
    8.996671314978247e-05,
