{
  "times": {
    "training": 18.257689476013184,
    "evaluation": 0.10343360900878906
  },
  "metrics": {
    "mean_rank": {
      "avg": 48.91201117318436,
      "worst": 48.91201117318436,
      "best": 48.91201117318436
    },
    "mean_reciprocal_rank": {
      "avg": 0.045350020253271686,
      "worst": 0.045350020253271686,
      "best": 0.045350020253271686
    },
    "hits_at_k": {
      "avg": {
        "1": 0.0,
        "3": 0.024674115456238363,
        "5": 0.04702048417132216,
        "10": 0.1005586592178771
      },
      "worst": {
        "1": 0.0,
        "3": 0.024674115456238363,
        "5": 0.04702048417132216,
        "10": 0.1005586592178771
      },
      "best": {
        "1": 0.0,
        "3": 0.024674115456238363,
        "5": 0.04702048417132216,
        "10": 0.1005586592178771
      }
    },
    "adjusted_mean_rank": 1.014713365296717
  },
  "losses": [
    0.0016238291131948988,
    0.001671445173861502,
    0.0016767356683687036,
    0.0016721339974620768,
    0.0016776338581364137,
    0.0016738878173754722,
    0.0016746012468603392,
    0.0016734556395884728,
    0.0016725012947639254,
    0.0016709540266479665,
    0.00167206780242807,
    0.001672453141692406,
    0.0016731091721513837,
    0.001672675723927906,
    0.001669670638775529,
    0.001674542489173216,
    0.0016755306770139505,
    0.0016703721667408872,
    0.0016740210985135156,
    0.0016696334785085377,
    0.0016714173213062094,
    0.0016702440908634146,
    0.001673183951454095,
    0.0016711811965707494,
    0.001671785933156914,
    0.0016708554619511886,
    0.0016702260047885495,
    0.001671384378182528,
    0.0016706836354174932,
    0.001666573976327005,
    0.001671400479200396,
    0.0016724430752478104,
    0.0016709958010696674,
    0.001664999411471713,
    0.001666916791259219,
    0.0016698878569458982,
    0.0016703520956090246,
    0.0016707339235280943,
    0.001668939079103419,
    0.0016672255249684065,
    0.0016696929243487533,
    0.0016665063608744357,
    0.0016659607701643181,
    0.0016674030419988276,
    0.0016694808320366751,
    0.001669622618041143,
    0.001666255211463124,
    0.0016647544289708066,
    0.0016669287545360567,
    0.0016676259153760207,
    0.0016652158709091855,
    0.0016640822004467303,
    0.0016646756266192476,
    0.0016649204856054962,
    0.0016637075187328513,
    0.0016667074250920838,
    0.0016670339360894924,
    0.0016640717281682595,
    0.0016676426957245053,
    0.0016634238408542088,
    0.0016657942812283268,
    0.0016641624496842786,
    0.0016666019523969551,
    0.0016666795460693648,
    0.0016684425413573262,
    0.00166151022826376,
    0.0016622896675106476,
    0.0016638099212064907,
    0.0016637580009379142,
    0.0016638185584100483,
    0.0016628318703901562,
    0.0016617584045008134,
    0.0016647313317298324,
    0.001665297664079954,
    0.001661937209612664,
    0.0016636615448127913,
    0.0016647790436775745,
    0.0016620905001252413,
    0.001666250376746526,
    0.001667619077957474,
    0.001660882976720007,
    0.001657299763567706,
    0.001662609367556936,
    0.0016604716023303405,
    0.001658710892063545,
    0.001661473429718266,
    0.0016613374753701327,
    0.001662606641411993,
    0.0016635082631226896,
    0.001662499201304818,
    0.0016628222891817155,
    0.0016604921145859804,
    0.0016623147674535703,
    0.0016624857470296133,
    0.001662407491671538,
    0.0016563469626763787,
    0.0016591695902120297,
    0.001660166177049482,
    0.0016580845845246752,
    0.0016578640843934035,
    0.0016591551213521376,
    0.0016607391174337863,
    0.001661306976072177,
    0.001661891332739835,
    0.0016592165875392527,
    0.0016567453239146176,
    0.001655957397446257,
    0.0016568417447498382,
    0.001654980652356303,
    0.0016531538352802563,
    0.0016553867332606432,
    0.0016546661575705854,
    0.0016595929278785339,
    0.0016576413345308681,
    0.0016577987274945735,
    0.0016532596520519314,
    0.0016530884872039018,
    0.00165751348803776,
    0.0016520189032037983,
    0.0016591500484286997,
    0.0016519342074385757,
    0.0016557507044892116,
    0.0016571038428533,
    0.0016553671473649354,
    0.001655977362708413,
    0.0016551884040104136,
    0.0016545671429275548,
    0.001656612510367778,
    0.0016548267266254866,
    0.0016531445099236062,
    0.0016522388298741595,
    0.001649406303520948,
    0.0016566661863089878,
    0.0016545419018250236,
    0.0016524175644062058,
    0.0016532696920291004,
    0.001651627317626777,
    0.0016513160253996818,
    0.0016537945587441652,
    0.0016534337812517436,
    0.0016516123635307298,
    0.001650896763716879,
    0.0016519037610754732,
    0.0016505885328887975,
    0.0016504700470422414,
    0.001649799133067021,
    0.001654319019625355,
    0.0016510956576055434,
    0.0016506116918871005,
    0.0016535527258670281
  ]
}