{
  "times": {
    "training": 1878.0170719623566,
    "evaluation": 0.2730526924133301
  },
  "metrics": {
    "mean_rank": {
      "best": 46.81750465549348,
      "worst": 50.75093109869646,
      "avg": 48.784217877094974
    },
    "mean_reciprocal_rank": {
      "best": 0.07588499984143321,
      "worst": 0.03846284989007225,
      "avg": 0.0462705380246658
    },
    "hits_at_k": {
      "best": {
        "1": 0.03957169459962756,
        "3": 0.04795158286778398,
        "5": 0.06471135940409684,
        "10": 0.11266294227188083
      },
      "worst": {
        "1": 0.000931098696461825,
        "3": 0.0111731843575419,
        "5": 0.0297951582867784,
        "10": 0.07495344506517691
      },
      "avg": {
        "1": 0.000931098696461825,
        "3": 0.027001862197392923,
        "5": 0.04655493482309125,
        "10": 0.0931098696461825
      }
    },
    "adjusted_mean_rank": 1.0129700872771359
  },
  "losses": [
    0.0039669889701645445,
    0.0036530307971973544,
    0.0034040065071535078,
    0.0032042704037763877,
    0.0030521309761459546,
    0.0029421133161016675,
    0.002863893550271273,
    0.002812268102998507,
    0.0027790905088918767,
    0.0027581977205392853,
    0.002744531293821692,
    0.0027352040007881375,
    0.0027299482272484443,
    0.0027269067267594294,
    0.002724525580411142,
    0.0027226086913901015,
    0.0027221683676577828,
    0.0027213455616036074,
    0.0027203943330989908,
    0.0027201350936177796,
    0.0027197269940389536,
    0.0027188196231537824,
    0.0027193028546524433,
    0.0027189135653043536,
    0.002717957530634596,
    0.0027177262421669473,
    0.0027178103513649425,
    0.0027178459020753562,
    0.002717415230786463,
    0.00271737812024154,
    0.0027174956107700473,
    0.002717193053234787,
    0.002716612088021365,
    0.002716701212016454,
    0.0027162713477865896,
    0.002716190510425954,
    0.002716215306235484,
    0.00271600575495009,
    0.002715945305749216,
    0.002715871978048863,
    0.0027159533704533365,
    0.0027157286450629602,
    0.002715393842663616,
    0.0027155409942464796,
    0.002715473693546103,
    0.0027151414642741815,
    0.002714876642089672,
    0.00271528762458276,
    0.0027152014613301538,
    0.0027147652276125404,
    0.0027146212449681,
    0.0027146507654084444,
    0.0027145644846504856,
    0.0027141102021978644,
    0.0027138078120913815,
    0.002714390098640507,
    0.002714419682084649,
    0.0027139630654394236,
    0.002713756858369454,
    0.0027137113763856585,
    0.002713584743548282,
    0.0027137022550053867,
    0.002713705840771704,
    0.0027132370940423554,
    0.0027131615919479576,
    0.0027134522445995206,
    0.0027128588425672233,
    0.0027127327852662694,
    0.0027131496554533585,
    0.002713152266513863,
    0.00271218636946069,
    0.0027129917923528492,
    0.002712924280840457,
    0.0027129437400757123,
    0.0027124054918731895,
    0.0027122344117095406,
    0.0027123417605886633,
    0.002712593899825274,
    0.002712323767663248,
    0.0027123222610222573,
    0.0027124361553201486,
    0.0027121786581446533,
    0.002712199605926383,
    0.002711984630864225,
    0.002712430433746888,
    0.0027123519451852734,
    0.002712045220025093,
    0.0027122658521306704,
    0.0027117062203519827,
    0.0027121520618217463,
    0.0027119022859905736,
    0.002711948053126506,
    0.002712247255328024,
    0.0027115022897029693,
    0.0027114899518589177,
    0.0027117608437726226,
    0.00271139043092916,
    0.0027113172673874915,
    0.002711623438593865,
    0.00271135683028439,
    0.0027113279261476316,
    0.002711245880596521,
    0.002712106963092887,
    0.002711227240628643,
    0.002711508945650892,
    0.0027109035973137156,
    0.002710592898118139,
    0.002711174052124948,
    0.002710909548883539,
    0.0027110832551501215,
    0.00271107035201594,
    0.0027112188545833533,
    0.0027111159373346843,
    0.002710372138260916,
    0.0027106527839909386,
    0.0027106075056249532,
    0.002710470506373779,
    0.002710810065886864,
    0.0027104335403669807,
    0.0027104241076738255,
    0.002710861647684713,
    0.0027107693035197393,
    0.002710321017110211,
    0.0027104220405388415,
    0.002710480851204961,
    0.0027101503106092247,
    0.002710609748036939,
    0.0027100133987785447,
    0.0027105282023740926,
    0.002710625752745622,
    0.002710122344335227,
    0.00271031096179129,
    0.00271031776554743,
    0.002710079677465759,
    0.002709842933828451,
    0.0027102376009539913,
    0.0027101109903532494,
    0.0027097323525710946,
    0.0027097965022095582,
    0.002709847302891119,
    0.002709661338352755,
    0.0027099264352251026,
    0.0027096394987075768,
    0.0027094937312462076,
    0.002709912542124673,
    0.0027100160316396713,
    0.0027096636980520877,
    0.0027097376727949034,
    0.002709819742108692,
    0.0027094678469316174,
    0.002709482748528824,
    0.0027097320107373406,
    0.0027092850395593416,
    0.0027089611102202524,
    0.0027093747905403208,
    0.0027094922719125667,
    0.0027095056631626763,
    0.0027093841440972177,
    0.0027096388435988838,
    0.0027095254177963604,
    0.0027092491694698144,
    0.00270953587642679,
    0.0027089290517514873,
    0.0027091295280919346,
    0.0027091875434713613,
    0.002709406325358144,
    0.002709279717591483,
    0.002709269159332211,
    0.0027090638742105484,
    0.0027086726661897107,
    0.002709144099845729,
    0.0027093846912928316,
    0.0027090068001819822,
    0.002708675983154358,
    0.0027087375766698843,
    0.002708265445175954,
    0.0027087274882140176,
    0.002708712553697872,
    0.0027087879354528357,
    0.0027082653815181375,
    0.0027084955566280175,
    0.002708992547371289,
    0.0027088698726548547,
    0.002708346139960521,
    0.002708518811787587,
    0.0027083633072963785,
    0.0027083800610744357,
    0.0027084740524944127,
    0.0027085796645179754,
    0.0027086620654192253,
    0.002708356236264612,
    0.0027083199329967244,
    0.0027081897010946513,
    0.00270848298726136,
    0.002708123820486796,
    0.002708697699844028,
    0.002708267117283666,
    0.002708429085005298,
    0.002708204474722206,
    0.0027077672800331722
  ]
}