{
  "times": {
    "training": 244.79734420776367,
    "evaluation": 0.10430431365966797
  },
  "metrics": {
    "mean_rank": {
      "avg": 42.52886405959032,
      "worst": 42.52886405959032,
      "best": 42.52886405959032
    },
    "mean_reciprocal_rank": {
      "avg": 0.05356137545403318,
      "worst": 0.05356137545403318,
      "best": 0.05356137545403318
    },
    "hits_at_k": {
      "avg": {
        "1": 0.0,
        "3": 0.0297951582867784,
        "5": 0.05446927374301676,
        "10": 0.12802607076350092
      },
      "worst": {
        "1": 0.0,
        "3": 0.0297951582867784,
        "5": 0.05446927374301676,
        "10": 0.12802607076350092
      },
      "best": {
        "1": 0.0,
        "3": 0.0297951582867784,
        "5": 0.05446927374301676,
        "10": 0.12802607076350092
      }
    },
    "adjusted_mean_rank": 0.8827268655743151
  },
  "losses": [
    0.003598626818131195,
    0.0035527660180064624,
    0.0035533452378620814,
    0.0035527297034022515,
    0.003552326416310746,
    0.003552153256585759,
    0.0035518631373954177,
    0.0035524911836682634,
    0.0035518286889244556,
    0.0035522129554092213,
    0.003551446898990356,
    0.0035517718224378114,
    0.0035511350314994428,
    0.0035516626867797044,
    0.003550521209696482,
    0.0035514080031924925,
    0.0035494192074356453,
    0.0035510745792464815,
    0.0035503877515203498,
    0.0035493839706541895,
    0.0035503430305962704,
    0.0035500759747200245,
    0.003549834368017952,
    0.0035492278537835073,
    0.003548891112654843,
    0.003549630812993657,
    0.0035495092910941173,
    0.003549245779126994,
    0.003549462051762177,
    0.0035489376020453843,
    0.003549486419625497,
    0.003548277329220977,
    0.003548986086628857,
    0.0035479623294166858,
    0.003548195536775089,
    0.0035478367752740892,
    0.0035485924999421456,
    0.003548313361289126,
    0.0035485378902558977,
    0.0035474641590417548,
    0.003548568229745613,
    0.0035465442599931013,
    0.0035466991490527484,
    0.003546401254888554,
    0.0035471300304996387,
    0.0035467416759622232,
    0.0035474017255482603,
    0.003547372031356958,
    0.0035457071684272994,
    0.0035456716560859805,
    0.0035466683840148904,
    0.003546707115872076,
    0.003546088079360317,
    0.003546267803688621,
    0.0035467264887768675,
    0.0035461509384019543,
    0.0035469254569502804,
    0.003544444204325533,
    0.0035460798544216243,
    0.0035459781693441147,
    0.003545916426494327,
    0.003545646095292622,
    0.0035443791721978886,
    0.0035453156920408043,
    0.0035456171580189174,
    0.003545144248460786,
    0.0035444754576973254,
    0.003545333868527457,
    0.0035439638930201975,
    0.0035447091429253643,
    0.0035448960213458045,
    0.0035451955165476836,
    0.00354475210584728,
    0.003545153509365039,
    0.003543724508237526,
    0.0035443924513928007,
    0.003543159763994958,
    0.0035439192000009147,
    0.003544023675558049,
    0.003543019849346595,
    0.0035422328538662487,
    0.0035443112902929274,
    0.003542390421786335,
    0.0035428993808531138,
    0.0035430190575480016,
    0.0035424039625887123,
    0.0035425475223010844,
    0.00354308970551589,
    0.0035435183859719764,
    0.0035425186373488735,
    0.0035432262785649034,
    0.003542035873909568,
    0.0035427108525615952,
    0.0035429735866825234,
    0.0035429624945260167,
    0.0035418278331892767,
    0.0035415408288718164,
    0.0035419986419351806,
    0.0035411572879117527,
    0.003541556406724319,
    0.0035426390535208616,
    0.003540440814827712,
    0.003541499568142471,
    0.003541618875098809,
    0.003541501465668616,
    0.003542121098645394,
    0.003541856871617867,
    0.0035420837794685185,
    0.0035414248739791274,
    0.0035414450177539154,
    0.0035411192153053783,
    0.0035410874526710548,
    0.0035407554832625476,
    0.003540399330859997,
    0.0035411838288610794,
    0.0035413495205649723,
    0.003540351111372089,
    0.0035395067575830644,
    0.0035391044053022336,
    0.003540109344217438,
    0.0035395695747675072,
    0.0035397641793284075,
    0.003539604033702768,
    0.003539351854571019,
    0.0035396454548846917,
    0.0035408619400602156,
    0.0035397585879048603,
    0.0035394475540697352,
    0.0035395278466328253,
    0.00353886295556464,
    0.003539001168020432,
    0.0035395935519636794,
    0.003539464942245894,
    0.0035385299432143737,
    0.0035386674127049662,
    0.0035385633382792776,
    0.0035385647649119854,
    0.003539332683976,
    0.003539378950128171,
    0.00353958686178878,
    0.003538036425964216,
    0.003537663474874327,
    0.003538091304234128,
    0.00353877731225687,
    0.0035383791526716747,
    0.0035386661151319406,
    0.003538483056180486,
    0.003538136827421099,
    0.0035384171694684565,
    0.003537451210065504,
    0.0035379225395145487,
    0.0035382491546902765,
    0.003537532590915648,
    0.003536324592286281,
    0.0035379853497227924,
    0.0035368834451287427,
    0.0035364870609862083,
    0.003536438527569342,
    0.003537628199723776,
    0.003536954229132513,
    0.0035366592928767204,
    0.0035364941453163543,
    0.003536175357435973,
    0.0035359795738974316,
    0.0035366559129082755,
    0.003537406904225269,
    0.00353751244714086,
    0.003537002982299649,
    0.0035365891158022685,
    0.0035361300819040683,
    0.0035361219476559634,
    0.0035358528582176913,
    0.003535198351221808,
    0.003535945394010133,
    0.003535818060936776,
    0.0035356120781952077,
    0.0035370898813232503,
    0.003535835553755921,
    0.0035350059650922088,
    0.003536659784698754,
    0.003534820307506604,
    0.003535421746556232,
    0.003536716037279881,
    0.003534627230733298,
    0.003535408118551367,
    0.0035350514464219857,
    0.0035343623653835573,
    0.0035354455109783325,
    0.003534251307782609,
    0.003535353763496385,
    0.0035345305475905147,
    0.0035339505394244015,
    0.0035342235076293517,
    0.003534705217662599,
    0.0035345899255088205,
    0.0035351484400056275,
    0.003534535277453478,
    0.0035352949715787996,
    0.0035352017625831485,
    0.003534034365432316,
    0.003534497330418687,
    0.0035330173716451346,
    0.0035329209884789104,
    0.0035333405824357206,
    0.003533520097478052,
    0.003533250994087382,
    0.003533818821809935,
    0.0035324714108185373,
    0.003533452166739698,
    0.0035334231492397043,
    0.003533353851166334,
    0.003533914437594262,
    0.0035325174502442392,
    0.003532272913538561,
    0.003532180757948968,
    0.0035326873137151702,
    0.0035319493748666195,
    0.0035330319902702662,
    0.003533375606443105,
    0.0035330993664007956,
    0.0035321435294626805,
    0.003531851906901442,
    0.003532513233131907,
    0.0035321612594725934,
    0.003531976655293047,
    0.0035309605579474444,
    0.0035313145930735805,
    0.0035320874164055348,
    0.003532451500746418,
    0.003531455585544699,
    0.0035325899294643814,
    0.0035319254116228456,
    0.0035308081628789615,
    0.003532077775298433,
    0.0035321022303642403,
    0.003530920636648319,
    0.0035314514347062577,
    0.003530385928430807,
    0.0035310357299804243,
    0.00353129179485505,
    0.0035306788171721756,
    0.003530821061871025,
    0.003532075902188985,
    0.0035297180794542204,
    0.003529697402000204,
    0.0035306231540798696,
    0.0035299826552917003,
    0.0035310156768962237,
    0.0035303668589906747,
    0.0035294032296382086,
    0.003530389064232285,
    0.0035299877653575122,
    0.0035287077967705353,
    0.0035298159380865455,
    0.0035308905169088743,
    0.00352933414085081,
    0.0035301497387473057,
    0.0035291649924402827,
    0.003529294840433401,
    0.003529172380235088,
    0.003529112956971488,
    0.0035295234714052205,
    0.0035298446451456807,
    0.003528886031680339,
    0.00352867173679759,
    0.00352894262609522,
    0.003528931575795908,
