{
  "mean_rank": {
    "best": 119.8802,
    "avg": 119.88035,
    "worst": 119.8805
  },
  "mean_reciprocal_rank": {
    "best": 0.8744544410513039,
    "avg": 0.8744544409980434,
    "worst": 0.8744544409448214
  },
  "hits_at_k": {
    "best": {
      "1": 0.8241,
      "3": 0.9169,
      "5": 0.9355,
      "10": 0.9533
    },
    "avg": {
      "1": 0.8241,
      "3": 0.9169,
      "5": 0.9355,
      "10": 0.9533
    },
    "worst": {
      "1": 0.8241,
      "3": 0.9169,
      "5": 0.9355,
      "10": 0.9533
    }
  },
  "adjusted_mean_rank": 0.0058645785629731105
}