{
  "times": {
    "training": 21.148747205734253,
    "evaluation": 0.09355354309082031
  },
  "metrics": {
    "mean_rank": {
      "worst": 48.85102420856611,
      "avg": 48.85102420856611,
      "best": 48.85102420856611
    },
    "mean_reciprocal_rank": {
      "worst": 0.04374413930351093,
      "avg": 0.04374413930351093,
      "best": 0.04374413930351093
    },
    "hits_at_k": {
      "worst": {
        "1": 0.0,
        "3": 0.019553072625698324,
        "5": 0.0446927374301676,
        "10": 0.09776536312849161
      },
      "avg": {
        "1": 0.0,
        "3": 0.019553072625698324,
        "5": 0.0446927374301676,
        "10": 0.09776536312849161
      },
      "best": {
        "1": 0.0,
        "3": 0.019553072625698324,
        "5": 0.0446927374301676,
        "10": 0.09776536312849161
      }
    },
    "adjusted_mean_rank": 1.0128760726695787
  },
  "losses": [
    0.001831160376915771,
    0.0018312589366561017,
    0.0018298696126607472,
    0.001829748275630483,
    0.0018298645549164282,
    0.0018290756305170417,
    0.0018280905214476675,
    0.0018276454818047835,
    0.0018268912081861317,
    0.0018270059317796864,
    0.0018265018874451461,
    0.0018255455970540922,
    0.001825490254866943,
    0.0018244262868433855,
    0.001824387429414617,
    0.0018239747453829768,
    0.0018228587209620278,
    0.0018221337752842277,
    0.0018222043186091304,
    0.0018221864037299424,
    0.0018223475539282466,
    0.0018207478207930197,
    0.0018195557697547062,
    0.0018192430895366026,
    0.0018190104402741243,
    0.0018182198067059677,
    0.0018175875398326903,
    0.0018178415990500862,
    0.0018172280911760831,
    0.001815904448094886,
    0.0018150867678029708,
    0.00181524572747477,
    0.0018143059427706935,
    0.0018140091892150456,
    0.0018132343358091647,
    0.0018140744794620557,
    0.00181313855259606,
    0.00181185117877378,
    0.0018119431390297993,
    0.0018116181737251496,
    0.0018099059772848636,
    0.0018095116197281561,
    0.0018093369984894655,
    0.001809177522578936,
    0.0018084388616937824,
    0.0018071874432014615,
    0.001808017673675487,
    0.0018066774342167244,
    0.0018058755061822883,
    0.0018060276640600034,
    0.0018057822134722485,
    0.0018055901447597068,
    0.00180397778470418,
    0.001803037260523003,
    0.0018028378947062438,
    0.0018028701317221037,
    0.0018019032375084774,
    0.0018016450414050384,
    0.0018019826824633815,
    0.0018007569503360027,
    0.001800856249553434,
    0.0017997487779525334,
    0.0017986865749073386,
    0.0017985017823704172,
    0.0017973400010598286,
    0.001797447699620929,
    0.001796787479118015,
    0.0017960490484474304,
    0.0017957859620284498,
    0.0017953204681699195,
    0.001794954894410537,
    0.0017948294832800212,
    0.0017938011008478728,
    0.0017933478781234906,
    0.0017935292244180758,
    0.0017928301116053977,
    0.0017916244430265177,
    0.0017908184478680293,
    0.0017912092057060212,
    0.0017907465023271154,
    0.001789713634198971,
    0.0017892340205135416,
    0.0017891326354125912,
    0.001788268926159273,
    0.001787823795825801,
    0.0017877290241615602,
    0.0017864978994323072,
    0.0017864990365527543,
    0.001785581415233094,
    0.001785265588749214,
    0.0017841841383708103,
    0.0017839639625522527,
    0.0017833070348152954,
    0.0017832561922765404,
    0.0017824811226084885,
    0.0017827821037407672,
    0.0017816454646515936,
    0.00178065537457609,
    0.0017808915607714921,
    0.0017797126877732044,
    0.0017799412838640284,
    0.0017791465761956204,
    0.0017785789089256457,
    0.0017777908216701464,
    0.0017768974356660236,
    0.0017767289674349045,
    0.0017765342966001131,
    0.0017753958436991838,
    0.0017749599986866618,
    0.0017747660464003739,
    0.0017738675607947374,
    0.0017739064461283023,
    0.0017730040678035901,
    0.0017726160795166251,
    0.001771971576390195,
    0.0017717131989055804,
    0.0017709121638246244,
    0.0017707215322090891,
    0.001769911435045553,
    0.001768908222739616,
    0.0017688120070021697,
    0.0017688249338990293,
    0.0017677894845772326,
    0.0017672365998730678,
    0.001767250859223948,
    0.0017657672518982869,
    0.001765987232383271,
    0.0017648495189594418,
    0.0017656088084652183,
    0.0017637337108006637,
    0.0017639987645077795,
    0.0017636681484818905,
    0.001762596234567603,
    0.0017622486594017972,
    0.001762141546841418,
    0.001761575574787815,
    0.0017606170310844643,
    0.0017609432032715516,
    0.0017600885072674198,
    0.0017589960693754952,
    0.0017584532164455799,
    0.0017579465699887901,
    0.0017585851782270139,
    0.0017573594391234358,
    0.001756410397003206,
    0.0017563574616047328,
    0.0017552463135469272,
    0.0017546032475175037,
    0.0017547648511687468,
    0.0017543995494811275
  ]
}