{
  "times": {
    "training": 2772.082829475403,
    "evaluation": 3.2953953742980957
  },
  "metrics": {
    "mean_rank": {
      "avg": 3397.704001367989,
      "worst": 3397.704343365253,
      "best": 3397.703659370725
    },
    "mean_reciprocal_rank": {
      "avg": 0.4168064066415264,
      "worst": 0.4168063770446579,
      "best": 0.41680643679678714
    },
    "hits_at_k": {
      "avg": {
        "1": 0.3816689466484268,
        "3": 0.4331395348837209,
        "5": 0.4490424076607387,
        "10": 0.47520519835841313
      },
      "worst": {
        "1": 0.3816689466484268,
        "3": 0.4331395348837209,
        "5": 0.4490424076607387,
        "10": 0.47520519835841313
      },
      "best": {
        "1": 0.3816689466484268,
        "3": 0.4331395348837209,
        "5": 0.4490424076607387,
        "10": 0.47520519835841313
      }
    },
    "adjusted_mean_rank": 0.16761759690442576
  },
  "losses": [
    0.0011177071130958878,
    0.0010762144253312128,
    0.0010420577110349532,
    0.0009769131257139495,
    0.000878682289803015,
    0.0007646429509747322,
    0.0006542904880324696,
    0.0005564604015097347,
    0.0004754316784184495,
    0.00040370813878622586,
    0.00034530258511551373,
    0.00029582067714803954,
    0.00025462268825970376,
    0.0002204943303075893,
    0.00019270974163292275,
    0.0001711728094272642,
    0.0001492935488094599,
    0.00013389588434308902,
    0.00012043684814458116,
    0.00010711270216002656,
    9.882006906651193e-05,
    8.960562359532324e-05,
    8.258773289323044e-05,
    7.67419624796807e-05,
    7.013742591787033e-05,
    6.573093620574609e-05,
    6.29223292196527e-05,
    5.726242796864902e-05,
    5.508935459614561e-05,
    5.1212712913254984e-05,
    4.8698864321605085e-05,
    4.65057625223827e-05,
    4.4771041637780004e-05,
    4.209135718785915e-05,
    4.055244403220334e-05,
    3.784981576642166e-05,
    3.6707579917048836e-05,
    3.593967364822596e-05,
    3.5149658420035295e-05,
    3.514697068826295e-05,
    3.1290803629799215e-05,
    3.0546140275086186e-05,
    2.921660734542515e-05,
    2.8931395911278386e-05,
    2.939693981443537e-05,
    2.6975315700178678e-05,
    2.7208665832349076e-05,
    2.5911942926840534e-05,
    2.4588067960600644e-05,
    2.4833527442058224e-05,
    2.3071932204966523e-05,
    2.3234421864551547e-05,
    2.220566354381007e-05,
    2.2805414232043014e-05,
    2.1092924551719574e-05,
    2.2414487253565782e-05,
    2.157079605441449e-05,
    2.0219891620695188e-05,
    2.1075072231874894e-05,
    2.0147505859969373e-05,
    1.896398440334129e-05,
    1.89454593684343e-05,
    1.783081456163801e-05,
    1.700180347230384e-05,
    1.7104410252083492e-05,
    1.7514711033054553e-05,
    1.7923240303420376e-05,
    1.653686258562642e-05,
    1.5916362150281858e-05,
    1.607030717960231e-05,
    1.5308782588509946e-05,
    1.6105909864981425e-05,
    1.4983213675304317e-05,
    1.4790654903801085e-05,
    1.5668222083936652e-05,
    1.4068590359787202e-05,
    1.4353442665340638e-05,
    1.5188749825442757e-05,
    1.4094297930190395e-05,
    1.4485429901594254e-05,
    1.4002458722866144e-05,
    1.357328856748455e-05,
    1.5092659171432357e-05,
    1.3011365345087702e-05,
    1.2337127300818149e-05,
    1.2457540082676648e-05,
    1.2457517807926553e-05,
    1.2696667674399895e-05,
    1.2289032287060221e-05,
    1.2635031724820166e-05,
    1.1937402975093674e-05,
    1.1982439645901583e-05,
    1.1414556645322697e-05,
    1.074662149383129e-05,
    1.1047825083921957e-05,
    1.1295500234520554e-05,
    1.0738615587620271e-05,
    1.083197608589581e-05,
    1.1358937985028358e-05,
    1.1652455602834822e-05,
    1.0014982569738125e-05,
    1.0860360007650347e-05,
    1.012844506571937e-05,
    1.0898455040775144e-05,
    1.0298638615560832e-05,
    1.0480989484412716e-05,
    1.0900208968514944e-05,
    9.424941397680936e-06,
    9.23175639931689e-06,
    1.0419935260461585e-05,
    9.193858794084483e-06,
    9.979718209790543e-06,
    9.316506878435595e-06,
    9.43762482020717e-06,
    8.897938304277883e-06,
    9.255740774565018e-06,
    9.178018997677757e-06,
    9.144439524001012e-06,
    9.143821453842841e-06,
    8.725951438662326e-06,
    8.977961569768575e-06,
    7.90728122882043e-06,
    8.711459959539528e-06,
    9.235774724663901e-06,
    9.255811391640139e-06,
    8.722994917669721e-06,
    7.882936866604728e-06,
    8.419070596715755e-06,
    7.876609677305952e-06,
    8.359282466323346e-06,
    7.842022034587849e-06,
    8.030052360355512e-06,
    7.662070643314343e-06,
    7.96074668137234e-06,
    7.766710548290907e-06,
    7.008548274760689e-06,
    7.856124340885863e-06,
    7.487629618270496e-06,
    7.940239856856878e-06,
    7.915825088160332e-06,
    7.778871160923968e-06,
    7.694716194424283e-06,
    7.440858892802593e-06,
    8.257942105192958e-06,
    7.433491746554302e-06,
    7.096127812115999e-06,
    7.189446224924433e-06,
    6.642980171705636e-06,
    6.910675718206131e-06,
    7.2281195559856314e-06,
    7.407839611608202e-06,
    6.896530472321431e-06,
    7.2343524529521705e-06,
    7.151905261003649e-06,
    6.60488765504328e-06,
    7.0161332480739425e-06,
    6.767142870503175e-06,
    6.991739964858568e-06,
    6.481739008470648e-06,
    7.083665857648032e-06,
    6.188520513554195e-06,
    7.065286436365925e-06,
    6.631232424047447e-06,
    6.830076386407736e-06,
    6.313691529243259e-06,
    7.099520051097118e-06,
    6.690017991721836e-06,
    6.563322033618935e-06,
    7.143388342334871e-06,
    6.656886777929278e-06,
    6.088636245168005e-06,
    6.073955600057193e-06,
    5.961875502577425e-06,
    6.798999317513696e-06,
    5.941345555196406e-06,
    5.668259042710398e-06,
    6.261386726500824e-06,
    6.341163394709066e-06,
    6.224370908585855e-06,
    6.0790066524338085e-06,
    6.14588622128912e-06,
    5.693885380653229e-06,
    5.995123774971633e-06,
    6.756232951546088e-06,
    6.106424989073957e-06,
    5.930241366294569e-06,
    5.898594681062247e-06,
    5.549170735711534e-06,
    5.843663960519898e-06,
    5.876227927176254e-06,
    5.877604989749311e-06,
    5.134663927136741e-06,
    6.217253991019295e-06,
    6.502745323630793e-06,
    5.451936708999922e-06,
    5.693025575340477e-06,
    5.836276550413996e-06,
    5.9884815487612445e-06,
    5.646398457220989e-06,
    5.4966773003528295e-06,
    5.7827361275024515e-06,
    5.080973173389609e-06,
    5.59720456031706e-06,
    5.432418692134645e-06,
    5.668877800108022e-06,
    5.442501180075101e-06,
    5.442286914421021e-06,
    5.95731265564728e-06,
    5.4553109564059605e-06,
    5.63719647440231e-06,
    5.546343249979854e-06,
    5.493553546600616e-06,
    5.250796885288861e-06,
    5.774995356345583e-06,
    5.376608479461025e-06,
    5.158877003113736e-06,
    5.403781584159219e-06,
    5.1223731714657585e-06,
    5.614669195758327e-06,
    5.606762418633262e-06,
    5.515645210301676e-06,
    5.502703171503259e-06,
    5.316206531092098e-06,
    5.7638297622938806e-06,
    5.123067433390776e-06,
    5.297175466515985e-06,
    5.282921618539009e-06,
    5.248975384378631e-06,
    5.104844331413653e-06,
    5.028778534212487e-06,
    5.3421713913495175e-06,
    5.472996602223837e-06,
    4.418865352997257e-06,
    5.249409385188406e-06,
    4.771969570082153e-06,
    5.5541099727771985e-06,
    5.377130659578736e-06,
    4.925708385754477e-06,
    4.719923378360422e-06,
    4.673906004714037e-06,
    4.921723683605737e-06,
    5.623624140751678e-06,
    5.1442307139214394e-06,
    5.455209755128473e-06,
    4.72380420136708e-06,
    5.5475117068115e-06,
    4.650192118880123e-06,
    5.363666924888379e-06,
    5.348211666352913e-06,
    5.24749499487225e-06,
    4.4894308249808275e-06,
    5.295287468520161e-06,
    5.186335323949859e-06,
    5.257305015036731e-06,
    5.1781093779023205e-06,
    5.080820682787226e-06,
    5.222623859816107e-06,
    5.017935648304357e-06,
    5.0392173624271605e-06,
