{
  "times": {
    "training": 393.67202615737915,
    "evaluation": 0.19088315963745117
  },
  "metrics": {
    "mean_rank": {
      "avg": 12.252793296089385,
      "best": 12.252793296089385,
      "worst": 12.252793296089385
    },
    "mean_reciprocal_rank": {
      "avg": 0.20091161224746848,
      "best": 0.20091161224746848,
      "worst": 0.20091161224746848
    },
    "hits_at_k": {
      "avg": {
        "1": 0.0670391061452514,
        "3": 0.1787709497206704,
        "5": 0.2993482309124767,
        "10": 0.5544692737430168
      },
      "best": {
        "1": 0.0670391061452514,
        "3": 0.1787709497206704,
        "5": 0.2993482309124767,
        "10": 0.5544692737430168
      },
      "worst": {
        "1": 0.0670391061452514,
        "3": 0.1787709497206704,
        "5": 0.2993482309124767,
        "10": 0.5544692737430168
      }
    },
    "adjusted_mean_rank": 0.2528273992542198
  },
  "losses": [
    0.005436570568041604,
    0.005436210467546397,
    0.005435838478735966,
    0.005435485786092136,
    0.005435195826482349,
    0.005435312250088412,
    0.005435391603044691,
    0.005435395330951064,
    0.005435070033840947,
    0.005435300404502407,
    0.005435015695354438,
    0.0054350366309278185,
    0.005434797358200344,
    0.00543452126727429,
    0.0054340754968745545,
    0.00543458797194566,
    0.005434024309885971,
    0.00543428876233193,
    0.005434336998388311,
    0.005434337549508036,
    0.00543375069856267,
    0.005433726014154318,
    0.005433791418200575,
    0.005433278053228077,
    0.005433216730694283,
    0.005432785005563319,
    0.0054325302591903156,
    0.005432154131313779,
    0.005432491002374151,
    0.005432315800366888,
    0.005431932424219527,
    0.005432271012732906,
    0.005431369083064995,
    0.00543162239016093,
    0.005430806229808385,
    0.005430820610806736,
    0.005430228676392317,
    0.005430229289425809,
    0.005429578352935807,
    0.005429431258470573,
    0.005428525946654156,
    0.005427649975858964,
    0.0054274501840580495,
    0.005426705888584116,
    0.005426094855516731,
    0.005425143203426027,
    0.005423827999801643,
    0.005422283473253697,
    0.005420952996985519,
    0.0054186274090865525,
    0.005416875690298525,
    0.005412389821205498,
    0.0054091560625565355,
    0.005403890182466459,
    0.005396058701400816,
    0.005386384294720625,
    0.005372367004431394,
    0.00535601454530581,
    0.0053261748754004305,
    0.005291756048052108,
    0.005246386030507501,
    0.005197270311614017,
    0.0051451895297906095,
    0.005089257756153938,
    0.005037207418463231,
    0.0049892168706596905,
    0.004960005428408332,
    0.004905576681219432,
    0.0049014726674623706,
    0.004878298067731943,
    0.0048517612906082185,
    0.004838988896501199,
    0.004828120658543896,
    0.004801523495441101,
    0.004786572983743072,
    0.004752701306227273,
    0.004689185171168339,
    0.004616074627683906,
    0.004495767130488565,
    0.004372747699348151,
    0.004247501516917002,
    0.004175705564023459,
    0.004083744055558386,
    0.004035196912366799,
    0.003975673775321173,
    0.0039238271541973705,
    0.003889230765578466,
    0.0038373140421563458,
    0.00380268436965571,
    0.003776357122234763,
    0.0037211374619937317,
    0.003706912300811055,
    0.003673123632869875,
    0.0036353297685953172,
    0.003622868882922965,
    0.0036182614151922085,
    0.0036085843268174973,
    0.0035734395457306103,
    0.0035457839563223866,
    0.0035426321996232905,
    0.0035099056961402047,
    0.0035027774388305425,
    0.003494591323339663,
    0.00346786097173443,
    0.003451491532758339,
    0.003444829162590429,
    0.00341585271665652,
    0.0034295062293396208,
    0.0034219422109498317,
    0.0034040895932483093,
    0.0033940512838264167,
    0.0033837003340815588,
    0.003359156251755937,
    0.0033567217499111896,
    0.0033550226009252033,
    0.0033252154128566693,
    0.003339270863826788,
    0.003323224460364281,
    0.0033196408664790235,
    0.0033138962299039776,
    0.003301342510642686,
    0.003290206558430351,
    0.0032974782112937017,
    0.003291498470052114,
    0.003281036051546576,
    0.0032546617167440246,
    0.003250241839878038,
    0.003254556412109233,
    0.0032627632918206047,
    0.003233472252227994,
    0.0032458345971265565,
    0.0032383809356657223,
    0.0032448499737750417,
    0.0032364967586960966,
    0.0032207532612517934,
    0.003219306226104693,
    0.003224716226183129,
    0.003213641172482489,
    0.003216712809061415,
    0.0032045952101545025,
    0.003181266281204403,
    0.003202009697798779,
    0.003173977068375991,
    0.003186478711183319,
    0.0031913895031772136,
    0.0031885121288894214,
    0.003167976677585184,
    0.0031547719594841117,
    0.003193057123667557,
    0.00318095213402244,
    0.003150917098278438,
    0.003164893995939095,
    0.003168934919349919,
    0.0031651396599549396,
    0.0031471397899516793,
    0.003151257953184486,
    0.003155072769045495,
    0.0031467105056183615,
    0.0031454446814929865,
    0.0031575300723788668,
    0.003124583490962016,
    0.0031249083010462366,
    0.0031355422651587047,
    0.0031276430746310212,
    0.0031038880682191096,
    0.0031028430939875266,
    0.003127500883343696,
    0.0031038044927003427,
    0.0031031666915211477,
    0.0031032739545058196,
    0.003095115634154054,
    0.0031185351178740685,
    0.003087116994856672,
    0.003093728074919056,
    0.003108860290005859,
    0.0030942893589668897,
    0.0030780349296085146,
    0.0030922865055149165,
    0.0030734631900452354,
    0.0030992999182375713,
    0.0030872147440498742,
    0.00308904787399091,
    0.003085056437556161,
    0.0030787584693641977,
    0.003073989807833893,
    0.0030943530167833193,
    0.0030767676461494983,
    0.003082529440904141,
    0.003067178878634959,
    0.00309073735963316,
    0.003083047527673372,
    0.0030645356207915095,
    0.0030417239543291206,
    0.0030739086258054224,
    0.003079911544596365,
    0.0030653736949113482,
    0.0030596035193435653,
    0.003059211261622775,
    0.0030662924936826056,
    0.0030584069337758622,
    0.0030740414104513366,
    0.003061173624561381,
    0.0030537483880596324,
    0.0030630839173682034,
    0.003052462683510984,
    0.003070644496055843,
    0.0030530439872880665,
    0.0030426416652493374,
    0.003051389337295827,
    0.0030575454351056213,
    0.0030387584479745437,
    0.0030387706710383196,
    0.0030410691312242172,
    0.003046006882085364,
    0.0030408429124912295,
    0.003038848380118692,
    0.003017302467365669,
    0.0030564914960222326,
    0.003030670463623765,
    0.0030374387996393334,
    0.0030277852729409375,
    0.003040256285874264,
    0.003047672948191354,
    0.0030317994186476794,
    0.0030267448720438512,
    0.0030107323813020194,
    0.0030376318456737626,
    0.0030382358506566075,
    0.0030285383406581795,
    0.003039243503967265,
    0.003028410128474738,
    0.00301649822236112,
    0.003017257332447777,
    0.0030459025932505573,
    0.003021765149535074,
    0.0030378180952552593,
    0.003029131610251698,
    0.0030116031292131804,
    0.0030368235843406103,
    0.0030108334388486233,
    0.0030216029705654145,
    0.003013013984265908,
    0.003009896898840132,
    0.0029905422138092057,
    0.003004703546040569,
    0.002996500406225913,
    0.003017094347291113,
    0.002999506656635092,
    0.003019494214814596,
    0.003021089387695699,
    0.0029986920495768694,
    0.0030037419372787593,
    0.0030009942914076735,
    0.003013844569763064,
    0.0030337759964638965,
    0.0029904791446095716,
    0.0029998799663452144,
    0.003008944582375471,
    0.003013293665645414,
    0.002996081830685163,
    0.0030186235371014373,
    0.0029922006409772244,
    0.0030063642369851833,
    0.003002400411910304,
    0.0030140459583505416,
    0.0029886817455610907,
    0.0029992624201239802,
