{
  "times": {
    "training": 10927.821207284927,
    "evaluation": 25.4682674407959
  },
  "metrics": {
    "mean_rank": {
      "best": 7031.661194833154,
      "worst": 7031.667139641843,
      "avg": 7031.664167237499
    },
    "mean_reciprocal_rank": {
      "best": 0.00096568415443662,
      "worst": 0.0009656837218701775,
      "avg": 0.0009656839380651909
    },
    "hits_at_k": {
      "best": {
        "1": 0.00014678539974557198,
        "3": 0.00034249926607300127,
        "5": 0.0011742831979645759,
        "10": 0.0014189255308738624
      },
      "worst": {
        "1": 0.00014678539974557198,
        "3": 0.00034249926607300127,
        "5": 0.0011742831979645759,
        "10": 0.0014189255308738624
      },
      "avg": {
        "1": 0.00014678539974557198,
        "3": 0.00034249926607300127,
        "5": 0.0011742831979645759,
        "10": 0.0014189255308738624
      }
    },
    "adjusted_mean_rank": 0.9845822939393833
  },
  "losses": [
    2.1658221570147797e-05,
    2.1657675344687565e-05,
    2.1660463328907992e-05,
    2.165868128003654e-05,
    2.166109578972355e-05,
    2.1656238371423248e-05,
    2.1661756775858777e-05,
    2.1660060970914338e-05,
    2.166213036985031e-05,
    2.166020473333882e-05,
    2.1657962943253015e-05,
    2.165862378413715e-05,
    2.1660262212250688e-05,
    2.1659399737291198e-05,
    2.1656094700793716e-05,
    2.165905499021336e-05,
    2.167566744538578e-05,
    2.1658882550672468e-05,
    2.1669545679601377e-05,
    2.166190037947332e-05,
    2.1657876585400522e-05,
    2.1660147097798893e-05,
    2.1655835983350773e-05,
    2.1658020348448395e-05,
    2.166046328028316e-05,
    2.166330887697789e-05,
    2.1663021325478783e-05,
    2.1657359267245395e-05,
    2.166497566801664e-05,
    2.166572308899367e-05,
    2.1657043044240433e-05,
    2.16621876457691e-05,
    2.166164180728147e-05,
    2.1660003464728924e-05,
    2.1663653691070718e-05,
    2.1657158108353063e-05,
    2.16585663416939e-05,
    2.1656726836976203e-05,
    2.1655261151997036e-05,
    2.1664343359932915e-05,
    2.1661038119896886e-05,
    2.1657359226413006e-05,
    2.1657416719507117e-05,
    2.165779041378736e-05,
    2.1657675410455764e-05,
    2.166563681872821e-05,
    2.1664285864968617e-05,
    2.1662820072142074e-05,
    2.1664975647054972e-05,
    2.1655634827731268e-05,
    2.165580716893156e-05,
    2.1657876720833138e-05,
    2.1665090696907436e-05,
    2.1659946043169415e-05,
    2.1657732969006378e-05,
    2.1661498080234668e-05,
    2.1658681375338088e-05,
    2.1655950896445906e-05,
    2.165695686171785e-05,
    2.1658307573444244e-05,
    2.1657474226315927e-05,
    2.1660204554112685e-05,
    2.166218771808295e-05,
    2.1657129313414953e-05,
    2.1657646592296177e-05,
    2.1656841883633767e-05,
    2.165698564855183e-05,
    2.165646823860175e-05,
    2.1658767404583363e-05,
    2.166006099553845e-05,
    2.1660089413789984e-05,
    2.1667849902086328e-05,
    2.1655950986526518e-05,
    2.1660578224703906e-05,
    2.165957233813561e-05,
    2.1670551411255958e-05,
    2.1657215514639388e-05,
    2.1663481091784797e-05,
    2.1664400895339977e-05,
    2.166394107479858e-05,
    2.1666470227728506e-05,
    2.1656439520185405e-05,
    2.165500252011509e-05,
    2.1663538635373923e-05,
    2.166342373521424e-05,
    2.1660261972399366e-05,
    2.166264766860226e-05,
    2.165641074519594e-05,
    2.165715811661305e-05,
    2.1658250245861568e-05,
    2.1660980642153882e-05,
    2.167233341415201e-05,
    2.16625613849338e-05,
    2.1656928198939534e-05,
    2.165896878275497e-05,
    2.166899953097461e-05,
    2.16621014532722e-05,
    2.1659658617596147e-05,
    2.165554854032244e-05,
    2.1660405879451545e-05,
    2.1658508881483886e-05
  ]
}