{
  "times": {
    "training": 83.17611765861511,
    "evaluation": 0.1567854881286621
  },
  "metrics": {
    "mean_rank": {
      "avg": 4.078212290502793,
      "worst": 4.078212290502793,
      "best": 4.078212290502793
    },
    "mean_reciprocal_rank": {
      "avg": 0.5568354133760807,
      "worst": 0.5568354133760807,
      "best": 0.5568354133760807
    },
    "hits_at_k": {
      "avg": {
        "1": 0.3715083798882682,
        "3": 0.6699255121042831,
        "5": 0.8012104283054003,
        "10": 0.9301675977653632
      },
      "worst": {
        "1": 0.3715083798882682,
        "3": 0.6699255121042831,
        "5": 0.8012104283054003,
        "10": 0.9301675977653632
      },
      "best": {
        "1": 0.3715083798882682,
        "3": 0.6699255121042831,
        "5": 0.8012104283054003,
        "10": 0.9301675977653632
      }
    },
    "adjusted_mean_rank": 0.08552754389077037
  },
  "losses": [
    0.038209490865916344,
    0.037204017200549166,
    0.03714797596549196,
    0.037089578567012664,
    0.03703131732069544,
    0.03696404840572312,
    0.036885318494155286,
    0.03677628909159453,
    0.03660461461722984,
    0.036333897668917085,
    0.03594161877042758,
    0.03557907510816537,
    0.03529021032547197,
    0.035007474369912896,
    0.03469752153623831,
    0.03441420167979627,
    0.03421108153863137,
    0.03405449969895691,
    0.033927369216728884,
    0.03383873080872225,
    0.033737331105283715,
    0.0336449314557261,
    0.03356634607257191,
    0.03347829796185854,
    0.03341241508807972,
    0.03335475754105828,
    0.03329151699391465,
    0.03323365232503593,
    0.03319965433823115,
    0.03314512082845858,
    0.033098992201818216,
    0.0330676231396461,
    0.03302737662145711,
    0.03298781101637395,
    0.032960682469638763,
    0.03293332014933671,
    0.03290857837741575,
    0.03287924093699082,
    0.03285103535659775,
    0.032815751691322975,
    0.03279977269691996,
    0.03277786407787478,
    0.03273617349391317,
    0.0327313690283016,
    0.032700672959870176,
    0.032685131662686155,
    0.03267306879434065,
    0.03263495837260039,
    0.03261411445127894,
    0.03259986736111198,
    0.03258965168468338,
    0.032557028621501796,
    0.032549089610253004,
    0.032524376165291934,
    0.03250753822436313,
    0.03248320795483804,
    0.032485797130349575,
    0.032452134955085456,
    0.03242946622928314,
    0.03242958395369173,
    0.03241028050118382,
    0.03239914480774062,
    0.03238878947635384,
    0.032360571103140175,
    0.032350246383145535,
    0.0323349176904562,
    0.032323450982780055,
    0.03230986950002285,
    0.03230387652045962,
    0.03230162742076229,
    0.0322688928011392,
    0.032275013480465166,
    0.032254215171640954,
    0.032233124683932045,
    0.032233294493395924,
    0.03220805045097105,
    0.03220872298782529,
    0.0321884159842302,
    0.03218875179577087,
    0.03217970711931334,
    0.03216993264289985,
    0.032161741430330716,
    0.03214181927742192,
    0.03213940988672842,
    0.03213384165926811,
    0.032115918536873074,
    0.03210245257023994,
    0.032095405553636824,
    0.03209884933525288,
    0.03208068946952905,
    0.03207473844737148,
    0.0320692807102843,
    0.03205695216246818,
    0.03204975970367851,
    0.03205778460957988,
    0.03203780062470486,
    0.03202486761611553,
    0.03201912600024749,
    0.032026388819550444,
    0.03201424668140588,
    0.031999490543586,
    0.031983521829128114,
    0.031988073941123865,
    0.031980366571305166,
    0.031983288740890924,
    0.03197905446956882,
    0.03197118079308236,
    0.03195190383998855,
    0.03195501592204198,
    0.03193260023518516,
    0.031939026799989334,
    0.031929345299968395,
    0.03191880858466101,
    0.031924381533281296,
    0.03191023594805396,
    0.031907827471133354,
    0.0318934112568322,
    0.031888497366915874,
    0.03189173379823142,
    0.031889441675060054,
    0.031884405339575164,
    0.03188035367053753,
    0.03186949469798748,
    0.031869231531392345,
    0.03186987475136605,
    0.031852032726315864,
    0.03185010984354376,
    0.03184308955479795,
    0.03183520209557025,
    0.03182032594890954,
    0.03182968366873298,
    0.03181348772941402,
    0.03181613698549371,
    0.031809869036435394,
    0.03180571296884396,
    0.03179703433458053,
    0.031807943183901365,
    0.03179271264565101,
    0.031784509934772893,
    0.03178460093132416,
    0.031790257033278334,
    0.03176773557720836,
    0.03177451874188667,
    0.03175096259030318,
    0.031761449581135276,
    0.03175601080483577,
    0.03175622576991045,
    0.03174342373543675,
    0.03175976488849904,
    0.0317432468442329,
    0.03174820314844132,
    0.031735882139251624,
    0.03173406190363526,
    0.03172563272937347,
    0.03173208510826206,
    0.03171375314864211,
    0.03170498290864548,
    0.031711227784938074,
    0.03170866495654515,
    0.03170670544670931,
    0.03169950430707709,
    0.03169667069731487,
    0.03169714585922275,
    0.03168449383580011,
    0.03168677727812892,
    0.031674530817578296,
    0.031673509067180854,
    0.03167542029934849,
    0.0316652519868152,
    0.03166997817254836,
    0.03167467534599194,
    0.03167520228836415,
    0.031658200249052096,
    0.031641006926613015,
    0.03165156473484484,
    0.03164303930983761,
    0.03164558782245511,
    0.03164245761723916,
    0.031626951424164045,
    0.03163591523171994,
    0.031640359366218035,
    0.03162734099601032,
    0.03162792261246103,
    0.03163585286671953,
    0.03162205344912573,
    0.03161255561745765,
    0.03161043535973918,
    0.031616715568583906,
    0.031592868989513766,
    0.03161185749496221,
    0.031599905726171766,
    0.031589491684876174,
    0.03159288284840275,
    0.031596163902294895,
    0.031581932193971755,
    0.03158504450446841,
    0.031588985226246466,
    0.0315810577894544,
    0.03157662225965112,
    0.031581187240615205,
    0.031568142370993396,
    0.0315623715905403,
    0.03156685516956857,
    0.03156345441142654,
    0.031566552939181966,
    0.031556179789223635,
    0.03156923943150733,
    0.031560149980177706,
    0.03154195242132177,
    0.031539574022759115,
    0.031545494890410995,
    0.0315520109288116,
    0.03154048391212407,
    0.03154919315777964,
    0.031539363398105716,
    0.03153924209475327,
    0.03152350266114548,
    0.031522363262487196,
    0.03152559733322275,
    0.03152153127226195,
    0.031514073819331336,
    0.031523283279501796,
    0.03153034118523197,
    0.03151819493510936,
    0.03151187292115447,
    0.031507990223955555,
    0.031511919295129136,
    0.03151026711757859,
    0.03151669809895177,
    0.031510303973085546,
    0.031491881169209805,
    0.03150160820558025,
    0.0315035507344697,
    0.031498300043092065,
    0.03149508577076934,
    0.03148552123367958,
    0.03147815812780087,
    0.03149423619041577,
    0.03148111014730136,
    0.0314823055906975,
    0.03147948256547137,
    0.031476911056235894,
    0.03147929440440175,
    0.031484077624793404,
    0.03147023160478171,
    0.03147126713792039,
    0.03146432535749622,
    0.03147198780014735,
    0.031472144588347406,
    0.03145701250912701,
    0.03146510115068814,
    0.03145296898789773,
    0.03146074801274132,
    0.03145586214519392,
    0.03145374965454511,
    0.0314468215045667,
    0.03145068303269344,
    0.03144046324428679,
    0.031436931283585906,
    0.031439812866425366,
    0.0314379434393679,
    0.031436410966067224,
    0.031440931096011475,
    0.031436115360534145,
    0.03142473797415895,
    0.03142421674286737,
    0.03142420181791,
    0.03142388801306667,
    0.03143473975158126,
    0.03141822779913445,
    0.031423644873327584,
    0.03142727887200228,
    0.031421924086661814,
    0.03142530108670844,
    0.031421197561058746,
    0.03141576213525987,
    0.03141653107515504,
    0.03139976060112533,
    0.03139903422781774,
    0.031396300980779016,
