{
  "times": {
    "training": 9665.693386793137,
    "evaluation": 10.554571628570557
  },
  "metrics": {
    "mean_rank": {
      "worst": 516.7789411879832,
      "avg": 516.77884333105,
      "best": 516.7787454741168
    },
    "mean_reciprocal_rank": {
      "worst": 0.2354718685439036,
      "avg": 0.2354718701314756,
      "best": 0.23547187173330966
    },
    "hits_at_k": {
      "worst": {
        "1": 0.16146393972012918,
        "3": 0.25694784225462375,
        "5": 0.3086163029650651,
        "10": 0.3867305998630003
      },
      "avg": {
        "1": 0.16146393972012918,
        "3": 0.25694784225462375,
        "5": 0.3086163029650651,
        "10": 0.3867305998630003
      },
      "best": {
        "1": 0.16146393972012918,
        "3": 0.25694784225462375,
        "5": 0.3086163029650651,
        "10": 0.3867305998630003
      }
    },
    "adjusted_mean_rank": 0.07396915072985806
  },
  "losses": [
    0.029888737922932,
    0.020040904375855827,
    0.01740090443163242,
    0.013749011264336074,
    0.009810890398536772,
    0.006687781826099768,
    0.004738098671652423,
    0.003610168965113472,
    0.0029417301259856707,
    0.0025339014918451114,
    0.0022729557873091555,
    0.002098656906793893,
    0.0019783730285165436,
    0.001895323564244266,
    0.0018328248435181974,
    0.0017879037373901522,
    0.0017474881991417425,
    0.0017164119307400297,
    0.0016881788091191007,
    0.0016654170086846413,
    0.0016461423137909942,
    0.0016281526098493395,
    0.0016127921351339139,
    0.001600153887877065,
    0.0015895461596141707,
    0.0015761542349177471,
    0.0015658507154862975,
    0.0015589159852406912,
    0.0015496979980862422,
    0.001542854465683889,
    0.0015376345235162407,
    0.0015270420419064774,
    0.001523593135647779,
    0.0015180608797441262,
    0.001511879669673313,
    0.0015086670699331593,
    0.0015041700717491082,
    0.001500444116968175,
    0.001493493649603721,
    0.0014882880744535418,
    0.0014859284021647259,
    0.0014827264593195108,
    0.0014809599040732813,
    0.00147559739770022,
    0.0014733268802279373,
    0.001471309555815573,
    0.001468467988899796,
    0.0014653304496775547,
    0.0014608558425106596,
    0.0014583880563097263,
    0.001458782975276483,
    0.001454704633757626,
    0.0014539307894067956,
    0.0014521590879794587,
    0.0014486681417012809,
    0.001446105862472527,
    0.001444085721019202,
    0.001443580340064386,
    0.0014404072546898607,
    0.0014375845549500232,
    0.0014376465485349769,
    0.0014361653399892877,
    0.0014326466051523743,
    0.0014329715059535376,
    0.0014319904573599676,
    0.0014293288035739005,
    0.0014270400802412957,
    0.0014268053778159016,
    0.0014254713977139904,
    0.001422640640006225,
    0.001421549732078756,
    0.0014216352864919576,
    0.001420156135915219,
    0.001418002681985222,
    0.0014189434038303723,
    0.001417425508205628,
    0.0014143197852288577,
    0.0014152110253165466,
    0.0014141738360890558,
    0.0014109419780377332,
    0.0014115742719310299,
    0.0014106379933965228,
    0.0014091927552721004,
    0.001408190656885432,
    0.0014072281984038617,
    0.001406109179880815,
    0.0014055371017510992,
    0.0014056259723160545,
    0.0014043512700064678,
    0.0014026512238549706,
    0.0014024198903617093,
    0.0014013090586536803,
    0.0014007223699884978,
    0.0013999572575279665,
    0.001399311902026723,
    0.0013991275421473162,
    0.001397222059566043,
    0.0013969210070722215,
    0.001396616945354827,
    0.0013964183714375252,
    0.0013950419724493529,
    0.0013925348154387974,
    0.0013921505029905158,
    0.0013933277637749987,
    0.0013936573049985724,
    0.0013907100070789022,
    0.0013914642981726322,
    0.0013909737456409184,
    0.0013907577172787046,
    0.0013891509521746946,
    0.0013887423701341793,
    0.0013893071896948126,
    0.0013874451505283601,
    0.0013866456701065119,
    0.0013856906256778387,
    0.0013850920763796037,
    0.0013860174807482646,
    0.001386954697105485,
    0.0013850961160688092,
    0.0013841622217553079,
    0.001384144896611671,
    0.0013819472987248666,
    0.0013829421803803878,
    0.0013812630611703012,
    0.0013818509062986598,
    0.0013812033780245688,
    0.0013802221021267953,
    0.0013801660145936724,
    0.0013795807673011907,
    0.001380963426944835,
    0.001379550647467482,
    0.0013795762299555188,
    0.001377939053839896,
    0.0013775908747246481,
    0.0013773666856444079,
    0.001378285990556059,
    0.0013775035074236998,
    0.0013768865754369504,
    0.001375900218152584,
    0.0013770336945270552,
    0.001375040246385539,
    0.00137542588996081,
    0.0013748656046412115,
    0.0013742816614548026,
    0.0013744287169807372,
    0.0013738569467855648,
    0.001373499936780837,
    0.0013719627476642257,
    0.0013722703389429278,
    0.0013725519457189138,
    0.0013730468879487366,
    0.0013710295878601743,
    0.0013701105795953167,
    0.0013715844202400265,
    0.0013710788460293527,
    0.0013718342547114164,
    0.0013693680138169642,
    0.0013692557589136474,
    0.0013697872962958814,
    0.0013697349421288453,
    0.001370574571183803,
    0.0013682058059397936,
    0.0013683872209017376,
    0.0013680749711016506,
    0.001368042712420561,
    0.0013685583480059899,
    0.0013672552020810975,
    0.001367204623931136,
    0.0013671057978819363,
    0.0013673316970866031,
    0.001365916385025184,
    0.0013653626288219183,
    0.001366175110933469,
    0.0013671654009183977,
    0.0013661077212254876,
    0.0013644125104904513,
    0.00136370113248173,
    0.00136626210057076,
    0.0013651573768403823,
    0.0013641189670862521,
    0.0013653651728757195,
    0.0013642743616757269,
    0.001363950099729783,
    0.0013628172970257034,
    0.0013632616826529257,
    0.0013638008874254793,
    0.001363350975684899,
    0.0013621442350449466,
    0.0013626318256008054,
    0.001363174215850393,
    0.0013615887782131495,
    0.0013603959729279506,
    0.0013614099795928017,
    0.0013619281835566112,
    0.0013611325510208812,
    0.0013598286136002789,
    0.001361378576669202,
    0.0013612929376733151,
    0.0013611136031850492,
    0.0013604762156297124,
    0.0013593917898275041,
    0.0013598088536390792,
    0.0013597732784811514,
    0.0013596710192917008,
    0.0013605232995483852,
    0.0013593085851903283,
    0.0013585915087049158,
    0.001359084528747759,
    0.0013595084585100849,
    0.0013580672722740992,
    0.0013572142665543411,
    0.0013577306941316618,
    0.0013579900430997827,
    0.0013584157998459323,
    0.001357537173390133,
    0.001357611473506143,
    0.0013577600743789997,
    0.0013573687736143508,
    0.0013570773587030405,
    0.0013570138923350485,
    0.0013561043690324321,
    0.001356517386973526,
    0.0013575610396066868,
    0.0013562218036674643,
    0.0013562394332614829,
    0.001355972021788247,
    0.0013564701332517567,
    0.0013540146828208382,
    0.0013565175341917902,
    0.001356803780956222,
    0.0013554471613114526,
    0.001354659820838858,
    0.0013553994202457128,
    0.001355324129360179,
    0.0013541022173856447,
    0.001354190324149307,
    0.0013556650393076503,
    0.0013551168100794503,
    0.0013534648837445955,
    0.0013533499777521718,
    0.0013540274446633559,
    0.0013538134302802213,
    0.0013541623767135875,
    0.0013536059130820131,
    0.001353521558116274,
    0.0013528702629317095,
    0.0013523660767549577,
    0.001352738061649002,
    0.0013543087225687215,
    0.001353349319497639,
    0.0013536313213153152,
    0.0013529518056518762,
    0.001352415182756496,
    0.0013524125418710045,
    0.0013514426243224154,
    0.0013520873185391502,
    0.001351074976538974,
    0.0013524769400313106,
    0.001351304065390781,
    0.0013502237932098572,
    0.0013513388142891557,
    0.0013522782461655295,
    0.0013517896440767225,
    0.0013512764608992055,
