{
  "times": {
    "training": 163.90916061401367,
    "evaluation": 0.11519074440002441
  },
  "metrics": {
    "mean_rank": {
      "best": 4.11219739292365,
      "avg": 4.11219739292365,
      "worst": 4.11219739292365
    },
    "mean_reciprocal_rank": {
      "best": 0.5503667629284525,
      "avg": 0.5503667629284525,
      "worst": 0.5503667629284525
    },
    "hits_at_k": {
      "best": {
        "1": 0.35242085661080075,
        "3": 0.6904096834264432,
        "5": 0.8221601489757915,
        "10": 0.9250465549348231
      },
      "avg": {
        "1": 0.35242085661080075,
        "3": 0.6904096834264432,
        "5": 0.8221601489757915,
        "10": 0.9250465549348231
      },
      "worst": {
        "1": 0.35242085661080075,
        "3": 0.6904096834264432,
        "5": 0.8221601489757915,
        "10": 0.9250465549348231
      }
    },
    "adjusted_mean_rank": 0.08555324824988232
  },
  "losses": [
    0.019231575593519748,
    0.013871436261952147,
    0.006264333205109232,
    0.004186482779151492,
    0.003707329226371724,
    0.0034725013422720443,
    0.003308036036733608,
    0.0031821047189586173,
    0.003086380653557706,
    0.0030032174717565152,
    0.002922341667031974,
    0.002868555981512373,
    0.002782212884238597,
    0.0027494808338052327,
    0.0027128745791282546,
    0.002671227636938908,
    0.002649650814827908,
    0.0026291854965608667,
    0.0026258614528156844,
    0.002576244133437394,
    0.0025662673351246764,
    0.0025592681041426875,
    0.002548872542040848,
    0.002541193061888441,
    0.0025068620980232396,
    0.0025114613072423453,
    0.0025088952031084213,
    0.0024766957122232583,
    0.0024737658586060063,
    0.002481007132302509,
    0.0024719575161902645,
    0.0024695414875386358,
    0.0024591831992683785,
    0.0024477723246433317,
    0.0024746415948265054,
    0.0024418194677108683,
    0.0024512199831477712,
    0.0024656788916902596,
    0.002447892576874642,
    0.0024275747633605415,
    0.002447579157179438,
    0.002439144318609425,
    0.0024238439758172197,
    0.0024018562486053407,
    0.002414487773196751,
    0.0024151054493496927,
    0.0024101549047934874,
    0.0024137204540858556,
    0.0024055941379193062,
    0.0023995751047625525,
    0.0024134431152921937,
    0.002391516175190831,
    0.0024102636044391534,
    0.002405856066289243,
    0.00238852778428726,
    0.0023800537325023266,
    0.0023995416050546624,
    0.0023953067731768006,
    0.0023885738463856085,
    0.0024034020871147237,
    0.002400154610642333,
    0.002386127912512656,
    0.0023919274814231564,
    0.0023869023333941953,
    0.002375401183265202,
    0.002368616494821029,
    0.0023812323229645523,
    0.002367403298923362,
    0.0023883482308758334,
    0.0023812696874867217,
    0.0023782294390074323,
    0.002368953748700324,
    0.002363301025291954,
    0.0023732022295116484,
    0.0023524602003088604,
    0.0023698870908845674,
    0.0023662395102114937,
    0.0023699496778544415,
    0.002363420081105125,
    0.0023696634374307784,
    0.0023568706614861775,
    0.0023625257568022284,
    0.002351580128380645,
    0.0023524601270587704,
    0.0023331986635588527,
    0.0023657939944430237,
    0.0023608555501040893,
    0.002367010730761714,
    0.0023444485902953684,
    0.0023504885450731055,
    0.0023587686410836512,
    0.002335368807354335,
    0.002339890742960494,
    0.0023646742656603732,
    0.002355917747575469,
    0.0023516894558842263,
    0.002342985677864221,
    0.0023552807996726215,
    0.002352263569162133,
    0.0023433945563792738,
    0.0023523253189881195,
    0.002355174860857734,
    0.0023485800994329908,
    0.002346413816963689,
    0.002347294481868824,
    0.002337526779426506,
    0.0023327048166832897,
    0.0023371226499589643,
    0.0023288668939069417,
    0.0023393916621915855,
    0.0023586607524211265,
    0.002343019017119533,
    0.002342407028312875,
    0.0023222837129726393,
    0.0023204326901710435,
    0.0023410543450590377,
    0.0023268710905581377,
    0.0023377490742655283,
    0.002352433190210147,
    0.002336225371235765,
    0.002327402399622657,
    0.0023234337690366566,
    0.0023280439047275413,
    0.002337669102607595,
    0.002359072719648313,
    0.0023362765346796772,
    0.0023237143360664335,
    0.002319794345284334,
    0.0023385100345709796,
    0.0023268796067531412,
    0.0023410102397845257,
    0.0023189123304846807,
    0.0023261572701737897,
    0.002319992662927185,
    0.0023184912139724255,
    0.002311774233028237,
    0.002314178367260467,
    0.002337166289572189,
    0.0023173116171934854,
    0.002328671534172493,
    0.002323687496884597,
    0.0023290498203106143,
    0.0023156558843643476,
    0.00231580471982726,
    0.0023114645281590326,
    0.0023452841279128296,
    0.002325192205468367,
    0.002330287785203046,
    0.0023444226074419666,
    0.0023401162381308355,
    0.0023503991974036346,
    0.002341586123272944,
    0.002316064883218834,
    0.0023392998187869007,
    0.0022979521189122163,
    0.0023274336965956937,
    0.0023075068990389505,
    0.0023073640125297877,
    0.0023197633168949615,
    0.0023183398810302496,
    0.0022975147775049958,
    0.0023226080504193734,
    0.0023369739365795357,
    0.0023129323919474634,
    0.0023200602657841834,
    0.0023128023660612686,
    0.0023106187477373004,
    0.0023197242990136147,
    0.002305067688477843,
    0.002304047393204456,
    0.002315063291135129,
    0.0023297604264112446,
    0.0023124509522419296,
    0.0023247012589475637,
    0.0023194900016241084,
    0.002312342414792892,
    0.002297227256948805,
    0.002319375771596637,
    0.002309575683894229,
    0.00231803564026896,
    0.0022963355853456015,
    0.002302718756908781,
    0.002304604948473892,
    0.0023140580696838623,
    0.002312580224698626,
    0.0023023715410172268,
    0.00232085758080699,
    0.002305578335784794,
    0.0023215508301243576,
    0.0023023843353663044,
    0.002320227970121505,
    0.0023143363345679495,
    0.0023235835410542927,
    0.0023078394021266856,
    0.002297672934913903,
    0.0022892802866517604,
    0.0023021419630263854,
    0.002294735676061348,
    0.0023222390129771574,
    0.0023036463943062425,
    0.002307806708169787,
    0.002315636323102181,
    0.0023058608474300596,
    0.002300507350639904,
    0.002323869253030877,
    0.002293550241947844,
    0.0023053835411224696,
    0.0023048706248067737,
    0.0023060304527816253,
    0.0023104847837867363,
    0.0023101098514563137,
    0.0023079364305913226,
    0.002294616885343741,
    0.002307286470333177,
    0.002311060166732872,
    0.002311789203951421,
    0.0023086827897121397,
    0.0023109896513127657,
    0.002313265580446756,
    0.002301432255111384,
    0.0023007483329721603,
    0.002306383281025324,
    0.002323495327017169,
    0.0023113108564461215,
    0.0023304482761505392,
    0.0022952762861432655,
    0.002311823865196455,
    0.002307290096212639,
    0.0023178297115929343,
    0.0022931847710873973,
    0.002295634608143724,
    0.002318304565766554,
    0.002322791043096937,
    0.0023048132630099963,
    0.0023178049827113135,
    0.002320364068788982,
    0.002311079902400015,
    0.0023077103755810065,
    0.002299899894618586,
    0.002317028720113222,
    0.002297311560826355,
    0.0023230892651424874,
    0.002289651720418354,
    0.00230208748239982,
    0.0023127737758534676,
    0.0023016326255008075,
    0.0023175058956170797,
    0.0022951006359152133,
    0.002284534371454506,
    0.0023007293402702174
  ]
}