{
  "times": {
    "training": 47.81420302391052,
    "evaluation": 0.11282563209533691
  },
  "metrics": {
    "mean_rank": {
      "avg": 3.4958100558659218,
      "best": 3.4958100558659218,
      "worst": 3.4958100558659218
    },
    "mean_reciprocal_rank": {
      "avg": 0.593956088797906,
      "best": 0.593956088797906,
      "worst": 0.593956088797906
    },
    "hits_at_k": {
      "avg": {
        "1": 0.39664804469273746,
        "3": 0.75,
        "5": 0.8645251396648045,
        "10": 0.9511173184357542
      },
      "best": {
        "1": 0.39664804469273746,
        "3": 0.75,
        "5": 0.8645251396648045,
        "10": 0.9511173184357542
      },
      "worst": {
        "1": 0.39664804469273746,
        "3": 0.75,
        "5": 0.8645251396648045,
        "10": 0.9511173184357542
      }
    },
    "adjusted_mean_rank": 0.07231875282609956
  },
  "losses": [
    0.10153210777160752,
    0.04594938821380416,
    0.024940556785353122,
    0.01695249714464602,
    0.013753478663993911,
    0.011973467573320604,
    0.010743225446602802,
    0.00986469166034633,
    0.00932285318436744,
    0.00886718460340483,
    0.008621988810329764,
    0.008412546205266543,
    0.00825744263867502,
    0.0081434254818516,
    0.007999252044921659,
    0.007937669895187929,
    0.007855446681671414,
    0.00782168087979052,
    0.007779148219251435,
    0.007744158069504444,
    0.007757348729139817,
    0.0077193818761442734,
    0.007693889721248756,
    0.0076913156052042285,
    0.00764119272192531,
    0.007627170561614864,
    0.007629665698858321,
    0.007627513297144798,
    0.0076251061729173675,
    0.007607569702988619,
    0.007640070644195719,
    0.007602882568761397,
    0.007610865426952843,
    0.007621109873815144,
    0.007606980149882866,
    0.007619141967710198,
    0.007601984229011603,
    0.007598129795316128,
    0.007574198301054444,
    0.0075984181843967115,
    0.00759015258350903,
    0.007604760132716774,
    0.007610926619643217,
    0.0075938823732700205,
    0.007606442190614094,
    0.00762299569560763,
    0.007626947741172524,
    0.007612756118751829,
    0.007597105329455956,
    0.007592137358187217,
    0.0075624106267699834,
    0.007549983570037896,
    0.007524986461890103,
    0.007541528250636117,
    0.00756312510612944,
    0.0075465357465952934,
    0.007547159813225375,
    0.007564208506126245,
    0.007557262041781907,
    0.007521358730526208,
    0.007527716206403227,
    0.007537647772992836,
    0.0075284894787397095,
    0.00753369975047679,
    0.007528275127873892,
    0.0075107217893719035,
    0.0075099618566184445,
    0.007535461422393419,
    0.007519375367444108,
    0.007520922123856485,
    0.007544177887071301,
    0.007509883724775027,
    0.00753140322480278,
    0.007495745178367204,
    0.0074992736745261804,
    0.007503186336560247,
    0.007489921568130303,
    0.007466730950074905,
    0.007474392034938309,
    0.007478728952176335,
    0.0074664179992224074,
    0.0074556094079839185,
    0.007445846597706516,
    0.007446974815879085,
    0.007458964136664581,
    0.00745325663020584,
    0.0074628597183859936,
    0.007450752317587817,
    0.007448740369684954,
    0.0074482717903638605,
    0.007453647289422929,
    0.0074576483173720435,
    0.0074612888942603315,
    0.007416933439694049,
    0.007419000581003915,
    0.007429560943070497,
    0.007436036146061176,
    0.007425897710065012,
    0.007477825742420041,
    0.00744162352569291,
    0.0074517884291157065,
    0.007421881578037765,
    0.007436066989435678,
    0.0074297604721774,
    0.007424976855357629,
    0.007431630342934102,
    0.007432447445329087,
    0.00741009983245687,
    0.007428548828676087,
    0.007449879386567589,
    0.007438685570756947,
    0.007439582498910654,
    0.007437911027983987,
    0.007425632753479474,
    0.007432554091413463,
    0.007427158547689958,
    0.007436011584289261,
    0.00745739218326205,
    0.007453621104315514,
    0.007450962080766351,
    0.0074369898203775825,
    0.007435761237723225,
    0.007426267548239817,
    0.007464228472531795,
    0.0073973446502143495,
    0.0074025096802968395,
    0.007433782744647626,
    0.0074474912483075304,
    0.007457052623823311,
    0.007457950257775062,
    0.007438053881507995,
    0.007465763583276454,
    0.007447982201426603,
    0.0074102657655769014,
    0.007452498885426315,
    0.007403947814390319,
    0.007394601495538399,
    0.007427973956169639,
    0.0074374563528843505,
    0.0074400332215412476,
    0.007454421973355498,
    0.007447246054067211,
    0.007438844163577326,
    0.007441113798345878,
    0.007427073287286301,
    0.007397527734226839,
    0.007423104090828949,
    0.007419943597769864,
    0.007427369087246341,
    0.007444880289605131,
    0.007435078942754553,
    0.0074443770556001,
    0.007445990933406417,
    0.007438592899473833,
    0.007438555209858309,
    0.007448398904591499,
    0.007432681135061296,
    0.00744528019477659,
    0.007416626699864335,
    0.007447695506261325,
    0.0074347664859606855,
    0.007438151987436045,
    0.00743654834370136,
    0.007410542014931136,
    0.007405583360196572,
    0.0074184588104257085,
    0.007432425918488759,
    0.007415274673132165,
    0.0074282224676607625,
    0.00744182785422651,
    0.007423659906788223,
    0.007451663220542786,
    0.007448587987887358,
    0.007469800042287354,
    0.007458884099166446,
    0.007450427509328188,
    0.007425897710065012,
    0.007446291462213348,
    0.00741793616697448,
    0.007442237922889795,
    0.007431190842492401,
    0.00743376093548808,
    0.007446428175294378,
    0.0074396928151448565,
    0.007468610631424411,
    0.0074586732772908455,
    0.00746091976188357,
    0.007480966049655081,
    0.007474720160448742,
    0.007466850582843281,
    0.007485213259961776,
    0.007480221291559557,
    0.0074613374531657265,
    0.007457228438115953,
    0.007463340931492066,
    0.007449558389617396,
    0.007454200705668854,
    0.007445778488195317,
    0.007458292852145387,
    0.007482861117401936,
    0.007488960341774832,
    0.0075095992881634875,
    0.007449302326087206,
    0.00748579568450729,
    0.007437982878224818,
    0.007485729480650807,
    0.007487605491850488,
    0.0074987901322865645,
    0.007479880744003558,
    0.007466058253959624,
    0.00749487069459128,
    0.007469312688738302,
    0.007451718061050767,
    0.0074415851302793426,
    0.007440438631937446,
    0.007437801346968024,
    0.007484514449318885,
    0.007462232263925303,
    0.0074967716910417015,
    0.007466462746818366,
    0.00751060674429081,
    0.007488052826650471,
    0.007481504997041114,
    0.007485337833316457,
    0.007477619225912506,
    0.00748797723568001,
    0.007490047764820485,
    0.007484842080770688,
    0.007484460879247382,
    0.007488346579796185,
    0.0074827136761906445,
    0.007512719550734091,
    0.007508930473937446,
    0.007508882620830095,
    0.007520417337095759,
    0.00751262546785489,
    0.0075070635675325275,
    0.0074936764137218375,
    0.007503709191750888,
    0.0075096940768407325,
    0.007538302188938789,
    0.00753971731401605,
    0.007494529935295868,
    0.007484502168432928,
    0.007472547220012152,
    0.007486730443436129,
    0.007501377940813136,
    0.007490550787086103,
    0.007526719054927341,
    0.007503760573848456,
    0.007509651587798512,
    0.00753451515895647,
    0.007497943104054534,
    0.00750815600174429,
    0.007518412658912744,
    0.007545718926519526,
    0.007554403136226819,
    0.007579642121364126,
    0.007591218620873965,
    0.007563888567873118,
    0.007580188126730595,
    0.007591284895310252,
    0.0075945053106232325,
    0.007548813709780759,
    0.0075670629651536595,
    0.007539903503539931,
    0.007555328719781093,
    0.007517973440790261,
    0.007492781320643044,
    0.007520188729109462,
    0.007496260269779366,
    0.0074771340603373895,
    0.007495172423254886,
