{
  "times": {
    "training": 3645.945641517639,
    "evaluation": 8.262934684753418
  },
  "metrics": {
    "mean_rank": {
      "best": 492.4775907623055,
      "worst": 492.4777620119385,
      "avg": 492.477676387122
    },
    "mean_reciprocal_rank": {
      "best": 0.11171272243049149,
      "worst": 0.11171271371522926,
      "avg": 0.11171271803481311
    },
    "hits_at_k": {
      "best": {
        "1": 0.041442411194833155,
        "3": 0.11525100303356493,
        "5": 0.16870535277424406,
        "10": 0.2654613954398669
      },
      "worst": {
        "1": 0.041442411194833155,
        "3": 0.11525100303356493,
        "5": 0.16870535277424406,
        "10": 0.2654613954398669
      },
      "avg": {
        "1": 0.041442411194833155,
        "3": 0.11525100303356493,
        "5": 0.16870535277424406,
        "10": 0.2654613954398669
      }
    },
    "adjusted_mean_rank": 0.070675177369161
  },
  "losses": [
    0.004113532462298882,
    0.002768044981845997,
    0.002572097851622756,
    0.0008033025715254858,
    0.0005745205095445886,
    0.0004587704709954722,
    0.00035246414694618637,
    0.0002827213087352733,
    0.0002382608778220151,
    0.0002077954063043506,
    0.0001866442104153821,
    0.00017122708738387938,
    0.0001592386088801388,
    0.00015072480921232917,
    0.00014342332743690788,
    0.00013756368210622014,
    0.00013293766941642967,
    0.00012888031454208462,
    0.00012605573729485866,
    0.00012326734963121142,
    0.00012073202710905024,
    0.00011887432634953686,
    0.00011667985517839729,
    0.00011499296382537517,
    0.00011386090903502806,
    0.00011225369906295365,
    0.00011106731310094434,
    0.00011041577793978813,
    0.00010938669248897637,
    0.00010864271290708862,
    0.00010783080831097524,
    0.00010708197777109902,
    0.0001063489502161791,
    0.00010570388511413295,
    0.00010510225348607043,
    0.00010432373455308592,
    0.00010396709686088612,
    0.0001031080423682737,
    0.00010317643347331454,
    0.00010255969820015925,
    0.00010221027757255047,
    0.00010136825134540812,
    0.00010154147415448581,
    0.00010086624342132608,
    0.00010046866049141372,
    0.00010046068339175848,
    0.00010024649881755622,
    9.97771806529627e-05,
    9.95095384710055e-05,
    9.91425891077672e-05,
    9.869836037597773e-05,
    9.846921202533991e-05,
    9.844972198320158e-05,
    9.867122401515615e-05,
    9.76995104717842e-05,
    9.79867339012511e-05,
    9.762791028169996e-05,
    9.757377780005883e-05,
    9.717154608118387e-05,
    9.705407383324278e-05,
    9.681510172445224e-05,
    9.700628114054835e-05,
    9.690857230614856e-05,
    9.624912831802593e-05,
    9.652113851460378e-05,
    9.660571028454297e-05,
    9.611227772573437e-05,
    9.629146295355596e-05,
    9.613036038122163e-05,
    9.568421050977097e-05,
    9.578350598770036e-05,
    9.563626207299989e-05,
    9.546501889296154e-05,
    9.539482853835072e-05,
    9.522079409952343e-05,
    9.564704645916625e-05,
    9.496921044081719e-05,
    9.486429598848806e-05,
    9.543895401770962e-05,
    9.468544181201856e-05,
    9.497208262882209e-05,
    9.480309849855322e-05,
    9.476428925514642e-05,
    9.462841355085237e-05,
    9.47174558847693e-05,
    9.501368216415228e-05,
    9.419812129825271e-05,
    9.437566624974091e-05,
    9.475965924904509e-05,
    9.405236379135709e-05,
    9.457754826886545e-05,
    9.382614423742045e-05,
    9.46066400254813e-05,
    9.454264567407094e-05,
    9.439675217967054e-05,
    9.388883786884407e-05,
    9.420998008769817e-05,
    9.43976891374458e-05,
    9.455424269450035e-05,
    9.416015493574458e-05,
    9.438569255682069e-05,
    9.367087490716598e-05,
    9.419043021283746e-05,
    9.395175194904248e-05,
    9.388037876188377e-05,
    9.381417959587354e-05,
    9.393749264284743e-05,
    9.365203698078046e-05,
    9.376689023628746e-05,
    9.365292241745479e-05,
    9.369521237010489e-05,
    9.383485029896256e-05,
    9.374085474348157e-05,
    9.401223226942801e-05,
    9.405771186713392e-05,
    9.36837484263159e-05,
    9.349954279089567e-05,
    9.394552984047137e-05,
    9.361898169989848e-05,
    9.371909260658915e-05,
    9.38251706996122e-05,
    9.339219455308465e-05,
    9.373655658447127e-05,
    9.348372176919031e-05,
    9.349009981521119e-05,
    9.365825360474241e-05,
    9.359357510095882e-05,
    9.372136698759531e-05,
    9.394320626568675e-05,
    9.368818233325365e-05,
    9.401677414872642e-05,
    9.393104132381697e-05,
    9.386393526698414e-05,
    9.357136352558564e-05,
    9.391275884202767e-05,
    9.357859647928624e-05,
    9.385097414125634e-05,
    9.374300696572768e-05,
    9.370588088983816e-05,
    9.35658438405803e-05,
    9.37120603878731e-05,
    9.393322295075558e-05,
    9.386558765908448e-05,
    9.386921341185491e-05,
    9.377745128506115e-05,
    9.360067361585087e-05,
    9.380091589084589e-05,
    9.406585926518753e-05,
    9.378444500028065e-05,
    9.426744206080586e-05,
    9.39197279749037e-05,
    9.378936596104839e-05,
    9.409521482380402e-05,
    9.441988237317575e-05,
    9.405542108877203e-05,
    9.437742292813383e-05,
    9.377657016762351e-05,
    9.393721730862176e-05,
    9.418530710357902e-05,
    9.423158134500313e-05,
    9.441609536262795e-05,
    9.375076371072778e-05,
    9.439329127149208e-05,
    9.356495468703512e-05,
    9.405916837397899e-05,
    9.452131856166142e-05,
    9.443182541853925e-05,
    9.417660016415718e-05,
    9.425783658838707e-05,
    9.468854703687474e-05,
    9.447399119997987e-05,
    9.448083571158333e-05,
    9.4557762483937e-05,
    9.427279220892644e-05,
    9.417701085271901e-05,
    9.442299005369938e-05,
    9.479196005990155e-05,
    9.489363596260043e-05,
    9.465101423742793e-05,
    9.413910457962323e-05,
    9.459839264839292e-05,
    9.449834354751491e-05,
    9.463130135416422e-05,
    9.514190482961946e-05,
    9.475229967702388e-05,
    9.43018697483401e-05,
    9.431970833786341e-05,
    9.479905382945156e-05,
    9.49327267350177e-05,
    9.49514057309483e-05,
    9.512383944423385e-05,
    9.493018045772027e-05,
    9.481353501161768e-05,
    9.512110417637395e-05,
    9.519883535522127e-05,
    9.496828545506246e-05,
    9.522065945536289e-05,
    9.506424865044962e-05,
    9.538925740411766e-05,
    9.545975965416322e-05
  ]
}