{
  "times": {
    "training": 501.30173420906067,
    "evaluation": 0.1662759780883789
  },
  "metrics": {
    "mean_rank": {
      "worst": 2.7453445065176907,
      "avg": 2.7453445065176907,
      "best": 2.7453445065176907
    },
    "mean_reciprocal_rank": {
      "worst": 0.6629069776672908,
      "avg": 0.6629069776672908,
      "best": 0.6629069776672908
    },
    "hits_at_k": {
      "worst": {
        "1": 0.47392923649906893,
        "3": 0.8254189944134078,
        "5": 0.9213221601489758,
        "10": 0.973463687150838
      },
      "avg": {
        "1": 0.47392923649906893,
        "3": 0.8254189944134078,
        "5": 0.9213221601489758,
        "10": 0.973463687150838
      },
      "best": {
        "1": 0.47392923649906893,
        "3": 0.8254189944134078,
        "5": 0.9213221601489758,
        "10": 0.973463687150838
      }
    },
    "adjusted_mean_rank": 0.057225736593428715
  },
  "losses": [
    0.08423501800062058,
    0.08423481887199459,
    0.08423461204164484,
    0.08423419893904126,
    0.08423394656806403,
    0.08423391386364283,
    0.08423371607444706,
    0.08423330118593651,
    0.08423315663909198,
    0.0842326543527596,
    0.08423250645733951,
    0.0842322450452083,
    0.08423181341382002,
    0.0842317043618763,
    0.08423120319173577,
    0.08423065000705504,
    0.08423022228233823,
    0.08422977201054606,
    0.08422958404383855,
    0.08422901746485564,
    0.08422825555229901,
    0.08422794949249382,
    0.08422691623369853,
    0.08422598142302438,
    0.0842250372363387,
    0.0842238012771035,
    0.08422277962670344,
    0.08422109495834465,
    0.08421931809253907,
    0.08421705780404337,
    0.08421443698558022,
    0.08421133252118858,
    0.08420677031024118,
    0.08420186687944534,
    0.08419488543428286,
    0.08418549457739355,
    0.08417250221588192,
    0.08415321040242799,
    0.0841233901093515,
    0.08407342791110835,
    0.08397973063733247,
    0.0837770223840792,
    0.08323616001489903,
    0.08133113328437233,
    0.07138503680514932,
    0.03000072522388862,
    0.009749337884314944,
    0.00728433398522911,
    0.006542585287870986,
    0.006279613048340497,
    0.006167545265863451,
    0.006058171740297075,
    0.005953115881996208,
    0.0058588958048865145,
    0.005791104834680254,
    0.005755068915669391,
    0.005738707301154566,
    0.005720460892058491,
    0.005700645396269663,
    0.005680371724655119,
    0.005660112235653266,
    0.005642715262507232,
    0.005616080113564538,
    0.0055917151802488034,
    0.005561444015427029,
    0.005531953166375,
    0.0054993525091628455,
    0.005469621399815163,
    0.005440026179848985,
    0.005409964342856228,
    0.005382855370473326,
    0.005360707968529244,
    0.005332684793164221,
    0.005307573525144367,
    0.005282166522093927,
    0.005254456543185738,
    0.005226583084028759,
    0.005201991305648164,
    0.005174103733640485,
    0.0051495805801300525,
    0.005125430548626385,
    0.005102286450146289,
    0.005083004438252038,
    0.005059236437361339,
    0.005039545550440135,
    0.0050200510016652974,
    0.005001317465517405,
    0.004979771377051368,
    0.004961548205674364,
    0.004941965659124575,
    0.004920833935954151,
    0.004903602061535089,
    0.004882264331206401,
    0.004861914270212141,
    0.004841748771540234,
    0.0048201062440983815,
    0.004795285855674565,
    0.004773377004857367,
    0.0047483674567960175,
    0.004721911610121584,
    0.004696565013978812,
    0.004666430533825235,
    0.004637864163696543,
    0.004601326983854565,
    0.00455651440647211,
    0.004507917394575555,
    0.004443934829103366,
    0.004353515182932218,
    0.00423413718795955,
    0.004076265600904097,
    0.0038851644069458663,
    0.0036693980624334195,
    0.0034782832055893285,
    0.0033172975304756273,
    0.0031835003250212258,
    0.0030886202541350874,
    0.0030040525785936844,
    0.002928996660959408,
    0.002852560118650006,
    0.002793898411820667,
    0.0027364871398395814,
    0.00268398021602452,
    0.002645686153699173,
    0.0026039762827061983,
    0.002568235153450948,
    0.002540576822832506,
    0.0025063476172949043,
    0.002493595823031686,
    0.002483816629045465,
    0.0024624610152304844,
    0.0024433361631486746,
    0.0024299455234564646,
    0.0024219236933113483,
    0.0024166031276688592,
    0.0024073163975267373,
    0.002397630897382002,
    0.0023888330976391554,
    0.0023814088103364917,
    0.002378606467685673,
    0.002365157050028276,
    0.002362857949449105,
    0.002360878306465426,
    0.0023533709047271517,
    0.002349719841186697,
    0.0023473495171032147,
    0.0023412709316231787,
    0.0023341248900200545,
    0.002330923044865721,
    0.002334696899973944,
    0.002320901605855213,
    0.002322046026894439,
    0.0023140774356124553,
    0.002310635033674008,
    0.0023079646737332203,
    0.0023021395754222566,
    0.002297999665196915,
    0.002299065011019787,
    0.0022892112170489094,
    0.0022933324868703604,
    0.0022859609919540893,
    0.002284396600243304,
    0.0022848228215892217,
    0.0022794628229815413,
    0.002277594209694014,
    0.0022665312067232327,
    0.0022705785951085307,
    0.002262381601325247,
    0.002251681498485558,
    0.0022530394016803427,
    0.002254545580498065,
    0.0022503672418801974,
    0.0022497516864917696,
    0.0022432461715816113,
    0.002237663609551245,
    0.0022343591183479807,
    0.0022374693869372433,
    0.002227129519320606,
    0.0022263871575618505,
    0.002227575929786605,
    0.0022192356256900657,
    0.0022174289052406056,
    0.00221261584761549,
    0.002215694517511107,
    0.0022021482283535523,
    0.002199773791800724,
    0.002199865560211269,
    0.002206396960308043,
    0.002192839081939798,
    0.0021958454400440503,
    0.002188227217895596,
    0.0021848483952913392,
    0.0021783133762913027,
    0.002180629748195298,
    0.002177357698061716,
    0.0021744225547415262,
    0.002168933152873418,
    0.0021638742853862963,
    0.0021580028563933204,
    0.0021597680388095227,
    0.002158933845854431,
    0.0021585278607179387,
    0.002147744141156307,
    0.0021500244251825614,
    0.0021505303844837438,
    0.0021448916309139924,
    0.0021478237953971835,
    0.002136172592458542,
    0.002136029880354355,
    0.0021377517301100915,
    0.002133469106036514,
    0.002125191047076094,
    0.0021260894576875904,
    0.0021254687521202065,
    0.0021222907742869095,
    0.0021164930139560153,
    0.0021132070079362126,
    0.002107910899103581,
    0.0021154013364697885,
    0.0021065284675928983,
    0.0020972247172691178,
    0.002104177905337306,
    0.002094950233952383,
    0.00209849581038684,
    0.0020966691275437674,
    0.00208981798905949,
    0.0020913536248777466,
    0.002079628746300824,
    0.002083797925169325,
    0.0020773394577456323,
    0.002077886236531569,
    0.0020739523369525926,
    0.0020703314664016724,
    0.002067354954221052,
    0.002068595437521345,
    0.002060728742346893,
    0.002058571652763903,
    0.0020676469953542346,
    0.002057276101092274,
    0.002055440984024537,
    0.002051912446956286,
    0.002049354770070828,
    0.0020392961304788286,
    0.002042982816235738,
    0.002033618427045671,
    0.002039782289583027,
    0.002032940166091986,
    0.002031125710781817,
    0.002026491416513585,
    0.0020159187967355332,
    0.002022338340456566,
    0.002025462988736143,
    0.002009444838661826,
    0.0020069061614545096,
    0.0020091765881114906,
    0.0020083577044252374,
    0.0020052592849100796,
    0.0019993160464120713,
    0.0020014754660455476,
    0.0019946799034510883,
    0.0019930242595684886,
    0.001992411266189166,
    0.0019814165567190907,
    0.001976689313318622,
    0.0019760623588209294,
    0.001975261904508545,
    0.001977415940260396,
    0.0019647674390885716,
    0.0019617806509667343,
    0.0019623887662388634,
    0.0019584642130225783,
