{
  "times": {
    "training": 1258.903340101242,
    "evaluation": 37.3793830871582
  },
  "metrics": {
    "mean_rank": {
      "worst": 187.18783328536844,
      "avg": 187.18781212439268,
      "best": 187.18779096341692
    },
    "mean_reciprocal_rank": {
      "worst": 0.34001421571380447,
      "avg": 0.3400142345957531,
      "best": 0.34001425438100813
    },
    "hits_at_k": {
      "worst": {
        "1": 0.2160450982715715,
        "3": 0.39558328113625973,
        "5": 0.4798039647204212,
        "10": 0.5873863655600887
      },
      "avg": {
        "1": 0.2160450982715715,
        "3": 0.39558328113625973,
        "5": 0.4798039647204212,
        "10": 0.5873863655600887
      },
      "best": {
        "1": 0.2160450982715715,
        "3": 0.39558328113625973,
        "5": 0.4798039647204212,
        "10": 0.5873863655600887
      }
    },
    "adjusted_mean_rank": 0.02617711026631698
  },
  "losses": [
    2.4284966472490386e-05,
    3.4872253328702055e-06,
    2.3895512139806006e-06,
    1.9976552071325393e-06,
    1.8201685243864009e-06,
    1.6507656048502058e-06,
    1.5505030042243307e-06,
    1.4555260450260183e-06,
    1.364227258644958e-06,
    1.2954953875400062e-06,
    1.2343233392537165e-06,
    1.2007546550004857e-06,
    1.1756277640457003e-06,
    1.1236558828027877e-06,
    1.1652507051129661e-06,
    1.094327402595402e-06,
    1.0711392873820804e-06,
    1.058119758083657e-06,
    1.0511626338592002e-06,
    1.003480684766729e-06,
    1.0062447801351943e-06,
    1.0037761956719059e-06,
    9.578168298382561e-07,
    9.407815196267715e-07,
    9.412342488768677e-07,
    9.426625529907921e-07,
    8.800279191261431e-07,
    8.644502584160977e-07,
    8.871089774219918e-07,
    8.904630307859372e-07,
    8.954108542461719e-07,
    8.753127933025837e-07,
    9.089414676789093e-07,
    8.428916979592174e-07,
    8.49973812118436e-07,
    8.451736668848176e-07,
    8.222583875373253e-07,
    8.206507114650429e-07,
    8.593536488196677e-07,
    8.111001665716162e-07,
    8.329547740578172e-07,
    8.175526603916766e-07,
    8.175744079964943e-07,
    8.340362489816144e-07,
    7.860676320204049e-07,
    8.043371510932174e-07,
    7.701011148064547e-07,
    7.884746496737065e-07,
    7.798960012300952e-07,
    7.61968442135411e-07,
    7.858893520686173e-07,
    7.553503083637128e-07,
    7.538951623813091e-07,
    7.654879937696473e-07,
    7.603315686217819e-07,
    7.488531039586548e-07,
    7.413153136737094e-07,
    7.429193913289299e-07,
    7.440203609313676e-07,
    7.457340907926996e-07,
    7.460355638802646e-07,
    7.498531709010073e-07,
    7.167930729254899e-07,
    7.233109546147155e-07,
    7.195653421992716e-07,
    7.329934496595405e-07,
    7.133314482399749e-07,
    7.346985278024428e-07,
    7.203557544820797e-07,
    7.124759478356129e-07,
    7.10542155518662e-07,
    7.494979911857898e-07,
    7.333115259696897e-07,
    7.040492256494738e-07,
    6.948493208852564e-07,
    7.220645544108358e-07,
    7.485076756789869e-07,
    7.222224356220558e-07,
    6.980823518740586e-07,
    6.834748840643019e-07,
    7.016941742082336e-07,
    6.749537606570201e-07,
    6.712482175576944e-07,
    6.697192592079508e-07,
    6.969771270121247e-07,
    6.846798815089124e-07,
    7.263040320988239e-07,
    6.737173976609303e-07,
    6.94773837135839e-07,
    6.824182419289344e-07,
    6.696839889860222e-07,
    6.66472122491733e-07,
    6.965789113468755e-07,
    6.899839099464913e-07,
    6.755712421817448e-07,
    6.682819436302725e-07,
    6.42650289505067e-07,
    6.784133497574715e-07,
    6.69674691027164e-07,
    6.473625992913824e-07,
    6.410322550324177e-07,
    6.577239552081845e-07,
    6.489881233580813e-07,
    6.491360237449047e-07,
    6.625945093244097e-07,
    6.670559865026198e-07,
    6.791135401779115e-07,
    6.479562913614043e-07,
    6.453286040467121e-07,
    6.45205603433717e-07,
    6.266641730381491e-07,
    6.324317442895652e-07,
    6.471201121483194e-07,
    6.495739183797044e-07,
    6.455251642655964e-07,
    6.342235637046079e-07,
    6.342628260032929e-07,
    6.5639706361443e-07,
    6.418364679940276e-07,
    6.796712974730212e-07,
    6.518022522411892e-07,
    6.306914800179145e-07,
    6.286344798669514e-07,
    6.28953689748352e-07,
    6.488480284568818e-07,
    6.423370452998971e-07,
    6.567883749645262e-07,
    6.499394442066005e-07,
    6.356854108773768e-07,
    6.152672638207255e-07,
    6.246385891596236e-07,
    6.243727574846586e-07,
    6.546616798796476e-07,
    6.003538948994084e-07,
    6.162591583034898e-07,
    6.187627922742279e-07,
    6.213369368104441e-07,
    6.465980067473378e-07,
    6.113033009326027e-07,
    6.096398296375763e-07,
    6.016311659748272e-07,
    5.929455941367576e-07,
    5.96513015994597e-07,
    5.961569078810307e-07,
    6.010071480727327e-07,
    6.081084198150066e-07,
    5.995299263052489e-07,
    5.946045489774241e-07,
    5.90415629362398e-07,
    6.149184679585708e-07,
    6.17290484295357e-07,
    6.37845949491575e-07,
    6.106056142721528e-07,
    5.972332936012143e-07,
    6.051525250100533e-07,
    6.058441918999489e-07,
    6.129402744424204e-07,
    6.109097694261646e-07,
    5.878005945774984e-07,
    5.947614027579256e-07,
    5.930372091990354e-07,
    6.063375916480681e-07,
    6.070465989613649e-07,
    6.267149453198139e-07,
    5.87702114475679e-07,
    5.838733493260152e-07,
    5.989437498523812e-07,
    5.881618338207912e-07,
    5.874180286771989e-07,
    6.171100063550573e-07,
    5.938691449594032e-07,
    5.871457060448195e-07,
    5.996070122827536e-07,
    5.899102960932253e-07,
    5.878561816154063e-07,
    6.199486918925415e-07,
    5.784232609133927e-07,
    5.798891187766663e-07,
    5.937322096968092e-07,
    5.860092129770935e-07,
    5.941936142788928e-07,
    5.903166326537632e-07,
    5.928877240533386e-07,
    5.961109093933146e-07,
    6.12413924624903e-07,
    5.839016364406133e-07,
    5.951409485323744e-07,
    5.93856262558854e-07,
    5.958005094170854e-07,
    5.804818154629408e-07,
    5.857228132909045e-07,
    5.97039975427433e-07,
    5.84260231929252e-07,
    5.738081230859861e-07,
    5.796994790168977e-07,
    5.8751159161704e-07,
    5.804208700750514e-07,
    5.84621345635161e-07,
    5.876633778798482e-07,
    5.95701946426859e-07,
    5.992549416056605e-07,
    5.867450150522315e-07,
    5.781466450410373e-07,
    5.707159288978165e-07,
    5.716586903135451e-07,
    5.595971466698504e-07,
    5.683178947575269e-07,
    5.670504558374727e-07,
    5.679346645451984e-07,
    5.544591569638903e-07,
    5.638110520795225e-07,
    5.843092968061157e-07,
    5.646039929406518e-07,
    5.651004135374858e-07,
    5.953383094436317e-07,
    5.836914401149678e-07,
    5.774870864755149e-07,
    5.793947865339689e-07,
    5.695325662912375e-07,
    5.717422307438312e-07,
    6.064224857616979e-07,
    5.798229145530746e-07,
    5.780499409257423e-07,
    5.743916039789454e-07,
    5.557333175554567e-07,
    5.971593132884687e-07,
    5.588852521172042e-07,
    5.785600723252857e-07,
    5.70788239876599e-07,
    5.808056385420018e-07,
    5.638038171745604e-07,
    5.690384113911782e-07,
    5.560614043274272e-07,
    5.559294423692498e-07,
    5.666580283853387e-07,
    5.792140780000487e-07,
    5.667175393700694e-07,
    5.516356245837782e-07,
    5.552661522290903e-07,
    5.990511522647261e-07,
    5.756213397577542e-07,
    5.592054558161467e-07,
    5.622610354962762e-07,
    5.521264947897576e-07,
    5.466866732147268e-07,
    5.58342775926397e-07,
    5.630829065800215e-07,
    5.580093845373366e-07,
    5.591090862362937e-07,
    5.521884943543341e-07,
    5.709455738797603e-07,
    5.764435120348389e-07,
    5.519494553930955e-07,
    5.582039780841934e-07,
    5.510694582115929e-07,
    5.70790747973773e-07,
    5.513618694758777e-07,
    5.403581267185651e-07,
    5.449012913856386e-07,
    5.634593804233652e-07,
    5.649631134695194e-07,
