{
  "times": {
    "training": 22.362192392349243,
    "evaluation": 0.16384363174438477
  },
  "metrics": {
    "mean_rank": {
      "worst": 47.67783985102421,
      "avg": 47.67783985102421,
      "best": 47.67783985102421
    },
    "mean_reciprocal_rank": {
      "worst": 0.05489265239804563,
      "avg": 0.05489265239804563,
      "best": 0.05489265239804563
    },
    "hits_at_k": {
      "worst": {
        "1": 0.010707635009310988,
        "3": 0.03212290502793296,
        "5": 0.05260707635009311,
        "10": 0.10614525139664804
      },
      "avg": {
        "1": 0.010707635009310988,
        "3": 0.03212290502793296,
        "5": 0.05260707635009311,
        "10": 0.10614525139664804
      },
      "best": {
        "1": 0.010707635009310988,
        "3": 0.03212290502793296,
        "5": 0.05260707635009311,
        "10": 0.10614525139664804
      }
    },
    "adjusted_mean_rank": 0.9897268103241393
  },
  "losses": [
    0.2212687942860645,
    0.2216201119436619,
    0.22276195524904682,
    0.22215232739468346,
    0.22126136713993508,
    0.22251314585371088,
    0.22267907970212816,
    0.2222995252435636,
    0.2224439890839276,
    0.22137325193051216,
    0.2216832061348461,
    0.22252912591418228,
    0.22205146879709708,
    0.2214988579349524,
    0.22120023207784803,
    0.22123614457117335,
    0.2218109978840626,
    0.22232366834193973,
    0.22161529453293427,
    0.22123453145741426,
    0.22157253483467992,
    0.22149089227199403,
    0.22081994660096366,
    0.22207634535052076,
    0.22019210664352568,
    0.22167616155497072,
    0.2216482561489752,
    0.22209615594698803,
    0.2215903668082282,
    0.22091907268513206,
    0.22032909216647786,
    0.22140268760152382,
    0.22179004446228864,
    0.22189660256604196,
    0.22293391268841947,
    0.22086754320376753,
    0.22151298851907464,
    0.22110540194467249,
    0.2214933606771873,
    0.22118123291171576,
    0.22070904624839058,
    0.22107467724469018,
    0.22080017742886782,
    0.22181585915588944,
    0.22162038973062345,
    0.2216902214739887,
    0.22054270546644192,
    0.22141314847368054,
    0.22094120548312865,
    0.2211655013974731,
    0.22112049503624914,
    0.22080525556946287,
    0.2206784019604235,
    0.22103569203769388,
    0.22087146389868953,
    0.22173859295621157,
    0.22090923561527492,
    0.22181901228157563,
    0.22113664566766184,
    0.22276687743906698,
    0.2201289612810591,
    0.22086910514624422,
    0.2201061510727528,
    0.22141227856187995,
    0.22088973204650197,
    0.22087163934308626,
    0.22128982811985362,
    0.22109398100178906,
    0.221141321748181,
    0.22127531253274962,
    0.22046686231576,
    0.22064388571208904,
    0.2208247493913249,
    0.22074914503996076,
    0.2197277223824008,
    0.22137569840515586,
    0.22134693527099844,
    0.22073008251890744,
    0.2202219175706082,
    0.22114652659861816,
    0.22098516161469978,
    0.22077956514897645,
    0.22058220482298985,
    0.22030203961518885,
    0.2203809286755367,
    0.22166257923458835,
    0.22125834559754645,
    0.2217553698266516,
    0.22094071082739888,
    0.22048568360076778,
    0.22047148478826903,
    0.21925002384094414,
    0.22025180159952268,
    0.21927759785196796,
    0.22137092972898284,
    0.22066361589654115,
    0.22037410827461273,
    0.21989059326405802,
    0.22067772942356925,
    0.21989898779109734,
    0.22060066303556547,
    0.22046482521137542,
    0.21986516113671126,
    0.22156432793567601,
    0.22009609713412748,
    0.22026876366127035,
    0.2202461288973608,
    0.2201631753751547,
    0.22090367743931652,
    0.22053126990319213,
    0.2209278863293414,
    0.2199526615928667,
    0.2196935838268649,
    0.21973259340113857,
    0.2196695162670485,
    0.21964519285082018,
    0.22065969520161915,
    0.2190645791135707,
    0.21969288935946107,
    0.2206669688339014,
    0.2204050108557195,
    0.21986929626367374,
    0.22071545727905548,
    0.2195445267547247,
    0.21927816804625744,
    0.21981966742994077,
    0.22022902794213237,
    0.21945246474425353,
    0.21982434838391537,
    0.2201782635932759,
    0.2200942671516002,
    0.21859096452779414,
    0.2182073651011932,
    0.22049828635660157,
    0.22062186987702362,
    0.21945495020654093,
    0.22051506079031385,
    0.21932789434909972,
    0.22015148882894842,
    0.21935485430473492,
    0.21924156595898375,
    0.21962561130675978,
    0.22045907209719837,
    0.21929080004282403,
    0.21960996507798777,
    0.2199252094182295,
    0.21910245317272087,
    0.21974833222556442,
    0.21900267648224783,
    0.21950600452599758
  ]
}