{
  "times": {
    "training": 658.8618140220642,
    "evaluation": 1.3290174007415771
  },
  "metrics": {
    "mean_rank": {
      "worst": 52.05260707635009,
      "best": 46.31238361266294,
      "avg": 49.18249534450652
    },
    "mean_reciprocal_rank": {
      "worst": 0.03753451974525498,
      "best": 0.09173458225046022,
      "avg": 0.04791977827656267
    },
    "hits_at_k": {
      "worst": {
        "1": 0.0004655493482309125,
        "3": 0.007914338919925512,
        "5": 0.028398510242085662,
        "10": 0.08333333333333333
      },
      "best": {
        "1": 0.05493482309124767,
        "3": 0.06284916201117319,
        "5": 0.0856610800744879,
        "10": 0.13454376163873372
      },
      "avg": {
        "1": 0.0004655493482309125,
        "3": 0.027001862197392923,
        "5": 0.05633147113594041,
        "10": 0.10800744878957169
      }
    },
    "adjusted_mean_rank": 1.020666437610304
  },
  "losses": [
    0.07480059139960714,
    0.0744550015902921,
    0.07439386550239409,
    0.07430181496040651,
    0.07421089856700504,
    0.07413459525963341,
    0.07393219119656398,
    0.07398036985975526,
    0.07387152376971888,
    0.07379702248432662,
    0.07367800763539607,
    0.07350664455373859,
    0.07356993985198411,
    0.07352225476882877,
    0.0733681083255716,
    0.07331510359763206,
    0.073320178754544,
    0.0732727957547604,
    0.07320996121353425,
    0.07297906640931015,
    0.0729476467667894,
    0.0729239039569535,
    0.0727920825785019,
    0.07273604215754105,
    0.07268573856504446,
    0.0725733573838008,
    0.07258951590023237,
    0.07243024486671673,
    0.07228672819749246,
    0.07242428455571556,
    0.07208615637729678,
    0.072147091801805,
    0.07191922118684996,
    0.07194571045649409,
    0.07184535846086254,
    0.07187430213871743,
    0.07185328136501687,
    0.07160199974220567,
    0.07162642365230826,
    0.07171282037562422,
    0.07161587019789308,
    0.07134929748621772,
    0.07152735639349575,
    0.07150110727950429,
    0.07139600941750887,
    0.07136992243038358,
    0.07120215888606028,
    0.07108444381463394,
    0.07125269131881468,
    0.07105963058379036,
    0.07096703167767561,
    0.070988153131881,
    0.07083061206318465,
    0.07087008113020592,
    0.07092808007719588,
    0.07074156869551662,
    0.07073038577866018,
    0.07073193842942795,
    0.07070846282894469,
    0.07068842973155476,
    0.07064233624031034,
    0.07045346965894717,
    0.0706494011068612,
    0.07064580282524284,
    0.07053044311395298,
    0.07035244344158119,
    0.07042180272412212,
    0.07035581051801028,
    0.07031574652073312,
    0.07017634319288008,
    0.07017415683814203,
    0.07044303576263149,
    0.07035094104037526,
    0.07027444384350312,
    0.07023567296146008,
    0.07023898413062989,
    0.07011092200958996,
    0.06995089031225733,
    0.0699816978002867,
    0.0700539042929027,
    0.07020981592380822,
    0.06999228782393736,
    0.07015232577892055,
    0.07000145274964388,
    0.07014326464510366,
    0.06987303556797657,
    0.07000848089348288,
    0.06974395511023114,
    0.06986071980010704,
    0.06980046352252978,
    0.06985401240794846,
    0.06974576251086001,
    0.06987764828660514,
    0.06991114749220873,
    0.06981416781213176,
    0.0697343766773015,
    0.06989561814521805,
    0.0697877433304483,
    0.06977695177835919,
    0.06973383008512889,
    0.06974569028627113,
    0.06973864782727167,
    0.06971140034245642,
    0.06972349243943164,
    0.0694850782065021,
    0.06947592031280422,
    0.06955976629357659,
    0.06961763614600294,
    0.069477778911758,
    0.06965991453536217,
    0.06967008842176266,
    0.06951652754670225,
    0.069356843584988,
    0.06934722642717736,
    0.06943215512102016,
    0.06957158170752088,
    0.06947213389704959,
    0.06945505840808489,
    0.06948676805120059,
    0.06940815193850673,
    0.06928734934090006,
    0.0694296502190806,
    0.06939122084988637,
    0.06932977606517991,
    0.06933126585341795,
    0.06925975100908163,
    0.06928827570339714,
    0.06918105723036362,
    0.06920198455787777,
    0.06944252426425616,
    0.06930661033350653,
    0.06929620890442129,
    0.06925694978611076,
    0.06932195961084706,
    0.06939885106063291,
    0.0694860141263919,
    0.0693788452750623,
    0.06922095007357303,
    0.06933235320566075,
    0.06907196456657144,
    0.06911972784594203,
    0.0691768443874652,
    0.06928794256198718,
    0.06924183214648386,
    0.06903660766891996,
    0.06919097818769096,
    0.06923099069364286,
    0.06922528177695104,
    0.06922377766657635,
    0.06903909852079461,
    0.06897092996381418,
    0.06929737316925874,
    0.06911540429774071,
    0.06910013051682644,
    0.06906069128700856,
    0.06918304906774327,
    0.06891568703402517,
    0.06904447451233864,
    0.0691159868522195,
    0.06907538053220354,
    0.06916173642382639,
    0.06908489470038745,
    0.06900372049921237,
    0.06912333702438334,
    0.06910556165522404,
    0.06904838942967997,
    0.06895262374078737,
    0.06902414159884167,
    0.06886273445317362,
    0.06909114044954938,
    0.06892402094792338,
    0.06919503156165505,
    0.06878115243037765,
    0.06908962041251222,
    0.06897517466701372,
    0.06926138170956449,
    0.06880955479704262,
    0.06886604870582341,
    0.06897853246509805,
    0.06887728035840648,
    0.06905452299458481,
    0.06908128831940197,
    0.06892005676466427,
    0.06902075185674184,
    0.06896284053081207,
    0.06895003876603498,
    0.06898659995097793,
    0.06894927770457464,
    0.0689769091803148,
    0.06883871226051773,
    0.06872759379920888,
    0.06880730434498761,
    0.06888304371037957,
    0.06876916528334108,
    0.06890062673177835,
    0.06871956171753925,
    0.06872148234885507,
    0.06877738229009543,
    0.0687516929393404,
    0.06897415251432733,
    0.06873362687894244,
    0.0688591773729869,
    0.06869704205863708,
    0.0686073431305671,
    0.06871746498603053,
    0.06882903387958414,
    0.06881152366877495,
    0.06872889530681046,
    0.06879539235951972,
    0.06867193199749966,
    0.06881047411357866,
    0.06863223580636559,
    0.0687781446072716,
    0.06881195520947266,
    0.06876858753546347,
    0.06886547861083617,
    0.06869505443488168,
    0.0686559910547644,
    0.06860693593680413,
    0.06881166878069161,
    0.06868830406933688,
    0.06860767254668675,
    0.06860196010003822,
    0.06875746230479707,
    0.06855430301236973,
    0.06875245386825296,
    0.06874941400346461,
    0.06873712393591243,
    0.06858137485044502,
    0.06868381582005194,
    0.06861574369507113,
    0.06847422235830224,
    0.06858461382990697,
    0.06868286772669478,
    0.06886291179512993,
    0.06879142464630389,
    0.06878936091919294,
    0.06875892023273399,
    0.06867200490575605,
    0.06850573867001337,
    0.06869680474229743,
    0.06867062236960238,
    0.06848950280846282,
    0.06877079937425669,
    0.06860837831479333,
    0.06859029982978485,
    0.06881470490623726,
    0.06861935198055895,
    0.06840288576980431,
    0.06865762335279685
  ]
}