{
  "times": {
    "training": 12639.513858318329,
    "evaluation": 6.374098300933838
  },
  "metrics": {
    "mean_rank": {
      "avg": 1670.934203444564,
      "worst": 1670.9347294255797,
      "best": 1670.9336774635483
    },
    "mean_reciprocal_rank": {
      "avg": 0.19631755664264364,
      "worst": 0.19631755353658267,
      "best": 0.1963175598160341
    },
    "hits_at_k": {
      "avg": {
        "1": 0.13447989040023486,
        "3": 0.21408650552891673,
        "5": 0.259932478716117,
        "10": 0.32287895097367647
      },
      "worst": {
        "1": 0.13447989040023486,
        "3": 0.21408650552891673,
        "5": 0.259932478716117,
        "10": 0.32287895097367647
      },
      "best": {
        "1": 0.13447989040023486,
        "3": 0.21408650552891673,
        "5": 0.259932478716117,
        "10": 0.32287895097367647
      }
    },
    "adjusted_mean_rank": 0.23774143503083206
  },
  "losses": [
    0.0012331007598511783,
    0.0008683923128562226,
    0.0006701235300703904,
    0.0005167948552239158,
    0.00039636689114448947,
    0.0003103356581528075,
    0.000266116330289913,
    0.00021745766403252244,
    0.00018213457021245776,
    0.00015631202001189893,
    0.0001340128219023475,
    0.00011456881313896861,
    9.785879659932246e-05,
    8.38696899501594e-05,
    7.254705097749258e-05,
    6.381893182314289e-05,
    5.733677059318164e-05,
    5.2273596414184416e-05,
    4.7646225655590816e-05,
    4.352635767527341e-05,
    4.068490321005191e-05,
    3.89396073010403e-05,
    3.6688698012532125e-05,
    3.3504069809355145e-05,
    3.0455466084801788e-05,
    2.7889528787654055e-05,
    2.570630419038714e-05,
    2.393972680573861e-05,
    2.2687092331076786e-05,
    2.1507736234548457e-05,
    1.9894562862351142e-05,
    1.7991679494357923e-05,
    1.6391408118386714e-05,
    1.538197558504435e-05,
    1.4949325910592737e-05,
    1.4672226280492888e-05,
    1.3902830156607455e-05,
    1.2847386143622812e-05,
    1.1857972884471415e-05,
    1.1248111637119362e-05,
    1.0988599093436929e-05,
    1.0403967485171655e-05,
    9.442383480947093e-06,
    8.593512860325223e-06,
    7.989586711622827e-06,
    7.423721344688137e-06,
    6.9272751334836355e-06,
    6.552372545875088e-06,
    6.160710710189501e-06,
    5.749329736759435e-06,
    5.445952564476624e-06,
    5.256853731325591e-06,
    5.04269704188178e-06,
    4.738712181731244e-06,
    4.428705178564544e-06,
    4.182926210131766e-06,
    4.0020822120966325e-06,
    3.858056951868524e-06,
    3.748092715429976e-06,
    3.6520417591418703e-06,
    3.576338527324047e-06,
    3.5120433639873904e-06,
    3.4630627394401505e-06,
    3.4185137932023692e-06,
    3.380621122274815e-06,
    3.3503105049106323e-06,
    3.3235916031013915e-06,
    3.301323918522957e-06,
    3.284192948432387e-06,
    3.2614089814700267e-06,
    3.234647757357532e-06,
    3.207645633529167e-06,
    3.1873824355319935e-06,
    3.1585659014498626e-06,
    3.131324604554611e-06,
    3.105181893802062e-06,
    3.0808664041535104e-06,
    3.0590798007775674e-06,
    3.030666807659494e-06,
    3.0093170005787056e-06,
    2.9876991809201583e-06,
    2.967340118760536e-06,
    2.942232804704593e-06,
    2.916707679855713e-06,
    2.89274708888696e-06,
    2.8711021807568614e-06,
    2.85023388174846e-06,
    2.8283867809808652e-06,
    2.808245386154781e-06,
    2.7903140466223334e-06,
    2.7674969395011472e-06,
    2.75366258765658e-06,
    2.7393583144753665e-06,
    2.7176580387951715e-06,
    2.7023213044855664e-06,
    2.6847385469247382e-06,
    2.6706980565066153e-06,
    2.6530531252443184e-06,
    2.6393564377719345e-06,
    2.619721584856981e-06,
    2.605806430157034e-06,
    2.589281071248776e-06,
    2.5730376445548777e-06,
    2.562780237070745e-06,
    2.5425478951122158e-06,
    2.530081227786781e-06,
    2.5184194315182196e-06,
    2.507358419794278e-06,
    2.4878981633677666e-06,
    2.479037369760479e-06,
    2.464064261664117e-06,
    2.4510932555842756e-06,
    2.4392001972124236e-06,
    2.4296116296306018e-06,
    2.4160285321748653e-06,
    2.4079942345821413e-06,
    2.396051591508268e-06,
    2.3848521694418063e-06,
    2.3808741834647047e-06,
    2.3830948442699647e-06,
    2.3614666789776867e-06,
    2.3475864782829586e-06,
    2.335603965576503e-06,
    2.3236870284393736e-06,
    2.312868393332564e-06,
    2.303428295276876e-06,
    2.297989798890774e-06,
    2.285002002750922e-06,
    2.2710020346602045e-06,
    2.2634373213810716e-06,
    2.2561459642678985e-06,
    2.243186603678799e-06,
    2.2338819506302944e-06,
    2.2244046279301288e-06,
    2.215158332547019e-06,
    2.20395025152059e-06,
    2.1961790628006955e-06,
    2.1836755737778847e-06,
    2.1762179354116825e-06,
    2.1659319659834113e-06,
    2.156933231606073e-06,
    2.148358162638124e-06,
    2.139703233855954e-06,
    2.1389999568210083e-06,
    2.1222453578698646e-06,
    2.1164699737056392e-06,
    2.106955350540549e-06,
    2.0966969898850852e-06,
    2.0872254051485372e-06,
    2.0743711701154347e-06,
    2.0687880221094582e-06,
    2.0618896826589664e-06,
    2.0508827089389107e-06,
    2.0427918535787164e-06,
    2.0368945551231986e-06,
    2.032118470811025e-06,
    2.0220575971719675e-06,
    2.015224754119606e-06,
    2.007161757007205e-06,
    1.99837921232186e-06,
    1.9961060966249417e-06,
    1.9838093769737504e-06,
    1.977364239399406e-06,
    1.970350420109579e-06,
    1.9656352443961465e-06,
    1.959666243331127e-06,
    1.951593635295255e-06,
    1.9406557105469876e-06,
    1.934828678320401e-06,
    1.9284249393334044e-06,
    1.921501437858521e-06,
    1.9137840504860925e-06,
    1.908874079343153e-06,
    1.902914152886881e-06,
    1.895152402760634e-06,
    1.8878606757403067e-06,
    1.8783993928439728e-06,
    1.875994468949812e-06,
    1.8692119876616464e-06,
    1.8630574148062933e-06,
    1.859657007057193e-06,
    1.8512375141263723e-06,
    1.8458021995885683e-06,
    1.842799952240194e-06,
    1.83801588402718e-06,
    1.8281130300177288e-06,
    1.823366723270424e-06,
    1.8143741869223948e-06,
    1.8110567316902935e-06,
    1.8038857956809495e-06,
    1.8005765850847501e-06,
    1.7925424296651043e-06,
    1.7888641303937804e-06,
    1.7814706623081717e-06,
    1.7768772384136457e-06,
    1.768922366128656e-06,
    1.7662876895659066e-06,
    1.7583352045340496e-06,
    1.753788714119488e-06,
    1.7489643293774243e-06,
    1.7471350951743294e-06,
    1.737371393737363e-06,
    1.7340287934683901e-06,
    1.7293448674677004e-06,
    1.721612919842132e-06,
    1.7175493808547624e-06,
    1.715150673029411e-06,
    1.7087169290551674e-06,
    1.7055860373573114e-06,
    1.6990943031702087e-06,
    1.6935851925837417e-06,
    1.6910691889297407e-06,
    1.6872987362951327e-06,
    1.6809545158523656e-06,
    1.675489246744405e-06,
    1.6736733095619081e-06,
    1.669511919222857e-06,
    1.6608108991677001e-06,
    1.6606187449080018e-06,
    1.6548664357188086e-06,
    1.6532369408591439e-06,
    1.6494204414853469e-06,
    1.6450751167035764e-06,
    1.640299005585407e-06,
    1.6345484823456696e-06,
    1.6301440716170082e-06,
    1.6302156002602745e-06,
    1.619539816875415e-06,
    1.6226304281232215e-06,
    1.6204084322001554e-06,
    1.6105508814531382e-06,
    1.6082925278335704e-06,
    1.6057253608459738e-06,
    1.5975443021807494e-06,
    1.5965361907927437e-06,
    1.5931468999341793e-06,
    1.589638855554069e-06,
    1.5849448293815273e-06,
    1.5808033840279025e-06,
    1.5797908627808883e-06,
    1.5745672813993508e-06,
    1.5688148625315566e-06,
    1.5643039855964598e-06,
    1.5653630087780791e-06,
    1.5620536460344774e-06,
    1.556061319467461e-06,
    1.5542412397845919e-06,
    1.5483163916619282e-06,
    1.5436593524644268e-06,
    1.5453930001497312e-06,
    1.5366335035554987e-06,
    1.5347341664140652e-06,
    1.53258150408168e-06,
    1.5311141239349926e-06,
    1.5237544164812906e-06,
    1.5221348302552887e-06,
