{
  "times": {
    "training": 81654.41107988358,
    "evaluation": 11.56636905670166
  },
  "metrics": {
    "mean_rank": {
      "avg": 5738.579001367989,
      "best": 5738.578659370725,
      "worst": 5738.579343365253
    },
    "mean_reciprocal_rank": {
      "avg": 0.3468488356731817,
      "best": 0.34684883567378183,
      "worst": 0.3468488356725815
    },
    "hits_at_k": {
      "avg": {
        "1": 0.30557455540355677,
        "3": 0.3751709986320109,
        "5": 0.3972298221614227,
        "10": 0.41450068399452805
      },
      "best": {
        "1": 0.30557455540355677,
        "3": 0.3751709986320109,
        "5": 0.3972298221614227,
        "10": 0.41450068399452805
      },
      "worst": {
        "1": 0.30557455540355677,
        "3": 0.3751709986320109,
        "5": 0.3972298221614227,
        "10": 0.41450068399452805
      }
    },
    "adjusted_mean_rank": 0.2831239660575289
  },
  "losses": [
    1.876268692215263e-05,
    2.126478619353295e-06,
    1.7992964973819254e-06,
    1.4723624303570813e-06,
    1.19661815570977e-06,
    1.005496143432797e-06,
    9.227713271312278e-07,
    8.847804669692825e-07,
    8.632899011609127e-07,
    8.479430242819276e-07,
    8.387317340278377e-07,
    8.33065691657718e-07,
    8.24757512675517e-07,
    8.194348000082384e-07,
    8.148889995078001e-07,
    8.11440325728584e-07,
    8.079759587395004e-07,
    8.038045658808301e-07,
    8.003050166854305e-07,
    7.982107443613389e-07,
    7.944624755288536e-07,
    7.91830133296663e-07,
    7.883375276257312e-07,
    7.847390285453609e-07,
    7.825832122263633e-07,
    7.969013499644344e-07,
    7.849723716776677e-07,
    7.771197166872945e-07,
    7.733943967515485e-07,
    7.705475737214496e-07,
    7.716280043274988e-07,
    7.645118245360257e-07,
    7.73832505785677e-07,
    7.643879582446004e-07,
    7.595594832340256e-07,
    7.525616808703207e-07,
    7.472425346587268e-07,
    7.550350527002873e-07,
    7.442308699337078e-07,
    7.408550652646931e-07,
    7.46692654367642e-07,
    7.290991292557295e-07,
    7.37256552354176e-07,
    7.215087292491638e-07,
    7.151819711328579e-07,
    7.088327544661722e-07,
    1.3429520964334924e-06,
    8.448849658727104e-07,
    7.662377811080367e-07,
    7.509153855042943e-07,
    7.400288968632347e-07,
    7.478707949429506e-07,
    7.276344056073796e-07,
    7.166479951225348e-07,
    7.071505145750864e-07,
    6.986067927203812e-07,
    7.071029555999777e-07,
    6.891933485027892e-07,
    6.800096042194422e-07,
    6.719764088765742e-07,
    6.48295865724375e-07,
    6.328308209522531e-07,
    6.110055365174424e-07,
    7.84497097137944e-07,
    6.260425416390961e-07,
    5.830496004916731e-07,
    5.530912919996411e-07,
    5.26159466259562e-07,
    5.04938060474053e-07,
    4.965544385421343e-07,
    4.695314618018615e-07,
    4.6889608595985123e-07,
    4.368250791706687e-07,
    4.117253919428169e-07,
    3.922023795367923e-07,
    3.7306409242226747e-07,
    3.5785824616712674e-07,
    3.428603856986675e-07,
    4.313729317810308e-07,
    4.583587853057315e-07,
    3.2212690561477395e-07,
    2.9324942267877e-07,
    2.875451228870481e-07,
    2.8891325799422e-07,
    2.71370019807734e-07,
    3.0742346427155374e-07,
    3.5439946551172433e-07,
    2.6014069208257806e-07,
    2.1830210631819368e-07,
    2.093126681632874e-07,
    2.371603416025499e-07,
    1.868595855438117e-07,
    1.6137900288996345e-07,
    1.463709255159125e-07,
    1.433519206074485e-07,
    3.5762975170337807e-07,
    2.4816621510948304e-07,
    1.572260977413716e-07,
    1.1450285223515265e-07,
    1.1101307506976634e-07,
    9.525011855456932e-08,
    7.490874071764354e-08,
    7.075780310347932e-08,
    1.2966550421427595e-07,
    6.745921578119244e-08,
    5.222997699045131e-08,
    4.3961014277101214e-08,
    4.242674688354044e-08,
    3.338870028350425e-08,
    3.103299820273493e-08,
    2.797130902921567e-08,
    2.959329815285179e-08,
    3.5500134044273e-08,
    3.169053216657144e-08,
    3.3223463796627464e-08,
    2.9729631947871704e-08,
    1.891555240503282e-08,
    4.3222966975712226e-08,
    3.2412978531446444e-08,
    1.8910476175225436e-08,
    7.121506410420103e-09,
    5.250772142419527e-09,
    4.836076008077522e-09,
    1.4874834320934613e-07,
    2.86759916771478e-08,
    1.0405266189515582e-08,
    6.014760065329326e-09,
    4.023860816262083e-09,
    2.8303964334135027e-09,
    2.1225751127306413e-09,
    1.7801080095103399e-09,
    1.5510697401808233e-09,
    1.3748528058174044e-09,
    1.2426642741132213e-09,
    1.1221402301944844e-09,
    1.1069090124040067e-09,
    1.0109790029718211e-09,
    1.0648800826896217e-09,
    2.7782900945773256e-09,
    6.185728487100508e-09,
    2.2845531455974357e-08,
    6.657002165462433e-08,
    3.734406720133756e-08,
    1.4601676643397457e-08,
    1.1570095878788693e-08,
    5.8759250316239925e-09,
    5.648487219516156e-09,
    2.0200588465890757e-08,
    1.5857223366875486e-08,
    4.575783312593606e-09,
    3.968119455317914e-09,
    1.822185114351193e-09,
    1.2935278425034564e-09,
    7.360077573311599e-10,
    5.346837393763469e-10,
    5.52946312031045e-10,
    4.2627312453371243e-10,
    3.5813689155659537e-10,
    3.016746716513722e-10,
    2.723698755256697e-10,
    2.390910196507679e-10,
    2.1742658406335106e-10,
    1.8715778359893452e-10,
    1.6710106887503187e-10,
    1.7795587499971155e-10,
    4.193859657924966e-10,
    3.542578001625404e-10,
    1.3287823808400138e-09,
    2.431367625047053e-08,
    1.6327557334532298e-08,
    3.3680602232382623e-08,
    3.4712468931499606e-08,
    1.2009877309360255e-08,
    6.294412398012022e-09,
    3.2552959701354047e-09,
    5.636800718477975e-09,
    1.58935641105685e-09,
    5.9896703147982e-10,
    3.383999280146782e-10,
    2.589148338953381e-10,
    2.262012050798877e-10,
    1.9367695596205508e-10,
    1.712139252891891e-10,
    1.5432219875027916e-10,
    1.3817336743749082e-10,
    1.2561176726201265e-10,
    1.1462218025949931e-10,
    1.0407139062309582e-10,
    9.432150944409063e-11,
    8.587591389826427e-11,
    7.865584288706347e-11,
    7.269895930837181e-11,
    6.692771401879611e-11,
    6.001958906705897e-11,
    5.4515095455883995e-11,
    4.925142563172907e-11,
    4.4031644213844006e-11,
    4.0829909154792074e-11,
    3.6219225983466945e-11,
    3.252899783044372e-11,
    2.968471461325929e-11,
    2.732536711115461e-11,
    2.5106306262992816e-11,
    2.2991367480863245e-11,
    2.1037436170943506e-11,
    1.9487805027493905e-11,
    1.7927630416527122e-11,
    1.6533274010118322e-11,
    1.5176903797912567e-11,
    1.4016493185381627e-11,
    1.292806775486195e-11,
    1.1946912947420686e-11,
    1.1014430576435317e-11,
    1.0194352806047023e-11,
    9.424286463886253e-12,
    8.723818415906386e-12,
    8.088774961802468e-12,
    7.497560900153572e-12,
    6.978356303359808e-12,
    6.4597425818490655e-12,
    6.004971470199959e-12,
    5.586152726341963e-12,
    5.198942390185135e-12,
    4.850032792584372e-12,
    4.52621555413488e-12,
    4.228549881297818e-12,
    3.9475323316771315e-12,
    3.7090223687179975e-12,
    3.4728914314166587e-12,
    3.264765959019922e-12,
    3.0741332228165402e-12,
    2.8880706175295427e-12,
    2.7338171626642213e-12,
    2.5827644303157348e-12,
    2.4256960942304058e-12,
    2.299674942739003e-12,
    2.185221193830855e-12,
    2.0790657840252493e-12,
    1.967479135437054e-12,
    1.8792082397258318e-12,
    1.8003609032652336e-12,
    1.712388654117204e-12,
    1.64402295348704e-12,
    1.559583277211911e-12,
    1.5036979599414572e-12,
    1.4368069422051857e-12,
    1.3793460069444758e-12,
    1.3233204099283709e-12,
    1.2731173632849385e-12,
    1.2294546122419035e-12,
    1.1837112992744436e-12,
    1.1466597846519293e-12,
    1.1063533813338932e-12,
    1.0680718679765695e-12,
    1.0386042338543823e-12,
    1.0022362558589538e-12,
    9.71383995654889e-13,
    9.44109509539674e-13,
    9.173407588684257e-13,
