{
  "times": {
    "training": 39.002357006073,
    "evaluation": 0.09548354148864746
  },
  "metrics": {
    "mean_rank": {
      "best": 4.424581005586592,
      "avg": 4.424581005586592,
      "worst": 4.424581005586592
    },
    "mean_reciprocal_rank": {
      "best": 0.5390649756835992,
      "avg": 0.5390649756835992,
      "worst": 0.5390649756835992
    },
    "hits_at_k": {
      "best": {
        "1": 0.34497206703910616,
        "3": 0.6689944134078212,
        "5": 0.8072625698324022,
        "10": 0.9194599627560521
      },
      "avg": {
        "1": 0.34497206703910616,
        "3": 0.6689944134078212,
        "5": 0.8072625698324022,
        "10": 0.9194599627560521
      },
      "worst": {
        "1": 0.34497206703910616,
        "3": 0.6689944134078212,
        "5": 0.8072625698324022,
        "10": 0.9194599627560521
      }
    },
    "adjusted_mean_rank": 0.09205052059566952
  },
  "losses": [
    0.011007765752454705,
    0.010891275761606003,
    0.010731928301958588,
    0.010642345026444231,
    0.010578599323387892,
    0.010555018893073056,
    0.010540317684464937,
    0.010519389643197655,
    0.010522468051944279,
    0.010514329918183258,
    0.010503271474437364,
    0.010487503946145093,
    0.010497921242948254,
    0.010484163262845497,
    0.010480837542464424,
    0.010490849146552168,
    0.010474526578678473,
    0.010473878091436085,
    0.01047701070547245,
    0.010477216233862724,
    0.01047088155526251,
    0.010463439903010836,
    0.01046532974785217,
    0.010458003846479633,
    0.010452563272840953,
    0.010448293759316083,
    0.010462546927326174,
    0.01045323688649369,
    0.010452801832579663,
    0.010457876520512582,
    0.010451744547110467,
    0.010444446595340455,
    0.010442689440531304,
    0.010450475239908998,
    0.010434151825077651,
    0.010444031586090865,
    0.010444809657854043,
    0.010444047678286257,
    0.010450391391101429,
    0.010431315646219564,
    0.010437631974070646,
    0.01044921468460327,
    0.010434407323969405,
    0.010447828497245792,
    0.010439840839627651,
    0.010447011465430613,
    0.010429171149444128,
    0.010430772746364487,
    0.010422754598270866,
    0.010432584671101816,
    0.01044157964368767,
    0.010434594501610548,
    0.010429288876557788,
    0.010429633588322244,
    0.010426455520891876,
    0.010425631148777042,
    0.010426137629453073,
    0.010433263648819684,
    0.010423181747246804,
    0.010435701475262007,
    0.010416124331450024,
    0.010428893629653416,
    0.010428874714265849,
    0.010402783901469816,
    0.010397432540703836,
    0.010360609645177233,
    0.010322944873744317,
    0.010264160366295497,
    0.010200414380919941,
    0.010154266199323114,
    0.010104943620445743,
    0.010078266148315935,
    0.010069663599442278,
    0.010071230188779678,
    0.01005913704510198,
    0.010061940192611632,
    0.010047120127612984,
    0.010042968623520991,
    0.010064236012487598,
    0.010058237576075317,
    0.01006281848769699,
    0.010057396829445875,
    0.01005316062958866,
    0.010035075542840681,
    0.010044251764364113,
    0.010046674345568695,
    0.010042686021984364,
    0.010035974164909693,
    0.010029102515157966,
    0.01003266679527775,
    0.010035543910422362,
    0.010035395410514006,
    0.010048834934539523,
    0.010035557744064014,
    0.010046178875342144,
    0.01003608765723509,
    0.010044063175126884,
    0.010041351216724457,
    0.010018646540622022,
    0.010019748432527568,
    0.009999301745525968,
    0.0100137485845192,
    0.010010439520971954,
    0.010001604623382369,
    0.009998935295181772,
    0.00998334111088899,
    0.009996484482055448,
    0.00998620298079586,
    0.00997444918481749,
    0.009973299298644983,
    0.00995781663044308,
    0.009958821404537835,
    0.009957971059055002,
    0.009966508956827871,
    0.009946742376821008,
    0.009940964149398306,
    0.009926874161895879,
    0.009939800711903366,
    0.00992557972828406,
    0.009928262890126311,
    0.009926194901858794,
    0.009906335156510186,
    0.009911085177343085,
    0.009916592095997857,
    0.009901124390714475,
    0.009882943597751796,
    0.009900328815159818,
    0.009920759127646808,
    0.009895676476776142,
    0.009881458880987444,
    0.009885676730095529,
    0.00987311634811302,
    0.009877548759826335,
    0.00986242661326506,
    0.009890941983500198,
    0.009843289040474584,
    0.009860590409075035,
    0.009852665990961592,
    0.00982250074721992,
    0.009841970609729286,
    0.00983857769737447,
    0.009829471773336172,
    0.009828442437469501,
    0.009824177441052108,
    0.009836096676091883,
    0.009831282004158197,
    0.009815671727670023,
    0.00980988164284019,
    0.009811954148215186,
    0.009820580976541541,
    0.009796524556026153,
    0.009788081235191115,
    0.009805474922175659,
    0.009810955585143211,
    0.009813676013122162,
    0.009807592598625441,
    0.009796335684469708,
    0.009786963815728612,
    0.009795535591807571,
    0.009790414038884561,
    0.009793139830928643,
    0.009774106716248607,
    0.009785907941855503,
    0.009772475193491201,
    0.009761505115660356,
    0.009769203396080653,
    0.0097700458366254,
    0.009755257673698321,
    0.00975888773419576,
    0.009735375625131538,
    0.009740202436791573,
    0.00971716095386277,
    0.009692160175565151,
    0.009679548411485075,
    0.00961855193296786,
    0.009569127719172224,
    0.009503855798426572,
    0.009486604964966037,
    0.009450107301177887,
    0.009429861766618692,
    0.009419437552994705,
    0.009408737231176093,
    0.009408600588674867,
    0.009380700392014463,
    0.009398728450280523,
    0.009381121329967618,
    0.00938288822478977,
    0.009362831844106237,
    0.009363077320665774,
    0.00936555523643697,
    0.009365601113309798,
    0.009349283344862798,
    0.00934307232207981,
    0.009319484833784537,
    0.009339577069008682,
    0.00933900099664556,
    0.009324924419305958,
    0.009327548152952945,
    0.009291253053203287,
    0.0092853599218591,
    0.009289496039553745,
    0.0092864951274323,
    0.009277837808630465,
    0.009274912981538113,
    0.009279160191844807,
    0.009283792767883265,
    0.00925556465745184,
    0.009255735037099545,
    0.00930311681251684,
    0.009253869612870518,
    0.009243572584053974,
    0.009252914668117633,
    0.009240697727463103,
    0.00924277009167849,
    0.009247244851274417,
    0.00924244443646121,
    0.009250058868073938,
    0.009232438337598205,
    0.00925501131178572,
    0.009242885277919194,
    0.009239225715063535,
    0.009242948658583501,
    0.009241708147942208,
    0.009219399142222973,
    0.009244283887322235,
    0.009226866767842647,
    0.009214715466406164,
    0.009221674917434503,
    0.00921876307702615,
    0.009221898373095082,
    0.009194259462870388,
    0.009208245980379637,
    0.009212157230817615,
    0.009214875541402434,
    0.009208965047426377,
    0.009201332829702952,
    0.009196785231748935,
    0.009197893475836872,
    0.009186544666775872,
    0.009201254203800904,
    0.009212382945031933,
    0.009173730197497697,
    0.009185477641293677,
    0.009203537460471697,
    0.009198306932330766,
    0.009194834264797032,
    0.009189211454103514,
    0.009166643702821522,
    0.009170643601493767,
    0.009174004611777017,
    0.009176763435169533,
    0.009167665274909715,
    0.009177460340157708,
    0.009173760546813568,
    0.009183369422537677,
    0.009169497526630698,
    0.009159814824431236,
    0.00917515040432087,
    0.009171770760969271,
    0.009151873890643574,
    0.009162810090168332,
    0.009170111147449735,
    0.009142172696535372,
    0.009158930459482703,
    0.00916452814376587,
    0.009143783327670687,
    0.009131912651536308,
    0.009144941401100497,
    0.00915437128644077,
    0.009167227680122732,
    0.009154303106349767,
    0.00914092668066934,
    0.00915645000283855,
