{
  "times": {
    "training": 373.36335921287537,
    "evaluation": 0.13446640968322754
  },
  "metrics": {
    "mean_rank": {
      "worst": 26.14897579143389,
      "avg": 26.14897579143389,
      "best": 26.14897579143389
    },
    "mean_reciprocal_rank": {
      "worst": 0.15036238342023894,
      "avg": 0.15036238342023894,
      "best": 0.15036238342023894
    },
    "hits_at_k": {
      "worst": {
        "1": 0.05726256983240224,
        "3": 0.13687150837988826,
        "5": 0.2048417132216015,
        "10": 0.3426443202979516
      },
      "avg": {
        "1": 0.05726256983240224,
        "3": 0.13687150837988826,
        "5": 0.2048417132216015,
        "10": 0.3426443202979516
      },
      "best": {
        "1": 0.05726256983240224,
        "3": 0.13687150837988826,
        "5": 0.2048417132216015,
        "10": 0.3426443202979516
      }
    },
    "adjusted_mean_rank": 0.5440218210640039
  },
  "losses": [
    2.4095264293727805,
    0.9166367933544773,
    0.3356314862935284,
    0.10478235432382826,
    0.0259786228115639,
    0.00867377170658067,
    0.005709601119718748,
    0.005445020116363349,
    0.005432066256494335,
    0.005418951288284211,
    0.00540835822998696,
    0.005396842241482565,
    0.005386650196035926,
    0.005376040478575319,
    0.005366176059853272,
    0.005356701760647002,
    0.005348280790760723,
    0.005339160115084844,
    0.005330355297285742,
    0.005321191006413336,
    0.00531389739378338,
    0.005303578625680802,
    0.005297476335076357,
    0.005289149714794275,
    0.0052803981149297085,
    0.005272305403114035,
    0.005262944781071461,
    0.0052548774242512745,
    0.005246289576707261,
    0.005241488239096568,
    0.0052310866077015464,
    0.005226010958967584,
    0.005216320272018847,
    0.005209335153887558,
    0.005202336993752124,
    0.0051952180128251564,
    0.005184897441375121,
    0.0051749124320761095,
    0.0051648716689942035,
    0.005154796736489298,
    0.005146857978922598,
    0.005133283080372694,
    0.005126682741476802,
    0.005110490237003409,
    0.005099153826327136,
    0.005083357922258449,
    0.005072871816068999,
    0.005062200973152221,
    0.005048235679526677,
    0.005038351179815634,
    0.005029885827350929,
    0.005021656350640768,
    0.005014854082174962,
    0.005008929705575164,
    0.0050007701129390954,
    0.004999079486906305,
    0.004997641364398521,
    0.004993741062194221,
    0.0049883767174145255,
    0.004986214734027895,
    0.004989813894647337,
    0.004984231588992287,
    0.004981719170198235,
    0.004979490337384105,
    0.004978204958754755,
    0.0049781815989522,
    0.0049761814982647755,
    0.004972852518858758,
    0.004974088935034998,
    0.004974083821481087,
    0.004970747918197502,
    0.004967851836359903,
    0.004964825404242853,
    0.0049708576014872346,
    0.004968670971189322,
    0.00497131184273668,
    0.004970704121619798,
    0.004963614046573639,
    0.0049664545769381166,
    0.004968056504087948,
    0.004967321139456851,
    0.004968126297471452,
    0.004961827194339104,
    0.004966723645447792,
    0.004965679141019614,
    0.004962864774889714,
    0.004966289317758566,
    0.004965349934185935,
    0.004961540343498023,
    0.004961086248748758,
    0.004961956874903445,
    0.004965164171957344,
    0.0049642065212074735,
    0.004963183866234754,
    0.004963280957485183,
    0.004965378023851453,
    0.004964683250234591,
    0.004961020818977767,
    0.004958873953014501,
    0.004963136675736207,
    0.004960768214297875,
    0.004961300595953001,
    0.00495795054144962,
    0.004959863708232449,
    0.0049610956945222865,
    0.004960785801295707,
    0.0049607228062181884,
    0.004960984078825413,
    0.004956715328667718,
    0.004962535355281964,
    0.004959544543637319,
    0.004957599830482337,
    0.004960559960803512,
    0.0049606338457277655,
    0.0049543233225575545,
    0.004959171836714397,
    0.00495918346952633,
    0.004960499707372224,
    0.004954614135879702,
    0.004958455133415787,
    0.004954203903982032,
    0.004956567143735368,
    0.0049601702389310805,
    0.004957955285264982,
    0.004958071571527126,
    0.004954938979100869,
    0.004958115183235554,
    0.004955005922707056,
    0.004957397000982744,
    0.004956585532996092,
    0.004956764563192589,
    0.004956484182776137,
    0.004956584033113294,
    0.004950658526369249,
    0.004953980902802855,
    0.004956387272906884,
    0.0049581936305939925,
    0.0049556672873066155,
    0.004956824903826366,
    0.004956014977579706,
    0.004958157640383038,
    0.004955653920909215,
    0.004955032951990317,
    0.004953456411228867,
    0.004953037284677395,
    0.004950681715254927,
    0.0049575057703904,
    0.004952591303247637,
    0.004954986773040634,
    0.004956685805393293,
    0.004956975910631235,
    0.004956718869088741,
    0.004956666474345695,
    0.004953543809050701,
    0.00495622455655189,
    0.004954615360202638,
    0.0049559529905629516,
    0.004954036548454663,
    0.004950992947911725,
    0.0049556768865565235,
    0.004956709196588743,
    0.004954329126755174,
    0.0049538791828443495,
    0.0049537508312459295,
    0.004952267792480492,
    0.004951736408421833,
    0.004953115463452169,
    0.004952192132113578,
    0.004952569854923625,
    0.004954229558954078,
    0.004956090676315715,
    0.004951562809196304,
    0.004950924305601067,
    0.004952933447442474,
    0.004955787110501684,
    0.004956528439782978,
    0.004954222397885742,
    0.004956543933921092,
    0.004952003139904822,
    0.004950720942422246,
    0.0049526457943385015,
    0.004952021201284191,
    0.004950324104826772,
    0.00495266964596309,
    0.0049501188092408105,
    0.004955002117190468,
    0.004950391323992822,
    0.004951706452623065,
    0.004953840838166212,
    0.004948236871413077,
    0.004954181963835986,
    0.004953305045149746,
    0.004948638110990158,
    0.004951051537519537,
    0.004953949178537626,
    0.004949619219209371,
    0.004947279904330714,
    0.004950936789509286,
    0.004951093338904309,
    0.004953291176466013
  ]
}