{
  "times": {
    "training": 276.93539667129517,
    "evaluation": 0.9222469329833984
  },
  "metrics": {
    "mean_rank": {
      "worst": 7.7863128491620115,
      "avg": 7.7863128491620115,
      "best": 7.7863128491620115
    },
    "mean_reciprocal_rank": {
      "worst": 0.4458998906223036,
      "avg": 0.4458998906223036,
      "best": 0.4458998906223036
    },
    "hits_at_k": {
      "worst": {
        "1": 0.2704841713221601,
        "3": 0.5358472998137802,
        "5": 0.6717877094972067,
        "10": 0.8100558659217877
      },
      "avg": {
        "1": 0.2704841713221601,
        "3": 0.5358472998137802,
        "5": 0.6717877094972067,
        "10": 0.8100558659217877
      },
      "best": {
        "1": 0.2704841713221601,
        "3": 0.5358472998137802,
        "5": 0.6717877094972067,
        "10": 0.8100558659217877
      }
    },
    "adjusted_mean_rank": 0.16161254391219862
  },
  "losses": [
    0.001264773729764804,
    0.0009759724790261786,
    0.0009744668015137607,
    0.0009737362964593279,
    0.0009726835375526145,
    0.0009714675368959161,
    0.0009695959714771517,
    0.0009653043947601168,
    0.0009548900531664183,
    0.0009252477288141512,
    0.0008447588255065616,
    0.0007432067444354422,
    0.0007049919436127645,
    0.000682181831752735,
    0.0006588574527014633,
    0.0006461448148625453,
    0.0006362763112489385,
    0.0006289164638600211,
    0.0006197453233411655,
    0.0006136783505074875,
    0.0006084745279591781,
    0.0006071481774587268,
    0.0006015479874453588,
    0.0005990347497109393,
    0.0005957237733676263,
    0.0005919704750469756,
    0.0005892121328641783,
    0.0005912445782080348,
    0.0005859500874720744,
    0.0005808974038949062,
    0.000578528882014349,
    0.0005755787903346184,
    0.0005781739736097945,
    0.0005752418371949045,
    0.0005707760883319935,
    0.0005742102579740382,
    0.000570977830035047,
    0.0005664597924891162,
    0.000569026326912818,
    0.0005612473292097498,
    0.0005660501980961366,
    0.0005651269348299877,
    0.0005640733550208506,
    0.0005591428821338759,
    0.0005568480419957738,
    0.0005559781654554764,
    0.000557128291444989,
    0.0005589187704310107,
    0.0005577387888710911,
    0.00055445709948346,
    0.0005517927273560302,
    0.0005544874304709329,
    0.0005515302817663353,
    0.0005545679558101651,
    0.0005506447472017475,
    0.0005502645482770463,
    0.0005461600572498662,
    0.0005457565453939474,
    0.000549675403688232,
    0.0005470685715231633,
    0.000546271570919828,
    0.0005474257102948596,
    0.0005453460631706344,
    0.0005425763443332124,
    0.000541465979408253,
    0.000544552751668565,
    0.0005409632494332171,
    0.0005412610011848478,
    0.0005422217688241569,
    0.0005395050326380564,
    0.0005402172242434284,
    0.0005404770308133208,
    0.0005382204155044365,
    0.0005402970029658564,
    0.0005381901147653268,
    0.0005376116572229597,
    0.0005403274546742739,
    0.0005360152092234716,
    0.0005362894064384906,
    0.0005366701763759852,
    0.0005333860391055056,
    0.0005343920576420162,
    0.000534619754947694,
    0.000534789490775983,
    0.0005351433782029046,
    0.0005294237679789673,
    0.0005311580053386749,
    0.000533267867907076,
    0.0005320465874122212,
    0.0005305065711404716,
    0.000531485767009117,
    0.000529362721986064,
    0.0005287183904850311,
    0.0005275686859560446,
    0.0005300871266269261,
    0.000529023085298777,
    0.0005266168796804416,
    0.0005267264723885902,
    0.0005264741852892605,
    0.00052578316546701,
    0.0005238648508487911,
    0.0005263404229944503,
    0.0005241477863526509,
    0.0005257653340842045,
    0.0005242259844754777,
    0.0005231848329284721,
    0.0005218538991742408,
    0.000520690511266809,
    0.0005205401804992294,
    0.0005202193933928016,
    0.000520561501507609,
    0.0005200054617629173,
    0.0005188134274565813,
    0.0005186126975203979,
    0.0005164317064438964,
    0.0005172330159946844,
    0.0005159200564173333,
    0.0005177974438012233,
    0.0005154425409872762,
    0.0005172617704156709,
    0.0005169367085342655,
    0.0005150292476827509,
    0.0005141918355388016,
    0.0005126131733043175,
    0.0005133854977835375,
    0.000513229798776279,
    0.0005103026925824226,
    0.000511704025286937,
    0.0005092418675000469,
    0.0005073209213287385,
    0.0005101585242511837,
    0.0005115945446884873,
    0.0005103960100906703,
    0.0005094778050593544,
    0.0005104723165190189,
    0.0005069197311845682,
    0.0005079426809016978,
    0.0005060999295286214,
    0.0005079319672584917,
    0.0005068057174192679,
    0.0005040936355569753,
    0.0005062106517269991,
    0.0005056389953791991,
    0.0005037209744698609,
    0.0005028575608874794,
    0.0005041531643900874,
    0.0005061908858659946,
    0.000506115390257282,
    0.0005025811506913145,
    0.00050092895512211,
    0.0005043736606777893,
    0.0005026708092921578,
    0.0005012231986631364,
    0.0005009883630707727,
    0.0005008264345902608,
    0.0005012997554716295,
    0.0005036362450986696,
    0.0005021453157615803,
    0.0005020115767389341,
    0.0005013460140480845,
    0.0005012216956192481,
    0.0004978191922527776,
    0.000501059651867947,
    0.0004996540416633773,
    0.0005008720074281487,
    0.0004984162733035532,
    0.0004995235035170658,
    0.0004970433246274566,
    0.0004982439484333878,
    0.0005008297715024772,
    0.0004969252861403138,
    0.0004991342390761867,
    0.0004975029437633559,
    0.0004976747556648841,
    0.0004988958111228177,
    0.0004984492840779917,
    0.0004956035131164774,
    0.0004942829312241291,
    0.0004967449590793117,
    0.0004973221550741816,
    0.0004972222799388169,
    0.000497828427650303,
    0.0004969332519241116,
    0.0004926471029624538,
    0.0004949966635339639,
    0.0004945244984670755,
    0.0004956971224805528,
    0.000494945723818936,
    0.0004930458800502693,
    0.0004931567715304774,
    0.0004950547397916279,
    0.0004966250445396371,
    0.0004938951268799129,
    0.0004951528578513556,
    0.0004935006710023999,
    0.0004959711960860448,
    0.0004951477389017902,
    0.0004974266886754721,
    0.0004924816013054838,
    0.0004954834980214336,
    0.0004939164441276851
  ]
}