{
  "times": {
    "training": 88.38830304145813,
    "evaluation": 0.29796433448791504
  },
  "metrics": {
    "mean_rank": {
      "avg": 3.6033519553072626,
      "best": 3.6033519553072626,
      "worst": 3.6033519553072626
    },
    "mean_reciprocal_rank": {
      "avg": 0.6297535984182745,
      "best": 0.6297535984182745,
      "worst": 0.6297535984182745
    },
    "hits_at_k": {
      "avg": {
        "1": 0.4557728119180633,
        "3": 0.7625698324022346,
        "5": 0.8803538175046555,
        "10": 0.9459962756052142
      },
      "best": {
        "1": 0.4557728119180633,
        "3": 0.7625698324022346,
        "5": 0.8803538175046555,
        "10": 0.9459962756052142
      },
      "worst": {
        "1": 0.4557728119180633,
        "3": 0.7625698324022346,
        "5": 0.8803538175046555,
        "10": 0.9459962756052142
      }
    },
    "adjusted_mean_rank": 0.07476262801831494
  },
  "losses": [
    1.274270509995808,
    1.1748286198214273,
    1.0912604159876318,
    1.0212496550690058,
    0.9615385252916938,
    0.9099329153747461,
    0.8631219644586106,
    0.8211717093877996,
    0.7809719465213704,
    0.7459708192180193,
    0.7156376703141102,
    0.6836173302142698,
    0.6538235695740545,
    0.6299247418832794,
    0.6015382816676551,
    0.5757420956231808,
    0.5530926141827223,
    0.5299976186529968,
    0.5083674426582895,
    0.48681315108634,
    0.4670960657210519,
    0.446124037855618,
    0.42877083333373944,
    0.41036664423033364,
    0.393861882871654,
    0.37631229347635936,
    0.35872632556356054,
    0.34474853523544363,
    0.33048701644210304,
    0.3148038997241995,
    0.3013927807864272,
    0.2885098321031968,
    0.27460809768255207,
    0.26271595067012354,
    0.25067008573458394,
    0.23906759566980518,
    0.22815542981023798,
    0.21758467059895392,
    0.207017171805524,
    0.19782327630960764,
    0.1884751527007111,
    0.1795925184089663,
    0.17106419917837343,
    0.16293938081510453,
    0.15510227725133466,
    0.14758545893215594,
    0.14054318892236184,
    0.13366597241694383,
    0.12750239461346274,
    0.12117511534683242,
    0.11551362993769736,
    0.10962688667787146,
    0.10435356757999495,
    0.09942799126976254,
    0.09447222771030842,
    0.09009145669988915,
    0.0856255512197952,
    0.0813168936817458,
    0.07765038570859721,
    0.07412849615572817,
    0.07019039534486851,
    0.06707303549146089,
    0.0636816589035039,
    0.060761895110454094,
    0.05787199952662543,
    0.05498469980027264,
    0.0524269021840493,
    0.04993971998567438,
    0.047605273157063095,
    0.04537120963087176,
    0.04331354006377701,
    0.04137252567675653,
    0.039395701005716974,
    0.03771643448622224,
    0.03606865774210708,
    0.03443751772803188,
    0.03305615566097407,
    0.031707809579444746,
    0.03035565232248285,
    0.029193547245261388,
    0.02807491368586474,
    0.027039925212945393,
    0.026018283849552924,
    0.025129239824167725,
    0.024381297354650968,
    0.023605646701789596,
    0.022948059000857758,
    0.022352168608381892,
    0.02182749647638814,
    0.021332777515458284,
    0.020879606085438884,
    0.020537990830417487,
    0.020196482505862305,
    0.019905614285604598,
    0.019652569533841216,
    0.019425835730510946,
    0.019228585742601986,
    0.01907666111784368,
    0.018933371532766707,
    0.01878502452879887,
    0.018687603383047518,
    0.018586793529534257,
    0.01848757000481195,
    0.018417711914328103,
    0.018351350946953334,
    0.01829098555768347,
    0.018233552456130543,
    0.018197956432819518,
    0.01812846892483887,
    0.018106197994838924,
    0.018061303247167294,
    0.018027468625823745,
    0.01798223195575518,
    0.017976761692364503,
    0.017941887901827613,
    0.017924183570931264,
    0.01789260509295115,
    0.01788217289041917,
    0.017852276782569166,
    0.01783889459748879,
    0.017819848486273784,
    0.017806535519490567,
    0.017799347505825316,
    0.017779119515030653,
    0.017750728543442073,
    0.017755171802241138,
    0.017738876509156253,
    0.017723077756457723,
    0.01773651202659339,
    0.01770555826468576,
    0.017698407154119803,
    0.01768685313353939,
    0.017686962586399544,
    0.01768593582928809,
    0.01766211746295623,
    0.017662256147030708,
    0.017646711689715416,
    0.017634801802182874,
    0.017641967371301276,
    0.017632422270922567,
    0.017629420841056218,
    0.017619005600433692,
    0.017613816978983968,
    0.017625743676130477,
    0.017603714772208894,
    0.017598510540472134,
    0.017586438534397623,
    0.01760716584497121,
    0.017576938741925195,
    0.01757175031084483,
    0.01758619120653275,
    0.0175727366525424,
    0.01756920244548314,
    0.01754936743414619,
    0.017552628185146725,
    0.017547624821633967,
    0.01755785629871896,
    0.01754019840842655,
    0.017555664090903107,
    0.01754451636611673,
    0.01753153214817114,
    0.017527709226949417,
    0.0175307890794712,
    0.017542468572492913,
    0.01752661555500999,
    0.017514153415499615,
    0.01752137050808371,
    0.017527333057105673,
    0.017503161308141762,
    0.01751978725375782,
    0.017507961195370368,
    0.017500353379205406,
    0.017504691715934946,
    0.017505117162886004,
    0.017503981171839156,
    0.0174978999846357,
    0.01749701641383395,
    0.017485518618842278,
    0.017489408274041086,
    0.017482874902510787,
    0.017479223485040194,
    0.017485850280331026,
    0.01747187480915853,
    0.01749373306599108,
    0.017492846849055308,
    0.01748689541760362,
    0.01747287078354542,
    0.01747898586601238,
    0.01746346523342175,
    0.017478579655884553,
    0.017477961555147126,
    0.017460322178274403,
    0.017487322673063542,
    0.017458224936210853,
    0.017460094410860664,
    0.01745810059646721,
    0.017454654321012616,
    0.01746013646345099,
    0.0174770076809429,
    0.017452087751861883,
    0.017449560808092214,
    0.017447453267046605,
    0.017456239602772126,
    0.01744652079987625,
    0.01745143759292522,
    0.017443706655380482,
    0.017436922729224758,
    0.01744934118848683,
    0.01745972363798811,
    0.017435854167003138,
    0.017444531725679713,
    0.01743990244746627,
    0.017436221332376434,
    0.017448849359741992,
    0.017421603697780143,
    0.017432149255744035,
    0.017431856553343606,
    0.017427318252644496,
    0.017425030736411506,
    0.017429730470322907,
    0.01742714441686878,
    0.017432331858028508,
    0.0174295316676064,
    0.01742672193016118,
    0.017423496625934384,
    0.01740863951620908,
    0.017428957199524933,
    0.017413801980909544,
    0.017420164476907585,
    0.01741705422239995,
    0.01741822179572265,
    0.01741412312449148,
    0.017422830209454877,
    0.017420185255722587,
    0.017420404808698695,
    0.017414834687063313,
    0.017422915923256573,
    0.017403438397011257,
    0.017424067448442715,
    0.01741840680617945,
    0.017411049335233627,
    0.01740362776692627,
    0.017401575413956424,
    0.017404134853774844,
    0.01741609043947084,
    0.017397140464779668,
    0.017403299084717914,
    0.017406057298697437,
    0.01740873291141421,
    0.017401042341691014,
    0.017403834898302023,
    0.017406156690537224,
    0.01738847656510425,
    0.017394199543812525,
    0.017392785880025755,
    0.017395511093477745,
    0.01738672705170294,
    0.01738621489151108,
    0.017396136951766353,
    0.01739589049008204,
    0.01738794407346537,
    0.017388276639208555,
    0.017380696750227843,
    0.017382752444179854,
    0.017378173518660577,
    0.017380817339695213,
    0.017388155193079093,
    0.01738887578867678,
    0.017375452521889784,
    0.017373816154514096,
    0.017388664354953627,
    0.017391566754681963,
    0.01737946409914144,
    0.017385383757947924,
    0.017369696866281877,
    0.017382875099154715,
    0.01738617950184815,
    0.017383777278560834,
