{
  "times": {
    "training": 813.7471060752869,
    "evaluation": 12.585090637207031
  },
  "metrics": {
    "mean_rank": {
      "avg": 1384.5064585575888,
      "best": 1384.5057490948234,
      "worst": 1384.5071680203541
    },
    "mean_reciprocal_rank": {
      "avg": 0.017166966489611683,
      "best": 0.01716698993846573,
      "worst": 0.017166943985367087
    },
    "hits_at_k": {
      "avg": {
        "1": 0.004452490458949017,
        "3": 0.009761229083080537,
        "5": 0.015657109306194343,
        "10": 0.029577258048732753
      },
      "best": {
        "1": 0.004452490458949017,
        "3": 0.009761229083080537,
        "5": 0.015657109306194343,
        "10": 0.029577258048732753
      },
      "worst": {
        "1": 0.004452490458949017,
        "3": 0.009761229083080537,
        "5": 0.015657109306194343,
        "10": 0.029577258048732753
      }
    },
    "adjusted_mean_rank": 0.19825740559242722
  },
  "losses": [
    0.007305501257924443,
    0.004580240714835431,
    0.004683955960369858,
    0.00491243699611426,
    0.0050125741362604575,
    0.005243582069099496,
    0.0052834961015811935,
    0.005486044737429799,
    0.005598799322558424,
    0.005666827546690023,
    0.00576244923759733,
    0.005988400024026586,
    0.006052773507819878,
    0.006042044083522711,
    0.006204697828979938,
    0.006221507560185424,
    0.006369456767602186,
    0.006401206128287052,
    0.006581335373707048,
    0.006673874748893696,
    0.006504382077571196,
    0.006658583221249273,
    0.006858210061461814,
    0.00702909571599262,
    0.007043979615463175,
    0.007038779718760275,
    0.007119605625801408,
    0.007058535977208803,
    0.007262844662659048,
    0.007373806855851295,
    0.007320512509575126,
    0.0073739975160212155,
    0.007529182597750299,
    0.0075548479827904835,
    0.0076166553985165045,
    0.00782059605619758,
    0.00785703224521872,
    0.007665859264634667,
    0.007686515101773507,
    0.00785867187838972,
    0.007925989069039798,
    0.007958504337417474,
    0.008042597496121628,
    0.008148929647645586,
    0.008119483785960639,
    0.008265745192736072,
    0.008214044703114768,
    0.008358918899755841,
    0.008304799703963524,
    0.00836537151429719,
    0.008427032462694946,
    0.008320634142053107,
    0.008458554612966627,
    0.008560919224128367,
    0.008521223615404505,
    0.008545648652352486,
    0.008702028895538049,
    0.00878760372585002,
    0.008713312492330653,
    0.008885469681512687,
    0.008770646214158795,
    0.008894158742867794,
    0.008992788929236845,
    0.008887005511064078,
    0.009009532723728134,
    0.009125139305737598,
    0.009082128506341308,
    0.009220240412067185,
    0.009106592460501635,
    0.009334681773705736,
    0.00909177921908852,
    0.009266439298897132,
    0.009390351450995474,
    0.009479213116540165,
    0.009320907383653931,
    0.009374836917998845,
    0.00933220714914968,
    0.009466541215716887,
    0.009553428541007747,
    0.009708445088229859,
    0.009505078214213224,
    0.009515230515658448,
    0.009638807445267863,
    0.009548855841826805,
    0.009671766946604156,
    0.009809213293086531,
    0.009810799434968629,
    0.009629227120280123,
    0.009490464270786262,
    0.009895781741906204,
    0.009867489650275197,
    0.009789186809829736,
    0.009848036543812118,
    0.009849597251290618,
    0.01007424636933554,
    0.01021943531175162,
    0.009901882866686532,
    0.010146209485383263,
    0.010019037973599737,
    0.010084467199967898,
    0.01020960817941943,
    0.010307516376587078,
    0.010000979130865163,
    0.010167152981658848,
    0.010406056972431675,
    0.010141163149577961,
    0.010267872232793525,
    0.010358855805402203,
    0.010452860500045751,
    0.010234052269307587,
    0.010282227651437202,
    0.01043811738551295,
    0.010660497084013017,
    0.010426034409311662,
    0.010458762906753922,
    0.010330874161173283,
    0.010575925960843575,
    0.010304320127206178,
    0.010449405865958999,
    0.010475768040610133,
    0.010813948188825933,
    0.010621890165405276,
    0.010484047218971854,
    0.010706268316517963,
    0.010785796629142459,
    0.010598417632541208,
    0.010723262939200263,
    0.01084304984094307,
    0.010830763670872594,
    0.010450937213908745,
    0.01087842928001466,
    0.010754140313382277,
    0.010706552211854068,
    0.010984374054246246,
    0.01104411584238425,
    0.010764371987913518,
    0.010996952244362911,
    0.010924382160975249,
    0.011152659471673336,
    0.011018551501361603,
    0.011040067392574628,
    0.010933265568321924,
    0.011114935085795941,
    0.011063377810070388,
    0.010785165316363367,
    0.011323927720054833,
    0.011302210585652162,
    0.011041133159283269,
    0.01121592249387181,
    0.011417331011356694
  ]
}