{
  "times": {
    "training": 8164.771539211273,
    "evaluation": 6.823595285415649
  },
  "metrics": {
    "arithmetic_mean_rank": {
      "both": {
        "optimistic": 5375.72708618331,
        "realistic": 5375.728197674419,
        "pessimistic": 5375.7293091655265
      },
      "head": {
        "optimistic": 5975.8238714090285,
        "realistic": 5975.825068399453,
        "pessimistic": 5975.826265389877
      },
      "tail": {
        "optimistic": 4775.630300957592,
        "realistic": 4775.631326949385,
        "pessimistic": 4775.632352941177
      }
    },
    "geometric_mean_rank": {
      "both": {
        "optimistic": 70.77637294750262,
        "realistic": 70.77638342704485,
        "pessimistic": 70.77639390444692
      },
      "head": {
        "optimistic": 87.31598178406661,
        "realistic": 87.31600039612363,
        "pessimistic": 87.31601900325423
      },
      "tail": {
        "optimistic": 57.369737649998704,
        "realistic": 57.369742410171874,
        "pessimistic": 57.36974717011258
      }
    },
    "median_rank": {
      "both": {
        "optimistic": 34.5,
        "realistic": 34.5,
        "pessimistic": 34.5
      },
      "head": {
        "optimistic": 56.5,
        "realistic": 56.5,
        "pessimistic": 56.5
      },
      "tail": {
        "optimistic": 22.0,
        "realistic": 22.0,
        "pessimistic": 22.0
      }
    },
    "harmonic_mean_rank": {
      "both": {
        "optimistic": 2.4328763539019698,
        "realistic": 2.432876354260329,
        "pessimistic": 2.4328763546184393
      },
      "head": {
        "optimistic": 2.505086554020632,
        "realistic": 2.5050865547295933,
        "pessimistic": 2.505086555438032
      },
      "tail": {
        "optimistic": 2.3647124965203656,
        "realistic": 2.364712496565752,
        "pessimistic": 2.3647124966111326
      }
    },
    "inverse_arithmetic_mean_rank": {
      "both": {
        "optimistic": 0.00018602134817636098,
        "realistic": 0.00018602130971439508,
        "pessimistic": 0.00018602127125244515
      },
      "head": {
        "optimistic": 0.00016734094269150738,
        "realistic": 0.0001673409091722019,
        "pessimistic": 0.00016734087565290984
      },
      "tail": {
        "optimistic": 0.00020939644339711212,
        "realistic": 0.0002093963984105925,
        "pessimistic": 0.00020939635342409228
      }
    },
    "inverse_geometric_mean_rank": {
      "both": {
        "optimistic": 0.014129008853586434,
        "realistic": 0.01412900676156735,
        "pessimistic": 0.01412900466997612
      },
      "head": {
        "optimistic": 0.01145265711462778,
        "realistic": 0.011452654673408457,
        "pessimistic": 0.011452652232836343
      },
      "tail": {
        "optimistic": 0.017430792626258813,
        "realistic": 0.01743079117996347,
        "pessimistic": 0.017430789733738992
      }
    },
    "inverse_harmonic_mean_rank": {
      "both": {
        "optimistic": 0.41103609659247564,
        "realistic": 0.41103609653193063,
        "pessimistic": 0.41103609647142764
      },
      "head": {
        "optimistic": 0.39918780386849817,
        "realistic": 0.39918780375552454,
        "pessimistic": 0.39918780364263423
      },
      "tail": {
        "optimistic": 0.42288438931645306,
        "realistic": 0.4228843893083366,
        "pessimistic": 0.4228843893002211
      }
    },
    "inverse_median_rank": {
      "both": {
        "optimistic": 0.028985507246376812,
        "realistic": 0.028985507246376812,
        "pessimistic": 0.028985507246376812
      },
      "head": {
        "optimistic": 0.017699115044247787,
        "realistic": 0.017699115044247787,
        "pessimistic": 0.017699115044247787
      },
      "tail": {
        "optimistic": 0.045454545454545456,
        "realistic": 0.045454545454545456,
        "pessimistic": 0.045454545454545456
      }
    },
    "rank_std": {
      "both": {
        "optimistic": 10030.687997399173,
        "realistic": 10030.689105683974,
        "pessimistic": 10030.690214023934
      },
      "head": {
        "optimistic": 10498.781461380891,
        "realistic": 10498.782614305628,
        "pessimistic": 10498.783767287108
      },
      "tail": {
        "optimistic": 9501.82924100534,
        "realistic": 9501.83029625452,
        "pessimistic": 9501.831351557463
      }
    },
    "rank_var": {
      "both": {
        "optimistic": 100614701.70116782,
        "realistic": 100614723.93488717,
        "pessimistic": 100614746.16971551
      },
      "head": {
        "optimistic": 110224412.1738351,
        "realistic": 110224436.38244613,
        "pessimistic": 110224460.5922513
      },
      "tail": {
        "optimistic": 90284758.92522411,
        "realistic": 90284778.97882028,
        "pessimistic": 90284799.0334403
      }
    },
    "hits_at_k": {
      "both": {
        "optimistic": {
          "1": 0.3852599179206566,
          "3": 0.4209986320109439,
          "5": 0.4357045143638851,
          "10": 0.4551983584131327
        },
        "realistic": {
          "1": 0.3852599179206566,
          "3": 0.4209986320109439,
          "5": 0.4357045143638851,
          "10": 0.4551983584131327
        },
        "pessimistic": {
          "1": 0.3852599179206566,
          "3": 0.4209986320109439,
          "5": 0.4357045143638851,
          "10": 0.4551983584131327
        }
      },
      "head": {
        "optimistic": {
          "1": 0.3761969904240766,
          "3": 0.40834473324213405,
          "5": 0.4216826265389877,
          "10": 0.43946648426812585
        },
        "realistic": {
          "1": 0.3761969904240766,
          "3": 0.40834473324213405,
          "5": 0.4216826265389877,
          "10": 0.43946648426812585
        },
        "pessimistic": {
          "1": 0.3761969904240766,
          "3": 0.40834473324213405,
          "5": 0.4216826265389877,
          "10": 0.43946648426812585
        }
      },
      "tail": {
        "optimistic": {
          "1": 0.39432284541723667,
          "3": 0.43365253077975374,
          "5": 0.4497264021887825,
          "10": 0.47093023255813954
        },
        "realistic": {
          "1": 0.39432284541723667,
          "3": 0.43365253077975374,
          "5": 0.4497264021887825,
          "10": 0.47093023255813954
        },
        "pessimistic": {
          "1": 0.39432284541723667,
          "3": 0.43365253077975374,
          "5": 0.4497264021887825,
          "10": 0.47093023255813954
        }
      }
    },
    "adjusted_arithmetic_mean_rank": {
      "both": {
        "realistic": 0.265172794605031
      },
      "head": {
        "realistic": 0.29483965834477366
      },
      "tail": {
        "realistic": 0.2355190912962322
      }
    },
    "adjusted_arithmetic_mean_rank_index": {
      "both": {
        "realistic": 0.7348634545855419
      },
      "head": {
        "realistic": 0.7051951350921689
      },
      "tail": {
        "realistic": 0.7645186123530936
      }
    }
  },