{
  "times": {
    "training": 985.1897664070129,
    "evaluation": 12.170953035354614
  },
  "metrics": {
    "mean_rank": {
      "best": 7112.114639397201,
      "avg": 7112.114847343184,
      "worst": 7112.115055289168
    },
    "mean_reciprocal_rank": {
      "best": 0.0013407459172732738,
      "avg": 0.001340745902016529,
      "worst": 0.0013407458867662544
    },
    "hits_at_k": {
      "best": {
        "1": 0.0007339269987278598,
        "3": 0.0008073196986006459,
        "5": 0.0009051766317643605,
        "10": 0.001296604364419219
      },
      "avg": {
        "1": 0.0007339269987278598,
        "3": 0.0008073196986006459,
        "5": 0.0009051766317643605,
        "10": 0.001296604364419219
      },
      "worst": {
        "1": 0.0007339269987278598,
        "3": 0.0008073196986006459,
        "5": 0.0009051766317643605,
        "10": 0.001296604364419219
      }
    },
    "adjusted_mean_rank": 0.9953368485358692
  },
  "losses": [
    0.0013618393837414443,
    0.0013607095235579924,
    0.0013606525896937096,
    0.0013607152806418674,
    0.001360663010841312,
    0.0013607476296573903,
    0.001360605698910341,
    0.001360658915848996,
    0.0013607605485422155,
    0.0013605500267286333,
    0.0013605743272607294,
    0.001360570246725193,
    0.0013606603786122315,
    0.0013605959416793851,
    0.0013605368097274913,
    0.0013604195472842473,
    0.0013604452943704625,
    0.0013604899084301012,
    0.001360399413152196,
    0.001360541782859641,
    0.0013603752996820648,
    0.001360460211357449,
    0.0013603647722990372,
    0.00136031190538968,
    0.0013604069777715935,
    0.0013603965301198953,
    0.001360418129424645,
    0.0013603007754217976,
    0.001360280528921142,
    0.001360215533430906,
    0.0013602353414092496,
    0.0013602799287457505,
    0.0013603005237424089,
    0.0013600713430454113,
    0.0013602133813421385,
    0.0013602439234792652,
    0.001360214060153649,
    0.0013601412864779545,
    0.0013601998443204684,
    0.0013600423679355662,
    0.0013601616072338866,
    0.0013601407119304902,
    0.001360190835118331,
    0.0013600927938396082,
    0.0013601561559328024,
    0.0013601471114648848,
    0.0013600688917451166,
    0.0013599764316594516,
    0.0013600615117782212,
    0.0013600345312658635,
    0.001359969296143555,
    0.0013601861197987488,
    0.0013600977008210399,
    0.0013600000373899632,
    0.0013598309298688224,
    0.001360070155399071,
    0.0013598596261380567,
    0.0013599070242229607,
    0.0013599756244892624,
    0.0013599220884062478,
    0.0013599048013835907,
    0.001359950011675863,
    0.0013598408476576474,
    0.0013598826638923675,
    0.0013597915347065852,
    0.0013597679808890547,
    0.001359846194037559,
    0.0013597375594441325,
    0.0013597567595806108,
    0.0013598000274074183,
    0.0013598503582471831,
    0.001359822117147461,
    0.001359684100682984,
    0.0013597142623439592,
    0.0013597184738666796,
    0.0013596469513595388,
    0.0013596597927034557,
    0.0013597902982138532,
    0.0013595706447535921,
    0.0013597116364671,
    0.0013596742308643816,
    0.001359640892216589,
    0.0013596773561572603,
    0.00135963330153118,
    0.0013595777923168049,
    0.001359542821367181,
    0.001359515680515996,
    0.0013595161963601736,
    0.0013595799428722775,
    0.0013595484380450609,
    0.0013596098079502307,
    0.0013595013050011146,
    0.0013594232061925934,
    0.0013594882463674207,
    0.0013594703753784885,
    0.0013593599468301504,
    0.0013595226471504228,
    0.0013592969726605396,
    0.0013592075158612958,
    0.001359473783454736,
    0.0013593710176566622,
    0.0013593728059164787,
    0.0013594069600580607,
    0.0013593223646794887,
    0.0013592602079750464,
    0.001359435740658509,
    0.0013592793246564793,
    0.0013594047713892604,
    0.0013592553721823017,
    0.0013594484713861585,
    0.001359287760406363,
    0.0013591968009782189,
    0.0013592434777574423,
    0.001359094928652927,
    0.0013592106514491538,
    0.0013591380689972246,
    0.0013591421096670964,
    0.0013592372138101162,
    0.0013591797614731502,
    0.0013591561165341003,
    0.0013591606938571509,
    0.001359093608924192,
    0.0013591557045158846,
    0.0013591096531018955,
    0.0013590598330683401,
    0.0013592067194241704,
    0.001359156735766156,
    0.0013591783942122765,
    0.0013589698277876434,
    0.0013591748391587708,
    0.001358824560591118,
    0.0013590403398535138,
    0.001358967987395804,
    0.0013590508389801086,
    0.001358975597795003,
    0.0013589687128632846,
    0.0013589770274828794,
    0.0013589727320670294,
    0.0013587959157967803,
    0.0013588930701739846,
    0.0013588518181917495,
    0.0013589418532621738,
    0.001358858826225136,
    0.001358748095617723,
    0.0013589199514602648,
    0.00135886259769225,
    0.0013588013732310437,
    0.0013587743874616753,
    0.0013588850917840344,
    0.0013586781342237266
  ]
}