{
  "times": {
    "training": 79.88131856918335,
    "evaluation": 0.22049427032470703
  },
  "metrics": {
    "mean_rank": {
      "best": 19.509310986964618,
      "worst": 19.509310986964618,
      "avg": 19.509310986964618
    },
    "mean_reciprocal_rank": {
      "best": 0.1896315719684134,
      "worst": 0.1896315719684134,
      "avg": 0.1896315719684134
    },
    "hits_at_k": {
      "best": {
        "1": 0.06657355679702048,
        "3": 0.19878957169459963,
        "5": 0.2942271880819367,
        "10": 0.46461824953445063
      },
      "worst": {
        "1": 0.06657355679702048,
        "3": 0.19878957169459963,
        "5": 0.2942271880819367,
        "10": 0.46461824953445063
      },
      "avg": {
        "1": 0.06657355679702048,
        "3": 0.19878957169459963,
        "5": 0.2942271880819367,
        "10": 0.46461824953445063
      }
    },
    "adjusted_mean_rank": 0.41225631277768887
  },
  "losses": [
    0.010529457513839054,
    0.01040313282701315,
    0.010352689669330978,
    0.010340083562996547,
    0.010333684259083887,
    0.010329357544403417,
    0.010323839726748081,
    0.01031942148248215,
    0.010310447623424354,
    0.010310653831508738,
    0.010300137219205141,
    0.01029745529574428,
    0.010292587779802622,
    0.010290776681915253,
    0.010288388536441673,
    0.010289995558381424,
    0.010283623667655757,
    0.010281877295348789,
    0.010282799444500154,
    0.010281078505538896,
    0.010281314715833491,
    0.010276991351653653,
    0.010277780242257131,
    0.010273615874561857,
    0.010277481895405354,
    0.010278243220526355,
    0.010277553474282502,
    0.010274789615851628,
    0.010274674175875288,
    0.010272999687036436,
    0.010273104161737979,
    0.010272424162405057,
    0.01027425947527427,
    0.010273547798480822,
    0.010277033537502527,
    0.010268592408045302,
    0.010274239829156925,
    0.010270605754334491,
    0.010277822732696971,
    0.010276020163356667,
    0.01027247837959711,
    0.010271188893740034,
    0.010271652176600225,
    0.010273624098517955,
    0.010273652577773332,
    0.010271394035756037,
    0.010272897649062628,
    0.010274613866863902,
    0.010273604147809643,
    0.010277793491964178,
    0.010274474821087653,
    0.010270990909611748,
    0.010273997374747516,
    0.010275973104052328,
    0.010273724918127898,
    0.010266815576641676,
    0.010269148286559338,
    0.010269579739663517,
    0.010275960006640765,
    0.010269015332602419,
    0.010269306521566483,
    0.010271132544411215,
    0.01027650522447097,
    0.01027368851950739,
    0.010271243872409505,
    0.010274154391390795,
    0.010267656856891409,
    0.010273115736194709,
    0.010268306854014121,
    0.010269768433767323,
    0.010276119003125328,
    0.010276115804920178,
    0.010270009669812865,
    0.010273804416370179,
    0.010268059069262796,
    0.010270359797128965,
    0.010270254104063558,
    0.010273035628770496,
    0.0102702190761024,
    0.010267747624999454,
    0.010273905845162055,
    0.010268036377235785,
    0.01027490429435055,
    0.010273704662828618,
    0.010272712000868489,
    0.010271546483534816,
    0.01026955217418104,
    0.010272719463347171,
    0.010270756222271988,
    0.01026687025072018,
    0.010270112773855058,
    0.010272331262160246,
    0.010271959813476485,
    0.010270312128642694,
    0.010267856516270012,
    0.010266989954970052,
    0.010272984762079074,
    0.010271574505903743,
    0.01027220257247686,
    0.010271271894778432,
    0.010264553074941814,
    0.010270994564703347,
    0.010269061021247408,
    0.010270388733270791,
    0.01026998027678459,
    0.01027258133134382,
    0.010273709383988602,
    0.010272282832196557,
    0.010270328881145856,
    0.01026877927460331,
    0.010265312267926052,
    0.010270670632210375,
    0.010269643703766502,
    0.010270610627789957,
    0.010265494565619558,
    0.010277939847923627,
    0.010273352860262203,
    0.010268787498559407,
    0.01026668917139054,
    0.0102698680350134,
    0.010273083144961283,
    0.010272827440844828,
    0.01026838437241512,
    0.010269200523910109,
    0.010267366733995729,
    0.010267935709921325,
    0.010272084543477306,
    0.010272225721390322,
    0.010269971291351074,
    0.010268634898485143,
    0.010269531157404347,
    0.010266800194797863,
    0.010269048380722295,
    0.010273546580116956,
    0.010266705162416286,
    0.010268425339900127,
    0.010274377199682858,
    0.010267598832312272,
    0.010268436762061373,
    0.010273215032849819,
    0.01027087044388446,
    0.0102669275138219,
    0.010271325655084035,
    0.010267390644386606,
    0.010266583478325132,
    0.010270299183526614,
    0.010272757689513478,
    0.010271174577964604,
    0.01027086115385998,
    0.0102701442990201,
    0.010270036321522442,
    0.010268582661134371,
    0.01026871881329644,
    0.010270840289378767,
    0.010270081096394532,
    0.010269548671384925,
    0.010270437772416414,
    0.010269512272764417,
    0.010268208014245462,
    0.01027040152609139,
    0.010271972606297081,
    0.010269451963753031,
    0.010266229391326466,
    0.01027053783054894,
    0.010266678510706709,
    0.010268275481144562,
    0.010273987627836585,
    0.010270372589949563,
    0.010266649117678432,
    0.010270744495519775,
    0.010273666436662311,
    0.010268257662573017,
    0.010272194805407212,
    0.010271536736623885,
    0.0102698680350134,
    0.010266608302488909,
    0.0102739966132701,
    0.010268239996296953,
    0.010274048698325386,
    0.010266717041463983,
    0.010271005986864595,
    0.01026488035793542,
    0.010270899380026286,
    0.010269374749943,
    0.010269494301897388,
    0.010267632185023115,
    0.0102676961491261,
    0.010269679340909594,
    0.010269601365622147,
    0.01027169862672263,
    0.010271405001030832,
    0.010268471637727048,
    0.010267905707711116,
    0.010273517796270613,
    0.010273435099823184,
    0.010268076887834342,
    0.010272975624350075,
    0.010270549100414703,
    0.01026597231655066,
    0.010268247154184668,
    0.010271339513973016,
    0.010269254131920228,
    0.010262244732301482,
    0.010272188104405947,
    0.010273506830995816,
    0.010268655458375388,
    0.010271240674204356,
    0.010268007441093959,
    0.010268424578422709,
    0.010269891793108794,
    0.01026843706665234,
    0.010271890214440619,
    0.010270650529206579,
    0.010267491463996548,
    0.010269555372386191,
    0.010273015830357666,
    0.010272106626322382,
    0.010268881464872601,
    0.01027281830311583,
    0.01027405341948537,
    0.010272948058867599,
    0.0102723863931252,
    0.010268833796386328,
    0.010270090386419012,
    0.010266835984236437,
    0.01026898304595996,
    0.010268608551366533,
    0.010271800055514506,
    0.01027269311622856,
    0.010268789021514239,
    0.010271128280137683,
    0.01026955080352169,
    0.010266366609556916,
    0.01026935677907597,
    0.010270573924578481,
    0.01026608547209475,
    0.010273868532768647,
    0.010269893772950076,
    0.010269744523376445,
    0.010266322748457726,
    0.01026898258907351,
    0.010269886310471396,
    0.010272805053408784,
    0.010272367660780754,
    0.010271912449581179,
    0.010272957044301114,
    0.010274177997190706,
    0.010267208803579548,
    0.01027363034263277,
    0.010266933148754782,
    0.010270437010938997,
    0.01027382847905654,
    0.010271256512934618,
    0.010274100478789709,
    0.010270263850974489,
    0.010270375026677296,
    0.010268729626275754,
    0.010268031351484836,
    0.01027064641722853,
    0.010270743734042357,
    0.01026886014350494,
    0.010272322429022214,
    0.010265310897266702,
    0.010272410151220594,
    0.010271683701765268,
    0.01027154800648965,
    0.010273539574524725,
    0.010270146431156866,
    0.010275700799728194,
    0.010271608772387485,
    0.010268676779743049,
    0.010273979708471454,
    0.010269727161691349,
