{
  "times": {
    "training": 7183.615921974182,
    "evaluation": 0.46744751930236816
  },
  "metrics": {
    "mean_rank": {
      "best": 2.861266294227188,
      "worst": 2.861266294227188,
      "avg": 2.861266294227188
    },
    "mean_reciprocal_rank": {
      "best": 0.6303350933568499,
      "worst": 0.6303350933568499,
      "avg": 0.6303350933568499
    },
    "hits_at_k": {
      "best": {
        "1": 0.4404096834264432,
        "3": 0.7774674115456238,
        "5": 0.9036312849162011,
        "10": 0.9725325884543762
      },
      "worst": {
        "1": 0.4404096834264432,
        "3": 0.7774674115456238,
        "5": 0.9036312849162011,
        "10": 0.9725325884543762
      },
      "avg": {
        "1": 0.4404096834264432,
        "3": 0.7774674115456238,
        "5": 0.9036312849162011,
        "10": 0.9725325884543762
      }
    },
    "adjusted_mean_rank": 0.05954858258338836
  },
  "losses": [
    0.030169989057373576,
    0.009415515334422139,
    0.006687060737553356,
    0.0052615983615723555,
    0.004026501227827736,
    0.0033955547274290916,
    0.0031496398118219934,
    0.002985182195798972,
    0.0028704793541474193,
    0.002809597281647553,
    0.0027084714876512267,
    0.0027138828548466725,
    0.0026765941226486924,
    0.0026712682898669096,
    0.0025772173754471505,
    0.0025763895623351026,
    0.0026117186513310822,
    0.0025826646289735865,
    0.0025282668026969926,
    0.0025849343793752713,
    0.002532197113457565,
    0.002472195699540654,
    0.0024686351243872195,
    0.0024994014996044646,
    0.0024573304904066725,
    0.002449992636357319,
    0.002448372686197214,
    0.0025098953674693877,
    0.0024748968518790806,
    0.0024581975181506813,
    0.0024561859470659565,
    0.0024345061147266352,
    0.0024116053634012737,
    0.0024485078189881303,
    0.0024158016341208214,
    0.002377943024723808,
    0.002394263809180578,
    0.0024682022461123515,
    0.0023795736939227733,
    0.0024038607796151817,
    0.002382381633556298,
    0.00236721648143566,
    0.002389408966521157,
    0.002415929448115901,
    0.002343389163232384,
    0.0023676369877485034,
    0.0023611856422610304,
    0.0023907944284273096,
    0.002377875852211089,
    0.002342770752834491,
    0.0023809825844124436,
    0.0023770333665173696,
    0.002361478559343207,
    0.0023702262251765194,
    0.0023249720007639855,
    0.0023363354110746723,
    0.002333282818211145,
    0.002341457355718655,
    0.0023700310653537748,
    0.0023111577324738397,
    0.0023599684892234496,
    0.0023360858769033957,
    0.0022808902307015874,
    0.0023126528203340894,
    0.00231018027400577,
    0.002333239655595531,
    0.002326605541976901,
    0.0022852081262196102,
    0.002282913145303991,
    0.0023332278570988695,
    0.002345471411388828,
    0.0022915421237546447,
    0.002313001894946681,
    0.0023324390806167034,
    0.0023002234245702792,
    0.0022961126050405197,
    0.0022914874552067174,
    0.0022730602464666556,
    0.002281750839688442,
    0.0022888334863906384,
    0.0022903657019092993,
    0.0022593416722250705,
    0.0022644252106041583,
    0.0022937125142241657,
    0.002336191452955932,
    0.002322086775745178,
    0.0022546538915476423,
    0.0022891160744470842,
    0.002284833913309716,
    0.0022646844109532526,
    0.0022545487603367995,
    0.0022004868994137334,
    0.0022303816784576126,
    0.0022598045088057773,
    0.002270740955023353,
    0.002266549381683842,
    0.0022868568040404387,
    0.0022611241823207056,
    0.0022990821978672014,
    0.0022614081468684284,
    0.002272725007182845,
    0.0022765805643733786,
    0.002277302067296942,
    0.0023074534124117485,
    0.0022467671710847833,
    0.002269228915653404,
    0.0022302655051226906,
    0.0022408138058708166,
    0.0022472753820632157,
    0.0022421113768250644,
    0.0022847193984571173,
    0.002276792386302564,
    0.002239101893492636,
    0.0022339759336100816,
    0.002239822809216444,
    0.002220261827842001,
    0.002241184242204449,
    0.0022070886149099063,
    0.002230715633357774,
    0.002247310966019578,
    0.002243014464106006,
    0.0022180569736410826,
    0.0022149288841333127,
    0.0022169485894661424,
    0.002257854702262459,
    0.0022057655395169074,
    0.002232637256274893,
    0.0022328748031016196,
    0.002263574891074906,
    0.002193312398297538,
    0.002227640213171885,
    0.0022180498202029643,
    0.002247616853272849,
    0.0022225237150318147,
    0.002206855072584945,
    0.002222316458970413,
    0.002165365312226668,
    0.0022259843773348082,
    0.0021712674139318672,
    0.00220462824248496,
    0.0022040560424296455,
    0.002203911996345395,
    0.0021955351752258683,
    0.0021687735459411496,
    0.0021833992169250837,
    0.0022207320008770484,
    0.0021642972910314562,
    0.0022205959834168884,
    0.0021785469824920863,
    0.002164904756863054,
    0.002195511330032463,
    0.002220913657830498,
    0.0022288550308178275,
    0.0022126876539594323,
    0.002180839047138492,
    0.0022049613790987724,
    0.002212513545798382,
    0.0021799861091365237,
    0.002196929781511949,
    0.002154000480515422,
    0.0021969628418283013,
    0.002222721444330377,
    0.0021941802060133028,
    0.002216350111813016,
    0.0021904932967455157,
    0.0022059785070687827,
    0.002145710946797578,
    0.002191986015968178,
    0.0021706524550084596,
    0.002148092696859592,
    0.002201009411818247,
    0.002193728921963739,
    0.002213148167792861,
    0.002218602909069955,
    0.002201761467768619,
    0.00214481591626353,
    0.0021818338747071767,
    0.0021506036364269347,
    0.0021869419017250297,
    0.0021468032621700067,
    0.002180930219629033,
    0.0021637717095353685,
    0.0021911378121892973,
    0.002206344380913728,
    0.0022088603116789908,
    0.0021864403264199414,
    0.0021545188590859792,
    0.002188661846433407,
    0.0021669855047006872,
    0.002175138659177048,
    0.0021769314443963765,
    0.0021422876294506957,
    0.002167861190125737,
    0.0021280120319838564,
    0.0021364218104662973,
    0.002152400684376397,
    0.0021876515881664184,
    0.0021895529090362334,
    0.0021773603491263625,
    0.002184669342313192,
    0.0021516011129892065,
    0.0021408569395924963,
    0.0021436419063300062,
    0.0021323849379925636,
    0.0021585239006349406,
    0.002169938514502684,
    0.002147817668332352,
    0.002124551577822302,
    0.0021818285660376974,
    0.0021877962115311417,
    0.0021322582026922637,
    0.0021509833001463643,
    0.0021501849007606157,
    0.002149141646870621,
    0.002140610602264439,
    0.0021450020143307033,
    0.002139849161473277,
    0.0021195105820491365,
    0.0021551743672754307,
    0.002121115611427488,
    0.0021577618808192567,
    0.0021714585090286277,
    0.0021133490159893093,
    0.0021323639690097288,
    0.0021489320324724263,
    0.002196960033962681,
    0.0021304970669620304,
    0.0021565360000116354,
    0.00217594118073342,
    0.0021136231240397843,
    0.002134928568083207,
    0.002126149070780107,
    0.002149974733389642,
    0.002150050933430955,
    0.002176745850959102,
    0.002172662037876452,
    0.0021419602749068707,
    0.00215084132653825,
    0.002113682164593464,
    0.0021417869488976385,
    0.0020945243768948603,
    0.0021389073801592294,
    0.0021841227803889433,
    0.002139978792931717,
    0.0021278599528608885,
    0.0021185625835791863,
    0.002162524445478592,
    0.0021064976128454807,
    0.0021417890351626686,
    0.002135337958149856,
    0.0021090839172178033,
    0.002106987855696705,
    0.0021543587578246055,
    0.0021230367539679,
    0.0021398721739374215,
    0.0021348086435697476,
    0.002128814224568841,
    0.002170908535525032,
    0.0021336154355179196,
    0.0020909136300078113,
    0.0021306058655825204,
    0.0020948393116242948,
    0.0021533889220530437,
    0.0021041834691830665,
    0.0021455171632481047,
    0.002102115423532381,
