{
  "times": {
    "training": 1906.5350289344788,
    "evaluation": 27.653629064559937
  },
  "metrics": {
    "mean_rank": {
      "worst": 3697.308510638298,
      "best": 3697.308410276997,
      "avg": 3697.3084604576475
    },
    "mean_reciprocal_rank": {
      "worst": 0.29674010615826213,
      "best": 0.2967401061584765,
      "avg": 0.2967401061583693
    },
    "hits_at_k": {
      "worst": {
        "1": 0.202328382175833,
        "3": 0.3318948213568848,
        "5": 0.39833400240867123,
        "10": 0.4871537535126455
      },
      "best": {
        "1": 0.202328382175833,
        "3": 0.3318948213568848,
        "5": 0.39833400240867123,
        "10": 0.4871537535126455
      },
      "avg": {
        "1": 0.202328382175833,
        "3": 0.3318948213568848,
        "5": 0.39833400240867123,
        "10": 0.4871537535126455
      }
    },
    "adjusted_mean_rank": 0.06974480094836649
  },
  "losses": [
    0.000410206713915499,
    0.00032252584201240977,
    0.00016382309864554804,
    9.685777016884749e-05,
    6.347004206604851e-05,
    4.552398309236046e-05,
    3.516328901320408e-05,
    2.8345914235616672e-05,
    2.368114184264279e-05,
    2.059005360278668e-05,
    1.8426176038379355e-05,
    1.6896574207157702e-05,
    1.573904287505342e-05,
    1.4847036152028859e-05,
    1.4154454571115667e-05,
    1.356376588743647e-05,
    1.3082014444893079e-05,
    1.2680036433923284e-05,
    1.232331085542675e-05,
    1.202361023497255e-05,
    1.1743836141411732e-05,
    1.149483235409085e-05,
    1.1300130003369659e-05,
    1.105320312296495e-05,
    1.0895786756893268e-05,
    1.068132903354057e-05,
    1.0532717240447214e-05,
    1.0371249566996439e-05,
    1.0228614073545302e-05,
    1.0045372104310095e-05,
    9.93377617572236e-06,
    9.851155321217504e-06,
    9.69381342118875e-06,
    9.576188113795585e-06,
    9.453766770432315e-06,
    9.33774691311123e-06,
    9.246602719650282e-06,
    9.12685683128277e-06,
    9.07859441235696e-06,
    8.99783902919168e-06,
    8.937085171816368e-06,
    8.917454960311927e-06,
    8.800542381311266e-06,
    8.773900008479797e-06,
    8.710175399465563e-06,
    8.624795742904287e-06,
    8.636905187579338e-06,
    8.570545735411494e-06,
    8.525112909398543e-06,
    8.469956092949503e-06,
    8.402228395067035e-06,
    8.412009923647e-06,
    8.349138988313643e-06,
    8.340579311809184e-06,
    8.302697844277508e-06,
    8.258745164911497e-06,
    8.232083102641327e-06,
    8.197636654471946e-06,
    8.209984101923545e-06,
    8.148465586466967e-06,
    8.125016673286256e-06,
    8.083228404668643e-06,
    8.102483659705998e-06,
    8.07611367353431e-06,
    8.010778370971655e-06,
    8.04908685799042e-06,
    8.00739819581281e-06,
    7.97693769784806e-06,
    7.937045713609988e-06,
    7.874192141995319e-06,
    7.822493513996202e-06,
    7.88124173195202e-06,
    7.838248871446018e-06,
    7.786228351739459e-06,
    7.768702979295729e-06,
    7.762853899429438e-06,
    7.739245920131184e-06,
    7.719585847981306e-06,
    7.722478068031758e-06,
    7.639022086844709e-06,
    7.667470262838398e-06,
    7.670924694364805e-06,
    7.647818279292791e-06,
    7.636673875237901e-06,
    7.625223633066487e-06,
    7.59413690851129e-06,
    7.623846705050482e-06,
    7.6198728935284845e-06,
    7.5636027262768805e-06,
    7.557905644673996e-06,
    7.5453913381654225e-06,
    7.5066336436702635e-06,
    7.537558314047248e-06,
    7.5259673584779705e-06,
    7.499122428263056e-06,
    7.4925809269052365e-06,
    7.480009544264445e-06,
    7.478061065041755e-06,
    7.493060612811027e-06,
    7.439210718226909e-06,
    7.438553415789796e-06,
    7.508100940092729e-06,
    7.490929887378251e-06,
    7.48075023021503e-06,
    7.476133630627678e-06,
    7.430630493235536e-06,
    7.410361572015346e-06,
    7.401738517956312e-06,
    7.420217204695802e-06,
    7.4018711842852865e-06
  ]
}