{
  "times": {
    "training": 1129.8726251125336,
    "evaluation": 16.14507293701172
  },
  "metrics": {
    "mean_rank": {
      "worst": 8374.108242134063,
      "best": 8374.10533515732,
      "avg": 8374.106788645691
    },
    "mean_reciprocal_rank": {
      "worst": 0.39551278099118864,
      "best": 0.3955127810050921,
      "avg": 0.39551278099814
    },
    "hits_at_k": {
      "worst": {
        "1": 0.37226402188782487,
        "3": 0.40748974008207933,
        "5": 0.41809165526675784,
        "10": 0.43450752393980846
      },
      "best": {
        "1": 0.37226402188782487,
        "3": 0.40748974008207933,
        "5": 0.41809165526675784,
        "10": 0.43450752393980846
      },
      "avg": {
        "1": 0.37226402188782487,
        "3": 0.40748974008207933,
        "5": 0.41809165526675784,
        "10": 0.43450752393980846
      }
    },
    "adjusted_mean_rank": 0.4132179971094313
  },
  "losses": [
    0.0013404420837772842,
    0.00035789071221837464,
    0.00011585929247405823,
    8.238194908822019e-05,
    3.234529958580551e-05,
    1.03425054386277e-05,
    6.1179320325666875e-06,
    5.261638289013436e-06,
    4.695053233124717e-06,
    4.418050928001324e-06,
    4.2926444585243535e-06,
    4.259033450578538e-06,
    4.0256681991624006e-06,
    4.010394321446743e-06,
    4.037042675845513e-06,
    4.026408350899586e-06,
    4.003039973993515e-06,
    3.978235563918368e-06,
    4.094301709331265e-06,
    3.887248188065773e-06,
    3.8085723452309217e-06,
    3.86498210406442e-06,
    3.972492537037216e-06,
    3.933337222256946e-06,
    3.769638197064344e-06,
    3.7413799311844745e-06,
    3.764287732626179e-06,
    3.803906464120062e-06,
    3.6434046352815187e-06,
    3.5808169892862037e-06,
    3.6136738287934354e-06,
    3.811512938963989e-06,
    3.658397017044825e-06,
    3.5458843262881122e-06,
    3.4619885124555287e-06,
    3.4728106252100285e-06,
    3.4871152331077703e-06,
    3.392971849153426e-06,
    3.3993785766170082e-06,
    3.451193230538373e-06,
    3.4895897931671117e-06,
    3.4702472266448397e-06,
    3.3574517790127823e-06,
    3.3420301275529317e-06,
    3.3375985098108918e-06,
    3.39933299464565e-06,
    3.3368662584978605e-06,
    3.2776797316167618e-06,
    3.2420346745660415e-06,
    3.233459260091571e-06,
    3.2058120532386993e-06,
    3.3203703849538325e-06,
    3.208561489186034e-06,
    3.120616523175924e-06,
    3.29090023689528e-06,
    3.1126039710017197e-06,
    3.1802045422119435e-06,
    3.136956744911914e-06,
    3.206387379972183e-06,
    3.1180995022184485e-06,
    3.0248029819960467e-06,
    3.051834104067683e-06,
    2.998512197445017e-06,
    3.022516307027486e-06,
    2.9453246916702973e-06,
    3.0412327651361342e-06,
    2.986389777774492e-06,
    3.002326025735613e-06,
    3.0188205296776078e-06,
    2.930321287451256e-06,
    2.94409335763113e-06,
    2.8791835785444713e-06,
    2.8873352430039526e-06,
    2.886522550092159e-06,
    2.8354885594764885e-06,
    2.9251761394572258e-06,
    2.861612810496621e-06,
    2.884621879795308e-06,
    2.88087322009935e-06,
    2.8590157222579136e-06,
    2.845121062222238e-06,
    2.8602221227972885e-06,
    2.8060210108933048e-06,
    2.872354539405036e-06,
    2.837143573501334e-06,
    2.7627562338333407e-06,
    2.7846032553642733e-06,
    2.748752627138763e-06,
    2.7607412315280914e-06,
    2.7799611792003927e-06,
    2.807530152081774e-06,
    2.8135269887577878e-06,
    2.829173155177421e-06,
    2.787219302149522e-06,
    2.7986375886011712e-06,
    2.801720348572535e-06,
    2.691112793861534e-06,
    2.7302592459767584e-06,
    2.7882024660825193e-06,
    2.694440225699432e-06,
    2.6705785965837935e-06,
    2.747616207457645e-06,
    2.7331265361820645e-06,
    2.680870233704063e-06,
    2.674644663334779e-06,
    2.738369860103274e-06,
    2.703597063392371e-06,
    2.6837207942611323e-06,
    2.554525536950763e-06,
    2.725451883551687e-06,
    2.6894843962014926e-06,
    2.6485796193409276e-06,
    2.6111849292260087e-06,
    2.560388482904573e-06,
    2.5681999427542954e-06,
    2.66646160119834e-06,
    2.6203122811977298e-06,
    2.6512197664396372e-06,
    2.628589055956816e-06,
    2.6502474145693907e-06,
    2.567080482150578e-06,
    2.6207993286308046e-06,
    2.4870519780031988e-06,
    2.6792614919601712e-06,
    2.6495437127949116e-06,
    2.5221859029723e-06,
    2.604351963002668e-06,
    2.672577086289252e-06,
    2.597330851759601e-06,
    2.6223044642602254e-06,
    2.6585549945338144e-06,
    2.6555796594477167e-06,
    2.507070675241301e-06,
    2.56335377235212e-06,
    2.60967694116064e-06,
    2.5309577384440932e-06,
    2.527700387780795e-06,
    2.5898186610609796e-06,
    2.5154370909558137e-06,
    2.501580742025472e-06,
    2.546045185235367e-06,
    2.526908805810402e-06,
    2.4540045612259812e-06,
    2.47552539191981e-06,
    2.4986311269285985e-06,
    2.5566404431484985e-06,
    2.4997621513257966e-06,
    2.4951509258622817e-06,
    2.552688935745547e-06,
    2.5277763906564415e-06,
    2.5395418457911026e-06,
    2.4624271437829102e-06,
    2.531665786718339e-06,
    2.5181188893514186e-06,
    2.546777973798078e-06,
    2.438124032129946e-06,
    2.4303689630825025e-06,
    2.517553885201472e-06,
    2.4722080886077054e-06,
    2.533428418708855e-06,
    2.518492474607071e-06,
    2.49088585550081e-06,
    2.501207337459687e-06,
    2.480402216674768e-06,
    2.4437382733136316e-06,
    2.6436104478700586e-06,
    2.5272119303127906e-06,
    2.5260924445758176e-06,
    2.545789131912229e-06,
    2.3821189099165755e-06,
    2.4654006887736177e-06,
    2.4616558931595358e-06,
    2.4334759798554557e-06,
    2.570589854252003e-06,
    2.4423401709845345e-06,
    2.490967673616295e-06,
    2.4908277949009273e-06,
    2.4159783732029263e-06,
    2.4541583312553367e-06,
    2.4548434289823615e-06,
    2.4415406244057244e-06,
    2.4941975331185643e-06,
    2.414933618733339e-06,
    2.4568768409578697e-06,
    2.4906847670922305e-06,
    2.4049816676610723e-06,
    2.3981483272746907e-06,
    2.4427573915245983e-06,
    2.3855878311217492e-06,
    2.369177606661426e-06,
    2.4671062680343653e-06,
    2.459683794242121e-06,
    2.46302305260354e-06,
    2.3856781773100088e-06,
    2.4758425102598887e-06,
    2.4504802180991707e-06,
    2.40547357942643e-06,
    2.4499027513417265e-06,
    2.4885734100964958e-06,
    2.471161183555231e-06,
    2.4111242066379687e-06
  ]
}