{
  "times": {
    "training": 63.35516381263733,
    "evaluation": 0.10555768013000488
  },
  "metrics": {
    "mean_rank": {
      "avg": 11.951117318435754,
      "worst": 11.951117318435754,
      "best": 11.951117318435754
    },
    "mean_reciprocal_rank": {
      "avg": 0.3193221864484139,
      "worst": 0.3193221864484139,
      "best": 0.3193221864484139
    },
    "hits_at_k": {
      "avg": {
        "1": 0.1452513966480447,
        "3": 0.3999068901303538,
        "5": 0.515828677839851,
        "10": 0.6610800744878957
      },
      "worst": {
        "1": 0.1452513966480447,
        "3": 0.3999068901303538,
        "5": 0.515828677839851,
        "10": 0.6610800744878957
      },
      "best": {
        "1": 0.1452513966480447,
        "3": 0.3999068901303538,
        "5": 0.515828677839851,
        "10": 0.6610800744878957
      }
    },
    "adjusted_mean_rank": 0.2465014159974245
  },
  "losses": [
    0.00053233824572648,
    0.00043807946292034693,
    0.0004108297282808952,
    0.00038792133289441635,
    0.0003643808991051792,
    0.00033959597767738815,
    0.0003149727854724234,
    0.00028992955806605823,
    0.00026427995246113017,
    0.00023778756707209102,
    0.0002113830992317155,
    0.00018553382957751832,
    0.00016202806400951374,
    0.00014405547159859975,
    0.00013310334659164094,
    0.00012712950002025352,
    0.00012368986676080843,
    0.00012159205263320091,
    0.00011971861486801048,
    0.00011801505583418665,
    0.0001165356207115764,
    0.00011513861112491915,
    0.00011388026962705542,
    0.00011289040671403377,
    0.00011209255452389909,
    0.00011131812666616078,
    0.00011066187038836296,
    0.00011006015141874775,
    0.00010946212416647302,
    0.00010900665466998065,
    0.0001085194330034631,
    0.00010807788843630852,
    0.00010769260429850455,
    0.0001073877884368046,
    0.00010712355007295417,
    0.00010687532339398558,
    0.00010665487986378902,
    0.00010646702695554227,
    0.00010625440810461727,
    0.00010605447765174654,
    0.00010592723614100213,
    0.0001057954260918978,
    0.00010567502954046936,
    0.00010552243826638782,
    0.00010543415097917398,
    0.00010532148667237955,
    0.00010533200154841393,
    0.00010523176490423385,
    0.00010517154984204063,
    0.00010506480048002487,
    0.0001050798102083166,
    0.00010505305517688114,
    0.00010497543711410591,
    0.00010492042237230008,
    0.00010491090334868163,
    0.0001049225540371256,
    0.00010484364188942459,
    0.00010483270277328483,
    0.00010479912894327989,
    0.00010476048254453288,
    0.00010477238350411814,
    0.00010475271803497821,
    0.00010473029173505999,
    0.00010471745770885033,
    0.0001046697919567426,
    0.00010463100385395217,
    0.00010465069504782613,
    0.00010465237238768781,
    0.00010465010686704283,
    0.00010462706230148282,
    0.00010465699411956558,
    0.00010467560095049803,
    0.00010464106178894807,
    0.00010460542736414554,
    0.00010463492970997363,
    0.00010461961651702276,
    0.00010461595793662781,
    0.00010461983365121853,
    0.00010459766372661577,
    0.00010459572085517735,
    0.00010455345250108046,
    0.00010454789072637924,
    0.00010455896849447533,
    0.00010459210107988967,
    0.00010458252973477827,
    0.00010457165558449226,
    0.00010459525868198956,
    0.00010458485193704063,
    0.0001045934758271171,
    0.00010456192291477758,
    0.00010452621044374808,
    0.00010451186563442932,
    0.00010451113226150305,
    0.00010453922236303377,
    0.00010449437107123462,
    0.00010454573595289434,
    0.00010460086013382294,
    0.00010455104048025518,
    0.00010453924111156875,
    0.00010455593908003318,
    0.00010450821403023343,
    0.00010446948217304793,
    0.00010453085572029767,
    0.00010448714678109473,
    0.00010446395833142911,
    0.00010450219923860571,
    0.00010450957744113738,
    0.00010454012796087434,
    0.0001045607639937086,
    0.00010449928144334854,
    0.00010448296672982,
    0.0001044875444244412,
    0.0001045180805557676,
    0.00010454136274810811,
    0.00010448068900082665,
    0.00010454341723873151,
    0.0001045497947927104,
    0.0001044751965521036,
    0.00010452255927556463,
    0.00010449926749095041,
    0.000104498401570242,
    0.00010451910692905442,
    0.00010456013918788022,
    0.00010451652529938949,
    0.0001045438384267498,
    0.00010446258009610217,
    0.00010454398972306693,
    0.00010451479999815927,
    0.00010450592147681708,
    0.00010449107830527794,
    0.00010446594916423608,
    0.00010446937229791272,
    0.00010445848070712907,
    0.00010449247659717718,
    0.00010454850463189659,
    0.00010447659179191576,
    0.00010448708399530319,
    0.00010451853706079364,
    0.00010452986815211813,
    0.00010450981855601743,
    0.00010452395582341411,
    0.00010451354820644029,
    0.00010452927561121041,
    0.00010452542082521688,
    0.00010450068191530999,
    0.00010445717048974296,
    0.00010449433270213978,
    0.00010449985043958444,
    0.00010455703913942259,
    0.00010453472227862711,
    0.00010449178944156969,
    0.00010450984515277633,
    0.00010452314048014888,
    0.00010446540022457249,
    0.0001044901984321714,
    0.00010452507550336337,
    0.00010449505430273014,
    0.00010450361933112703,
    0.00010448284857044841,
    0.000104488232888086,
    0.0001044763864300559,
    0.0001044840236239777,
    0.00010449480446760128,
    0.00010448641776829288,
    0.00010444269269662962,
    0.00010448712498047267,
    0.00010446164659346534,
    0.00010450827332792546,
    0.00010449395773144027,
    0.00010451305202428209,
    0.00010448339707409956,
    0.00010447038253873922,
    0.00010449636059600428,
    0.00010448948337176766,
    0.00010443956910350015,
    0.00010444569987443726,
    0.0001045043021266101,
    0.00010453043235221717,
    0.00010452277640976039,
    0.00010447764606999882,
    0.00010449990494113959,
    0.00010449304079727622,
    0.00010445575562937094,
    0.00010454855259326513,
    0.0001045067272278086,
    0.00010449913799525535,
    0.00010451910954512906,
    0.00010451955558585652,
    0.00010447283074859711,
    0.00010449531721823224,
    0.00010449564989572496,
    0.00010449956441542294,
    0.0001044849431742164,
    0.00010445955460577199,
    0.00010446843443515148,
    0.00010444363927963967,
    0.00010443722902472769,
    0.00010444063471790669,
    0.00010452339903552657,
    0.00010448847574701582,
    0.00010446772373487218,
    0.00010450799427996303,
    0.00010451409191395459,
    0.0001044803885882546,
    0.00010452675633132458,
    0.00010447420069968768,
    0.00010451535155389751,
    0.00010447214359298963,
    0.00010451211721360795,
    0.0001044756377966942,
    0.00010446310985121834,
    0.00010446011270169685,
    0.00010445667343555988,
    0.00010447960856199711,
    0.00010444338421236151,
    0.00010442152385659209,
    0.00010449757314660353,
    0.0001045458506241664,
    0.00010454071003748348,
    0.00010448986619069112,
    0.00010443203437250206,
    0.00010451438927443956,
    0.00010445820471125372,
    0.0001044602609459269,
    0.00010450496660957064,
    0.0001044930320770274,
    0.00010445445413223366,
    0.00010447682113445989,
    0.00010450017047271635,
    0.00010444978138690025,
    0.00010447498508606958,
    0.00010450045649687783,
    0.00010445792566329129,
    0.00010442142226569327,
    0.00010450273291783387,
    0.00010444649036499333,
    0.00010446170283907027,
    0.00010450334595132633,
    0.00010446833371627754,
    0.00010449441336444144,
    0.00010446989812891693,
    0.00010446611136086424,
    0.0001044680376638299,
    0.00010445439875865362,
    0.00010449021805273125,
    0.00010444999328894673,
    0.000104459398513318,
    0.00010443799422656218,
    0.00010450181249557028,
    0.00010446121581317334,
    0.00010443799248251241,
    0.00010442258947099862,
    0.00010449986657204476,
    0.00010447882373960277,
