{
  "times": {
    "training": 8481.567455530167,
    "evaluation": 8.726592302322388
  },
  "metrics": {
    "arithmetic_mean_rank": {
      "tail": {
        "realistic": 586.7272971915061,
        "optimistic": 586.7272237988061,
        "pessimistic": 586.7273705842059
      },
      "both": {
        "realistic": 683.3733853606028,
        "optimistic": 683.3733242000196,
        "pessimistic": 683.373446521186
      },
      "head": {
        "realistic": 780.0194735296996,
        "optimistic": 780.019424601233,
        "pessimistic": 780.0195224581662
      }
    },
    "geometric_mean_rank": {
      "tail": {
        "realistic": 25.982000941025326,
        "optimistic": 25.981997777427075,
        "pessimistic": 25.9820041019122
      },
      "both": {
        "realistic": 47.234299133596956,
        "optimistic": 47.23429601960738,
        "pessimistic": 47.234302245096615
      },
      "head": {
        "realistic": 85.87017680840975,
        "optimistic": 85.87017594182997,
        "pessimistic": 85.87017767489841
      }
    },
    "median_rank": {
      "tail": {
        "realistic": 17.0,
        "optimistic": 17.0,
        "pessimistic": 17.0
      },
      "both": {
        "realistic": 46.0,
        "optimistic": 46.0,
        "pessimistic": 46.0
      },
      "head": {
        "realistic": 100.0,
        "optimistic": 100.0,
        "pessimistic": 100.0
      }
    },
    "harmonic_mean_rank": {
      "tail": {
        "realistic": 3.313554160535121,
        "optimistic": 3.313554158241176,
        "pessimistic": 3.313554162825021
      },
      "both": {
        "realistic": 4.702182513948108,
        "optimistic": 4.702182511614853,
        "pessimistic": 4.702182516277284
      },
      "head": {
        "realistic": 8.09430492076085,
        "optimistic": 8.094304920621521,
        "pessimistic": 8.09430492090015
      }
    },
    "inverse_arithmetic_mean_rank": {
      "tail": {
        "realistic": 0.0017043693122626318,
        "optimistic": 0.0017043695254592597,
        "pessimistic": 0.0017043690990660577
      },
      "both": {
        "realistic": 0.001463328864457195,
        "optimistic": 0.0014633289954222818,
        "pessimistic": 0.0014633287334921315
      },
      "head": {
        "realistic": 0.0012820192750763737,
        "optimistic": 0.0012820193554939057,
        "pessimistic": 0.0012820191946588512
      }
    },
    "inverse_geometric_mean_rank": {
      "tail": {
        "realistic": 0.038488182733494164,
        "optimistic": 0.03848818741986003,
        "pessimistic": 0.038488178051145905
      },
      "both": {
        "realistic": 0.021171056167714298,
        "optimistic": 0.02117105756344693,
        "pessimistic": 0.02117105477309787
      },
      "head": {
        "realistic": 0.01164548667730313,
        "optimistic": 0.011645486794826394,
        "pessimistic": 0.011645486559792226
      }
    },
    "inverse_harmonic_mean_rank": {
      "tail": {
        "realistic": 0.3017907514264096,
        "optimistic": 0.3017907516353367,
        "pessimistic": 0.30179075121785087
      },
      "both": {
        "realistic": 0.2126672023116276,
        "optimistic": 0.2126672024171545,
        "pessimistic": 0.21266720220628518
      },
      "head": {
        "realistic": 0.1235436531968457,
        "optimistic": 0.12354365319897227,
        "pessimistic": 0.12354365319471955
      }
    },
    "inverse_median_rank": {
      "tail": {
        "realistic": 0.058823529411764705,
        "optimistic": 0.058823529411764705,
        "pessimistic": 0.058823529411764705
      },
      "both": {
        "realistic": 0.021739130434782608,
        "optimistic": 0.021739130434782608,
        "pessimistic": 0.021739130434782608
      },
      "head": {
        "realistic": 0.01,
        "optimistic": 0.01,
        "pessimistic": 0.01
      }
    },
    "rank_std": {
      "tail": {
        "realistic": 1692.0614387220874,
        "optimistic": 1692.0614370222577,
        "pessimistic": 1692.0614404436014
      },
      "both": {
        "realistic": 1754.7606150172323,
        "optimistic": 1754.7605566548727,
        "pessimistic": 1754.760673397015
      },
      "head": {
        "realistic": 1810.1427531839233,
        "optimistic": 1810.1426403132125,
        "pessimistic": 1810.1428660681406
      }
    },
    "rank_var": {
      "tail": {
        "realistic": 2863071.91241026,
        "optimistic": 2863071.906657828,
        "pessimistic": 2863071.9182360754
      },
      "both": {
        "realistic": 3079184.8160156556,
        "optimistic": 3079184.611191719,
        "pessimistic": 3079185.0209007454
      },
      "head": {
        "realistic": 3276616.786904274,
        "optimistic": 3276616.378280088,
        "pessimistic": 3276617.1955773826
      }
    },
    "hits_at_k": {
      "tail": {
        "realistic": {
          "1": 0.22639201487425384,
          "3": 0.32953322242880906,
          "5": 0.38149525393874156,
          "10": 0.4512672472844701
        },
        "optimistic": {
          "1": 0.22639201487425384,
          "3": 0.32953322242880906,
          "5": 0.38149525393874156,
          "10": 0.4512672472844701
        },
        "pessimistic": {
          "1": 0.22639201487425384,
          "3": 0.32953322242880906,
          "5": 0.38149525393874156,
          "10": 0.4512672472844701
        }
      },
      "both": {
        "realistic": {
          "1": 0.14786182601037284,
          "3": 0.22974361483511108,
          "5": 0.27480673255700167,
          "10": 0.34130051864174576
        },
        "optimistic": {
          "1": 0.14786182601037284,
          "3": 0.22974361483511108,
          "5": 0.27480673255700167,
          "10": 0.34130051864174576
        },
        "pessimistic": {
          "1": 0.14786182601037284,
          "3": 0.22974361483511108,
          "5": 0.27480673255700167,
          "10": 0.34130051864174576
        }
      },
      "head": {
        "realistic": {
          "1": 0.06933163714649183,
          "3": 0.12995400724141307,
          "5": 0.16811821117526177,
          "10": 0.23133378999902143
        },
        "optimistic": {
          "1": 0.06933163714649183,
          "3": 0.12995400724141307,
          "5": 0.16811821117526177,
          "10": 0.23133378999902143
        },
        "pessimistic": {
          "1": 0.06933163714649183,
          "3": 0.12995400724141307,
          "5": 0.16811821117526177,
          "10": 0.23133378999902143
        }
      }
    },
    "adjusted_arithmetic_mean_rank": {
      "tail": {
        "realistic": 0.08109905446428052
      },
      "both": {
        "realistic": 0.09576865044461899
      },
      "head": {
        "realistic": 0.11085115373041873
      }
    },
    "adjusted_arithmetic_mean_rank_index": {
      "tail": {
        "realistic": 0.9190279761004209
      },
      "both": {
        "realistic": 0.9043580872296716
      },
      "head": {
        "realistic": 0.8892752241202926
      }
    }
  },