model	loss	training_approach	inverse_relations	hits@10
ComplEx	BCEL	sLCWA	True	0.6217382577278201
ConvKB	SPL	sLCWA	True	0.5622240064231232
DistMult	BCEL	sLCWA	False	0.5534925732637495
ERMLP	SPL	sLCWA	True	0.5875150541951024
HolE	BCEL	sLCWA	False	0.5849056603773585
RESCAL	SPL	sLCWA	True	0.5446607788036933
RotatE	NSSAL	sLCWA	True	0.6278602970694499
SE	NSSAL	sLCWA	True	0.2916499397832196
TransD	MRL	sLCWA	False	0.3487555198715375
TransE	MRL	sLCWA	True	0.4770172621437174
