model	loss	training_approach	inverse_relations	hits@10
ComplEx	BCEL	sLCWA	True	0.6251505419510237
ConvKB	SPL	sLCWA	True	0.5780810919309515
DistMult	MRL	sLCWA	True	0.5490766760337213
ERMLP	SPL	sLCWA	True	0.5978522681653954
HolE	BCEL	sLCWA	False	0.59313528703332
RESCAL	SPL	sLCWA	True	0.5500802890405461
RotatE	NSSAL	sLCWA	True	0.6259534323564834
SE	NSSAL	sLCWA	True	0.2900441589723003
TransD	MRL	sLCWA	False	0.3586912886391008
TransE	MRL	sLCWA	True	0.4854476114010438
