{
  "times": {
    "training": 5125.89228105545,
    "evaluation": 6.768266201019287
  },
  "metrics": {
    "mean_rank": {
      "worst": 4700.045699187787,
      "avg": 4700.045576866621,
      "best": 4700.045454545455
    },
    "mean_reciprocal_rank": {
      "worst": 0.12512450995559984,
      "avg": 0.12512450995865093,
      "best": 0.12512450996170263
    },
    "hits_at_k": {
      "worst": {
        "1": 0.08814463254721597,
        "3": 0.1350425677659262,
        "5": 0.1605342988550739,
        "10": 0.20119385458459732
      },
      "avg": {
        "1": 0.08814463254721597,
        "3": 0.1350425677659262,
        "5": 0.1605342988550739,
        "10": 0.20119385458459732
      },
      "best": {
        "1": 0.08814463254721597,
        "3": 0.1350425677659262,
        "5": 0.1605342988550739,
        "10": 0.20119385458459732
      }
    },
    "adjusted_mean_rank": 0.6596013410449123
  },
  "losses": [
    0.0035547517322714653,
    0.002318988868051694,
    0.0017919110542233712,
    0.001571485806322443,
    0.0014722540228377984,
    0.0014185500170237422,
    0.0013469182896756046,
    0.0009955625919012261,
    0.0004663152223377839,
    0.00020994230342333652,
    0.00010772226040391552,
    6.114662063660313e-05,
    3.71319434206526e-05,
    2.372739232927516e-05,
    1.58236692738753e-05,
    1.0986551713834067e-05,
    7.906799316439763e-06,
    5.908793900011569e-06,
    4.571337137482296e-06,
    3.6651268359540186e-06,
    3.032772565499794e-06,
    2.584248312515729e-06,
    2.2522609521591107e-06,
    2.0051389201245196e-06,
    1.8137314879308611e-06,
    1.6624429610131392e-06,
    1.5435892542405147e-06,
    1.446174993953746e-06,
    1.3667034433832418e-06,
    1.29921151717317e-06,
    1.2445953628213874e-06,
    1.1976008655537146e-06,
    1.1567148926878686e-06,
    1.122505281550472e-06,
    1.0935136569391664e-06,
    1.066867198800526e-06,
    1.045341792032496e-06,
    1.024835297676429e-06,
    1.0057847479046558e-06,
    9.891755208286692e-07,
    9.73848174539772e-07,
    9.604987017773838e-07,
    9.494184453746504e-07,
    9.372462246114416e-07,
    9.265676435845668e-07,
    9.174707964581276e-07,
    9.076253507610357e-07,
    9.003303368892735e-07,
    8.918455569821632e-07,
    8.84024048109706e-07,
    8.766709362945938e-07,
    8.707375382671683e-07,
    8.638204340743e-07,
    8.580195178226802e-07,
    8.520709136267157e-07,
    8.457821026963379e-07,
    8.418735226627275e-07,
    8.357744888301263e-07,
    8.301187463698237e-07,
    8.255518120198658e-07,
    8.20427973137413e-07,
    8.156216525193938e-07,
    8.105779682391891e-07,
    8.053878409349462e-07,
    8.015877874680216e-07,
    7.960363898390945e-07,
    7.919565067141265e-07,
    7.871779536788542e-07,
    7.829249512004792e-07,
    7.785704023119882e-07,
    7.737662324075678e-07,
    7.69504642347981e-07,
    7.649627859419809e-07,
    7.59923245058279e-07,
    7.54994096874932e-07,
    7.510403135169382e-07,
    7.462673482849537e-07,
    7.418032364351804e-07,
    7.37250895144537e-07,
    7.316346544356976e-07,
    7.269847203075887e-07,
    7.230696578985123e-07,
    7.174872394987469e-07,
    7.130355974240801e-07,
    7.079655014457887e-07,
    7.028160244987497e-07,
    6.978602324025869e-07,
    6.935924937956883e-07,
    6.883158760116141e-07,
    6.835602654798843e-07,
    6.779805201989339e-07,
    6.73366860816797e-07,
    6.683144611593549e-07,
    6.63566245030336e-07,
    6.58007550560054e-07,
    6.540301395871422e-07,
    6.480597290254711e-07,
    6.427928022321943e-07,
    6.382084019059304e-07,
    6.324633007242696e-07,
    6.276386781569196e-07,
    6.225536175757469e-07,
    6.178823090948369e-07,
    6.12241348270911e-07,
    6.06898097639173e-07,
    6.016662533484601e-07,
    5.969200138499175e-07,
    5.916602542317845e-07,
    5.872082692897324e-07,
    5.812402619167348e-07,
    5.762182117893e-07,
    5.705794727460309e-07,
    5.65859052096696e-07,
    5.608264687714865e-07,
    5.566750999785618e-07,
    5.523090737601961e-07,
    5.461908307823321e-07,
    5.41343404105184e-07,
    5.367297479958721e-07,
    5.322685832471244e-07,
    5.275855150382931e-07,
    5.233744249807977e-07,
    5.187379805024178e-07,
    5.143933077531123e-07,
    5.097414861400473e-07,
    5.057438975773581e-07,
    5.010738485106939e-07,
    4.972594926424883e-07,
    4.929115261844003e-07,
    4.891889641752327e-07,
    4.848720692946956e-07,
    4.809188354596111e-07,
    4.765005018604868e-07,
    4.725782250540768e-07,
    4.68553689764331e-07,
    4.650247257982517e-07,
    4.6099496240427496e-07,
    4.5696677370668974e-07,
    4.535761261842213e-07,
    4.503280952857709e-07,
    4.4625817838060137e-07,
    4.4267760788586887e-07,
    4.392615320713144e-07,
    4.3526434746874463e-07,
    4.3201047551268765e-07,
    4.2845871663189035e-07,
    4.248888144558522e-07,
    4.2140368920196266e-07,
    4.186805742440492e-07,
    4.149861234642578e-07,
    4.11436859567084e-07,
    4.085812375858575e-07,
    4.0530834677593666e-07,
    4.0208778703579364e-07,
    3.986426173651063e-07,
    3.9541594305269247e-07,
    3.9221140597301206e-07,
    3.890753423154593e-07,
    3.860861345254465e-07,
    3.830480128066971e-07,
    3.8006931623977665e-07,
    3.768649989069205e-07,
    3.7398478819115556e-07,
    3.709076059289284e-07,
    3.682070996464032e-07,
    3.650625408259838e-07,
    3.6200166408981216e-07,
    3.5932750280208236e-07,
    3.5619653742670053e-07,
    3.535347910552956e-07,
    3.5083734798116066e-07,
    3.4789644880310065e-07,
    3.4542990478244966e-07,
    3.4278402132647554e-07,
    3.402235899297015e-07,
    3.370191232936839e-07,
    3.344116210362181e-07,
    3.3192809011850773e-07,
    3.294824128510787e-07,
    3.2674029290984565e-07,
    3.241972561106219e-07,
    3.2143139462898974e-07,
    3.1902253414969914e-07,
    3.1620465937401576e-07,
    3.1383157819732533e-07,
    3.117625644416933e-07,
    3.090087517096034e-07,
    3.066542954789058e-07,
    3.0417392517509283e-07,
    3.017116021636528e-07,
    2.9910345640644433e-07,
    2.9704094739058273e-07,
    2.943504340559272e-07,
    2.919376131466384e-07,
    2.897163220108604e-07,
    2.875298482788179e-07,
    2.8530480578422244e-07,
    2.827592505461291e-07,
    2.813185249879012e-07,
    2.785533293703162e-07,
    2.7655140361880196e-07,
    2.740884471598676e-07,
    2.7186429884782813e-07,
    2.697190529707606e-07,
    2.674105860879272e-07,
    2.652352021676898e-07,
    2.628783507745324e-07,
    2.6107448766700977e-07,
    2.590112763964035e-07,
    2.568558097205039e-07,
    2.5481377955017245e-07,
    2.5293541728207387e-07,
    2.5072098513041484e-07,
    2.4863981758314153e-07,
    2.465029848145414e-07,
    2.443991998643465e-07,
    2.4228619528808464e-07,
    2.4051992868030435e-07,
    2.3838040744178125e-07,
    2.3638229515483584e-07,
    2.3470836701976543e-07,
    2.3254431915245525e-07,
    2.308787433448157e-07,
    2.2884228289931002e-07,
    2.2701224786709716e-07,
    2.247959688290973e-07,
    2.232074186471171e-07,
    2.212082095741607e-07,
    2.1930324142035626e-07,
    2.176607490815092e-07,
    2.1611986931059862e-07,
    2.140328885247316e-07,
    2.1203979869951035e-07,
    2.1046217351921702e-07,
    2.0855357385433118e-07,
    2.0684157045196944e-07,
    2.049851106303697e-07,
    2.030414896335785e-07,
    2.0146909583034115e-07,
    1.998986772549409e-07,
    1.9792732787137892e-07,
    1.9655767404666422e-07,
    1.9484876891867532e-07,
    1.9337462002433088e-07,
    1.9140052824715716e-07,
    1.8978534054216238e-07,
    1.880788186541991e-07,
    1.8660875284286743e-07,
    1.8483041395237432e-07,
    1.8340813356853516e-07,
    1.8195076990288804e-07,
    1.8013458110248504e-07,
    1.7874891373446323e-07,
    1.7730478319140146e-07,
    1.758748962166945e-07,
    1.7425138727610674e-07,
    1.7287449100127235e-07,
    1.7145696143467887e-07,
    1.6986040148095548e-07,
