{
  "times": {
    "training": 278.6503622531891,
    "evaluation": 0.14505767822265625
  },
  "metrics": {
    "mean_rank": {
      "worst": 27.22998137802607,
      "avg": 27.22998137802607,
      "best": 27.22998137802607
    },
    "mean_reciprocal_rank": {
      "worst": 0.1503553818788801,
      "avg": 0.1503553818788801,
      "best": 0.1503553818788801
    },
    "hits_at_k": {
      "worst": {
        "1": 0.06052141527001862,
        "3": 0.13966480446927373,
        "5": 0.20065176908752327,
        "10": 0.3426443202979516
      },
      "avg": {
        "1": 0.06052141527001862,
        "3": 0.13966480446927373,
        "5": 0.20065176908752327,
        "10": 0.3426443202979516
      },
      "best": {
        "1": 0.06052141527001862,
        "3": 0.13966480446927373,
        "5": 0.20065176908752327,
        "10": 0.3426443202979516
      }
    },
    "adjusted_mean_rank": 0.5661096978573618
  },
  "losses": [
    0.20647391531797832,
    0.14818925960233595,
    0.10675567410858383,
    0.07702068978927555,
    0.055483618367477304,
    0.03979508439253332,
    0.02832729366611452,
    0.019930729705296205,
    0.013788786915580878,
    0.009323133511489697,
    0.006129379617922315,
    0.0039045892739563845,
    0.002440791249219398,
    0.0015154390208674282,
    0.0009486595559376902,
    0.0006676848423196359,
    0.0005217152761037319,
    0.00047033347541724477,
    0.0004497003804348158,
    0.0004429629444029559,
    0.00044265590095369335,
    0.00044245546341835335,
    0.00044215341405559345,
    0.00044191531638164866,
    0.0004416791371624456,
    0.00044152027079730893,
    0.00044127183439635607,
    0.0004410015729566415,
    0.0004408682944176349,
    0.00044067120720189384,
    0.0004404390837704198,
    0.0004402686831321609,
    0.000440032881499732,
    0.0004398397166519129,
    0.00043977968994709436,
    0.0004396024761784278,
    0.00043949418812850666,
    0.0004392927922378207,
    0.00043914857501868674,
    0.0004390144410232703,
    0.0004389097657724378,
    0.0004387516981820935,
    0.00043867869574702186,
    0.00043841304470286166,
    0.00043835605526070914,
    0.0004383371654577023,
    0.0004380794655364216,
    0.00043795635131944655,
    0.00043781674623991665,
    0.0004377584217276689,
    0.00043771341913955266,
    0.0004376954467067223,
    0.0004374782968145073,
    0.0004374083307700769,
    0.00043724473366995204,
    0.00043721932286487316,
    0.00043714220883248,
    0.00043704389674721584,
    0.0004369206412622098,
    0.00043681465971810317,
    0.0004366595866612058,
    0.0004367582763332441,
    0.0004366145666325918,
    0.0004365080531533068,
    0.00043646607125938386,
    0.00043623440040882385,
    0.0004362534044470903,
    0.0004362666156240617,
    0.0004362182557401474,
    0.0004361559486902608,
    0.0004360433859743652,
    0.0004359555643484387,
    0.00043580893772455413,
    0.000435775372614798,
    0.0004356862377193983,
    0.0004356619718829902,
    0.00043552695278231793,
    0.00043552247755062045,
    0.0004355378574534748,
    0.0004355750589069914,
    0.0004355111691319429,
    0.00043532543916827284,
    0.00043530777892035043,
    0.00043523861426678713,
    0.0004350265927529067,
    0.00043507173050487977,
    0.00043498789316064187,
    0.0004349516387261478,
    0.0004348911079909471,
    0.0004350408459996128,
    0.0004349468783423137,
    0.0004348661436626081,
    0.00043473742319766277,
    0.000434598507889815,
    0.0004345480115449384,
    0.0004344387311307009,
    0.00043445003693330376,
    0.0004344710989502932,
    0.0004344910561117563,
    0.0004344383456957028,
    0.0004342514498347647,
    0.00043405043414692756,
    0.00043425090481921306,
    0.00043414517790637213,
    0.0004341151244408182,
    0.00043406977042667426,
    0.00043415856174427027,
    0.00043404756256898913,
    0.0004339309728421857,
    0.00043385288301394894,
    0.00043396155301076865,
    0.0004338790446324518,
    0.00043380644420085103,
    0.00043383926808945693,
    0.00043354857336269333,
    0.0004334832055054689,
    0.00043336824384912124,
    0.00043349054272283106,
    0.0004334421776067675,
    0.0004335187788885296,
    0.00043322417051409293,
    0.00043327686523369856,
    0.000433204256081849,
    0.0004331607542485557,
    0.0004332884308997165,
    0.00043321025997316567,
    0.00043304679542082304,
    0.0004328880075379257,
    0.00043303952360532704,
    0.0004330949599711636,
    0.0004330609265840455,
    0.0004330912922345074,
    0.0004329367127436935,
    0.00043286462855082324,
    0.0004325737672673071,
    0.00043238367543517426,
    0.0004326452480189586,
    0.00043277348799819357,
    0.00043281029093633877,
    0.00043274061963631863,
    0.00043233345290611075,
    0.00043247760733945316,
    0.000432556988636541,
    0.00043265009124515653,
    0.00043255269827411865,
    0.00043233714680351344,
    0.0004321745377075806,
    0.000431916621524129,
    0.0004320644201494558,
    0.0004322553543576252,
    0.0004323453987749775,
    0.0004325564593174373,
    0.0004323481683260046,
    0.0004321489150004552,
    0.00043205362971355854,
    0.0004318437498927898,
    0.0004315377581055356,
    0.0004316760603798909,
    0.00043212608538902876,
    0.0004319332580148392,
    0.00043180710915127274,
    0.0004318016799243537,
    0.0004316589250909478,
    0.00043159218553858304,
    0.0004315439887233218,
    0.0004313415769236476,
    0.00043121690614225715,
    0.0004315839640879899,
    0.0004317658126689075,
    0.0004316399890706222,
    0.0004311964571587602,
    0.000431291800871324,
    0.00043133676334629567,
    0.00043120819548570486,
    0.0004311823364598363,
    0.00043129136398685784,
    0.0004309707527024469,
    0.0004309257675548283,
    0.00043088118964282985,
    0.0004310021081011505,
    0.00043103755591262816,
    0.0004309412965739376,
    0.0004309026152941953,
    0.0004306786505275228,
    0.0004307227130728156,
    0.00043077602256996354,
    0.00043076646692130003,
    0.0004308557256442331,
    0.0004305121905697084,
    0.0004302641378597039,
    0.000430336579582776,
    0.0004305963906762975,
    0.00043052766813934967,
    0.00043036102156821036,
    0.0004306378432511167,
    0.0004303059122117048,
    0.0004302283421102981,
    0.00043005794060001435,
    0.00043028710699511156,
    0.00043011466320255277,
    0.00043025562602482485,
    0.00043060989136552987,
    0.00043018998871191164,
    0.0004299262936195631,
    0.0004295953715129403,
    0.000429473061302907,
    0.0004296365153909511,
    0.0004299591052998206,
    0.00043003010992588624,
    0.0004298137169512693,
    0.00042969051204370647,
    0.0004297174026750112,
    0.00042945474878037246,
    0.0004295243529344766,
    0.00042927634731381576,
    0.00042883592678673484,
    0.00042883869720978683,
    0.0004292312426987882,
    0.000429230620073022,
    0.00042920251035093144,
    0.000429051248042771,
    0.000429412362266904,
    0.00042905228749643104,
    0.0004286708018990157,
    0.0004283834121465571,
    0.0004284405820978603,
    0.00042878258938479065,
    0.0004289959974182344,
    0.00042881444096565247,
    0.0004284646770173914,
    0.00042841857218982353,
    0.00042834515728698244,
    0.0004283110750664709,
    0.0004279337812926662,
    0.00042821537207965546,
    0.0004286255830487285,
    0.00042859543453246246,
    0.00042814982022518075,
    0.0004280665366167433,
    0.00042815663945976266,
    0.0004279131657524167,
    0.00042758281220601737,
    0.0004277097275794557,
    0.00042777996307957484,
    0.0004284153195370114,
    0.00042838156258178116,
    0.0004279394546865524,
    0.00042761185150663283,
    0.0004273976394662473,
    0.00042727819385795336,
    0.00042727676460917077,
    0.0004276257236784652,
    0.00042790032867412,
    0.0004281536501584651,
    0.00042789830034424304,
    0.00042758922769307867,
    0.0004272875149319234,
    0.0004275520916414283,
