{
  "times": {
    "training": 23651.421945810318,
    "evaluation": 32.22633934020996
  },
  "metrics": {
    "arithmetic_mean_rank": {
      "head": {
        "optimistic": 4167.893042372052,
        "pessimistic": 4167.893531656718,
        "realistic": 4167.893287014385
      },
      "tail": {
        "optimistic": 587.0910558763088,
        "pessimistic": 587.0912026617086,
        "realistic": 587.0911292690087
      },
      "both": {
        "optimistic": 2377.4920491241805,
        "pessimistic": 2377.4923671592132,
        "realistic": 2377.4922081416967
      }
    },
    "geometric_mean_rank": {
      "head": {
        "optimistic": 1992.38427653851,
        "pessimistic": 1992.3845927808447,
        "realistic": 1992.384434679456
      },
      "tail": {
        "optimistic": 26.989657804996234,
        "pessimistic": 26.98969634199066,
        "realistic": 26.989677204615656
      },
      "both": {
        "optimistic": 231.89172007605058,
        "pessimistic": 231.89190403206337,
        "realistic": 231.89181261851235
      }
    },
    "median_rank": {
      "head": {
        "optimistic": 2798.0,
        "pessimistic": 2798.0,
        "realistic": 2798.0
      },
      "tail": {
        "optimistic": 19.0,
        "pessimistic": 19.0,
        "realistic": 19.0
      },
      "both": {
        "optimistic": 506.0,
        "pessimistic": 506.0,
        "realistic": 506.0
      }
    },
    "harmonic_mean_rank": {
      "head": {
        "optimistic": 266.3463484808692,
        "pessimistic": 266.34635411640085,
        "realistic": 266.3463512996298
      },
      "tail": {
        "optimistic": 3.554735933707449,
        "pessimistic": 3.5547364248970488,
        "realistic": 3.5547361827578947
      },
      "both": {
        "optimistic": 7.015836470685767,
        "pessimistic": 7.015837429313599,
        "realistic": 7.015836956730468
      }
    },
    "inverse_arithmetic_mean_rank": {
      "head": {
        "optimistic": 0.00023992938154451175,
        "pessimistic": 0.0002399293533783011,
        "realistic": 0.00023992936746140557
      },
      "tail": {
        "optimistic": 0.0017033132935526866,
        "pessimistic": 0.0017033128676878099,
        "realistic": 0.0017033130806202218
      },
      "both": {
        "optimistic": 0.00042061129094769404,
        "pessimistic": 0.0004206112346828969,
        "realistic": 0.00042061126281529366
      }
    },
    "inverse_geometric_mean_rank": {
      "head": {
        "optimistic": 0.0005019112084830144,
        "pessimistic": 0.0005019111288168832,
        "realistic": 0.0005019111686449632
      },
      "tail": {
        "optimistic": 0.0370512292977232,
        "pessimistic": 0.03705117639445971,
        "realistic": 0.0370512026660691
      },
      "both": {
        "optimistic": 0.004312357507512742,
        "pessimistic": 0.004312354086590843,
        "realistic": 0.004312355786554269
      }
    },
    "inverse_harmonic_mean_rank": {
      "head": {
        "optimistic": 0.0037545098917390516,
        "pessimistic": 0.0037545098122986576,
        "realistic": 0.0037545098520048313
      },
      "tail": {
        "optimistic": 0.2813148483175906,
        "pessimistic": 0.28131480944581194,
        "realistic": 0.28131482860822693
      },
      "both": {
        "optimistic": 0.14253467910466483,
        "pessimistic": 0.14253465962905526,
        "realistic": 0.14253466923011587
      }
    },
    "inverse_median_rank": {
      "head": {
        "optimistic": 0.00035739814152966406,
        "pessimistic": 0.00035739814152966406,
        "realistic": 0.00035739814152966406
      },
      "tail": {
        "optimistic": 0.05263157894736842,
        "pessimistic": 0.05263157894736842,
        "realistic": 0.05263157894736842
      },
      "both": {
        "optimistic": 0.001976284584980237,
        "pessimistic": 0.001976284584980237,
        "realistic": 0.001976284584980237
      }
    },
    "rank_std": {
      "head": {
        "optimistic": 3989.714045173679,
        "pessimistic": 3989.71408418518,
        "realistic": 3989.714064664108
      },
      "tail": {
        "optimistic": 1755.7168737176462,
        "pessimistic": 1755.7170912343493,
        "realistic": 1755.716982465552
      },
      "both": {
        "optimistic": 3564.5077736034546,
        "pessimistic": 3564.5079350217497,
        "realistic": 3564.507854301454
      }
    },
    "rank_var": {
      "head": {
        "optimistic": 15917818.162256122,
        "pessimistic": 15917818.473545592,
        "realistic": 15917818.317778597
      },
      "tail": {
        "optimistic": 3082541.7406568653,
        "pessimistic": 3082542.5044524046,
        "realistic": 3082542.1225179434
      },
      "both": {
        "optimistic": 12705715.668079456,
        "pessimistic": 12705716.81883302,
        "realistic": 12705716.243376754
      }
    },
    "hits_at_k": {
      "head": {
        "optimistic": {
          "1": 0.0005382131324004305,
          "3": 0.0014678539974557197,
          "5": 0.0028867795283295822,
          "10": 0.005969272922986594
        },
        "pessimistic": {
          "1": 0.0005382131324004305,
          "3": 0.0014678539974557197,
          "5": 0.0028867795283295822,
          "10": 0.005969272922986594
        },
        "realistic": {
          "1": 0.0005382131324004305,
          "3": 0.0014678539974557197,
          "5": 0.0028867795283295822,
          "10": 0.005969272922986594
        }
      },
      "tail": {
        "optimistic": {
          "1": 0.2078481260397299,
          "3": 0.30144828261082296,
          "5": 0.35365495645366474,
          "10": 0.430032292787944
        },
        "pessimistic": {
          "1": 0.2078481260397299,
          "3": 0.30144828261082296,
          "5": 0.35365495645366474,
          "10": 0.430032292787944
        },
        "realistic": {
          "1": 0.2078481260397299,
          "3": 0.30144828261082296,
          "5": 0.35365495645366474,
          "10": 0.430032292787944
        }
      },
      "both": {
        "optimistic": {
          "1": 0.10419316958606517,
          "3": 0.15145806830413935,
          "5": 0.17827086799099717,
          "10": 0.2180007828554653
        },
        "pessimistic": {
          "1": 0.10419316958606517,
          "3": 0.15145806830413935,
          "5": 0.17827086799099717,
          "10": 0.2180007828554653
        },
        "realistic": {
          "1": 0.10419316958606517,
          "3": 0.15145806830413935,
          "5": 0.17827086799099717,
          "10": 0.2180007828554653
        }
      }
    },
    "adjusted_arithmetic_mean_rank": {
      "head": {
        "realistic": 0.5923131346966564
      },
      "tail": {
        "realistic": 0.08114934433081729
      },
      "both": {
        "realistic": 0.3331842080683027
      }
    },
    "adjusted_arithmetic_mean_rank_index": {
      "head": {
        "realistic": 0.4077448112704519
      },
      "tail": {
        "realistic": 0.91897767928172
      },
      "both": {
        "realistic": 0.666909253281706
      }
    }
  },