{
  "times": {
    "training": 43137.43353128433,
    "evaluation": 54.14985394477844
  },
  "metrics": {
    "arithmetic_mean_rank": {
      "tail": {
        "pessimistic": 3596.027017783858,
        "realistic": 3596.0268467852256,
        "optimistic": 3596.026675786594
      },
      "both": {
        "pessimistic": 3792.6289329685364,
        "realistic": 3792.628761969904,
        "optimistic": 3792.6285909712724
      },
      "head": {
        "pessimistic": 3989.230848153215,
        "realistic": 3989.2306771545827,
        "optimistic": 3989.230506155951
      }
    },
    "geometric_mean_rank": {
      "tail": {
        "pessimistic": 39.58116214378754,
        "realistic": 39.5811602059665,
        "optimistic": 39.58115826786809
      },
      "both": {
        "pessimistic": 47.835077934102486,
        "realistic": 47.83507661662574,
        "optimistic": 47.83507529897868
      },
      "head": {
        "pessimistic": 57.810194472038894,
        "realistic": 57.81019411789569,
        "optimistic": 57.81019376374617
      }
    },
    "median_rank": {
      "tail": {
        "pessimistic": 7.0,
        "realistic": 7.0,
        "optimistic": 7.0
      },
      "both": {
        "pessimistic": 9.0,
        "realistic": 9.0,
        "optimistic": 9.0
      },
      "head": {
        "pessimistic": 14.0,
        "realistic": 14.0,
        "optimistic": 14.0
      }
    },
    "harmonic_mean_rank": {
      "tail": {
        "pessimistic": 3.0388288918063973,
        "realistic": 3.0388288916769572,
        "optimistic": 3.0388288915474795
      },
      "both": {
        "pessimistic": 3.036965344157517,
        "realistic": 3.0369653440918642,
        "optimistic": 3.036965344026193
      },
      "head": {
        "pessimistic": 3.0351040807316605,
        "realistic": 3.0351040807296386,
        "optimistic": 3.035104080727617
      }
    },
    "inverse_arithmetic_mean_rank": {
      "tail": {
        "pessimistic": 0.0002780846737398194,
        "realistic": 0.00027808468696333,
        "optimistic": 0.0002780847001868417
      },
      "both": {
        "pessimistic": 0.00026366934853742414,
        "realistic": 0.0002636693604255104,
        "optimistic": 0.0002636693723135977
      },
      "head": {
        "pessimistic": 0.00025067488898591634,
        "realistic": 0.0002506748997311117,
        "optimistic": 0.00025067491047630805
      }
    },
    "inverse_geometric_mean_rank": {
      "tail": {
        "pessimistic": 0.025264543682857857,
        "realistic": 0.0252645449197636,
        "optimistic": 0.025264546156846503
      },
      "both": {
        "pessimistic": 0.02090516088167763,
        "realistic": 0.020905161457448907,
        "optimistic": 0.020905162033294653
      },
      "head": {
        "pessimistic": 0.01729798713068974,
        "realistic": 0.017297987236656598,
        "optimistic": 0.017297987342625346
      }
    },
    "inverse_harmonic_mean_rank": {
      "tail": {
        "pessimistic": 0.3290741386250153,
        "realistic": 0.32907413863903234,
        "optimistic": 0.32907413865305346
      },
      "both": {
        "pessimistic": 0.3292760656369655,
        "realistic": 0.32927606564408374,
        "optimistic": 0.329276065651204
      },
      "head": {
        "pessimistic": 0.3294779926489157,
        "realistic": 0.3294779926491352,
        "optimistic": 0.3294779926493546
      }
    },
    "inverse_median_rank": {
      "tail": {
        "pessimistic": 0.14285714285714285,
        "realistic": 0.14285714285714285,
        "optimistic": 0.14285714285714285
      },
      "both": {
        "pessimistic": 0.1111111111111111,
        "realistic": 0.1111111111111111,
        "optimistic": 0.1111111111111111
      },
      "head": {
        "pessimistic": 0.07142857142857142,
        "realistic": 0.07142857142857142,
        "optimistic": 0.07142857142857142
      }
    },
    "rank_std": {
      "tail": {
        "pessimistic": 8361.634263613518,
        "realistic": 8361.63426572557,
        "optimistic": 8361.634267847845
      },
      "both": {
        "pessimistic": 8306.703465363891,
        "realistic": 8306.703220176378,
        "optimistic": 8306.702974999149
      },
      "head": {
        "pessimistic": 8246.721332652922,
        "realistic": 8246.72083656969,
        "optimistic": 8246.72034049679
      }
    },
    "rank_var": {
      "tail": {
        "pessimistic": 69916927.55843557,
        "realistic": 69916927.59375599,
        "optimistic": 69916927.62924737
      },
      "both": {
        "pessimistic": 69001322.46148847,
        "realistic": 69001318.38808861,
        "optimistic": 69001314.31485972
      },
      "head": {
        "pessimistic": 68008412.7384328,
        "realistic": 68008404.55631268,
        "optimistic": 68008396.3743635
      }
    },
    "hits_at_k": {
      "tail": {
        "pessimistic": {
          "1": 0.20143638850889192,
          "3": 0.4374145006839945,
          "5": 0.4832421340629275,
          "10": 0.5277017783857729
        },
        "realistic": {
          "1": 0.20143638850889192,
          "3": 0.4374145006839945,
          "5": 0.4832421340629275,
          "10": 0.5277017783857729
        },
        "optimistic": {
          "1": 0.20143638850889192,
          "3": 0.4374145006839945,
          "5": 0.4832421340629275,
          "10": 0.5277017783857729
        }
      },
      "both": {
        "pessimistic": {
          "1": 0.22264021887824897,
          "3": 0.41415868673050615,
          "5": 0.45998632010943913,
          "10": 0.5054719562243503
        },
        "realistic": {
          "1": 0.22264021887824897,
          "3": 0.41415868673050615,
          "5": 0.45998632010943913,
          "10": 0.5054719562243503
        },
        "optimistic": {
          "1": 0.22264021887824897,
          "3": 0.41415868673050615,
          "5": 0.45998632010943913,
          "10": 0.5054719562243503
        }
      },
      "head": {
        "pessimistic": {
          "1": 0.24384404924760603,
          "3": 0.3909028727770178,
          "5": 0.43673050615595077,
          "10": 0.4832421340629275
        },
        "realistic": {
          "1": 0.24384404924760603,
          "3": 0.3909028727770178,
          "5": 0.43673050615595077,
          "10": 0.4832421340629275
        },
        "optimistic": {
          "1": 0.24384404924760603,
          "3": 0.3909028727770178,
          "5": 0.43673050615595077,
          "10": 0.4832421340629275
        }
      }
    },
    "adjusted_arithmetic_mean_rank": {
      "tail": {
        "realistic": 0.17734471470868796
      },
      "both": {
        "realistic": 0.18708199721594052
      },
      "head": {
        "realistic": 0.19682360116772504
      }
    },
    "adjusted_arithmetic_mean_rank_index": {
      "tail": {
        "realistic": 0.8226958580591072
      },
      "both": {
        "realistic": 0.8129581042111524
      },
      "head": {
        "realistic": 0.8032160284962474
      }
    }
  },