{
  "times": {
    "training": 26.349421501159668,
    "evaluation": 0.10097241401672363
  },
  "metrics": {
    "mean_rank": {
      "best": 5.117783985102421,
      "worst": 5.3752327746741155,
      "avg": 5.246508379888268
    },
    "mean_reciprocal_rank": {
      "best": 0.5331391411706526,
      "worst": 0.47513723980282957,
      "avg": 0.4895873255826064
    },
    "hits_at_k": {
      "best": {
        "1": 0.36778398510242083,
        "3": 0.6247672253258846,
        "5": 0.744413407821229,
        "10": 0.8836126629422719
      },
      "worst": {
        "1": 0.28631284916201116,
        "3": 0.5810055865921788,
        "5": 0.729050279329609,
        "10": 0.8822160148975792
      },
      "avg": {
        "1": 0.28631284916201116,
        "3": 0.6052141527001862,
        "5": 0.7402234636871509,
        "10": 0.8836126629422719
      }
    },
    "adjusted_mean_rank": 0.10904524052772303
  },
  "losses": [
    0.003993661146745518,
    0.0019617563101439308,
    0.00179815025919637,
    0.0016093941977773636,
    0.0016012443565912964,
    0.001584574906624161,
    0.0015737105661627101,
    0.0015911139402254013,
    0.0015608481996648054,
    0.0015453753067658032,
    0.0014911644765087102,
    0.001471332601360346,
    0.0014166470689841316,
    0.0014022070409420188,
    0.0013699912686119284,
    0.001368763277063432,
    0.0013271222335477775,
    0.0013008680373271448,
    0.0012531605096453389,
    0.0012125993636036992,
    0.0011859534935812896,
    0.0011322526553454945,
    0.001055081945647143,
    0.0009865652198548709,
    0.0009444638416215187,
    0.0008871725337472873,
    0.0008551638028620262,
    0.0008098372981137535,
    0.0007754341605995589,
    0.0007300455456234564,
    0.0007140607329922502,
    0.0007085058156592808,
    0.0006976446689339769,
    0.000685284023386547,
    0.0006603839492360257,
    0.0006501995657872279,
    0.0006360574286318587,
    0.0006327704830308014,
    0.0006397461541804285,
    0.0006279251265271731,
    0.0006029348293305008,
    0.0006026662864086541,
    0.0005936527116331143,
    0.000595640349204615,
    0.0006025702978747353,
    0.0005767262320747173,
    0.0005786937279345511,
    0.0005623048834189499,
    0.0005543262203146255,
    0.0005509729120525261,
    0.000528054275478817,
    0.0005393985541986248,
    0.000539331293850696,
    0.0005347921213608228,
    0.000520118752074284,
    0.0005277575050464673,
    0.0005278619455119574,
    0.0005262959715422263,
    0.0005259947678159157,
    0.0005132750298688933,
    0.0004983281064943987,
    0.0004865849680664837,
    0.0004974141333179406,
    0.00048207958124670637,
    0.0004687998697488106,
    0.00046560141578307865,
    0.0004622151246961579,
    0.00045741058096439617,
    0.00046039600523002335,
    0.0004678672568871468,
    0.00047500566742065886,
    0.0004601334240960256,
    0.0004770295653666456,
    0.00048006311182512764,
    0.000509294057612309,
    0.0005027982761974233,
    0.0005040819000710814,
    0.0004938282668061197,
    0.0004870644475561123,
    0.0004813346467016716,
    0.00046662492881589134,
    0.0004491327675649441,
    0.00044681234621592284,
    0.0004271751610466261,
    0.0004341167156833244,
    0.00044369698232486445,
    0.00044101042824076645,
    0.0004464564254962883,
    0.00046166963765012785,
    0.00047179276885684246,
    0.0004508830298150764,
    0.00043597046116035035,
    0.0004484753740334948,
    0.00043599319226858953,
    0.00044664401558816184,
    0.00045336658535376326,
    0.0004565580056008677,
    0.00048700715439992944,
    0.00046007137783114343,
    0.0004485343875724088,
    0.00043156884209230286,
    0.00043296655821969623,
    0.0004081456106467103,
    0.00040254353938757703,
    0.00042800518175142627,
    0.0004299412541589912,
    0.0004250900836439793,
    0.00042525062843707274,
    0.0004354848191715543,
    0.0004341060978340072,
    0.0004271929956809383,
    0.0004180041161107198,
    0.00041498359603737853,
    0.00040899021049234694,
    0.00040159431821570164,
    0.0004062986209803322,
    0.00040407357941441734,
    0.0004067781754610029,
    0.0003966972377435776,
    0.00040421671084640577,
    0.0004798541095851087,
    0.000472110245639294,
    0.00045525603980055355,
    0.0004036730544640511,
    0.0003870322819536716,
    0.00038533972089921603,
    0.0004062707000508543,
    0.0003885200887900827,
    0.00038374933072841684,
    0.00038168055064371874,
    0.00039581792807353184,
    0.0004023973597902882,
    0.00040135284044320516,
    0.00038780698132557303,
    0.0003820359442204396,
    0.00036592457317755447,
    0.00036244976839911944,
    0.000371320000003258,
    0.0003911367997465365,
    0.0004257620099982685,
    0.0004333816270209968,
    0.00041414084450036836,
    0.00039732171241315317,
    0.00037875950839337405,
    0.0003781951456609176,
    0.00039763776877704214,
    0.0004022300503640714,
    0.00041024504883392383,
    0.00041576836847073234,
    0.00040686683031212583,
    0.0004050243864262718,
    0.00039967141335288614,
    0.0003783089622122921,
    0.00037229325580413416,
    0.00036483118613843315,
    0.0003644590078019898,
    0.000368855931107429,
    0.00036680743830524445,
    0.0003749584484693212,
    0.00037777415477290813,
    0.00039488312503231426,
    0.00038985817821651184,
    0.00037760963324896325,
    0.0003712803760599709,
    0.00035888055872112563,
    0.00035709536608469563,
    0.0003645724670431048,
    0.00037157762290599994,
    0.0003945823580185431,
    0.00037419114012630683,
    0.00035759162151157114,
    0.000348789256800555,
    0.0003564489146285399,
    0.0003719483014216008,
    0.0003727284199991051,
    0.0003793131959304222,
    0.00037008066275121194,
    0.00034495241512131453,
    0.0003732966337421365,
    0.00037140423699975227,
    0.0003574028359742613,
    0.0003838231549981503,
    0.0003789597741769855,
    0.0003716553621492561,
    0.000371771898228717,
    0.0003769872847959937,
    0.0003963110471103515,
    0.00039957645484298696,
    0.00038111351911241027,
    0.0003623696845829875,
    0.0003452390551461208,
    0.0003466820768910516,
    0.00035694920854359566,
    0.00036148472191173696,
    0.00035859617504443975,
    0.0003727348582006334,
    0.0003841466817932061,
    0.00041060481174165785,
    0.0004048021615010313,
    0.0003794299834504362
  ]
}