{
  "times": {
    "training": 9444.308579206467,
    "evaluation": 234.34689331054688
  },
  "metrics": {
    "mean_rank": {
      "worst": 2857.2439783219593,
      "avg": 2857.2428743476517,
      "best": 2857.241770373344
    },
    "mean_reciprocal_rank": {
      "worst": 0.305637788820132,
      "avg": 0.30563778889674503,
      "best": 0.3056377889734329
    },
    "hits_at_k": {
      "worst": {
        "1": 0.20152549177037335,
        "3": 0.3584905660377358,
        "5": 0.42864311521477316,
        "10": 0.5085307105580088
      },
      "avg": {
        "1": 0.20152549177037335,
        "3": 0.3584905660377358,
        "5": 0.42864311521477316,
        "10": 0.5085307105580088
      },
      "best": {
        "1": 0.20152549177037335,
        "3": 0.3584905660377358,
        "5": 0.42864311521477316,
        "10": 0.5085307105580088
      }
    },
    "adjusted_mean_rank": 0.05059758106850292
  },
  "losses": [
    0.00045114728055778994,
    0.0002495988579660533,
    0.0001930459104905854,
    0.0001581621888236632,
    0.00013795724091166274,
    0.0001173055789424124,
    9.792931351190874e-05,
    8.304529818192841e-05,
    7.194836090791339e-05,
    6.332661812784873e-05,
    5.6318469718649086e-05,
    5.087818139744701e-05,
    4.643178122693781e-05,
    4.2800489914820074e-05,
    4.0490347943174036e-05,
    3.71728808663685e-05,
    3.522500399132042e-05,
    3.340976180788641e-05,
    3.176723910571827e-05,
    3.0367575969745455e-05,
    2.9647642312766264e-05,
    2.800890030710074e-05,
    2.7248244461202133e-05,
    2.6276144301557347e-05,
    2.5688686500656545e-05,
    2.4976060224063762e-05,
    2.4255596745275055e-05,
    2.369093632504245e-05,
    2.3512566494720255e-05,
    2.2683955014827547e-05,
    2.242553875401428e-05,
    2.1901241078136193e-05,
    2.1344294057766375e-05,
    2.1214051272282956e-05,
    2.075198247454136e-05,
    2.059774899777975e-05,
    2.0406872033962023e-05,
    1.9862093655944305e-05,
    1.981699134037595e-05,
    1.94537203414106e-05,
    1.917566409748098e-05,
    1.9038403059562153e-05,
    1.8856803736043774e-05,
    1.875592439559361e-05,
    1.842175120791818e-05,
    1.823208129457394e-05,
    1.819414968694181e-05,
    1.808601641644063e-05,
    1.787983526956475e-05,
    1.7639309342773926e-05,
    1.7689873630720815e-05,
    1.7258803687699046e-05,
    1.7256900818197907e-05,
    1.714521840769725e-05,
    1.6985634821517596e-05,
    1.7104056629837183e-05,
    1.7028382689462713e-05,
    1.6660517907675032e-05,
    1.648518475795123e-05,
    1.6463402783182266e-05,
    1.6413852510867137e-05,
    1.6319656094407157e-05,
    1.62802006632719e-05,
    1.610055344756099e-05,
    1.6073364775460976e-05,
    1.596009149131572e-05,
    1.5821309909120135e-05,
    1.5788211406056044e-05,
    1.5760862116463035e-05,
    1.5631665384109274e-05,
    1.5554107855799487e-05,
    1.5558500850885626e-05,
    1.5544498891281414e-05,
    1.537111079009055e-05,
    1.5334878808423313e-05,
    1.5284797964883428e-05,
    1.5184639355836861e-05,
    1.5179461969801375e-05,
    1.5174679094579888e-05,
    1.5051791911650723e-05,
    1.5005126430728575e-05,
    1.4934466760244404e-05,
    1.4970062331157733e-05,
    1.4918981297335966e-05,
    1.4857235604323704e-05,
    1.4813021444684645e-05,
    1.469256298015451e-05,
    1.4672533494247785e-05,
    1.465076697724627e-05,
    1.4642094898926184e-05,
    1.4581923176235076e-05,
    1.4453010334288423e-05,
    1.4551642564804054e-05,
    1.4400984601014316e-05,
    1.4402959086456208e-05,
    1.4351498032857414e-05,
    1.4348745631109008e-05,
    1.428608043482865e-05,
    1.4235244793764584e-05,
    1.4209633569484495e-05,
    1.418880436292176e-05,
    1.4257361927235344e-05,
    1.4147340400715978e-05,
    1.406691286464418e-05,
    1.4091572450824883e-05,
    1.4038308622331492e-05,
    1.400121969220473e-05,
    1.4021666244779674e-05,
    1.3911731659738024e-05,
    1.4004753884969717e-05,
    1.3887006688944032e-05,
    1.394144085264637e-05,
    1.3812453606361907e-05,
    1.378125977779539e-05,
    1.3815663761079518e-05,
    1.3763420060066495e-05,
    1.3755152058240724e-05,
    1.3720998011101765e-05,
    1.3687998745827035e-05,
    1.3722396385724874e-05,
    1.3645085424219704e-05,
    1.3624535370973645e-05,
    1.3568485019101692e-05,
    1.358644577188003e-05,
    1.3552531441880632e-05,
    1.3503161161657803e-05,
    1.3573661355902826e-05,
    1.3531290621868786e-05,
    1.3492056128190234e-05,
    1.3505843636960765e-05,
    1.344748115984621e-05,
    1.3410701155496565e-05,
    1.3415692866774342e-05,
    1.346318982477469e-05,
    1.3381424912577879e-05,
    1.3375000916251873e-05,
    1.3309687302775513e-05,
    1.3342308265060995e-05,
    1.3275586111881098e-05,
    1.3321228998982896e-05,
    1.3293673441699466e-05,
    1.3255417761743226e-05,
    1.323643061138528e-05,
    1.3243548160254269e-05,
    1.3203989779629298e-05,
    1.3198400099974508e-05,
    1.318034328695751e-05,
    1.3174210039359985e-05,
    1.3159489184607222e-05,
    1.3127629020508073e-05,
    1.3099857216762862e-05,
    1.310173485090656e-05,
    1.3066180521625299e-05,
    1.305992826294794e-05,
    1.3091239629180255e-05,
    1.3043150069939282e-05,
    1.30276914688027e-05,
    1.3060896034689687e-05,
    1.301480981978316e-05,
    1.3026658317050597e-05,
    1.2994918363242411e-05,
    1.2976408242145215e-05,
    1.2981361663111724e-05,
    1.2947029626868409e-05,
    1.2934986949476665e-05,
    1.291612272234129e-05,
    1.2928814524825501e-05,
    1.2949014014731401e-05,
    1.2856737280463882e-05,
    1.2868141298852838e-05,
    1.2813759796096303e-05,
    1.2856907192580736e-05,
    1.284609311374627e-05,
    1.2841641227019866e-05,
    1.2774991189809788e-05,
    1.2818278164634513e-05,
    1.2807090338551214e-05,
    1.2793325023450703e-05,
    1.279650442442349e-05,
    1.2773859134884014e-05,
    1.2721513902889241e-05,
    1.2699925679676684e-05,
    1.2749305989897804e-05,
    1.2732803569781899e-05,
    1.2732708207381334e-05,
    1.2693122629266342e-05,
    1.2677983242227275e-05,
    1.2675479932715676e-05,
    1.2644010173143582e-05,
    1.2679973734757798e-05,
    1.2689119419312699e-05,
    1.2644730044400217e-05,
    1.2659228636601503e-05,
    1.2652753536621278e-05,
    1.2642520249721828e-05,
    1.2637275672871943e-05,
    1.2617639810389517e-05,
    1.2600661132131054e-05,
    1.2605423912372267e-05,
    1.2604524388768753e-05,
    1.2612808858023392e-05,
    1.2610164474243039e-05,
    1.2545208582902657e-05,
    1.2540025459265134e-05,
    1.256049979644185e-05,
    1.2566214472755295e-05,
    1.2500444044920248e-05,
    1.2515303278858649e-05,
    1.2492527381390854e-05,
    1.2581111315438126e-05,
    1.2553505525070838e-05,
    1.2450724520171356e-05,
    1.2468727335697021e-05,
    1.245827945420415e-05,
    1.2504236490579302e-05,
    1.2559982137952901e-05,
    1.2410563656271886e-05,
    1.2408123663513842e-05,
    1.2447248974928425e-05,
    1.2412857556288233e-05,
    1.241028554004649e-05,
    1.2435282189117773e-05,
    1.242148712795774e-05,
    1.2442323367437704e-05,
    1.2387668625742064e-05,
    1.2382344556504496e-05,
    1.2373576368207967e-05,
    1.2423764434220535e-05,
    1.235278549759075e-05,
    1.2387675418456444e-05,
    1.2344553051316524e-05,
    1.238656774663056e-05,
    1.234380591760346e-05,
    1.2400094542457303e-05,
    1.2344190891112285e-05,
    1.231147584435505e-05,
    1.2331571494563388e-05,
    1.2301731644105257e-05,
    1.2354797765816002e-05,
    1.2292680558876698e-05,
    1.2272271075286567e-05,
    1.2302569094717711e-05,
    1.2249807304483657e-05,
    1.2285902566630624e-05,
    1.2261695690597662e-05,
    1.2267640810398888e-05,
    1.2297971866227533e-05,
    1.2273476078151632e-05,
    1.2279710222134275e-05,
    1.225450200101301e-05,
    1.2238768163118513e-05,
    1.2275559084074382e-05,
    1.2213956996251862e-05,
    1.2232416489396457e-05,
