{
  "times": {
    "training": 283.87603855133057,
    "evaluation": 0.254436731338501
  },
  "metrics": {
    "mean_rank": {
      "worst": 50.885474860335194,
      "avg": 49.51117318435754,
      "best": 48.13687150837989
    },
    "mean_reciprocal_rank": {
      "worst": 0.040613259219531024,
      "avg": 0.04775453306140827,
      "best": 0.07601563011243058
    },
    "hits_at_k": {
      "worst": {
        "1": 0.000931098696461825,
        "3": 0.017690875232774673,
        "5": 0.040968342644320296,
        "10": 0.08333333333333333
      },
      "avg": {
        "1": 0.000931098696461825,
        "3": 0.03165735567970205,
        "5": 0.05493482309124767,
        "10": 0.0931098696461825
      },
      "best": {
        "1": 0.040502793296089384,
        "3": 0.049348230912476726,
        "5": 0.06843575418994413,
        "10": 0.10707635009310987
      }
    },
    "adjusted_mean_rank": 1.0273050751781623
  },
  "losses": [
    0.003912033307826503,
    0.003629451386729946,
    0.003410648477171314,
    0.0032343250683644848,
    0.0031017343679788324,
    0.002994841243722912,
    0.0029137853475475913,
    0.0028546168861303773,
    0.002813751876008896,
    0.002783627774913478,
    0.002763165913789083,
    0.0027489632362419606,
    0.0027404028130084807,
    0.0027344388682796353,
    0.002730029087499733,
    0.0027268752981106357,
    0.002724414958822635,
    0.0027227284201884762,
    0.0027210180181573922,
    0.0027190152974712074,
    0.0027185558382428706,
    0.0027172763972309476,
    0.00271695371030931,
    0.002715809380178678,
    0.0027154437787325057,
    0.00271500257512708,
    0.0027146465982195367,
    0.0027141708883715006,
    0.0027139485782720425,
    0.0027130889121620926,
    0.0027133389759794826,
    0.0027132529925820085,
    0.0027121953541510615,
    0.002712267177390486,
    0.00271195207861137,
    0.0027115140415462998,
    0.002711191693624335,
    0.002711049742143852,
    0.002711202267362049,
    0.0027104506479691337,
    0.0027105092589415555,
    0.0027105843418099907,
    0.0027101924782444477,
    0.0027104824768773485,
    0.002709995235372265,
    0.002709771484687701,
    0.002709351066231365,
    0.0027096309341151925,
    0.002709633693419927,
    0.002709720606613932,
    0.002709394417858372,
    0.002708584683239181,
    0.0027090937835739905,
    0.002708580746046836,
    0.0027090141195228344,
    0.0027083457185544967,
    0.0027083410660837417,
    0.0027083928767881226,
    0.002708360853636365,
    0.0027084822190074384,
    0.0027079523016946315,
    0.002707997908159979,
    0.002707520555417064,
    0.0027075220507217315,
    0.0027070815216275524,
    0.002707148221066773,
    0.0027071271573057337,
    0.0027070219023763603,
    0.002706406953699245,
    0.0027072501825761708,
    0.0027072376871136216,
    0.002706626524332534,
    0.002705804004738533,
    0.00270613408904725,
    0.0027062092789567394,
    0.0027058639642974355,
    0.0027057233060298535,
    0.002705918469122691,
    0.002705942169232957,
    0.002705605749663468,
    0.002705386220451361,
    0.002705449885025983,
    0.0027053799030670985,
    0.0027049183594812865,
    0.002705160443616982,
    0.0027046355624658785,
    0.002704759431856402,
    0.0027041568284355494,
    0.0027049101846840246,
    0.0027045721802093116,
    0.0027043960242068275,
    0.002704205018492618,
    0.0027041386103097086,
    0.002704051942808714,
    0.002704346685910995,
    0.002703617980061901,
    0.002704156509710455,
    0.0027040874627802507,
    0.002704049752282209,
    0.0027044817368405754,
    0.0027038524839032986
  ]
}