{
  "times": {
    "training": 142.5224051475525,
    "evaluation": 0.23875713348388672
  },
  "metrics": {
    "mean_rank": {
      "worst": 9.957169459962756,
      "avg": 9.957169459962756,
      "best": 9.957169459962756
    },
    "mean_reciprocal_rank": {
      "worst": 0.29423221578904285,
      "avg": 0.29423221578904285,
      "best": 0.29423221578904285
    },
    "hits_at_k": {
      "worst": {
        "1": 0.12988826815642457,
        "3": 0.3291433891992551,
        "5": 0.4851024208566108,
        "10": 0.702048417132216
      },
      "avg": {
        "1": 0.12988826815642457,
        "3": 0.3291433891992551,
        "5": 0.4851024208566108,
        "10": 0.702048417132216
      },
      "best": {
        "1": 0.12988826815642457,
        "3": 0.3291433891992551,
        "5": 0.4851024208566108,
        "10": 0.702048417132216
      }
    },
    "adjusted_mean_rank": 0.20922309715904336
  },
  "losses": [
    0.00046829109924007473,
    0.00046556125996150704,
    0.0004509462472568949,
    0.000441067098633659,
    0.0004478275018298885,
    0.0004429807243984715,
    0.0004457605273038368,
    0.0004446378744560398,
    0.0004419296841886393,
    0.0004298939095665494,
    0.00043041141913726055,
    0.00042076613688594576,
    0.00042053330713464823,
    0.00042546819300601674,
    0.00041730480187690625,
    0.00042232143457982533,
    0.0004138087863307797,
    0.0004078853744222253,
    0.00040993750103101185,
    0.00040762301094780063,
    0.000409410304485971,
    0.0004019606705304058,
    0.00039806828635715897,
    0.00040363014075715906,
    0.0003910367803946161,
    0.0003845960049643394,
    0.0003859730809510554,
    0.00038542414586176054,
    0.00037839620575518207,
    0.0003725497957220267,
    0.0003703581825129543,
    0.0003757608823325926,
    0.0003655867761757114,
    0.0003641321692950084,
    0.0003629474212358703,
    0.0003590187772035275,
    0.0003567040508689733,
    0.0003527675003363031,
    0.0003504393591344147,
    0.00034640528349707357,
    0.00035135600676017043,
    0.0003456607549021473,
    0.0003475896134872628,
    0.00033971983756476206,
    0.0003429749189048806,
    0.0003411746049952446,
    0.00034085858428237425,
    0.00034291358011426996,
    0.00034406469987318067,
    0.00033925395727833405,
    0.0003372558955661179,
    0.0003384859272891894,
    0.0003381029090566572,
    0.00033684428378223365,
    0.00033342907682932133,
    0.00033857385368844605,
    0.0003369682797455951,
    0.00033873974258470977,
    0.0003376742876966191,
    0.00033189318758854657,
    0.0003353540388660827,
    0.0003312705806002892,
    0.0003283406167280099,
    0.00032982603964791133,
    0.000332481956721561,
    0.0003309766473430047,
    0.0003319853491853912,
    0.00032867736554029685,
    0.00032814893955129836,
    0.00033172005417163915,
    0.000333911188259716,
    0.00033155523714407476,
    0.00033174263004359916,
    0.00033098413584874636,
    0.0003338293960667178,
    0.0003274391590894525,
    0.0003306428826447066,
    0.0003362401073732503,
    0.00032476957000111454,
    0.00033025246268808745,
    0.0003291776746449589,
    0.00031937270641507753,
    0.0003270358247286841,
    0.0003263722529324888,
    0.000328880347607759,
    0.00032853166233951653,
    0.000327841132383702,
    0.00033010702481459445,
    0.00032571512885708204,
    0.00032807892995714876,
    0.0003241289862711488,
    0.00032526002726861175,
    0.0003235379850574573,
    0.0003250040859340936,
    0.00032577913913950775,
    0.00032806528508496605,
    0.0003271267540557759,
    0.00032651169937673906,
    0.0003221740468614296,
    0.0003241792950167638,
    0.00032470477236293824,
    0.0003245942320922138,
    0.00032493264306692393,
    0.0003236466681115336,
    0.0003253993116758219,
    0.0003237598373384207,
    0.00031960863844321695,
    0.0003235224524054216,
    0.0003210287090511091,
    0.000322301034598172,
    0.0003234801120301741,
    0.0003220124548840679,
    0.00031999722810260444,
    0.0003226504155325503,
    0.000319729533245182,
    0.0003221422731751443,
    0.00031827751910584647,
    0.00031828540471016275,
    0.00032631058545729024,
    0.0003235138420590251,
    0.0003249059694202534,
    0.00031861499295766574,
    0.00031808535685909703,
    0.00032338450690454776,
    0.000322413258670961,
    0.0003238002457621759,
    0.0003194517454656548,
    0.00032081208806050655,
    0.0003206840834093433,
    0.00031910933368562393,
    0.00032256923765253424,
    0.0003173541600680016,
    0.0003205606073179172,
    0.00031903904292486187,
    0.00031803632247270924,
    0.00031612398921170297,
    0.0003179592794001921,
    0.0003165102955542864,
    0.0003153789512300284,
    0.0003165319177204001,
    0.0003203943561249764,
    0.0003165230324538856,
    0.0003154210085052246,
    0.0003175695921424973,
    0.0003156576968797315,
    0.0003177345148399258,
    0.0003184278743833551,
    0.0003212562536732129,
    0.00031617359626777674,
    0.0003144022656461276,
    0.0003172737866472328,
    0.00032144821476796893,
    0.00031866438904582634,
    0.0003158806722655212,
    0.0003131054364399421,
    0.0003162419620671713,
    0.0003178961530710915,
    0.00031927580781892557,
    0.0003157299445036005,
    0.000316875272126186,
    0.00031873423325659957,
    0.00031792017857593796,
    0.0003174111914545231,
    0.0003114793708721067,
    0.00031428402010143204,
    0.0003145413460755493,
    0.0003160662279520523,
    0.00031079181491690906,
    0.00031949260795006485,
    0.0003114934691356769,
    0.00031416447141901713,
    0.00031062469523815314,
    0.0003142881086551269,
    0.00030953355372387526,
    0.0003126239335965764,
    0.0003087883202417976,
    0.00031621119823081924,
    0.0003113390134807518,
    0.00031585340378898207,
    0.00031150623392141194,
    0.00031394577778207154,
    0.0003132066668312567,
    0.00031538083737389476,
    0.0003122169173735184,
    0.00031240393072414304,
    0.0003142333422177413,
    0.00031115790715733206,
    0.0003130224094488481,
    0.00031445880898809005,
    0.00030758533026238995,
    0.0003087558191363631,
    0.0003160396709809742,
    0.000309974584488733,
    0.0003106474090535319,
    0.00031040872663440355,
    0.0003165512379045895,
    0.00031276718750227205,
    0.00031142866644081463,
    0.0003139106404328976,
    0.0003125290837762351,
    0.0003125070435411726,
    0.0003118535986509863,
    0.000310501933031805,
    0.0003129990631759081,
    0.00031069573580133614,
    0.00031652298857969853,
    0.00031438302629455063,
    0.0003148988719181259,
    0.0003130990620411002,
    0.0003073523900076314,
    0.0003092635124154372,
    0.00031092490406581404,
    0.0003106469116392312,
    0.0003104677368211255,
    0.00031336375701957164,
    0.00031374930352072526,
    0.00030827386290160983,
    0.0003138068118717144,
    0.0003081000045938962,
    0.00031128913217382724,
    0.0003143058528636437,
    0.00031066735448206874,
    0.0003068215481125482,
    0.0003094388062270618,
    0.00031073014602881296,
    0.000309115403050129,
    0.00031189180473927604,
    0.0003057818562958386,
    0.0003075898748101784,
    0.00030632345651340954,
    0.00030998689603180653,
    0.0003111029510198596,
    0.00030909783850269017,
    0.00031201808818377116,
    0.00030539154156290543,
    0.00031522778375951753,
    0.0003083697158792117,
    0.0003121856500994603,
    0.0003057094507248961,
    0.00030884252003290257,
    0.0003068443137589582,
    0.0003095329874494098,
    0.0003089727798172819,
    0.0003104112706679871,
    0.0003141554937936206,
    0.0003110470188676321,
    0.00031085422646857534,
    0.00030771349167081825,
    0.0003122055355170328,
    0.0003071198870074831,
    0.00030706889999668104,
    0.0003100590210310408,
    0.0003071322942557749,
    0.0003106826425541022,
    0.00030665286324075885,
    0.000309833500050044,
    0.0003119657538636105,
    0.0003064165912248511,
