{
  "times": {
    "training": 1054.639068365097,
    "evaluation": 0.13517475128173828
  },
  "metrics": {
    "mean_rank": {
      "worst": 4.577281191806332,
      "avg": 4.577281191806332,
      "best": 4.577281191806332
    },
    "mean_reciprocal_rank": {
      "worst": 0.48992211703679595,
      "avg": 0.48992211703679595,
      "best": 0.48992211703679595
    },
    "hits_at_k": {
      "worst": {
        "1": 0.2946927374301676,
        "3": 0.6019553072625698,
        "5": 0.7518621973929237,
        "10": 0.9115456238361266
      },
      "avg": {
        "1": 0.2946927374301676,
        "3": 0.6019553072625698,
        "5": 0.7518621973929237,
        "10": 0.9115456238361266
      },
      "best": {
        "1": 0.2946927374301676,
        "3": 0.6019553072625698,
        "5": 0.7518621973929237,
        "10": 0.9115456238361266
      }
    },
    "adjusted_mean_rank": 0.09555548526176721
  },
  "losses": [
    2987951.3501318637,
    0.07491271499167668,
    0.058152494470724896,
    0.047223072401370005,
    0.0410257333729151,
    0.03695188805963216,
    0.034301183406221736,
    0.032355713487117924,
    0.030481473295094815,
    0.02830421539504876,
    0.025528068539131893,
    0.022469709470365824,
    0.019614179008239217,
    0.01738657784205251,
    0.01583374756970879,
    0.014853712094577956,
    0.01406395205816303,
    0.013390982767727492,
    0.012877718395508183,
    0.0124756313916226,
    0.012141107473424758,
    0.011864141969198591,
    0.011595871780862969,
    0.011372725824626643,
    0.011180226066697403,
    0.010986409027980508,
    0.01084083349405603,
    0.010707815655608303,
    0.010579699413216069,
    0.010460174736681949,
    0.010338179934560583,
    0.010260717671238975,
    0.0102387997374106,
    0.01013956070364861,
    0.010061603862694586,
    0.010014552964867278,
    0.00990817699344194,
    0.009903745739703321,
    0.009804560994722423,
    0.009814334691463785,
    0.009716793287838444,
    0.009703175503104814,
    0.009688679191671061,
    0.00958365976656979,
    0.009606367995620667,
    0.009601832496539484,
    0.009530786808566208,
    0.009471300417341096,
    0.009435573774163196,
    0.009424113748727666,
    0.009408769487274274,
    0.009327798286515676,
    0.00932991932310192,
    0.00931279981083303,
    0.009266605823953054,
    0.009225427064946974,
    0.009229224063595583,
    0.00923362285010377,
    0.009134435206512163,
    0.00913847421299429,
    0.009118932874852352,
    0.009079399543085348,
    0.009081356733172351,
    0.00912220190777984,
    0.009078755496899956,
    0.00909024825117338,
    0.009048446517591173,
    0.009029050971545306,
    0.00896965108867665,
    0.009040547363906542,
    0.00895529089683897,
    0.008932543513870864,
    0.008950650911736354,
    0.008902882372311662,
    0.008951537883125442,
    0.008851654485761003,
    0.008851294915020912,
    0.008814288840423363,
    0.008726798011903906,
    0.008804034975388746,
    0.00877009103011884,
    0.008739250900454066,
    0.008741942555242486,
    0.00875979025712174,
    0.008716657433365837,
    0.008699888094896904,
    0.008708645837304744,
    0.008709773700335498,
    0.008724368170378137,
    0.008660819862833184,
    0.008599392120981039,
    0.008589359418897147,
    0.00863241193613756,
    0.008672218173323722,
    0.008594143553200956,
    0.008597378057431193,
    0.008606411942214554,
    0.008565823160363048,
    0.008538927139944575,
    0.008502740419926715,
    0.008587858231549853,
    0.008525628104722231,
    0.008563135764544153,
    0.008513900524612223,
    0.008510354449379533,
    0.008459021169901564,
    0.008478270864553666,
    0.008457242901879974,
    0.008490996372498822,
    0.008466188760983586,
    0.008426815212079872,
    0.00845361930363522,
    0.008463854008539115,
    0.008422202608558568,
    0.00837598228652714,
    0.00836049241435885,
    0.008362748670611488,
    0.008373033011171701,
    0.008410142445134536,
    0.008401688495267196,
    0.008351571369595296,
    0.008391991086750665,
    0.008398137358802089,
    0.00836763343309865,
    0.00837599877477362,
    0.008336547392416982,
    0.008342164094221503,
    0.008330209341165278,
    0.00835263194718611,
    0.008295053016212996,
    0.008302985680069817,
    0.008308355480237176,
    0.008294521820511712,
    0.008320836517750547,
    0.008280005818756108,
    0.008251191573810488,
    0.008271792090815328,
    0.008303233645577333,
    0.008258422376232201,
    0.008234613295993332,
    0.008247293284239617,
    0.00823716472569253,
    0.008254639633446375,
    0.00826652515121502,
    0.008270172213905313,
    0.00824981899966908,
    0.008258244598263435,
    0.00817984314670277,
    0.00823500028668383,
    0.008186083273048258,
    0.008231125283665425,
    0.008171911504859112,
    0.00818341744066066,
    0.008206537335218115,
    0.008176585634968031,
    0.008190625943662076,
    0.008160645487519462,
    0.00811507496006145,
    0.008211936902826868,
    0.008172633011270775,
    0.008177660266111853,
    0.008127632373002139,
    0.008128108128849487,
    0.008135713748494337,
    0.008126233236982805,
    0.008107519872514497,
    0.00811145794734861,
    0.008132576499455207,
    0.008114201330653067,
    0.008084393912151959,
    0.008078598103412752,
    0.008080872759390413,
    0.008094724951388684,
    0.008077549978337262,
    0.008063029051385123,
    0.008101551033109984,
    0.008060375797084431,
    0.008062414807522119,
    0.008034472008434575,
    0.008035201199129503,
    0.008043232506441043,
    0.008044982663868518,
    0.008038799274949993,
    0.008015513643343351,
    0.008004314970741335,
    0.00806323601079456,
    0.008050824539938222,
    0.0080419359449646,
    0.00801239556141114,
    0.007968086599326981,
    0.008004066583173776,
    0.007981121522629083,
    0.008007733967531933,
    0.007987977682232634,
    0.00797109418524227,
    0.007976105855254646,
    0.007975152187914437,
    0.007939646833258845,
    0.007925013160465585,
    0.007944068693545428,
    0.007972746163132262,
    0.007947672584027832,
    0.007900545091022936,
    0.007941294475441122,
    0.007913598961681685,
    0.007864005762511648,
    0.007948554368612918,
    0.00790845053723912,
    0.00789843721852432,
    0.007896990637375175,
    0.007927866310774164,
    0.007931603687337498,
    0.007876979567333776,
    0.007881477562368809,
    0.007855465478692831,
    0.007910356497608321,
    0.007879377402058255,
    0.00788786184837979,
    0.007866314221661858,
    0.00786589031990213,
    0.007852153957224963,
    0.007851342761310075,
    0.007880965436107657,
    0.007854694619160912,
    0.007829515476212296,
    0.007897539814229538,
    0.007885583627564407,
    0.00783080513473977,
    0.007845191888455371,
    0.007807079531698861,
    0.007826367152457157,
    0.007823046774704582,
    0.007834252297934075,
    0.00784653223255712,
    0.007804901234470726,
    0.007799286942942982,
    0.007869006804284755,
    0.007805007234327355,
    0.007810896674122257,
    0.0077938323087069425,
    0.0077913748798019876,
    0.007803081294124046,
    0.007789135498974877,
    0.007771360705352008,
    0.007824774451330584,
    0.007731867406503314,
    0.007802333173512966,
    0.007793370554091109,
    0.007766917292098428,
    0.007778618303354313,
    0.007757476782112309,
    0.007779339596991905,
    0.007759330836072397,
    0.007757456027920103,
    0.007776862502181798,
    0.007721432882329721,
    0.007738656057428555,
    0.007788133301705903,
    0.007726789835826511,
    0.007754266788757473,
    0.007743875614684843,
    0.007727287092319365,
    0.007748027178650715,
    0.007773149413255493,
    0.007715006139171258,
    0.007762713591508874,
    0.007729183265081282,
    0.007730000171015102,
    0.007742289397935296,
    0.007732025033721094,
    0.007739276963561662,
    0.007735390997446432,
    0.0076936376193880145,
