{
  "times": {
    "training": 5263.7062175273895,
    "evaluation": 55.990113496780396
  },
  "metrics": {
    "arithmetic_mean_rank": {
      "both": {
        "pessimistic": 6698.240424076607,
        "realistic": 6698.239227086184,
        "optimistic": 6698.238030095759
      },
      "head": {
        "pessimistic": 6177.966142270861,
        "realistic": 6177.9644322845415,
        "optimistic": 6177.962722298222
      },
      "tail": {
        "pessimistic": 7218.514705882353,
        "realistic": 7218.514021887825,
        "optimistic": 7218.513337893297
      }
    },
    "geometric_mean_rank": {
      "both": {
        "pessimistic": 174.74569047568573,
        "realistic": 174.74566499409212,
        "optimistic": 174.74563950932315
      },
      "head": {
        "pessimistic": 121.48192477809395,
        "realistic": 121.48189563202551,
        "optimistic": 121.4818664818892
      },
      "tail": {
        "pessimistic": 251.36296116153167,
        "realistic": 251.36294816079143,
        "optimistic": 251.362935159337
      }
    },
    "median_rank": {
      "both": {
        "pessimistic": 311.5,
        "realistic": 311.5,
        "optimistic": 311.5
      },
      "head": {
        "pessimistic": 214.5,
        "realistic": 214.5,
        "optimistic": 214.5
      },
      "tail": {
        "pessimistic": 415.5,
        "realistic": 415.5,
        "optimistic": 415.5
      }
    },
    "harmonic_mean_rank": {
      "both": {
        "pessimistic": 3.4359115471659205,
        "realistic": 3.4359115467364667,
        "optimistic": 3.43591154630686
      },
      "head": {
        "pessimistic": 2.7204393903901676,
        "realistic": 2.720439389893802,
        "optimistic": 2.720439389397251
      },
      "tail": {
        "pessimistic": 4.662015896367614,
        "realistic": 4.662015896244037,
        "optimistic": 4.662015896120442
      }
    },
    "inverse_arithmetic_mean_rank": {
      "both": {
        "pessimistic": 0.00014929293914347006,
        "realistic": 0.00014929296582245425,
        "optimistic": 0.000149292992501448
      },
      "head": {
        "pessimistic": 0.00016186556820986812,
        "realistic": 0.00016186561301231243,
        "optimistic": 0.0001618656578147815
      },
      "tail": {
        "pessimistic": 0.0001385326539800635,
        "realistic": 0.00013853266710680637,
        "optimistic": 0.0001385326802335517
      }
    },
    "inverse_geometric_mean_rank": {
      "both": {
        "pessimistic": 0.005722601783642503,
        "realistic": 0.005722602618118215,
        "optimistic": 0.0057226034526981565
      },
      "head": {
        "pessimistic": 0.008231677278958651,
        "realistic": 0.008231679253911611,
        "optimistic": 0.00823168122914116
      },
      "tail": {
        "pessimistic": 0.003978310867198039,
        "realistic": 0.003978311072960211,
        "optimistic": 0.003978311278733707
      }
    },
    "inverse_harmonic_mean_rank": {
      "both": {
        "pessimistic": 0.2910435808002219,
        "realistic": 0.29104358083659937,
        "optimistic": 0.29104358087298976
      },
      "head": {
        "pessimistic": 0.36758767849504603,
        "realistic": 0.3675876785621153,
        "optimistic": 0.3675876786292096
      },
      "tail": {
        "pessimistic": 0.21449948310539757,
        "realistic": 0.21449948311108338,
        "optimistic": 0.21449948311676997
      }
    },
    "inverse_median_rank": {
      "both": {
        "pessimistic": 0.0032102728731942215,
        "realistic": 0.0032102728731942215,
        "optimistic": 0.0032102728731942215
      },
      "head": {
        "pessimistic": 0.004662004662004662,
        "realistic": 0.004662004662004662,
        "optimistic": 0.004662004662004662
      },
      "tail": {
        "pessimistic": 0.0024067388688327317,
        "realistic": 0.0024067388688327317,
        "optimistic": 0.0024067388688327317
      }
    },
    "rank_std": {
      "both": {
        "pessimistic": 10765.003451487013,
        "realistic": 10765.002390182724,
        "optimistic": 10765.001328933793
      },
      "head": {
        "pessimistic": 10311.870356082145,
        "realistic": 10311.86886307794,
        "optimistic": 10311.86737015615
      },
      "tail": {
        "pessimistic": 11175.6233707025,
        "realistic": 11175.622655930692,
        "optimistic": 11175.6219411894
      }
    },
    "rank_var": {
      "both": {
        "pessimistic": 115885299.31052731,
        "realistic": 115885276.46063977,
        "optimistic": 115885253.61194633
      },
      "head": {
        "pessimistic": 106334670.24064572,
        "realistic": 106334639.44931631,
        "optimistic": 106334608.65969108
      },
      "tail": {
        "pessimistic": 124894557.72379193,
        "realistic": 124894541.74775138,
        "optimistic": 124894525.77239393
      }
    },
    "hits_at_k": {
      "both": {
        "pessimistic": {
          "1": 0.2570109439124487,
          "3": 0.3060875512995896,
          "5": 0.32575239398084815,
          "10": 0.3544801641586867
        },
        "realistic": {
          "1": 0.2570109439124487,
          "3": 0.3060875512995896,
          "5": 0.32575239398084815,
          "10": 0.3544801641586867
        },
        "optimistic": {
          "1": 0.2570109439124487,
          "3": 0.3060875512995896,
          "5": 0.32575239398084815,
          "10": 0.3544801641586867
        }
      },
      "head": {
        "pessimistic": {
          "1": 0.3433652530779754,
          "3": 0.3792749658002736,
          "5": 0.39227086183310533,
          "10": 0.4107387140902873
        },
        "realistic": {
          "1": 0.3433652530779754,
          "3": 0.3792749658002736,
          "5": 0.39227086183310533,
          "10": 0.4107387140902873
        },
        "optimistic": {
          "1": 0.3433652530779754,
          "3": 0.3792749658002736,
          "5": 0.39227086183310533,
          "10": 0.4107387140902873
        }
      },
      "tail": {
        "pessimistic": {
          "1": 0.17065663474692203,
          "3": 0.23290013679890562,
          "5": 0.259233926128591,
          "10": 0.2982216142270862
        },
        "realistic": {
          "1": 0.17065663474692203,
          "3": 0.23290013679890562,
          "5": 0.259233926128591,
          "10": 0.2982216142270862
        },
        "optimistic": {
          "1": 0.17065663474692203,
          "3": 0.23290013679890562,
          "5": 0.259233926128591,
          "10": 0.2982216142270862
        }
      }
    },
    "adjusted_arithmetic_mean_rank": {
      "both": {
        "realistic": 0.3304093416679586
      },
      "head": {
        "realistic": 0.3048129591532379
      },
      "tail": {
        "realistic": 0.3559943694460462
      }
    },
    "adjusted_arithmetic_mean_rank_index": {
      "both": {
        "realistic": 0.669623689389141
      },
      "head": {
        "realistic": 0.6952213421893648
      },
      "tail": {
        "realistic": 0.6440373924490932
      }
    }
  },