{
  "times": {
    "training": 62.98268508911133,
    "evaluation": 0.08508157730102539
  },
  "metrics": {
    "mean_rank": {
      "avg": 53.64711359404097,
      "best": 53.64711359404097,
      "worst": 53.64711359404097
    },
    "mean_reciprocal_rank": {
      "avg": 0.0367613058689674,
      "best": 0.0367613058689674,
      "worst": 0.0367613058689674
    },
    "hits_at_k": {
      "avg": {
        "1": 0.0,
        "3": 0.012569832402234637,
        "5": 0.03165735567970205,
        "10": 0.07681564245810056
      },
      "best": {
        "1": 0.0,
        "3": 0.012569832402234637,
        "5": 0.03165735567970205,
        "10": 0.07681564245810056
      },
      "worst": {
        "1": 0.0,
        "3": 0.012569832402234637,
        "5": 0.03165735567970205,
        "10": 0.07681564245810056
      }
    },
    "adjusted_mean_rank": 1.1125060563189024
  },
  "losses": [
    0.25642073221420975,
    0.07555256956971987,
    0.03919790930739056,
    0.028879142209385218,
    0.026706769002064337,
    0.02893758947483163,
    0.033970002210542055,
    0.041167090448100914,
    0.05169424492768134,
    0.06256928772069095,
    0.07353581103046289,
    0.08339183808266,
    0.08773748236202569,
    0.08988836016994291,
    0.09143923507647568,
    0.08683729729848855,
    0.08318952138950762,
    0.07557181874464514,
    0.07296245508872615,
    0.07110385256313653,
    0.06685908222466372,
    0.06326912170492308,
    0.06304036265008905,
    0.06322501527236196,
    0.06347925620579095,
    0.06243220373485865,
    0.06158577045251368,
    0.06354116355435233,
    0.06274069159218434,
    0.06411351291427898,
    0.06757692049505112,
    0.06844211115819238,
    0.07144372740041897,
    0.07233949781357125,
    0.07186935758322813,
    0.07161215260234219,
    0.07172449195429627,
    0.07230689920736162,
    0.07036409061053273,
    0.07084132825837153,
    0.07122265031275231,
    0.07190062691656392,
    0.07104862573441495,
    0.07187026750282402,
    0.07072959153839711,
    0.07050879941450969,
    0.07179869237017543,
    0.07118888450472542,
    0.06698185964470052,
    0.06705135653974412,
    0.0676328893681144,
    0.07142884655391679,
    0.07163687379619156,
    0.07164694095372261,
    0.06959445601545469,
    0.06846016232440534,
    0.06709999381826165,
    0.06693414835894153,
    0.06646848070934024,
    0.0652719892366102,
    0.06647426604331656,
    0.06646292374821638,
    0.06574580464023776,
    0.06617502215203275,
    0.06549086608690269,
    0.06466743350028992,
    0.06771246000622096,
    0.06994178690267412,
    0.07321948884578233,
    0.07678718334726627,
    0.07611192679137327,
    0.07768439922886394,
    0.07586344931456034,
    0.07490464475717437,
    0.07341440440563674,
    0.0717735363079814,
    0.07222705409767922,
    0.06933581918366392,
    0.0712720328725679,
    0.06764454933141502,
    0.06837372040927187,
    0.06785675034987346,
    0.06590766618760784,
    0.06965542442343209,
    0.06964610511444035,
    0.06845763169424364,
    0.06911963905288039,
    0.07019576776340213,
    0.06929575113321511,
    0.06862710198659576,
    0.06827674510327171,
    0.06958260105343794,
    0.0671731729185983,
    0.06475623560308964,
    0.06480938843573524,
    0.06617036484153976,
    0.06788718454846729,
    0.06824079401484143,
    0.06858753432495317,
    0.07038101732507628,
    0.07200328509012859,
    0.06879218843545806,
    0.06977909513180622,
    0.0677193110801754,
    0.06686823198411349,
    0.06640565908803475,
    0.06735270032275482,
    0.06719137320804239,
    0.06826819016245866,
    0.07080945673953282,
    0.0722454372193483,
    0.069978730397278,
    0.0698855971352438,
    0.06883514630660582,
    0.0709896418039272,
    0.07097503263852123,
    0.0698923250932372,
    0.06893645466936661,
    0.07104586695463916,
    0.07228639632575075,
    0.07410846622695637,
    0.07246323527021802,
    0.07146132249064213,
    0.07250371039583442,
    0.0675373843100187,
    0.06757886356182313,
    0.06669005785095558,
    0.07016627752825562,
    0.07151670993937088,
    0.07295473438970158,
    0.07334289133325499,
    0.07015267639570914,
    0.07151987166440442,
    0.07211265872033794,
    0.07155561491791229,
    0.0707005216611012,
    0.07193283295809999,
    0.07151473294036666,
    0.07295998830473825,
    0.07246085208899966,
    0.07017686103613635,
    0.06764146730247955,
    0.06605743468923962,
    0.0646694368414218,
    0.06505516283074568,
    0.0668229672792699,
    0.06762515973955505,
    0.06541460451115383,
    0.06616399439979581,
    0.06889364904678716,
    0.06949487674548831,
    0.07063208023707072,
    0.07047769762157055,
    0.06905665379784974,
    0.07027246264482705,
    0.06955460495270147,
    0.06865295700812607,
    0.06870776883671793,
    0.06863649206215076,
    0.06792681750733308,
    0.06862290778410123,
    0.06664382585425502,
    0.06861628385518821,
    0.07020508126819625,
    0.07371250877666116,
    0.07453275262639764,
    0.0752821679642138,
    0.07497366537315568,
    0.07190966516844789,
    0.07060585553279977,
    0.06776249564988783,
    0.06767162669463997,
    0.06588353389657839,
    0.0644504331917352,
    0.06497307451030289,
    0.06336040655325414,
    0.06399952293781752,
    0.0668028655570098,
    0.0700838684142752,
    0.06984839803270633,
    0.06879980443568712,
    0.07011633039860243,
    0.07007350769828768,
    0.07103221101707287,
    0.06997857502337253,
    0.06944912091623084,
    0.07007176688547885,
    0.0720401940944043,
    0.06927975320190972,
    0.07268139954363362,
    0.0740877931260884,
    0.07419253333231036,
    0.07711191480972347,
    0.07531949040595065,
    0.06998627685875482,
    0.06646642434909548,
    0.0640118605411901,
    0.06595727901780203,
    0.06397837500893667,
    0.06338117877195837,
    0.06412273143114669,
    0.06686457712552074,
    0.06866012139713273,
    0.07051462013176764,
    0.0722115941708454,
    0.07167928038018473,
    0.07232520888360698,
    0.07126067975040679,
    0.07084141733048115,
    0.07069377629051495,
    0.0705399185084225,
    0.07149010305101058,
    0.06971932529063707,
    0.06779161307695653,
    0.06878413522288147,
    0.06718137670545542,
    0.06575966428281663,
    0.0677514894401536,
    0.06800760021816925,
    0.0670846455106128,
    0.06783731923567668,
    0.06608364990587985,
    0.0657051924462622,
    0.06722224763270175,
    0.06943376859029134,
    0.07149966490849127,
    0.0734957190935085,
    0.07029828060878797,
    0.07417618848857808,
    0.07327337713723772,
    0.07345706771375535,
    0.074103155162897,
    0.07774497484892942,
    0.07190110620934419,
    0.07159122768859291,
    0.07354301772314065,
    0.07110602489571446,
    0.06824810027183219,
    0.0669819497213828,
    0.06559156255329146,
    0.06538395689667834,
    0.06491807438014599,
    0.06651580076985592,
    0.06660673814766416,
    0.06408992298086931,
    0.06588439269458757,
    0.06484103481867787,
    0.06463690810882197,
    0.06437186746115095,
    0.06667972113309281,
    0.06798270869344361,
    0.07090730345651006,
    0.07143005695235863,
    0.07111406281646271,
    0.07012749968396591,
    0.06818713956557856,
    0.06880378298991628,
    0.0701286955719137,
    0.06813251101568843,
    0.06877316406157133,
    0.06946057505375437,
    0.07072484861598925,
    0.07017599799659814,
    0.0703822404481052,
    0.06852501731240347,
    0.06988469101070019,
    0.06825636377495327,
    0.06746726692392585,
    0.06728470571032177,
    0.06880320234691606,
    0.07055721579866016,
    0.06750700246082263,
    0.06592863831627235,
    0.066017959336663,
    0.0681499671400263,
    0.0723943126558811,
    0.07649481028653263,
    0.07752988668863246,
    0.07630376065714975,
    0.07585852445288098,
    0.07365279106165139,
    0.07239509499474858,
    0.07005442081765735,
    0.06996854570474517,
    0.06891823317227738,
