{
  "times": {
    "training": 479.90687346458435,
    "evaluation": 0.13565373420715332
  },
  "metrics": {
    "mean_rank": {
      "worst": 5.135009310986964,
      "avg": 5.134776536312849,
      "best": 5.134543761638733
    },
    "mean_reciprocal_rank": {
      "worst": 0.4144950703889048,
      "avg": 0.41452610701212017,
      "best": 0.4145726619469433
    },
    "hits_at_k": {
      "worst": {
        "1": 0.2053072625698324,
        "3": 0.50512104283054,
        "5": 0.7029795158286778,
        "10": 0.8975791433891993
      },
      "avg": {
        "1": 0.2053072625698324,
        "3": 0.50512104283054,
        "5": 0.7029795158286778,
        "10": 0.8975791433891993
      },
      "best": {
        "1": 0.2053072625698324,
        "3": 0.50512104283054,
        "5": 0.7029795158286778,
        "10": 0.8975791433891993
      }
    },
    "adjusted_mean_rank": 0.10751701273402162
  },
  "losses": [
    14462154.583309824,
    0.1024956459298116,
    0.04416197926252522,
    0.01867056970069471,
    0.008770008784220013,
    0.0052738884456930086,
    0.0042385378685057835,
    0.0039003265268179807,
    0.003656662484344918,
    0.003474250557912646,
    0.0033273429327299086,
    0.003211464917754636,
    0.003112032932790924,
    0.003022895072506608,
    0.0029452945478958136,
    0.002877571696785282,
    0.0028163644690973482,
    0.002761110813402281,
    0.0027099117838990374,
    0.0026712268730451107,
    0.002629325819316875,
    0.0025930581300446158,
    0.0025606809972265688,
    0.002533407403986329,
    0.0025089503778667932,
    0.00248562368784058,
    0.0024641763125912526,
    0.0024438970321126645,
    0.0024290436264894875,
    0.0024095696819185766,
    0.002396878810801756,
    0.002381092725733246,
    0.002367748770765151,
    0.0023565950179088874,
    0.0023462908161099483,
    0.0023362786066107983,
    0.002325397403387541,
    0.0023133633449003935,
    0.0023066488265544734,
    0.0022959593781148005,
    0.0022873141862145077,
    0.0022770244425881223,
    0.002269910393833891,
    0.00225882079759229,
    0.0022511009636164156,
    0.0022382316622562176,
    0.0022292569356408905,
    0.002215551592632849,
    0.00220006863038973,
    0.0021830650660373298,
    0.0021558435047777853,
    0.002123950837591614,
    0.00208145339906997,
    0.0020322008599084193,
    0.00197556588540642,
    0.0019193791822715198,
    0.0018607718653781585,
    0.0018064139362019992,
    0.0017562770504462586,
    0.001711778115997377,
    0.001667017089237881,
    0.0016310038114810705,
    0.0015938541527544515,
    0.0015582171607106813,
    0.0015258116242981583,
    0.0014918875507312767,
    0.0014622501177845822,
    0.001432309253315689,
    0.0014080118042615693,
    0.0013839123048557994,
    0.0013631196842574225,
    0.0013454724626427287,
    0.0013297825392461224,
    0.001315068235544118,
    0.0013063796586618665,
    0.0012932063886121417,
    0.0012817935414668102,
    0.0012724731633725684,
    0.0012648305681286457,
    0.0012568277306854725,
    0.0012481733912441614,
    0.0012421038765669538,
    0.0012372685038250931,
    0.0012277053086582417,
    0.001221110231560491,
    0.0012162174202836632,
    0.0012106020457010144,
    0.0012089685965957267,
    0.001204437825633457,
    0.0011971641509804162,
    0.0011929312951109382,
    0.0011903387947838182,
    0.0011849257264858327,
    0.0011801829034888119,
    0.0011773501411219884,
    0.0011731404462333923,
    0.0011698812096334352,
    0.0011649537528080217,
    0.0011644891048136275,
    0.0011571264016522226,
    0.0011564200283603722,
    0.00115296355019627,
    0.0011506487758418595,
    0.0011464928395432256,
    0.0011453678943077277,
    0.0011432461914944738,
    0.001140884095837784,
    0.0011371513183336803,
    0.0011317177434985557,
    0.0011320329944460132,
    0.001128525509802478,
    0.001127594443603178,
    0.0011220872977727584,
    0.0011209961940789044,
    0.0011188620893277702,
    0.001118190110441339,
    0.0011121924610787563,
    0.0011123978490993548,
    0.001107634986970532,
    0.0011050574907035416,
    0.0011043721227470631,
    0.0011036868280406749,
    0.0010992983174737026,
    0.001098654775318693,
    0.0010963237882776653,
    0.001095322799635179,
    0.0010944575189930222,
    0.0010872306267308831,
    0.0010894051725079729,
    0.0010821238257800148,
    0.0010816798081502933,
    0.0010837658939792422,
    0.0010803483028927546,
    0.0010772247132513854,
    0.0010775410437656476,
    0.00107592014658652,
    0.0010751409243359772,
    0.001075221136672778,
    0.0010697576810330264,
    0.0010720922381439236,
    0.0010729484950725951,
    0.001068087849305587,
    0.0010635930790185706,
    0.001063163491656606,
    0.0010617141985100754,
    0.0010621386339490333,
    0.0010648111163983854,
    0.001059541722920057,
    0.0010586695532813278,
    0.0010591558501654573,
    0.0010542000316027622,
    0.0010551120144095313,
    0.0010509191033838505,
    0.0010517806456553356,
    0.0010506838145020526,
    0.0010489746195714124,
    0.0010464092740991365,
    0.001047171594763405,
    0.0010450832974793537,
    0.0010450293801808625,
    0.0010444747723555297,
    0.0010419385211214367,
    0.0010373709576853205,
    0.0010401880689495512,
    0.001038153651466921,
    0.0010396315269730289,
    0.0010375588337022267,
    0.0010371942802119567,
    0.0010350454068474109,
    0.001031759430476454,
    0.0010311566118834617,
    0.001030957331525141,
    0.0010297137813133359,
    0.0010300441243954366,
    0.0010275991593421286,
    0.001028289364420631,
    0.0010270366221945383,
    0.0010243640595188972,
    0.001024880480502596,
    0.0010228423987714093,
    0.0010253936453453833,
    0.001022572255055054,
    0.0010214817548024186,
    0.001019961056770401,
    0.0010202335261771183,
    0.0010180878322152945,
    0.0010172852379538482,
    0.0010159927680181541,
    0.001016460753251774,
    0.0010172658851056286,
    0.0010160248969029286,
    0.001013594347292955,
    0.001012070199530502,
    0.0010124287247127584,
    0.001012948915460025,
    0.0010083215398372113,
    0.0010101322532886088,
    0.0010086284830036123,
    0.0010055414704459437,
    0.0010053123685806878,
    0.0010046409948795253,
    0.001005459124264255,
    0.0010049450533876146,
    0.0010064437711604414,
    0.0010058232809832034,
    0.001003779171816028,
    0.001001646290515804,
    0.000998517789630296,
    0.0010011378755925523,
    0.001002945890998963,
    0.000999972400384561,
    0.0009983711560302125,
    0.0009997832468512018,
    0.000995141105231051,
    0.0009968439614128197,
    0.0009965168587751825,
    0.000996011562212911,
    0.0009924164809258689,
    0.0009941639908858007,
    0.0009966542872806056,
    0.000992167451547996,
    0.0009923468427627943,
    0.0009873366150795744,
    0.0009924395163351677,
    0.000990367096008154,
    0.0009905183530841651,
    0.0009901744011817466,
    0.0009872164108096326,
    0.0009885017353734385,
    0.0009877045616186624,
    0.0009862474908822038,
    0.0009852273377488727,
    0.0009880389273515466,
    0.0009884272443918922,
    0.0009861144007005719,
    0.0009843140756816008,
    0.0009818916952007272,
    0.0009823119414321493,
    0.0009818645743548534,
    0.0009830746431712912,
    0.0009834445578705395,
    0.0009849895383074378,
    0.0009825285820618329,
    0.0009795683776185418,
    0.0009799043086360902,
    0.000982120908685168,
    0.0009811797139168566,
    0.0009796752747887752,
    0.0009820875999507275,
    0.0009805068098120253,
    0.0009766980693483732,
    0.0009758514221339078,
    0.0009769668457297127,
    0.0009769395487348126,
    0.000976706984930773,
    0.0009768160019934958,
    0.00097652833232105,
    0.000975958150131314,
    0.0009733310199520561,
    0.0009751508591438501,
    0.0009742087897345814,
    0.0009743802368026994,
    0.0009690756222393629,
    0.0009727503237583106,
    0.0009700146613621645,
