{
  "times": {
    "training": 53.432318925857544,
    "evaluation": 0.151275634765625
  },
  "metrics": {
    "mean_rank": {
      "avg": 47.640130353817504,
      "worst": 47.640130353817504,
      "best": 47.640130353817504
    },
    "mean_reciprocal_rank": {
      "avg": 0.05524731577949299,
      "worst": 0.05524731577949299,
      "best": 0.05524731577949299
    },
    "hits_at_k": {
      "avg": {
        "1": 0.008379888268156424,
        "3": 0.036312849162011177,
        "5": 0.06005586592178771,
        "10": 0.11266294227188083
      },
      "worst": {
        "1": 0.008379888268156424,
        "3": 0.036312849162011177,
        "5": 0.06005586592178771,
        "10": 0.11266294227188083
      },
      "best": {
        "1": 0.008379888268156424,
        "3": 0.036312849162011177,
        "5": 0.06005586592178771,
        "10": 0.11266294227188083
      }
    },
    "adjusted_mean_rank": 0.9878035320100865
  },
  "losses": [
    23817905.48691793,
    0.16157680238189606,
    0.16204946573278903,
    0.16012617735696164,
    0.15920842533777846,
    0.15927809268641993,
    0.15592663269765705,
    0.15407831136682035,
    0.15551852107118613,
    0.15115138212557444,
    0.15123112431780836,
    0.15297079114535633,
    0.14933981593365214,
    0.1481671115927191,
    0.1482036832241422,
    0.14610352863426954,
    0.14389870306526578,
    0.14408903647061985,
    0.14356860922524886,
    0.14096749330004552,
    0.1416693829163212,
    0.1374023662226097,
    0.14015314577598414,
    0.1397119457725945,
    0.13702243513578208,
    0.13493837048274798,
    0.13543975924937382,
    0.13293764928588506,
    0.13275649633684267,
    0.13164652276137936,
    0.1322736158534717,
    0.12921729237458776,
    0.1271786077125599,
    0.129649339588949,
    0.12847305769889295,
    0.1252444974764908,
    0.12713208941046905,
    0.12579503914814436,
    0.1253111536083594,
    0.12326853341644088,
    0.12239799589853868,
    0.12139746110915009,
    0.12014485986505195,
    0.12023129132882317,
    0.12143283062534546,
    0.12038278720871523,
    0.11938063529484931,
    0.1172694036281624,
    0.11672581039708771,
    0.11595993990584758,
    0.1147862847137903,
    0.11490174875660293,
    0.11255645695489282,
    0.1138379891431141,
    0.11125173506615359,
    0.11233765504429367,
    0.11124403396254111,
    0.10921703505756024,
    0.10963263096648465,
    0.10923096242919343,
    0.10659672481340371,
    0.10810119319484388,
    0.10724732662672966,
    0.10680480536940254,
    0.10587981242693127,
    0.1049095733127628,
    0.10508997585732532,
    0.10308001040000757,
    0.10378225009211285,
    0.10273318688780546,
    0.10243321481437073,
    0.10005482277833477,
    0.1023200635305871,
    0.09988422066308536,
    0.1002487213107663,
    0.09926860384718068,
    0.09846082419739312,
    0.09732129688161305,
    0.09818086799183423,
    0.09682001709020512,
    0.09479115939549683,
    0.09607474517370555,
    0.09433589876580337,
    0.09566962330774699,
    0.09521964769380342,
    0.09229529828556618,
    0.09369307654083234,
    0.0921412203141117,
    0.0914635282779601,
    0.09134494291387979,
    0.08982761319817135,
    0.09030977037970733,
    0.09086797193636761,
    0.08830934166555365,
    0.08900599369570798,
    0.08906920270993203,
    0.08835111587551517,
    0.08774201555178672,
    0.08721024641417553,
    0.08662401677024936,
    0.0880592841943952,
    0.08524124829849596,
    0.08575426861687904,
    0.08588570289318205,
    0.08467955671167007,
    0.08421483556500124,
    0.08424503242849528,
    0.08336632459244127,
    0.08287113612046815,
    0.08173182901367766,
    0.08238795863728046,
    0.08135349698289744,
    0.08100137264506925,
    0.08224071617871788,
    0.07988916648923468,
    0.07994393811132726,
    0.07985088061552346,
    0.07942513589537165,
    0.07839935386300863,
    0.07834951605155949,
    0.07917314227902021,
    0.07746729051805658,
    0.07826971005518243,
    0.07801433990099078,
    0.07580092166428597,
    0.07590612876761094,
    0.07614478703572808,
    0.07525732758625363,
    0.07580787236341857,
    0.07488430965010269,
    0.07459429610474283,
    0.0734822963242562,
    0.07422299325783766,
    0.0734970508911964,
    0.07271581771742175,
    0.07253549478687853,
    0.07334050657905863,
    0.07146158890303526,
    0.07135271306148007,
    0.07233852320976551,
    0.07131153990913242,
    0.07123308848036049,
    0.06978928626395317,
    0.07028305325866663,
    0.07038621128911164,
    0.06945702110683516,
    0.06905002407663458,
    0.06961144576628862,
    0.06922352222241615,
    0.06926357315587461,
    0.06804725811847079,
    0.06653607844459439,
    0.0679669131747077,
    0.067313214601886,
    0.06760757134608647,
    0.06682783192329113,
    0.06760048908619855,
    0.06546736864594753,
    0.06576697737454945,
    0.0654928194410777,
    0.06584378881098746,
    0.06474717034610367,
    0.0642227350148031,
    0.06528398650436447,
    0.06416132663254769,
    0.06391316775812632,
    0.0629766406640278,
    0.06360560863804295,
    0.06350439804555962,
    0.0636112677267559,
    0.062481687081643575,
    0.06150909483679799,
    0.06219762623698278,
    0.06197095891298663,
    0.06143719151995463,
    0.06113888033047592,
    0.062155049111166955,
    0.062110478529357006,
    0.06095126311831251,
    0.05975282453375501,
    0.05997510828726245,
    0.05993912613836529,
    0.059088966986214075,
    0.05919099828066241,
    0.059117187050547804,
    0.05998281419030162,
    0.059770327760595904,
    0.05885844798113483,
    0.058284247394424,
    0.05801904180333627,
    0.058284055699675374,
    0.05689081431423298,
    0.05736115925971257,
    0.05801558932162658,
    0.05751967557158394,
    0.05696519893467814,
    0.057021367754577675,
    0.05700888275182621,
    0.05636281187962046,
    0.0562657897750466,
    0.055514957299240955,
    0.05555194026976382,
    0.055565028871002106,
    0.05537924362824046,
    0.054383312053691714,
    0.05465903742345852,
    0.05463754022664894,
    0.05445008986514302,
    0.05462554928252794,
    0.05431108378742911,
    0.054117267692209065,
    0.05407850554597808,
    0.054076588598491876,
    0.05290367618829559,
    0.05387299663573062,
    0.05380792996105603,
    0.05251586105500261,
    0.052311974068659166,
    0.05251445256442696,
    0.05272514626710213,
    0.05200662353181359,
    0.05227333924839524,
    0.05227209252673116,
    0.05198803704613549,
    0.051064677320336926,
    0.05100769372717596,
    0.051045697281669765,
    0.05131639680472826,
    0.05035350561283127,
    0.04975196156295677,
    0.05039762476621259,
    0.05058775659564545,
    0.04980749375302104,
    0.04961192643169541,
    0.049324891071759996,
    0.04984087094249917,
    0.04928688300015871,
    0.04868608427301817,
    0.04929716591301438,
    0.04887878859516006,
    0.04897911439921603,
    0.04876748960776185,
    0.04807873743394905,
    0.048156468666397376,
    0.04724928357320258,
    0.04796490971332051,
    0.04732834057669586,
    0.04773302992961335,
    0.04701539395898669,
    0.04750651901046365,
    0.04725066919592162,
    0.04650629533685263,
    0.04714215218209176,
    0.0476789593061376,
    0.046157949277111025,
    0.046240390441063386,
    0.04580172989903434,
    0.04703804979386451,
    0.0453097310695795,
    0.04515273250582093,
    0.04537068265934115,
    0.045247373247795944,
    0.045389770261630144,
    0.04475000611842208,
    0.04557434830741815,
    0.04442258922922463,
    0.04420352109160347,
    0.04467875947607841,
    0.044185404949741575,
    0.04449911100614558,
    0.044288969802178876,
    0.044188196239844095,
    0.04411994105192809,
    0.04387509773439596,
    0.04347557877562609,
    0.04304326251105065,
    0.043495716040765416,
    0.04335822488797212,
    0.04295915566371559,
    0.04316861647836833,
    0.04379893139736973,
    0.04299651044864779,
