{
  "times": {
    "training": 66.81184792518616,
    "evaluation": 0.18985962867736816
  },
  "metrics": {
    "mean_rank": {
      "avg": 35.029562383612664,
      "worst": 35.02979515828678,
      "best": 35.029329608938546
    },
    "mean_reciprocal_rank": {
      "avg": 0.07987049767103821,
      "worst": 0.07987004786490465,
      "best": 0.0798709679229051
    },
    "hits_at_k": {
      "avg": {
        "1": 0.01722532588454376,
        "3": 0.0521415270018622,
        "5": 0.0893854748603352,
        "10": 0.18808193668528864
      },
      "worst": {
        "1": 0.01722532588454376,
        "3": 0.0521415270018622,
        "5": 0.0893854748603352,
        "10": 0.18808193668528864
      },
      "best": {
        "1": 0.01722532588454376,
        "3": 0.0521415270018622,
        "5": 0.0893854748603352,
        "10": 0.18808193668528864
      }
    },
    "adjusted_mean_rank": 0.7323736788842001
  },
  "losses": [
    402932701.2382837,
    0.12102561787422836,
    0.08598773436057457,
    0.0706061789952159,
    0.06294984217460678,
    0.05761101435488004,
    0.05336132463804261,
    0.049776929516032346,
    0.04725430682610871,
    0.04518357620799705,
    0.04283094969621218,
    0.04085909265635761,
    0.039872510027329555,
    0.03850333403566324,
    0.03708594098939411,
    0.03621105278158904,
    0.03533533578176386,
    0.034624706324355284,
    0.03394705843369598,
    0.03354290399030541,
    0.032601589061550654,
    0.032468149129745105,
    0.03192639617408209,
    0.03135951811876665,
    0.030862920621605734,
    0.030617052813529663,
    0.03038565292407133,
    0.029890437203830365,
    0.02993176837045139,
    0.029312762769408515,
    0.029209982355118406,
    0.029173264827868382,
    0.028832957067644965,
    0.02863365497424632,
    0.028637692479804012,
    0.02836467998167152,
    0.028148787732095393,
    0.028376721833240335,
    0.028015406281755435,
    0.0278204104954425,
    0.027692939632809305,
    0.027545174940140322,
    0.027498948387504194,
    0.027280894608133634,
    0.02734272824960256,
    0.027052337161575558,
    0.026933102895565515,
    0.02692086214609551,
    0.026838116354928616,
    0.026904647702875324,
    0.026648188048526908,
    0.02681022541700404,
    0.026689818323477128,
    0.02642205210015325,
    0.026333447501743917,
    0.02649486122021695,
    0.026434400065643494,
    0.026394792427006944,
    0.026288435810178052,
    0.02624868257705947,
    0.02605875853493129,
    0.02619477439254132,
    0.026105140276664898,
    0.02605091942951954,
    0.02583147671534131,
    0.026026512707661837,
    0.025810756610247777,
    0.02586057352890263,
    0.025856714818242334,
    0.025864972431642184,
    0.025765915946509656,
    0.025664083571603068,
    0.02555856275238651,
    0.02568546555286701,
    0.025619279915667387,
    0.025725510888722557,
    0.025761265451631696,
    0.025532678916636308,
    0.02547473398803789,
    0.02553482232326823,
    0.02552205920029052,
    0.02552087205699822,
    0.02540116537039899,
    0.025556226235081768,
    0.02535497689163369,
    0.02536910503902819,
    0.025298740413766896,
    0.025428735421740258,
    0.025346757961286596,
    0.025179581381725602,
    0.025344432104665682,
    0.025325693363809843,
    0.02519994511538822,
    0.02528855626250334,
    0.0252315159690757,
    0.02516050165128266,
    0.025253263916386007,
    0.025150815506249487,
    0.02513221535428345,
    0.025030923019160635,
    0.025140157259146423,
    0.025052916619085496,
    0.025073189432344586,
    0.025030963682054673,
    0.025074481050338427,
    0.024951489197869,
    0.02488718334381971,
    0.025003941437566825,
    0.025061259061069544,
    0.025025260977682616,
    0.025052025538212726,
    0.02502450376453966,
    0.025059516343854175,
    0.025053621747173162,
    0.024909960808597104,
    0.02494097121490605,
    0.025013021598871962,
    0.025019060723966625,
    0.02496996995017613,
    0.024944666664808254,
    0.024960004038340138,
    0.024984063221904957,
    0.02489488111902296,
    0.024773989421268197,
    0.02485779747343109,
    0.024890290476269936,
    0.02497019717503721,
    0.024721164666818226,
    0.024740973283444226,
    0.02485292249501075,
    0.02474084246162407,
    0.024757496886495506,
    0.024708427129481708,
    0.024816889383662666,
    0.024799231636147268,
    0.024824578325727882,
    0.024764758030548145,
    0.02483978838023573,
    0.02462538283916755,
    0.02472896569835915,
    0.02465203013217552,
    0.024723290102583118,
    0.024752325236473704,
    0.024798169984333204,
    0.024687411418855096,
    0.024662137069629046,
    0.02466713662575472,
    0.02467911512240249,
    0.0248501967104507,
    0.024741593582947693,
    0.024665352331872413,
    0.024713986066917534,
    0.02476885127625272,
    0.02468777875556081,
    0.024593496581534157,
    0.024701290106247956,
    0.024710599776846424,
    0.024688579677507465,
    0.02470635271270372,
    0.02466783078856759,
    0.024733745339806944,
    0.024650271576229888,
    0.024724993832154762,
    0.02463282658550466,
    0.024746472673346082,
    0.02470144362009512,
    0.024713585529796463,
    0.024732655361032987,
    0.024707742865875255,
    0.024610597384467137,
    0.024689623358454503,
    0.024583549097451644,
    0.024643848666517316,
    0.024630577942693778,
    0.02460034500482706,
    0.024596995570262906,
    0.024564979404582264,
    0.024556706104747635,
    0.024634821808631333,
    0.024533265850026933,
    0.024492788908771723,
    0.02467645924146927,
    0.024593411143768028,
    0.024420248590236043,
    0.02463018258361914,
    0.024636533152977143,
    0.024612722820232028,
    0.024458148539618387,
    0.024435355083815245,
    0.024529203824896432,
    0.024603318574138434,
    0.02462318293091132,
    0.024616309835750125,
    0.02452541791147715,
    0.02463954281631806,
    0.02453132849918391,
    0.024575942090356438,
    0.024627934245399222,
    0.024517929694858918,
    0.024556577719655213,
    0.02451443725483595,
    0.02468747127098003,
    0.024537333662385797,
    0.02455159430685077,
    0.024405542786073396,
    0.024711305361820538,
    0.024434248809424578,
    0.02445037111387737,
    0.02453036736238882,
    0.02442920889499583,
    0.024512066927933913,
    0.024496846060446754,
    0.024469877423969028,
    0.02457024684846306,
    0.02449113010636765,
    0.024488541540038048,
    0.02465683688221934,
    0.024505193223590783,
    0.02459014379646937,
    0.02453338159459424,
    0.024466516871834595,
    0.024582420892511378,
    0.024492470458916147,
    0.024530194354719797,
    0.024471628365140493,
    0.024648935487954923,
    0.02445861151788761,
    0.024457992284452522,
    0.024575330776286482,
    0.024442300367035527,
    0.024468935019518384,
    0.024459628090238616,
    0.024341871090416557,
    0.02437436257030057,
    0.024535293359796068,
    0.024499469807032995,
    0.024496802656234017,
    0.02437013560916166,
    0.024340527235071942,
    0.024458470187679108,
    0.02446985716866975,
    0.02436728890198787,
    0.02456367605983621,
    0.024361293485696916,
    0.024437597177920347,
    0.024607744128587565,
    0.024554541681339016,
    0.02442722372337105,
    0.024365021983718992,
    0.024488853593483323,
    0.024423837737890905,
    0.0245381651957246,
    0.024444324830894995,
    0.02444760558019618,
    0.0244375100649039,
    0.024411402507088734,
    0.024469645021061515,
    0.02446528891335277,
    0.02440396744159417,
    0.024393055013329487,
    0.02440569995501216,
    0.024557435447817143,
    0.024459887144855707,
    0.024504358492046834,
    0.02449870360845653,
    0.024473517590610793,
    0.024521087237114117,
    0.0244142658144702,
    0.024477751557341935,
    0.02438978126962053,
    0.024463316534548588,
    0.02435884975237193,
    0.024561773127772413,
    0.024410874650943624,
    0.02444467617657496,
    0.02438126779980874,
