{
  "times": {
    "training": 4496.616043806076,
    "evaluation": 1.0542707443237305
  },
  "metrics": {
    "mean_rank": {
      "avg": 4077.8007865937075,
      "best": 4077.7997606019153,
      "worst": 4077.801812585499
    },
    "mean_reciprocal_rank": {
      "avg": 0.14081404493516267,
      "best": 0.1408153022880589,
      "worst": 0.14081292728703318
    },
    "hits_at_k": {
      "avg": {
        "1": 0.028214774281805747,
        "3": 0.21049931600547195,
        "5": 0.27291381668946646,
        "10": 0.33943228454172364
      },
      "best": {
        "1": 0.028214774281805747,
        "3": 0.21049931600547195,
        "5": 0.27291381668946646,
        "10": 0.33943228454172364
      },
      "worst": {
        "1": 0.028214774281805747,
        "3": 0.21049931600547195,
        "5": 0.27291381668946646,
        "10": 0.33943228454172364
      }
    },
    "adjusted_mean_rank": 0.20119760561808558
  },
  "losses": [
    0.04114728161232293,
    0.04034500474321594,
    0.04001793303222781,
    0.0398329795078726,
    0.039706441437153454,
    0.0396120039692889,
    0.03954238516479296,
    0.03948883976713653,
    0.039447472522681375,
    0.039415883350302175,
    0.0393904485283137,
    0.039369094595168935,
    0.03935241832537531,
    0.039337305918237996,
    0.039325209861388946,
    0.03931465974968568,
    0.03930496785166791,
    0.039296713360726626,
    0.03928840200489392,
    0.03928131393512086,
    0.03927530151157811,
    0.03926941198241231,
    0.03926294473503405,
    0.03925870558469456,
    0.039253735129857276,
    0.03924798306674449,
    0.03924417028682974,
    0.03923972999189833,
    0.03923614891030503,
    0.03923203574573725,
    0.039228457533499565,
    0.039225370200251686,
    0.03922200572498888,
    0.039218924793710766,
    0.03921584175449025,
    0.03921347361078902,
    0.03921053621876331,
    0.039208385660080114,
    0.03920606988426295,
    0.03920423800606753,
    0.03920231050714432,
    0.0391997567463438,
    0.03919818790353059,
    0.039196674481877886,
    0.03919521996921084,
    0.0391937047598095,
    0.03919275075958156,
    0.03919134259782371,
    0.039189287339674535,
    0.03918853818342028,
    0.03918704831983469,
    0.03918580195313973,
    0.03918521586224099,
    0.03918441300015008,
    0.03918310489227921,
    0.039182857047995574,
    0.03918143977310331,
    0.03918148172325388,
    0.039179389115833865,
    0.039178925711567295,
    0.03917902946293012,
    0.03917817040301819,
    0.039177816789007336,
    0.03917734107729216,
    0.03917582397912868,
    0.039176021112721685,
    0.03917563281200379,
    0.03917459155515773,
    0.03917479796579386,
    0.039174723144320654,
    0.039173175399037787,
    0.039173940491603526,
    0.03917328595737741,
    0.03917306735078873,
    0.039172621950751836,
    0.039172279655972454,
    0.039172464271513205,
    0.039172343017176446,
    0.039171562007358385,
    0.03917129548033919,
    0.03917131849903224,
    0.03917083804158777,
    0.03917055727261587,
    0.03917079718638559,
    0.03916965810747946,
    0.039170265382627696,
    0.0391701044052025,
    0.039169611145724384,
    0.03916989877027392,
    0.03916935611518679,
    0.03916951129291148,
    0.039169602774944016,
    0.03916920526865482,
    0.039168318319483066,
    0.03916934315782105,
    0.03916905601451515,
    0.03916882725892704,
    0.03916820140968042,
    0.039169259435723004,
    0.03916801617281125,
    0.03916844044768202,
    0.03916816473033885,
    0.03916790652549918,
    0.03916805357640067,
    0.039168266990322886,
    0.03916790481208125,
    0.03916758934210795,
    0.03916754218023176,
    0.03916774187251616,
    0.039167231537942125,
    0.039167893907386384,
    0.03916804775573509,
    0.039166898218118286,
    0.03916769919430592,
    0.03916703736137684,
    0.03916751861835282,
    0.03916742944152494,
    0.0391669438095202,
    0.039167235516540486,
    0.03916680962068868,
    0.03916728163206913,
    0.03916742867153512,
    0.03916683436232924,
    0.03916706333137987,
    0.03916717098224557,
    0.03916700047714936,
    0.03916670242724267,
    0.03916683206665416,
    0.03916631027562274,
    0.039166867737766495,
    0.03916681435593545,
    0.039166528836469455,
    0.03916690561974068,
    0.039166852013964575,
    0.03916619700611849,
    0.039166464337433975,
    0.03916676778203416,
    0.03916621383725725,
    0.039166607102884714,
    0.03916587628916013,
    0.03916627765588094,
    0.03916676847864623,
    0.03916630332665525,
    0.03916650609889892,
    0.03916726503631092,
    0.039166272141114775,
    0.03916636493155822,
    0.03916624661328411,
    0.03916611216524811,
    0.03916674127932778,
    0.03916649534572432
  ]
}