{
  "times": {
    "training": 53662.97553038597,
    "evaluation": 25.88435649871826
  },
  "metrics": {
    "mean_rank": {
      "avg": 1239.8844676582835,
      "worst": 1239.8850914962325,
      "best": 1239.8838438203347
    },
    "mean_reciprocal_rank": {
      "avg": 0.1437759393006746,
      "worst": 0.14377593893388224,
      "best": 0.1437759396681986
    },
    "hits_at_k": {
      "avg": {
        "1": 0.08513553185243175,
        "3": 0.16178197475291126,
        "5": 0.20124278305117918,
        "10": 0.2610089049809179
      },
      "worst": {
        "1": 0.08513553185243175,
        "3": 0.16178197475291126,
        "5": 0.20124278305117918,
        "10": 0.2610089049809179
      },
      "best": {
        "1": 0.08513553185243175,
        "3": 0.16178197475291126,
        "5": 0.20124278305117918,
        "10": 0.2610089049809179
      }
    },
    "adjusted_mean_rank": 0.1744256709719275
  },
  "losses": [
    0.016728673330239065,
    0.015438752939665026,
    0.015061690831421346,
    0.014913192619799608,
    0.014852374033092844,
    0.014807413808178923,
    0.014777823462996135,
    0.014755222116701248,
    0.014742329795200312,
    0.014727838570102446,
    0.01472152500242877,
    0.014713984620360223,
    0.01470981618920201,
    0.01470502663183676,
    0.014702429285327456,
    0.014699349471353573,
    0.014699775182521115,
    0.014697244308098307,
    0.014695529977475464,
    0.014694518232485508,
    0.01469307016237063,
    0.014691051475386772,
    0.014688296143884949,
    0.014689227044186586,
    0.014684846908401791,
    0.014685039469986696,
    0.014684042078447859,
    0.014682642817727062,
    0.014681526608849707,
    0.014681154305798144,
    0.014678518956635874,
    0.014677751446293205,
    0.014676585921804881,
    0.014676074591679024,
    0.014675702281605536,
    0.014673945467703826,
    0.01467290264942323,
    0.014671486726315016,
    0.014670817286078719,
    0.014670525733877034,
    0.01466977778342299,
    0.014668923013545204,
    0.014665869138558767,
    0.014666289416033805,
    0.014666173443212886,
    0.014667049814444125,
    0.014666964847886389,
    0.014665039425459424,
    0.014666306844449301,
    0.014665653354832667,
    0.014665708232445842,
    0.01466625567760381,
    0.01466732387822478,
    0.014665467695160746,
    0.014664426181042954,
    0.01466351480169018,
    0.014663431168021301,
    0.014662640168065967,
    0.01466322402956042,
    0.014663826592992053,
    0.014661615643174239,
    0.014662007884659968,
    0.014662490817486605,
    0.014661951012820362,
    0.014660526109309643,
    0.014662771769774756,
    0.014661642440113132,
    0.01466246760109062,
    0.014662115717794199,
    0.014662266657881824,
    0.014661641536838356,
    0.01466267738809358,
    0.01466283272454402,
    0.014660404229773882,
    0.014660113847041729,
    0.014662696651146324,
    0.014661116087538303,
    0.014660674091252173,
    0.0146611900603164,
    0.014659830617735115,
    0.014660187503833246,
    0.014661090164509775,
    0.014659709900646963,
    0.014660084440500517,
    0.014660100564753208,
    0.014658502796792905,
    0.014658938572292682,
    0.014658380823418703,
    0.014660965344064551,
    0.014659957789886541,
    0.014660168131621501,
    0.014659063408058467,
    0.014658700409694629,
    0.014659284428863197,
    0.014658586763683997,
    0.014659993751074678,
    0.014660660931528144,
    0.014658301022443643,
    0.014658985262342413,
    0.014658103838517643,
    0.014657749016226827,
    0.014658626944410133,
    0.014658326183274234,
    0.014659180656316138,
    0.014657922861192352,
    0.01465648129593257,
    0.01465820418117398,
    0.014659211454475027,
    0.014658116440956244,
    0.014657362820617706,
    0.014658669444924633,
    0.014657664513754436,
    0.014659766478204116,
    0.014657946927879502,
    0.014659264871528,
    0.014656527059726684,
    0.01465860310114784,
    0.014658211175648693,
    0.014655125608803941,
    0.014655955512771946,
    0.014657391665404996,
    0.014655815223666394,
    0.014657710940162836,
    0.01465804642088303,
    0.014658158035004185,
    0.014657351461698017,
    0.014658649844819535,
    0.014657375394330254,
    0.014658642605854194,
    0.01465905472704527,
    0.014655964621484155,
    0.014659316815891991,
    0.014658129391299264,
    0.01465780297205288,
    0.014658203067241483,
    0.014656372958496523,
    0.014658539044603215,
    0.014656306724517086,
    0.014658208794578081,
    0.014656944711002129,
    0.01465675101314224,
    0.014657597322239901,
    0.01465695410825158,
    0.014658605968007922,
    0.014657184389697419,
    0.01465595731293793,
    0.014658170523815288,
    0.014658581697046617,
    0.014657339107580184,
    0.014658481688889205,
    0.014658141206644017,
    0.01465690502117232,
    0.014655667943277911,
    0.014657979380020685,
    0.014655402507526845,
    0.014657649270434033,
    0.01465701767709166,
    0.014657512586767302,
    0.014658126398682907,
    0.014658560979178881,
    0.014658573500546179,
    0.014655411756039176,
    0.014655573003672952,
    0.014658077489705174,
    0.014655928088328385,
    0.014656307455435544,
    0.014654966054092217,
    0.014656437982151596,
    0.01465684987672603,
    0.014657628164445404,
    0.01465827666721925,
    0.014657571930324173,
    0.014658390744759033,
    0.014656248302747334,
    0.014656976381794671,
    0.014657027537788098,
    0.014655279598321675,
    0.01465675337506215,
    0.014656467631268367,
    0.01465631680480824,
    0.014656464989109854,
    0.014656654905982818,
    0.01465584410420166,
    0.014657605271696284,
    0.014657092163108572,
    0.014657230993568991,
    0.014656624072075953,
    0.014656981706328173,
    0.014657005769823539,
    0.014657958171256622,
    0.014658301009038152,
    0.014655544625524434,
    0.01465456193789456,
    0.014656131263232315,
    0.01465531723391952,
    0.01465588948945023,
    0.014656122998427707,
    0.014658284852867623,
    0.014655366986166495,
    0.01465775584855893,
    0.01465554623801354,
    0.014655750652606244,
    0.014654177948446307,
    0.014656660950582713,
    0.014657378685059208,
    0.014657377130660567,
    0.014655974483457306,
    0.014656148816127375,
    0.014655828203373824,
    0.014658123614809197,
    0.014656077702549078,
    0.014656954479136841,
    0.014656512940552488,
    0.01465762805209462,
    0.014656752568817596,
    0.014655129075080995,
    0.01465642521054846,
    0.014657461018395424,
    0.014656142149129666,
    0.014656601681075222,
    0.01465468934559962,
    0.014654676715073322,
    0.01465618800037865,
    0.01465623301474196,
    0.014657447868246748,
    0.014656753297820985,
    0.014656401865842772,
    0.014656302519661293,
    0.014655759541085379,
    0.014656096736431755,
    0.014656744579783096,
    0.014655958754985788,
    0.014657610112993739,
    0.014656617453593356,
    0.014654736912751501,
    0.014656395556324834,
    0.014655199914804252,
    0.014656678993735742,
    0.014656779055515119,
    0.01465591223027045,
    0.01465602035449535,
    0.014654238935133406,
    0.014657054941804245,
    0.014655457719638948,
    0.014656003365907644,
    0.014656532893030502,
    0.014656453989585006,
    0.014656300793544689,
    0.014656081236491947,
    0.014655719070545288,
    0.014656200519192522,
    0.014656233028147453,
    0.014657167341742536,
    0.014655547129159537,
    0.014656401558793185,
    0.014655327356342219,
    0.014656153551457612,
    0.01465528785418929,
    0.014655180891135284,
    0.014656570899513608,
    0.014654151200022524,
    0.014655126277801796,
    0.014655689591231405,
    0.014655367747087719,
    0.01465597135359425,
    0.014655586409802681,
    0.014657521193092762,
    0.014657441455953374,
    0.014654636374758003,
    0.01465687868448863,
    0.01465410758110703,
    0.014654977393861204,
    0.01465320229742269,
