{
  "times": {
    "training": 1873.0127825737,
    "evaluation": 10.28904128074646
  },
  "metrics": {
    "arithmetic_mean_rank": {
      "head": {
        "pessimistic": 325.1569625207946,
        "realistic": 325.15684019962816,
        "optimistic": 325.1567178784617
      },
      "tail": {
        "pessimistic": 177.2903904491633,
        "realistic": 177.29031705646344,
        "optimistic": 177.2902436637636
      },
      "both": {
        "pessimistic": 251.22367648497897,
        "realistic": 251.2235786280458,
        "optimistic": 251.22348077111263
      }
    },
    "geometric_mean_rank": {
      "head": {
        "pessimistic": 54.48015734796883,
        "realistic": 54.480147418054116,
        "optimistic": 54.4801374747707
      },
      "tail": {
        "pessimistic": 18.57879472899624,
        "realistic": 18.578794210378767,
        "optimistic": 18.578793691643714
      },
      "both": {
        "pessimistic": 31.81470823646398,
        "realistic": 31.81470489303847,
        "optimistic": 31.814701545608617
      }
    },
    "median_rank": {
      "head": {
        "pessimistic": 59.0,
        "realistic": 59.0,
        "optimistic": 59.0
      },
      "tail": {
        "pessimistic": 15.0,
        "realistic": 15.0,
        "optimistic": 15.0
      },
      "both": {
        "pessimistic": 31.0,
        "realistic": 31.0,
        "optimistic": 31.0
      }
    },
    "harmonic_mean_rank": {
      "head": {
        "pessimistic": 7.731504035536331,
        "realistic": 7.731504006242127,
        "optimistic": 7.731503976855364
      },
      "tail": {
        "pessimistic": 3.6875438882053,
        "realistic": 3.6875438880331908,
        "optimistic": 3.687543887860998
      },
      "both": {
        "pessimistic": 4.993456660007566,
        "realistic": 4.993456653739978,
        "optimistic": 4.993456647453007
      }
    },
    "inverse_arithmetic_mean_rank": {
      "head": {
        "pessimistic": 0.003075437758574976,
        "realistic": 0.003075438915527829,
        "optimistic": 0.003075440072481553
      },
      "tail": {
        "pessimistic": 0.005640463634078027,
        "realistic": 0.005640465969055264,
        "optimistic": 0.005640468304034433
      },
      "both": {
        "pessimistic": 0.003980516542037755,
        "realistic": 0.003980518092533704,
        "optimistic": 0.003980519643030862
      }
    },
    "inverse_geometric_mean_rank": {
      "head": {
        "pessimistic": 0.018355306751647676,
        "realistic": 0.0183553100972082,
        "optimistic": 0.018355313447274094
      },
      "tail": {
        "pessimistic": 0.05382480481574421,
        "realistic": 0.05382480631823592,
        "optimistic": 0.053824807821068354
      },
      "both": {
        "pessimistic": 0.031432002851243,
        "realistic": 0.03143200615445013,
        "optimistic": 0.03143200946161414
      }
    },
    "inverse_harmonic_mean_rank": {
      "head": {
        "pessimistic": 0.12934094005560853,
        "realistic": 0.12934094054567358,
        "optimistic": 0.12934094103728705
      },
      "tail": {
        "pessimistic": 0.27118321308622917,
        "realistic": 0.27118321309888616,
        "optimistic": 0.2711832131115493
      },
      "both": {
        "pessimistic": 0.20026207657091888,
        "realistic": 0.20026207682227987,
        "optimistic": 0.2002620770744182
      }
    },
    "inverse_median_rank": {
      "head": {
        "pessimistic": 0.01694915254237288,
        "realistic": 0.01694915254237288,
        "optimistic": 0.01694915254237288
      },
      "tail": {
        "pessimistic": 0.06666666666666667,
        "realistic": 0.06666666666666667,
        "optimistic": 0.06666666666666667
      },
      "both": {
        "pessimistic": 0.03225806451612903,
        "realistic": 0.03225806451612903,
        "optimistic": 0.03225806451612903
      }
    },
    "rank_std": {
      "head": {
        "pessimistic": 696.0799263338988,
        "realistic": 696.0796630584399,
        "optimistic": 696.0793998707243
      },
      "tail": {
        "pessimistic": 481.37124472561504,
        "realistic": 481.37072332351954,
        "optimistic": 481.37020199708115
      },
      "both": {
        "pessimistic": 602.9833333773834,
        "realistic": 602.9829702942628,
        "optimistic": 602.9826072920517
      }
    },
    "rank_var": {
      "head": {
        "pessimistic": 484527.26384500606,
        "realistic": 484526.8973235512,
        "optimistic": 484526.5309243876
      },
      "tail": {
        "pessimistic": 231718.27524868795,
        "realistic": 231717.7732730084,
        "optimistic": 231717.27137071072
      },
      "both": {
        "pessimistic": 363588.9003309007,
        "realistic": 363588.46246489184,
        "optimistic": 363588.0246967207
      }
    },
    "hits_at_k": {
      "head": {
        "pessimistic": {
          "1": 0.06864663861434582,
          "3": 0.13284078676974265,
          "5": 0.1785399745571974,
          "10": 0.25183481749681963
        },
        "realistic": {
          "1": 0.06864663861434582,
          "3": 0.13284078676974265,
          "5": 0.1785399745571974,
          "10": 0.25183481749681963
        },
        "optimistic": {
          "1": 0.06864663861434582,
          "3": 0.13284078676974265,
          "5": 0.1785399745571974,
          "10": 0.25183481749681963
        }
      },
      "tail": {
        "pessimistic": {
          "1": 0.18157353948527252,
          "3": 0.2990018592817301,
          "5": 0.3601624425090518,
          "10": 0.45033760641941484
        },
        "realistic": {
          "1": 0.18157353948527252,
          "3": 0.2990018592817301,
          "5": 0.3601624425090518,
          "10": 0.45033760641941484
        },
        "optimistic": {
          "1": 0.18157353948527252,
          "3": 0.2990018592817301,
          "5": 0.3601624425090518,
          "10": 0.45033760641941484
        }
      },
      "both": {
        "pessimistic": {
          "1": 0.1251100890498092,
          "3": 0.21592132302573638,
          "5": 0.26935120853312455,
          "10": 0.35108621195811723
        },
        "realistic": {
          "1": 0.1251100890498092,
          "3": 0.21592132302573638,
          "5": 0.26935120853312455,
          "10": 0.35108621195811723
        },
        "optimistic": {
          "1": 0.1251100890498092,
          "3": 0.21592132302573638,
          "5": 0.26935120853312455,
          "10": 0.35108621195811723
        }
      }
    },
    "adjusted_arithmetic_mean_rank": {
      "head": {
        "realistic": 0.04620911669853815
      },
      "tail": {
        "realistic": 0.024505553342712004
      },
      "both": {
        "realistic": 0.0352067311962697
      }
    },
    "adjusted_arithmetic_mean_rank_index": {
      "head": {
        "realistic": 0.9539264489521011
      },
      "tail": {
        "realistic": 0.9756293008121607
      },
      "both": {
        "realistic": 0.9649284948773668
      }
    }
  },