{
  "times": {
    "training": 69.47103381156921,
    "evaluation": 0.11950087547302246
  },
  "metrics": {
    "mean_rank": {
      "worst": 49.20344506517691,
      "avg": 49.20344506517691,
      "best": 49.20344506517691
    },
    "mean_reciprocal_rank": {
      "worst": 0.04256801263101937,
      "avg": 0.04256801263101937,
      "best": 0.04256801263101937
    },
    "hits_at_k": {
      "worst": {
        "1": 0.0,
        "3": 0.019087523277467412,
        "5": 0.04143389199255121,
        "10": 0.08752327746741155
      },
      "avg": {
        "1": 0.0,
        "3": 0.019087523277467412,
        "5": 0.04143389199255121,
        "10": 0.08752327746741155
      },
      "best": {
        "1": 0.0,
        "3": 0.019087523277467412,
        "5": 0.04143389199255121,
        "10": 0.08752327746741155
      }
    },
    "adjusted_mean_rank": 1.0205268593283034
  },
  "losses": [
    0.0011938547799259088,
    0.001193827311142107,
    0.0011934318060006542,
    0.0011932824699954594,
    0.0011926945019862178,
    0.0011929448394014147,
    0.0011930742426618432,
    0.001192949145460285,
    0.0011922984963024822,
    0.0011919001099908173,
    0.0011913559437914288,
    0.0011920197378523117,
    0.0011912741740181874,
    0.0011914313094139321,
    0.0011911450201568755,
    0.0011910187213050292,
    0.0011906757155496083,
    0.001190815916222133,
    0.00119003817990199,
    0.0011904927071755968,
    0.0011898462158324344,
    0.00118923977484808,
    0.0011895555734271637,
    0.001188987684662869,
    0.0011889750961116637,
    0.001188885657751605,
    0.0011888029357271918,
    0.0011883110509076146,
    0.0011880474709225505,
    0.0011879968289495184,
    0.0011876803327505285,
    0.0011877014967944292,
    0.0011878185225336739,
    0.0011872296859876494,
    0.0011867009023071899,
    0.0011864767674956652,
    0.0011863089236343622,
    0.001186585904897822,
    0.001186085601550028,
    0.0011861179519291228,
    0.0011853778469707635,
    0.0011853883653348974,
    0.001185220123830248,
    0.0011850785645429562,
    0.0011845023095719378,
    0.0011844807635811383,
    0.0011840132239522335,
    0.0011839466919417907,
    0.0011840195897338764,
    0.0011840924456687678,
    0.001183576233099016,
    0.0011835831220955884,
    0.001183173863377687,
    0.0011827247304500043,
    0.0011825454369019926,
    0.0011825474512794714,
    0.0011823019588345222,
    0.0011822918782268795,
    0.0011815947710714313,
    0.001181576301584418,
    0.0011816883742223295,
    0.0011811250635886683,
    0.0011813087887671333,
    0.0011807334651186894,
    0.0011805472197883137,
    0.0011798191801662302,
    0.0011800933203726226,
    0.0011800584341451694,
    0.0011798816433085707,
    0.0011795190902433815,
    0.0011795573233023343,
    0.0011793523747822764,
    0.0011786060365900565,
    0.0011787532117175923,
    0.0011780764907598495,
    0.0011782909757440234,
    0.0011779522725593732,
    0.0011780287718142239,
    0.001177843063651176,
    0.0011774517302767615,
    0.0011772703456130813,
    0.0011772444970515113,
    0.0011769980087541461,
    0.0011768188477539168,
    0.0011763946913629212,
    0.0011763550194629122,
    0.0011759474716578307,
    0.0011755277486413382,
    0.001175789028224762,
    0.0011750765420384844,
    0.0011749821627854407,
    0.0011749038828557797,
    0.001174648002850429,
    0.0011744635207543658,
    0.0011742905894998978,
    0.0011742194305254278,
    0.0011734547501618272,
    0.0011736494994788581,
    0.0011731929229467771,
    0.0011738606289112836,
    0.0011730829972341266,
    0.001172482119768523,
    0.0011727553984143314,
    0.001172541912770673,
    0.001172344573539741,
    0.0011720958999480201,
    0.0011713509500194132,
    0.00117103596242347,
    0.0011715660593734029,
    0.0011709983816391297,
    0.0011709900729860482,
    0.0011702544467474861,
    0.0011704227179009817,
    0.001170026654663604,
    0.0011702807417857959,
    0.0011696424335241318,
    0.001169248234675953,
    0.0011694268899017505,
    0.0011693799104332255,
    0.0011688526388439124,
    0.0011681804559036588,
    0.0011687600559621269,
    0.0011683298076053015,
    0.0011678533646023452,
    0.0011677303567724057,
    0.0011675589916746267,
    0.0011675627448697215,
    0.001167543488816264,
    0.001166928212475799,
    0.0011669498979905795,
    0.0011666922094056222,
    0.0011664337952959627,
    0.0011659127935655554,
    0.001165928938234232,
    0.001165716094400887,
    0.001165320591003484,
    0.001165204829700319,
    0.0011652675997954182,
    0.0011653689587356223,
    0.001164546658455879,
    0.0011642862369449399,
    0.001164029057622514,
    0.0011643345244507887,
    0.0011642051665356544,
    0.0011632664317495368,
    0.0011636479042665788,
    0.0011631051280748532,
    0.001162987280888169,
    0.0011628588822004053,
    0.00116277253778463
  ]
}