{
  "times": {
    "training": 18.277609825134277,
    "evaluation": 0.2073533535003662
  },
  "metrics": {
    "mean_rank": {
      "avg": 51.98230912476723,
      "best": 51.98230912476723,
      "worst": 51.98230912476723
    },
    "mean_reciprocal_rank": {
      "avg": 0.039072364843311704,
      "best": 0.039072364843311704,
      "worst": 0.039072364843311704
    },
    "hits_at_k": {
      "avg": {
        "1": 0.0,
        "3": 0.016294227188081937,
        "5": 0.03445065176908752,
        "10": 0.07774674115456238
      },
      "best": {
        "1": 0.0,
        "3": 0.016294227188081937,
        "5": 0.03445065176908752,
        "10": 0.07774674115456238
      },
      "worst": {
        "1": 0.0,
        "3": 0.016294227188081937,
        "5": 0.03445065176908752,
        "10": 0.07774674115456238
      }
    },
    "adjusted_mean_rank": 1.0835750776341313
  },
  "losses": [
    29.57574882078199,
    21.602289537482886,
    15.635727172634741,
    11.212194583908632,
    7.84485072875037,
    5.408760477340454,
    3.6174047999723626,
    2.342594160279838,
    1.4724160833003042,
    0.8901987036280974,
    0.5124559032627646,
    0.27954247267448107,
    0.14405940601005576,
    0.07591500146068575,
    0.04940436191993609,
    0.041759313917357654,
    0.03998298479862789,
    0.03951723717457448,
    0.03929399466500472,
    0.0392310116120243,
    0.039177935952050505,
    0.03915843443449889,
    0.03913923535140892,
    0.03915305321847567,
    0.0391986338325758,
    0.0392485488583309,
    0.039232520325922136,
    0.0393098905073813,
    0.03927889164557042,
    0.03931370816899871,
    0.039259770659033966,
    0.039298349156614024,
    0.03928027402161846,
    0.039323891387880734,
    0.039321237869556304,
    0.0393070346720477,
    0.03928008882021184,
    0.03930392513760735,
    0.039288427647646534,
    0.03934226151116858,
    0.039368363299124194,
    0.039297663967873375,
    0.039293003583392,
    0.03935389373343396,
    0.039270390625745326,
    0.03929364345989826,
    0.03927904565070352,
    0.03932510814841786,
    0.03926193572982237,
    0.03926323824482179,
    0.03929069456509262,
    0.039372901227645016,
    0.03935312208443298,
    0.03928394678289753,
    0.039256611365831556,
    0.03931551349452433,
    0.03931273003878009,
    0.039272426253172545,
    0.039302154149156554,
    0.03934903477267304,
    0.039394533549490025,
    0.0392663506024543,
    0.03929625039555181,
    0.039248600487457784,
    0.03934450693706425,
    0.0393338466692846,
    0.039229558303272884,
    0.03933027300205084,
    0.03932009712346846,
    0.03929740702209563,
    0.039302643196620905,
    0.0393898592960771,
    0.03926728433797598,
    0.03930742896612471,
    0.039291980352678404,
    0.039274455810736596,
    0.039314045646333215,
    0.03931491893025246,
    0.039324164849332696,
    0.03931735022806288,
    0.03927062897374462,
    0.039313359222445984,
    0.03934310038743321,
    0.03929483212967325,
    0.039330483223998104,
    0.03933049426973748,
    0.03933412517719258,
    0.039289523152079786,
    0.03925161089256291,
    0.039270973685509074,
    0.0393218135184406,
    0.039305946119725176,
    0.039330136677158734,
    0.03931603543217751,
    0.03932239050834118,
    0.03926485141683006,
    0.03935258165487105,
    0.03935715162662305,
    0.039324210302726696,
    0.039342480590881294,
    0.039298416666196885,
    0.03935869238375206,
    0.039335885543382826,
    0.03929808215321416,
    0.03934387637709216,
    0.03927003331548579,
    0.039267662116378776,
    0.039346831377050875,
    0.03928104048300382,
    0.03928684034313656,
    0.03930673844860883,
    0.03931300706451217,
    0.0392507301624743,
    0.03935255197606333,
    0.03933678617697626,
    0.039290789988988106,
    0.03937110680669917,
    0.03925403463833427,
    0.03938158670778879,
    0.039315294520681325,
    0.0393323288153021,
    0.039308315166148154,
    0.03928782955438446,
    0.03932955185289987,
    0.03932743050630026,
    0.03925723073890465,
    0.039293653905709304,
    0.03934932238537578,
    0.03927338733836841,
    0.03928741683897851,
    0.03939042746350213,
    0.03924633342885209,
    0.039308528881795736,
    0.039392714249163144,
    0.03935707021281873,
    0.03932556670540673,
    0.039342120669169,
    0.03938417162254338,
    0.03933292479117006,
    0.039327169466893866,
    0.039331119853833356,
    0.03934673983504463,
    0.03929259115030527,
    0.03928090493448957,
    0.03926222641274659,
    0.039302082369495527,
    0.039283452618397365,
    0.03933450066175173,
    0.03933935510540517,
    0.039296155748034176
  ]
}