{
  "times": {
    "training": 336.3447587490082,
    "evaluation": 0.10273146629333496
  },
  "metrics": {
    "mean_rank": {
      "avg": 40.11918063314712,
      "worst": 40.11918063314712,
      "best": 40.11918063314712
    },
    "mean_reciprocal_rank": {
      "avg": 0.07020278080758831,
      "worst": 0.07020278080758831,
      "best": 0.07020278080758831
    },
    "hits_at_k": {
      "avg": {
        "1": 0.00558659217877095,
        "3": 0.056797020484171325,
        "5": 0.09031657355679702,
        "10": 0.17225325884543763
      },
      "worst": {
        "1": 0.00558659217877095,
        "3": 0.056797020484171325,
        "5": 0.09031657355679702,
        "10": 0.17225325884543763
      },
      "best": {
        "1": 0.00558659217877095,
        "3": 0.056797020484171325,
        "5": 0.09031657355679702,
        "10": 0.17225325884543763
      }
    },
    "adjusted_mean_rank": 0.8320252275210589
  },
  "losses": [
    0.003019082761101062,
    0.002988394921861784,
    0.002988144298422426,
    0.0029873316793629294,
    0.0029868862281243005,
    0.0029860148590044135,
    0.002984346124284276,
    0.002984998793051707,
    0.0029847087226947595,
    0.0029841787792212063,
    0.0029833655881133865,
    0.0029830207336652144,
    0.002981237533470888,
    0.002982085326526049,
    0.0029809380278047106,
    0.002981326099806064,
    0.0029789415303241003,
    0.0029788725182748913,
    0.0029779410108310006,
    0.0029777762957949763,
    0.0029779486951142663,
    0.002978637772664595,
    0.0029765319930256974,
    0.0029765450001488464,
    0.0029759221616085995,
    0.0029766264961062746,
    0.0029758683402328454,
    0.002974579121205914,
    0.0029743696399005164,
    0.0029745516419578135,
    0.0029743131536167215,
    0.0029735941272438244,
    0.002973842699680659,
    0.0029731016808402224,
    0.002972097603485602,
    0.0029720903866076735,
    0.002972277770802546,
    0.0029720336108116177,
    0.002971595543879695,
    0.0029704440908318156,
    0.002970643261315001,
    0.0029710341865817704,
    0.0029707453893811514,
    0.002969888227290652,
    0.002970439214468672,
    0.0029689878929922645,
    0.0029689449963442396,
    0.0029687390031383726,
    0.0029689341239380034,
    0.002968952882937278,
    0.002968237993450424,
    0.002967580525058039,
    0.0029673179199967937,
    0.0029680394961704476,
    0.002966809937597884,
    0.002966682001083308,
    0.0029668915312220986,
    0.0029664379945687587,
    0.0029671791354926786,
    0.0029664973585346666,
    0.0029661070855425092,
    0.0029652801827154355,
    0.0029658994145607682,
    0.0029653089909294572,
    0.0029648178560512787,
    0.002965614872841576,
    0.002964574491347043,
    0.0029644739538542786,
    0.0029648963173621156,
    0.0029638298030259013,
    0.002964263255202145,
    0.0029639831015121623,
    0.00296407685813944,
    0.002963395639277353,
    0.002963097228874428,
    0.002964201146101907,
    0.0029635942516646136,
    0.0029630950488122214,
    0.002962753835939959,
    0.0029624253860238785,
    0.0029628226875365897,
    0.0029620033817902933,
    0.0029620354164963804,
    0.0029625296732236385,
    0.002961956937745046,
    0.00296182870474201,
    0.002961763944686129,
    0.002961175547640645,
    0.002960761513714487,
    0.002960906046606628,
    0.0029607067435756603,
    0.002960136652076512,
    0.002960627766026093,
    0.0029608645835675104,
    0.002959552468655261,
    0.0029600851607512447,
    0.0029596218992764137,
    0.0029600706153762027,
    0.0029597184149904197,
    0.0029593013185128737,
    0.00295895714424411,
    0.0029588272683461953,
    0.002959106026796366,
    0.002958578507551986,
    0.002958839180206092,
    0.0029588165284877414,
    0.0029587923315412988,
    0.00295827728574084,
    0.0029586530552151496,
    0.002958520563242587,
    0.002958134315517288,
    0.002958197561737973,
    0.0029583361509085146,
    0.0029578892555966805,
    0.00295825195516205,
    0.002958158097379886,
    0.002957372120424603,
    0.002957284258685532,
    0.002957798149925046,
    0.0029563354642203683,
    0.002956909943748726,
    0.0029567533036631145,
    0.002956402191564385,
    0.002956432325256228,
    0.00295654060632995,
    0.0029561059856403633,
    0.002955962492201882,
    0.0029560599322622635,
    0.002955916442311882,
    0.0029561601941951654,
    0.0029554050590159297,
    0.002955266853536336,
    0.0029551168687446286,
    0.002956406440069613,
    0.002955230378479547,
    0.0029551592596182216,
    0.002954938766382607,
    0.0029550755208127954,
    0.0029549952701068997,
    0.0029552288890610473,
    0.0029548253926835705,
    0.002954425827394264,
    0.002954484922776508,
    0.0029537683729542775,
    0.0029544396018993096,
    0.0029541240335347945,
    0.0029538286333617644,
    0.00295422107595183,
    0.002953533519212896,
    0.0029540093064531407,
    0.0029533642173259892,
    0.002953939704915111,
    0.0029529840633105695,
    0.002952622382270263,
    0.0029529357461558743,
    0.0029527457668149515,
    0.002952580549492595,
    0.0029527481805798265,
    0.002952932519663809,
    0.002952864201746407,
    0.0029527187584602876,
    0.002951884042290266,
    0.0029524952445304795,
    0.0029526229891995814,
    0.0029516109066565384,
    0.002952555191009009,
    0.00295182830594787,
    0.0029522318302301434,
    0.002951159473327215,
    0.002951773228856285,
    0.0029516970522506405,
    0.0029510704395867018,
    0.002951415827714102,
    0.0029512502755341904,
    0.002950466914653555,
    0.0029496759392516445,
    0.0029511140303665334,
    0.002950801747791776,
    0.0029507841328891477,
    0.002950162738422106,
    0.002950227317096812,
    0.0029503602939152094,
    0.0029504155593641688,
    0.002949985480180171,
    0.002950065905291043,
    0.0029500377946969276,
    0.0029494768594590464,
    0.0029498994078361587,
    0.0029496372666921507,
    0.002949148311876179,
    0.0029494107460205474,
    0.0029489019753111438,
    0.002949246456532666,
    0.002949518301569567,
    0.002949294306282024,
    0.002949007985632071,
    0.0029485653039444696,
    0.0029490975425875143,
    0.0029496291359321454,
    0.00294882185715303,
    0.0029483993715617093,
    0.002948241845498817,
    0.0029477989510371446,
    0.0029481242651517472,
    0.002948382544969575,
    0.002947628212053231,
    0.002948257402422723,
    0.002947623883321714,
    0.002947201697706953,
    0.002946846724282043,
    0.002947610206483455,
    0.002947000511102239,
    0.002947353074250373,
    0.0029467683745903915,
    0.002947123794492041,
    0.0029466218639458163,
    0.002947494289959861,
    0.0029468066146255433,
    0.002946941876149133,
    0.0029462256228153625,
    0.0029468878978089,
    0.0029468978319163626,
    0.002946253192754051,
    0.0029468681865584536,
    0.0029455929582987385,
    0.0029460319809699325,
    0.002945570135663511,
    0.002946441285033128,
    0.002945635990982645,
    0.002945345589256242,
    0.0029458052265956608,
    0.0029453557012567807,
    0.002945046913757753,
    0.0029441494885343736,
    0.0029445581438110563,
    0.0029450208471899623,
    0.002944811184503389,
    0.0029451416191481027,
    0.002944779997405488,
    0.002944362506772695,
    0.0029446461625146064,
    0.0029438599518566543,
    0.0029443440826309756,
    0.0029440335685226803,
    0.002943866007197439,
    0.002944763128956159,
    0.0029427476910950986,
    0.002943792561773727,
    0.0029431954061103225,
    0.002943712513377604,
    0.0029440693668881606,
    0.002943538907175877,
    0.0029428801935319597,
    0.002943298022510407,
    0.002943240479332454,
    0.0029437274005863997,
    0.002943292905468396,
    0.0029422821797960705,
    0.002942314953979258,
    0.002943046889808517,
    0.002941708035125268,
    0.002941448136829258,
    0.002942818237908101,
    0.0029425929869047263,
    0.0029425206193037694,
    0.0029422370647167444,
