{
  "times": {
    "training": 9600.18039059639,
    "evaluation": 106.49296522140503
  },
  "metrics": {
    "mean_rank": {
      "best": 5472.118024889603,
      "avg": 5472.118677238057,
      "worst": 5472.119329586511
    },
    "mean_reciprocal_rank": {
      "best": 0.21026590245754823,
      "avg": 0.21026590243931134,
      "worst": 0.210265902421084
    },
    "hits_at_k": {
      "best": {
        "1": 0.12615415495784826,
        "3": 0.24156965074267361,
        "5": 0.30058209554395826,
        "10": 0.37705740666399035
      },
      "avg": {
        "1": 0.12615415495784826,
        "3": 0.24156965074267361,
        "5": 0.30058209554395826,
        "10": 0.37705740666399035
      },
      "worst": {
        "1": 0.12615415495784826,
        "3": 0.24156965074267361,
        "5": 0.30058209554395826,
        "10": 0.37705740666399035
      }
    },
    "adjusted_mean_rank": 0.09792008314122015
  },
  "losses": [
    0.002408181938269231,
    0.0005359258580627614,
    0.00032534697586397606,
    0.0002897187364031344,
    0.00027296593539222533,
    0.0002592051794811381,
    0.0002486202098476585,
    0.00024059983237112385,
    0.00023529787338348989,
    0.00023094480700630913,
    0.0002272985295626189,
    0.00022504057685201638,
    0.00022157368793870126,
    0.00022188624370964892,
    0.00022090347302405446,
    0.0002217387369726942,
    0.00022360055043961307,
    0.00022520897119268502,
    0.0002278878353811243,
    0.0002297992099471289,
    0.0002313641888713243,
    0.00023209120967319254,
    0.0002340415854726061,
    0.0002355873525520113,
    0.00023726473057588898,
    0.00023757519146572843,
    0.0002388837940454783,
    0.00024128465192628412,
    0.00024203820794058432,
    0.00024406693763792868,
    0.0002461832133575996,
    0.00024985314568172837,
    0.00025214154529105786,
    0.0002563101725412584,
    0.0002625108033625931,
    0.0002687818788171433,
    0.00027411361518275227,
    0.00027979613384395086,
    0.00028085340892005273,
    0.00027929376571984713,
    0.00028134390326796697,
    0.00028587890390926714,
    0.00028793659552907785,
    0.00028908193494953484,
    0.0002913823617826054,
    0.00029391179364958106,
    0.00029488963705500695,
    0.00029059819727751435,
    0.0002980149177270774,
    0.000296823139983284,
    0.0002991994338345346,
    0.0003020097203250626,
    0.00030504137480731993,
    0.00031119998321912386,
    0.0003090468330160812,
    0.00031257813864416634,
    0.00031691970515165596,
    0.0003157247042402836,
    0.000320798630089464,
    0.0003218230280497679
  ]
}